original_index,TSNE_1,TSNE_2,label
0,27.237225489739618,-75.9540842904467,0
1,8.559564180276675,-74.16259453999953,0
2,14.928739903214536,80.29726949928622,7
3,34.20221313352259,27.366031218190873,4
4,-43.8421508649977,-64.76766640637493,6
5,-73.11016426404689,-3.9411479879525095,2
6,25.678222909858988,22.400118848384245,5
7,51.968750372125434,-18.8435913401701,5
8,29.84262741490148,-69.17906542852366,0
9,-13.929200257951829,2.748026809821268,8
10,15.865411159650067,64.66256634184508,7
11,3.344069863004309,42.91562945286713,1
12,32.8455229096446,27.91702520009394,9
13,52.87779534996676,-19.15645294512029,5
14,-14.11153817927988,-27.870202619980805,3
15,29.00912247870625,-76.40674396660476,0
16,34.97108145758295,27.54315842338076,4
17,11.161029171863767,72.44662313273935,7
18,-10.33801191406174,1.9669967199816343,8
19,37.87660976989829,24.73150015246863,4
20,26.569388179394835,70.346578405733,7
21,-10.334506029205874,1.770011385520347,8
22,47.53227030373087,-28.704488756483403,5
23,28.85598117359519,22.46518196562275,9
24,-57.67657665320411,46.09762651675976,1
25,-76.91844579709293,-0.7947884542000777,2
26,15.699690746868558,-74.26614220065859,0
27,-47.38335435738549,-59.28873127777611,6
28,6.005471893742065,41.29368803511069,1
29,-10.440326774254169,0.9368320173871282,8
30,7.328468702036366,78.20424170319602,7
31,14.288420383204047,-81.04721940882871,0
32,19.803264231195342,63.671463358345356,7
33,-56.14284278994219,-65.27549940302184,6
34,36.66822930000458,23.95328235972207,9
35,7.08102123250478,37.21227114417686,1
36,31.455569970481424,37.69279089732173,9
37,-1.1154876484571234,-40.741338318094854,3
38,31.79217182480669,26.417871901008294,9
39,32.15456345231493,24.57903742809107,4
40,14.489960289416926,-9.925410287589768,9
41,-70.41367831990073,-3.799407643396617,2
42,-57.76512519901669,48.16796520546054,1
43,30.926026474801848,25.91739824165545,9
44,34.275126907457576,23.237790393293153,9
45,-47.41510821051671,-65.20297583232338,6
46,38.64560144698707,25.81789142154201,4
47,10.105830469245936,-17.81340785719569,3
48,-73.01569579706111,15.389845559118227,2
49,-11.034933424677055,0.11819266604205199,8
50,-71.9292366945181,9.071279774860136,2
51,27.028908722090367,63.62025246217768,7
52,2.4412834255273568,41.93689255994644,1
53,50.41677694956822,29.336979138446754,4
54,-53.17499521618756,-57.46957587486323,6
55,-73.88886344581788,0.9882737861357488,2
56,17.474743312361458,-70.32527403433173,0
57,34.90889516318001,27.077108082998528,4
58,-47.345842542459756,-59.584522055934876,6
59,-7.287351408924817,-26.441747369359323,3
60,20.642562651029394,79.8581936314219,7
61,2.50467583605325,40.06780771240028,1
62,28.364730483845648,-72.87485976039197,0
63,-74.22144323628855,-7.122813652349155,2
64,-70.21263814370317,8.056415000629515,2
65,38.95478261059074,-19.524802736110637,5
66,-77.81563160369298,2.846599238838123,2
67,69.51724937103658,24.961352461844974,4
68,-12.030123090177794,13.681017250311713,8
69,4.102753972348384,35.32596209980252,1
70,18.607544952977417,65.09667816927794,7
71,-16.25290277943578,-21.007994698467257,3
72,16.81017020120416,-79.24995852760856,0
73,-14.442190486502591,-27.69113219684269,3
74,0.6981170205852621,-20.65831309517957,3
75,9.751864054044983,71.29624363561507,7
76,8.64276270456216,81.49453838579365,7
77,31.659259156225936,32.07102639610709,9
78,1.9278654732213136,37.5046529151251,1
79,-9.636537480569094,-21.007054742956473,3
80,-16.113875083293905,-20.252394995238458,3
81,68.15917501299585,25.06061499061035,4
82,-15.662670222376944,-20.56050735044394,3
83,66.4244856145872,25.502005985743693,4
84,-63.6611863349883,8.462251619666782,2
85,-15.616733809797628,13.698839970212848,8
86,-26.39182909179695,20.467271730560242,8
87,30.598566946818856,35.555825060801546,9
88,-12.482818072867472,9.599173513263045,8
89,62.15253248036252,29.819484494282513,4
90,12.362439465910843,67.91356045304454,7
91,-16.859543773429323,39.50605133647005,1
92,-46.98780598841124,-50.6370716903829,6
93,33.70945553230458,33.83287997845037,9
94,70.45394831881924,26.178107246948755,4
95,15.510734848263889,-83.8335150441296,0
96,3.867759908286656,36.211702911558916,1
97,-13.962187293341236,-19.86133712548766,3
98,-47.78344945152146,-56.740581913330516,6
99,-79.34460971734859,2.7254871680944435,2
100,63.334463702181445,23.932071313241792,4
101,11.793948553354461,70.40191892705616,7
102,64.0994284541629,28.922525611956587,4
103,12.836128319582174,-72.94819988724578,0
104,-66.37399520079151,11.91382987860231,2
105,-15.921629519846325,6.962073248568417,8
106,48.17615370830535,-25.989096961930077,5
107,4.347105185872754,34.15224190186291,1
108,9.650451678009496,-85.72794220993231,0
109,5.868350168874945,38.229278695949894,1
110,33.1460372836005,33.02819614851454,9
111,-47.94155138725287,-54.4171754317672,6
112,34.0209407999485,31.831856252781996,9
113,-48.334493276877666,-53.491555259383134,6
114,34.330499170445215,35.03102658616086,9
115,57.91858803922499,-18.301155420242573,5
116,49.44768973250159,35.182957014065884,4
117,52.63287271469159,-20.47369637516752,5
118,34.07035596830403,30.81029406265958,9
119,44.08413676040428,-27.64709377262627,5
120,11.601129314786242,69.9105477418862,7
121,4.117255624089918,43.788762581880185,1
122,-9.789381654838841,-20.729919735994304,3
123,9.903912547768483,71.53786473435487,7
124,22.100038864520553,-69.42352437123316,0
125,-72.50290365871584,-7.067102641552249,2
126,17.950928807907236,-77.48269871881723,0
127,56.94282617315798,24.24907738303495,4
128,-13.283733622205007,13.02159875081853,8
129,-72.5854379712019,0.6251226631254543,2
130,-16.315822003014194,-19.599915487183345,3
131,61.68963396449911,-19.16036178684238,5
132,-15.93596897543295,-40.32674850175002,3
133,-14.940840355672615,-42.91673230538051,3
134,63.994004340649774,29.624587907806248,4
135,59.17261926800617,-27.01682718624595,5
136,-20.701899066413752,22.282422237263308,8
137,22.238693953214813,-2.9373447413651768,9
138,-53.59652895921609,-41.50662039884909,6
139,-19.431779630692027,38.85718628377928,1
140,-71.66828204526004,13.320507209857965,2
141,5.137591111444017,-70.53764259464494,0
142,26.69860085272054,-70.62154400533056,0
143,-58.12930328361693,-57.13894686377407,6
144,-64.51840776996465,14.429064054857335,2
145,20.918451734650848,69.43022164182995,7
146,-59.95913130851256,-51.847772162484084,6
147,69.94709318088329,32.18126767666075,4
148,-59.51705231060726,-51.55210583365813,6
149,-31.932729982316587,45.70330552109865,1
150,-28.942319332193662,43.12480519753919,1
151,62.71327393430443,28.28265356744652,4
152,64.60750426938708,-24.124524140355224,5
153,-74.47585620331391,-8.57314981297028,2
154,-28.051214356249115,2.307618341681907,8
155,-22.267169893946317,29.163819777037784,8
156,25.64578307357008,-3.1253069858250044,9
157,-20.223377284248972,-22.97202698868691,3
158,3.148147354472127,-68.7688904093041,0
159,-20.590777318583484,22.415286393099645,8
160,69.71018637594918,32.06129209109355,4
161,5.066729979942001,82.02576785783755,7
162,-51.67851657354764,-43.94640437465659,6
163,-74.13178738711733,-8.76043495825696,2
164,-75.24046297629212,2.7594407688011646,2
165,68.58850003154875,32.65899250686177,4
166,-62.00288248017358,-53.79454853678423,6
167,70.16415046215205,32.253658655747614,4
168,74.94527194998653,22.364173321413453,4
169,-21.801008949033363,18.66471115842725,8
170,-65.99059279229759,19.971750101642648,2
171,-13.976829758188046,47.35450319219172,1
172,-62.189512912123746,16.195145609898905,2
173,-16.27569031513742,-25.26188174041513,3
174,-78.32567793526371,8.541336942923623,2
175,67.66508580481005,-15.304533776412105,5
176,23.795378974723487,83.50003631725058,7
177,23.558575740804187,-11.204121322911751,9
178,10.41494690814411,0.47533971420039295,9
179,57.07034932534911,-29.407039685758036,5
180,-23.325388699439973,39.151250001444545,1
181,-16.161604904524616,-25.684723211943666,3
182,23.348122300011948,-9.31091039223649,9
183,-74.14972290145128,4.992915243556878,2
184,61.79984327529601,-29.037267439479436,5
185,-42.15261533659273,-64.78250766096734,0
186,73.84900044810662,21.280030398468043,4
187,18.945905907602977,78.17580455232984,7
188,53.356127977849475,-17.699660595511034,5
189,-27.81530297281053,2.6819348816331194,8
190,-28.219767066199275,40.71370981300344,1
191,4.067301578880108,-69.46621613451886,0
192,-70.96343660847086,16.3109733931145,2
193,69.35715121393991,32.07573294398416,4
194,-67.45700445081638,19.212078223669575,2
195,6.852102248083121,-79.19053023979096,0
196,-20.49848653854405,17.106254292849787,8
197,73.0509203574775,27.542425770367892,4
198,68.42797299747268,-31.66689565010481,5
199,27.682964147861068,67.3648067331667,7
200,13.07228534857419,83.09051080987055,7
201,36.05095345339441,23.67368953680234,9
202,24.86622659815997,70.39791912657373,7
203,-75.10408194575871,26.524860726878995,2
204,1.992019408811186,34.84237728742989,1
205,34.09208112542785,67.11782478396078,7
206,25.16966753772319,73.9363357749525,7
207,72.15858996384003,22.410817755312877,4
208,2.538207462583668,40.27686635009439,1
209,36.9981184645334,26.303005649976697,9
210,-73.36547364169343,24.370450644132585,2
211,-65.73733365819542,-58.33724172088494,6
212,37.22737098329866,26.328261104641722,9
213,-60.018133211652604,-47.40950437164481,6
214,31.43495804029956,22.59122295441479,9
215,66.57078637299925,36.32779453353438,4
216,33.21893884853097,21.44494629212834,9
217,21.840764826864977,-62.78214295708114,0
218,58.30752675013877,-32.102157676279575,5
219,14.124449331795985,67.52751072199152,7
220,-15.329727185684696,-28.083407307103037,3
221,-20.086763158957762,4.907832450504995,8
222,78.31384397725836,21.6920725091913,4
223,19.432606978100562,-79.78498875361194,0
224,-7.660266815104134,-35.85234086167203,3
225,9.16783800706777,40.62020584108557,1
226,52.62935197313983,-20.617873045354106,5
227,-21.251124513952682,12.308503953752387,8
228,50.96471905892814,-33.342571777536,5
229,32.37014841936195,23.40326448679308,9
230,-18.75669185732915,-31.940373090005323,3
231,25.326488913577357,74.0680607400832,7
232,-35.927074005929754,23.640156494516788,8
233,-9.693280937208732,-19.640626354554225,3
234,-32.94748139083599,7.09003103707433,8
235,13.986339897779315,-68.35167122937092,0
236,-14.554127101618546,15.938632266307335,8
237,58.2649678419515,-34.00117848091341,5
238,9.529840424761652,78.88290632481007,7
239,-65.02713157529743,-47.18547478080096,6
240,35.43743465624429,23.364815613376415,9
241,5.3106614611373475,42.5425838748555,1
242,8.20415269073073,40.285807277364654,1
243,21.299204393001556,63.423637277584426,7
244,-18.7788670547638,6.133285158862442,8
245,76.35157974064843,21.49444289397782,4
246,-73.63250071133422,20.602969788620644,2
247,-12.948046207634258,-30.962330601551912,3
248,-69.7012089000934,12.045492646586455,2
249,67.78818358837982,-32.53150424420659,5
250,-4.167202409212255,36.0892600986461,1
251,16.90136271538105,35.985145391658214,7
252,-46.376249649338234,-51.81745388136532,6
253,16.060013006778647,-78.4163692389218,0
254,-14.056840901649943,15.553159016006846,8
255,9.578762856131881,41.38422477051048,1
256,79.12251565130525,23.29045333247347,4
257,3.4248585246579397,40.95394714547544,1
258,35.44937929546955,25.91136343560736,9
259,-15.582394406407122,-34.597027341155254,3
260,51.87163407611405,-28.518123516042678,5
261,76.8177683632091,23.332632832132788,4
262,-4.256687968651705,-41.05317658703167,3
263,5.875034437382368,73.99165233245714,7
264,-49.43269132000925,-62.83243537340922,6
265,-24.346569634874964,11.625456426054699,8
266,28.06042973154609,-72.9194053963272,0
267,8.33303538240304,-69.93174729558243,0
268,-69.5031809209486,23.849013864279602,2
269,20.722374020548873,-64.56064408614827,0
270,63.82735073956373,27.505902781953054,4
271,-53.71603403272376,-57.39107416457629,6
272,48.59678889597877,31.054715991104626,4
273,-61.01326944844356,-53.01089775693503,6
274,26.12566162718937,24.492381622697,9
275,2.81496980419775,80.74976985819696,7
276,-12.022792651997797,14.555414761415289,8
277,31.55930821627891,26.787569572410515,9
278,4.67827857995503,31.136623084210296,1
279,-23.616196806703762,14.462815704650353,8
280,-27.94326624322902,21.518862694204984,8
281,-31.86988794576107,14.651051478788387,8
282,25.7457992655114,-79.55693311651768,0
283,55.36832526073098,33.51766362452549,4
284,9.934843191325498,39.591306715288795,1
285,-11.737292089408173,-22.67509678279065,3
286,-54.62012881721637,-57.77779086949231,6
287,-18.712606876857883,41.3739463089939,1
288,65.42108793649659,-31.996883222199457,5
289,6.431855404246255,-67.33554333140458,0
290,49.78413398169604,-21.27712738435745,5
291,65.23806776009239,-29.76720077835546,5
292,-17.302535410015178,-27.081112183910836,3
293,49.79454250512139,32.15554616923659,4
294,22.071291844871446,83.08311410664064,7
295,-60.71868876303066,1.9016279702414058,2
296,-54.70698191447758,-41.10739602655047,6
297,27.320226029759795,72.0959014111799,7
298,29.147043699912583,66.93884465075972,7
299,-52.20507314046069,-59.6442255181019,6
300,-18.14046204974005,-21.579641465588878,3
301,-6.503799360625432,-22.620898363483594,3
302,-4.678024788336992,-41.360308331581884,3
303,65.2023850196823,-29.481569666331367,5
304,24.22625249928796,-7.759745558319814,9
305,26.021875853274913,24.486582574946883,9
306,53.67166251712753,39.444970275888586,4
307,4.968243899392055,32.23912169116588,1
308,51.27249359408968,38.83104057435987,4
309,31.513457808589628,24.643142067246618,9
310,4.254188255717524,83.79719941171302,7
311,-58.265883413834786,3.655068884236972,2
312,52.587182548166474,33.32608658478949,4
313,65.90368535244681,-31.90665073379236,5
314,27.856377828487965,23.494607806543225,9
315,-59.91202309302608,4.488980299418421,2
316,-79.9685127640944,15.421967917461403,2
317,53.22445808570944,34.257069252106525,4
318,20.419030374248944,52.44453910239127,9
319,50.23235204161002,31.35519203865279,4
320,-60.176497645272036,4.5992508742460165,2
321,7.40408683244593,19.318059070770392,1
322,-21.4040818046542,-17.227995740647422,3
323,71.76787782248111,27.876243521130302,4
324,-31.7154797870612,31.16539012995326,8
325,72.39039455561824,-18.131725151964975,5
326,-65.02515036733811,-43.49239318492447,6
327,-28.32647549383387,-16.869075887797198,3
328,70.69171220114224,-18.575108812182517,5
329,8.188150417693441,19.973459720751144,1
330,18.131041803366383,12.72949125933918,9
331,28.690776560567496,67.66831126662039,7
332,-22.400798935949016,-16.519711093339648,3
333,-1.6341937909927753,39.2375917894452,1
334,-63.903316873649885,-45.455385580105535,6
335,-32.00029598703448,30.42713942632083,8
336,18.124293852777058,12.583666935234481,9
337,-42.99157295068303,-60.007623540641006,6
338,19.14272405489491,13.787655094029555,9
339,78.82250426945467,26.564768373006697,4
340,-33.434873008575856,31.49682215389333,8
341,70.90215443841477,28.607142660878907,4
342,-21.54632045739782,-17.39067003770338,3
343,75.92033289396394,24.811647702517895,4
344,70.78098621726134,-18.540438485143397,5
345,-61.039969034070275,12.26897693533002,2
346,33.1922493616588,67.39385501144648,7
347,17.224698539296337,14.031383422271517,9
348,28.015338408714587,-12.599565862297599,1
349,72.01334154355938,-18.706110232520995,5
350,-53.515022340854934,-47.80479629328959,6
351,36.24718181107533,71.05977039691857,7
352,20.79778509621333,-68.22245698834237,0
353,5.3626274282629565,19.586231523129836,1
354,26.250830300732076,-11.504544478400792,9
355,-34.19316899205554,32.625200444098645,8
356,69.51116693843518,28.34452189407744,4
357,7.065049004584756,19.474552087884206,1
358,30.558557638350443,-71.38515677552572,0
359,-58.72283552249867,-45.54709113215595,6
360,35.46874417608128,70.32499264654544,7
361,71.83208250385388,-18.965615728222435,5
362,7.470009332111876,18.426823131165943,1
363,-30.598812757005998,32.27939934220899,8
364,17.225311328318224,14.092664060964738,9
365,-64.31425324043501,-45.723451549333106,6
366,-21.880786785826185,-17.575126554479144,3
367,28.998359029877907,-10.51637181466124,9
368,76.65849020988551,25.74809621078869,4
369,-25.81728293309982,26.496227151626798,8
370,72.41519632148385,-20.253195519007544,5
371,-31.3792268068333,31.415699669883196,8
372,19.28617137821897,13.18483454066559,9
373,76.89857863248983,25.417996296584086,4
374,22.654091961030236,-79.10544401610316,0
375,-28.433381070121424,29.58844211679434,8
376,-65.20231236090576,20.92903403224552,2
377,31.847865053552205,-72.82255152126535,0
378,-23.71166321330739,-16.976513136907638,3
379,-28.371864821723882,29.652132774642375,8
380,-62.007924327463556,13.948011353818927,2
381,22.384259311798445,-70.50396562550901,0
382,71.65296569749364,-17.533066986911155,5
383,34.74047601447558,71.68770650358408,7
384,-61.54691057408039,-43.47378712188165,6
385,6.982759077556238,19.19277964165156,1
386,61.91474324047371,41.13391905299201,4
387,21.406038277179782,-15.092074528758115,9
388,-25.259772261025354,45.4251192583167,1
389,62.91204035801305,43.06314013654923,4
390,-69.94722138990586,19.174817171118058,2
391,17.899099407596633,-3.6694159108392936,9
392,-69.98573707916208,19.36343210468899,2
393,-74.1216741414547,11.234904083585663,2
394,-7.723901716729962,-40.88821623862719,3
395,-11.26073444168887,-35.40433824628344,3
396,13.987328820550191,73.12867678320553,7
397,49.47487827747007,-25.86945471382582,5
398,-77.81327586297692,23.74516912804023,2
399,61.66831813213536,-19.367057681516926,5
400,-61.947458444836926,-66.59925475706216,6
401,42.71813395106242,-20.581652559127296,5
402,-1.6328053903783624,36.14740297115915,1
403,22.799372256790246,83.71642039605163,7
404,-18.217281363170212,16.72971709614367,8
405,30.66361670536354,-10.438708336922266,5
406,17.313848569010833,-76.20135434589017,0
407,30.841575293668196,-64.23430796684836,0
408,-75.47939402023648,25.220778962420844,2
409,31.266430225294048,69.95825564817596,7
410,12.435526950200202,-4.155815564563313,9
411,-8.863733485828103,-40.81570732849187,3
412,-4.446214814727609,40.192432123046466,1
413,20.90172752561433,82.56412990587549,7
414,-80.15528744406244,12.983373901159405,2
415,-61.75734609437725,-66.93775666650862,6
416,20.20830085077713,78.69982968694103,7
417,4.186401500975482,35.03423477643004,1
418,-30.909306847996422,14.210874359675545,8
419,-0.6437904564708334,-30.49215226215555,3
420,-24.559550730544277,13.650586658290445,8
421,-80.4626303783332,13.31715917503764,2
422,19.13558112787582,79.01357103651148,7
423,14.476317773277419,-72.37731177394645,0
424,43.46438812791098,-22.87043571187913,5
425,-22.188459724520907,40.08965158247988,1
426,-16.080390899468696,19.68148559344939,8
427,-26.441537088826866,13.504250134809341,8
428,-25.436512689055622,9.906807376280534,8
429,-16.286328084946177,14.576706497971013,8
430,-54.21000796194587,-40.456402490271124,6
431,71.65459241121037,27.29894891551613,4
432,17.956547227625297,-3.9644535097945157,9
433,-5.193058479690943,39.15431595646225,1
434,-10.00581844275307,44.52855292203241,1
435,23.724595782249672,-67.8640696482446,0
436,-5.015068185246503,-39.67982451643855,3
437,65.76086356308544,42.32512692396769,4
438,61.936629888023106,31.350959430564284,4
439,12.438297056877333,-5.922437627330339,9
440,-62.409956617052565,-63.96594034430953,6
441,28.144606383048757,67.72421930873546,7
442,45.78266871193282,-18.50919230798518,5
443,18.84784045972593,-73.42664575100737,0
444,-77.90761897392564,23.666416754695952,2
445,-78.75838820471256,22.772492773557357,2
446,52.71725282291765,-19.813909593766187,5
447,30.599609313519352,70.28836263564286,7
448,48.17969037052652,-27.073055437742987,5
449,20.669896408246778,-0.7175434588474899,9
450,32.18615463193716,-63.551479018327825,0
451,-53.12881709039768,-68.59541699089486,6
452,-20.19214660340874,51.92935014602961,1
453,42.93663512543811,-21.69749292895264,5
454,8.261762100452477,-9.168196119860351,9
455,11.001808214368474,-7.116136555885045,9
456,7.577957554193869,-1.7742915172905411,9
457,50.43207712291771,28.55546429871044,4
458,33.86276075980375,66.3447779551146,7
459,-2.140567779518655,40.83534038523035,1
460,31.17991873256174,68.81141452474559,7
461,-71.4970726852525,7.459104942450486,2
462,-16.77390345861069,-42.78031546070769,3
463,-53.02560402205888,46.53761053554981,1
464,62.17120957587618,39.09452169455622,4
465,-15.63856631895408,-40.6868632401213,3
466,-73.36133755406078,10.117154597922024,2
467,60.15072851633225,27.380718429018817,4
468,-7.8923423572239,-31.30996233875984,3
469,61.32813187492632,27.544178472652973,4
470,-16.365991556383698,-42.5589591367316,3
471,-73.78296235698002,14.997589115713842,2
472,8.723079181078438,-86.16720995509905,0
473,9.236727987906166,-89.354644147598,0
474,67.10419723217241,-24.409278482001127,5
475,6.722290196859627,-7.212512245064828,9
476,-52.726405003812076,47.59028552526288,1
477,-65.81151919784979,-53.994662792488796,6
478,53.962585497372444,31.408523632850972,4
479,-71.93776215398623,13.988358213232154,2
480,-16.328738076414172,-42.5152234712229,3
481,43.098824989766925,-25.264791811309287,5
482,73.38032689004072,-28.938648282424822,5
483,-17.96771579866043,51.602577453558645,1
484,-19.250750327314815,0.4074380701409769,8
485,23.917183947771314,72.50057232110234,7
486,33.5633082173993,65.83720738542053,7
487,58.38675687815561,26.842846906788623,4
488,37.85234596155848,-20.670236048785977,5
489,9.108963268961768,-87.5651144132493,0
490,11.98544762134374,-88.95855305297682,0
491,-53.02965274883051,45.24932718917476,1
492,30.912870511074146,68.9485312317561,7
493,-55.447186232855444,-69.36023245858877,6
494,7.649186727246527,-2.6811927398442115,9
495,68.56986036197159,30.785182810833586,4
496,-55.21634462922851,-69.65461955806796,6
497,-23.348093440826304,9.398395907257413,8
498,6.916108172322137,-7.522100561170979,9
499,-54.0533558789794,-66.79387797522318,6
500,-14.907144844262149,-41.15360194018828,3
501,12.769200846774302,-89.00595801670507,0
502,-18.917924992014008,1.0848088833929532,8
503,-10.109396223862372,-34.0199797210219,3
504,-78.32198420401481,19.770751741021346,2
505,9.41024644475683,-87.71030347313011,0
506,-20.50530285084936,1.6642816603378623,8
507,24.718421945999946,69.89257155187663,7
508,-78.69197758273837,21.41352979710837,2
509,6.611906376894277,-7.507393582245349,9
510,-18.922646015059662,0.6949891861140874,8
511,41.25201291232437,-29.08200373077614,5
512,9.393871513320558,1.7526615538636798,9
513,25.483873628749848,80.2534934098451,7
514,42.328735369331476,-26.165984455906205,5
515,-53.383005537205456,-69.02557015499836,6
516,-18.95520991576997,51.76637961116754,1
517,12.58696612187189,69.8019257588946,7
518,-4.028504543062336,-31.281811217195802,3
519,41.74450382745677,-23.209682073392713,5
520,41.18673945222574,-25.44025523552289,5
521,13.07822987949232,-78.61039226292469,0
522,80.74226827763671,28.386342217201783,4
523,39.73892223689151,-23.070059591010867,5
524,-80.58987391867893,12.54055529996233,2
525,80.16765561189438,28.92756862972298,4
526,-45.269560417218436,-63.47702353711919,6
527,7.791133524996302,36.550594173222315,1
528,-46.62968696602786,-52.017735064804725,6
529,-45.687766697957095,-64.14431702731136,6
530,-8.873269417589135,-38.51502906513663,3
531,13.223399934134216,-78.12286752123809,0
532,14.232664686906814,-3.4988836530052616,9
533,-19.36583610350434,11.048327737991995,8
534,-10.266499894185028,-26.14463897575838,3
535,-48.45348988918002,-61.12188816115893,6
536,41.65800009375183,-22.240939051680346,5
537,13.101241907238746,68.34188203371147,7
538,-75.42956102118721,14.29916430342541,2
539,19.883322432097092,76.93942172434798,7
540,10.9606122270992,-71.79834752747733,0
541,-47.34109064172647,-62.47650450492561,6
542,14.624417343296024,-4.004984786899626,9
543,-1.1402542651903946,36.05920420156644,1
544,40.69260442052012,-25.954517615426123,5
545,-16.113786495355967,8.818826527781873,8
546,19.86662869849096,-1.9111331078701939,9
547,-72.74671223914216,-0.3775789917026164,2
548,28.036773216945043,75.52309497555828,7
549,79.38009441213906,29.993819754378794,4
550,8.19016573018245,38.1603657655539,1
551,41.49788547931811,-26.04229920240387,5
552,7.348466788901069,34.15135708661759,1
553,12.106780728422219,-79.56311230454422,0
554,45.06899702683788,-20.500435796659982,5
555,-45.65157313709313,-64.75109864477827,6
556,31.690549687334673,-19.27389360264992,5
557,-16.303613076236235,8.08306568086266,8
558,-49.88254237669807,-61.4716611930482,6
559,19.14550538685945,-1.7278852965843259,9
560,39.262290804919296,-19.562359788858114,5
561,-46.71113983371056,-52.1806329426046,6
562,-15.928076868702838,4.993649764409456,8
563,7.342154999810477,34.209774495737136,1
564,12.046750208716997,68.9867382102727,7
565,10.88438882846139,-80.15458083625875,0
566,-14.263904858876925,8.030031979635655,8
567,7.583328181058262,36.170750364988926,1
568,-44.716608929762764,-63.766385202032005,6
569,-7.579383515796414,-35.24888995112809,3
570,-1.2306021615485345,-35.037041008316365,3
571,-74.92904470838397,-0.5696178070294017,2
572,19.9436824484477,67.57549002802865,7
573,7.9717196330144775,35.66410471482752,1
574,14.792463514125796,-4.2831286258873105,9
575,-71.82391250014224,8.97057076507885,2
576,10.589590826221007,-79.93060162920811,0
577,79.15558452338523,29.1066655987334,4
578,-50.01587840483734,-60.25350397068742,6
579,-0.2867451864349389,-35.73714185046603,3
580,40.93383069682989,-26.082841774365512,5
581,13.852157458524175,-1.5264851931216956,9
582,-2.033011761677379,-34.399367757522676,3
583,57.0401274171228,31.646959900249648,4
584,-7.175838467692359,-29.154328984471107,3
585,-44.299890425888314,-50.73070007998687,6
586,-11.448592852801776,-41.15255483861629,3
587,-72.98162302124676,-7.838189397618493,2
588,28.67236806536232,-19.355525411559437,5
589,8.874433933266722,-78.61638405632208,0
590,-44.401112693930315,-50.7466480444501,6
591,14.015552472984693,-16.948882362100896,9
592,4.274386446220456,-70.29658508172143,0
593,22.1140620714622,-8.484677605521453,9
594,8.044827435571461,-72.11563427439665,0
595,-17.012208150388478,3.1683598077256523,8
596,-41.33365891987321,-56.32155119098242,6
597,-45.93423970675638,-53.904758397814255,6
598,-10.806683491118202,-40.648922617032476,3
599,-58.13311657567877,47.95990708384515,1
600,23.277911290975016,-19.346541206084773,9
601,-60.62819621229912,44.20569511981082,1
602,67.92409521763514,19.057211747864063,4
603,-63.654139567643696,8.027630564014055,2
604,4.681527750465683,-67.5409217216198,0
605,18.975473261240666,75.77899820399908,7
606,-43.85086206460937,-54.837642215818654,6
607,19.047157650866993,76.10279699687071,7
608,-73.83955441536739,1.4485405246518286,2
609,8.782032763411907,-73.11652032648385,0
610,-59.05290801003112,46.76572474121496,1
611,-77.32810165010036,21.073449822021292,2
612,-60.455313030515185,45.162742039446286,1
613,-16.298832085585452,2.868524237876395,8
614,68.54336949546826,19.220843403978204,4
615,67.60781144724442,19.125816796299596,4
616,68.01177384820086,18.474083317667784,4
617,-1.9969437931991745,-16.62042951029502,3
618,-0.5267768443047101,-30.902248245482323,3
619,23.581565648952235,-76.18242954648356,0
620,10.818347261638344,-69.672887754619,0
621,-60.36025987465871,45.31193715270416,1
622,21.614084250325817,-18.9406945218242,9
623,28.0511561024049,65.74257497322226,7
624,22.336521775518083,-8.675356992846304,9
625,-8.320873714954239,-31.02212545359679,3
626,18.74119693115462,74.85146377187056,7
627,-73.78975585830185,5.5564304192299,2
628,-59.52845696206188,48.341076427348014,1
629,-28.45667373777566,12.002773338529842,8
630,27.30072714130458,-74.3815470438704,0
631,-77.20614238033828,13.26175011124144,2
632,-46.03557907548831,-49.11387017463033,6
633,-60.83734410926883,44.107525183769134,1
634,-48.912331409944365,-44.707663970355725,6
635,8.696637968669547,85.54171783488765,7
636,3.5500251694303637,-68.01430239273793,0
637,20.496068499125215,-12.573033077262972,9
638,-28.668657912875442,11.259723653615966,8
639,-76.44524095166662,13.596469313906898,2
640,0.012508725363947102,-31.20034813442165,3
641,20.36272378172593,-15.495031916911492,9
642,26.7742268470355,-68.60118018359188,0
643,-59.178061398939114,48.80733393920775,1
644,-74.82307771673236,11.409792881313553,2
645,28.508274641395463,-20.959747706245928,5
646,18.941135587582576,76.37379353644963,7
647,-44.84806937473026,-52.67307175958214,6
648,-59.22911102640725,44.83890629722981,1
649,21.094404048049213,-17.52614280480921,9
650,-4.953366385236704,-28.468072845473525,3
651,-26.68194413462759,9.625578772104653,8
652,11.402274469296792,1.2471150360694152,9
653,-16.418351584763847,41.01392114639383,1
654,-54.689931352325424,-43.72291640302835,6
655,49.22056383247137,-26.640625371729755,5
656,12.439043762347826,-65.14419426291103,0
657,56.69971147410213,23.93662742908618,4
658,-56.80871096152358,-41.171375282934314,6
659,-54.811367778877326,-44.76329704795568,6
660,9.129394717258318,-0.074975060681512,9
661,71.69926038156197,26.30366483072016,4
662,15.068194538727319,70.51187086260632,7
663,-10.257597422125153,6.910855304694716,8
664,-6.602130222556027,44.28661213280636,1
665,18.834633250039786,64.95781613744809,7
666,-1.9458697208382836,-21.40106135459463,3
667,18.24801759812421,69.96296074440859,7
668,-7.426972301124575,7.088983039979038,8
669,61.31203650846658,25.056526162533753,4
670,-44.93964238510092,-46.7152511398926,6
671,-1.0392575929740262,-21.878968259548195,3
672,64.75603755058407,-22.549068992326077,5
673,20.93572929409252,-16.866614956332704,9
674,-10.82255097530334,6.255257857025351,8
675,11.965763291222956,0.4529023808014224,9
676,-7.314187696790535,7.362480648374826,8
677,-19.493452513302273,41.27663175036393,1
678,22.287870677908085,66.19711359273298,7
679,11.745833845312955,-66.67340326112158,0
680,-51.75153085511313,-46.698350483940544,6
681,27.39876613781387,68.8116332692035,7
682,25.52222726601527,66.83555799262078,7
683,22.458135764801032,80.25062855204453,7
684,-56.315561513527335,-44.0831915477379,6
685,59.505473505735885,41.770669672179785,4
686,-27.56770437445405,46.23566664941088,1
687,-5.520662763236357,-32.8287924735493,3
688,59.75773087045098,-19.504815901493817,5
689,59.64714828006833,-29.172499491927805,5
690,25.988828693712414,65.80160761178466,7
691,61.531331523779855,-26.78701622969407,5
692,4.3903280096848745,36.14875460234258,1
693,59.441343695780915,-28.481483651649196,5
694,17.389523652734237,69.68320435599907,7
695,-81.25609983967146,0.5403533078419334,2
696,8.759012842399297,71.7067190438085,7
697,67.03102413948966,-22.964986247309966,5
698,16.213128422153627,-59.01782085090772,0
699,-78.59299168414316,-5.514090242099759,2
700,-56.009858811149215,-46.21038876250414,6
701,10.601591115758946,-76.25742293880344,0
702,-15.236813951780347,43.2726827749124,1
703,62.74767025376519,-21.91652940679741,5
704,-81.01829553099928,0.2554349294645579,2
705,-74.81626981390468,16.919747696642617,2
706,66.02165663325748,-22.309997520627388,5
707,11.101478913056216,2.184547390840114,9
708,59.840533717156404,-28.81882909601373,5
709,-80.5831519744427,5.765425535120216,2
710,-55.9275503452988,-43.87126352634902,6
711,-51.197774695946926,-46.73565811284934,6
712,-16.846140300964404,5.838311752867421,8
713,-20.812864648120065,55.1913770271889,1
714,22.63862515962898,-18.756301714244405,9
715,-71.96995484423074,-9.892262542789274,2
716,16.676025045173663,5.242821019132698,9
717,-55.12527650979141,-46.87773451608828,6
718,-20.155989734126006,54.008137205155066,1
719,-2.467530361897164,-30.755626361937384,3
720,4.003149389542587,80.2723268176238,7
721,18.307400593418926,-86.18348039829822,0
722,24.14462378186528,-77.64277764089725,0
723,26.995633063685208,-81.67769968267014,0
724,-3.0956165833158797,-23.904624898391763,3
725,-1.1150364632926062,-23.277586395414726,3
726,2.2815460163490604,79.87520273615232,7
727,-2.697832347762971,33.7302655167757,1
728,0.80285621269243,42.12504919159788,1
729,50.03551379473964,-22.276890124793237,5
730,19.85324790640931,1.007451934442597,9
731,-48.84647349859023,-49.76675610517776,6
732,-56.87858106163782,-39.535046608864064,6
733,1.8191350768587695,40.07254475589025,1
734,22.848812909151274,-77.86585980860572,0
735,1.943924072772409,79.8816467551319,7
736,-72.71983664699799,-7.637050436639956,2
737,10.705672671703889,-90.24624512787169,0
738,63.67355419139051,34.317369997101956,4
739,59.56170536317951,-21.03025501692481,5
740,21.555898540906057,-75.94516439530922,0
741,1.0088148193495121,-21.105222193041744,3
742,-55.608353440496764,-47.39301869819544,6
743,32.227892348297395,-74.38731315253278,0
744,-71.18841159117795,-8.535466781983132,2
745,-2.6867723000754795,33.94721016814126,1
746,-47.551175202878916,-48.44379551654819,6
747,-65.32793934883286,-42.43143555911296,6
748,-52.78182588034447,-42.108069562158626,6
749,-18.306359159160223,-27.719328295739,3
750,-53.687507870390164,-40.062801795233824,6
751,-34.76330924987837,17.898298391638807,8
752,-12.876898426518117,-26.184846215810406,3
753,3.256211761842105,77.9467414981678,7
754,55.19792148669332,38.67094503446051,4
755,-74.1116182125464,-9.810204742633928,2
756,2.720113257860798,78.84982342330296,7
757,-18.967071855540116,-20.51715871522183,3
758,54.79919451551967,38.75047980074825,4
759,48.86652427849498,40.65310381822519,4
760,5.56578449135804,34.15822230791696,1
761,19.2379967396699,-13.407145696770856,9
762,-19.662121441157154,53.25651383173551,1
763,3.409952173403213,80.28857530230204,7
764,2.828514181515328,81.06526799834963,7
765,-71.76345968391777,13.45301992015517,2
766,-52.33095951125796,-39.932784242551264,6
767,2.289598323371704,-33.74904072604974,3
768,53.723692979469256,-24.691665111112627,5
769,53.92504520630673,-24.82313522820424,5
770,20.345258915302338,-0.17929483973634763,9
771,-69.17643468804417,-3.0317434210657788,2
772,-62.10047810544694,12.616877122108145,2
773,3.5248026799472587,83.17122600273693,7
774,-45.90990001898659,-48.55001236995799,6
775,54.755050287984844,38.96603607507703,4
776,-31.60092733088777,19.812289169868215,8
777,-71.22924143146537,5.73480861677711,2
778,-16.16117862716668,44.35252103499777,1
779,-74.62668624086116,7.178794303828156,2
780,-1.0151604348774443,-27.253975713540566,3
781,8.43674311931407,-7.558962131142813,9
782,10.645981861058189,-86.845720341942,0
783,-12.768919290550095,43.33183348695679,1
784,-72.50429267333871,-1.861917609156256,2
785,43.00388490928684,-24.532515017869493,5
786,0.9758786009095989,-35.71922261299615,3
787,-2.913855200172001,-29.823489713570105,3
788,7.401210516882168,-6.969241046941071,9
789,79.1376680228892,23.805267469177927,4
790,-50.140748202378255,-60.78006632960777,6
791,-12.113847514444188,17.24030541177296,8
792,1.3315887610496118,-35.69413832388549,3
793,40.92645127794453,-24.211980420213596,5
794,-51.50511328313403,-62.03167835028605,6
795,78.18635713548392,21.931176083509417,4
796,-48.56611683075133,-50.793758479695214,6
797,40.5296917694911,-24.756127082801985,5
798,-46.73706897445361,-50.51119335272629,6
799,-13.248743469069627,46.27719083391795,1
800,-51.630122975592776,-61.1981099399801,6
801,35.809881279100644,-18.22616818441396,5
802,40.10901929928391,-24.177741825308782,5
803,-15.099609502485945,10.225902911467527,8
804,17.83762981032961,66.65775184740694,7
805,39.693124964876425,-21.67767755615268,5
806,-1.4228106674768308,-35.41154992943794,3
807,77.51288943714621,21.066574509438336,4
808,18.154474693992512,66.65069671041789,7
809,-22.04668409107589,12.185050171331223,8
810,-71.89692048372524,4.370160159038252,2
811,-50.88414877134588,-51.7903518040266,6
812,16.03547998303084,-81.50481259484658,0
813,-22.1815184498468,9.50276497232353,8
814,-13.460305773924423,45.13555540627958,1
815,-69.56552842861298,-2.523263008697218,2
816,-15.485662906153213,41.976777540332606,1
817,-48.25598213015821,-62.47339028792518,6
818,-13.238564083818675,45.923155074822866,1
819,71.77549976901061,32.44104366778226,4
820,-22.10198349761658,10.363001885854453,8
821,9.501675356732537,-5.921364342809216,9
822,-72.02933195973326,4.329338733679177,2
823,-50.78747455974584,-61.68305282522059,6
824,38.725534634768664,-21.67820929750202,5
825,14.850922398690704,-82.45407700183591,0
826,9.675335988962845,-87.53927776684003,0
827,-16.07413662536758,13.5414334229196,8
828,80.16750842755154,24.40311663647741,4
829,77.74730074695904,21.422003563044573,4
830,42.96167286777236,-25.20344646156071,5
831,11.18959409174745,-9.423389384918295,9
832,-2.372455641173422,-26.949842939945167,3
833,-30.729798404189903,-59.869372296656024,4
834,15.308646727309176,-85.03060477944973,0
835,74.59182149167243,24.59131932127655,4
836,-19.86684593912333,7.645320418380942,8
837,21.346664293825498,-3.902852949927702,9
838,1.840657228686654,-28.533639747917746,3
839,-11.873841232157067,45.82378049121475,1
840,-26.61103585196447,41.870740398389394,1
841,15.330301152909874,-85.0692056303145,0
842,16.91269060955205,67.56190998282273,7
843,-73.17878303967991,26.016465133308184,2
844,58.045474656113356,23.15368725745093,4
845,-13.71215379000333,-24.244294703105112,3
846,-67.64647949888192,-2.9400366700918976,2
847,12.034347973653256,-62.42986693838624,0
848,-65.23708817273813,-49.661340250365406,6
849,-28.1980030109135,6.0390964696708345,8
850,-16.21364035978629,21.222014743428847,8
851,-18.75468124456402,16.642319159993928,8
852,30.816748431483212,-9.895147881178191,9
853,-57.23954920379261,-61.397696823738,6
854,-13.843799479089514,-24.116429872233898,3
855,14.820347563352456,-77.52076259160187,0
856,75.95624358100757,27.137130926889636,4
857,-32.15925229987901,11.091758125097732,8
858,28.85391055562747,-10.941398315587476,9
859,-24.05303678730397,-15.309458988826675,3
860,25.601095787071976,-60.40821860586827,0
861,7.315101807914642,-68.6541194307508,0
862,30.46798178065126,-10.215526570232507,9
863,-5.409710602276268,42.217784761253185,1
864,-7.068783343697684,40.47738841720607,1
865,64.30756023452102,-31.228751020653117,5
866,12.256060878923016,73.62394215753595,7
867,-56.208850166006485,-62.546677286521444,6
868,-13.18326381869589,38.601758236359196,8
869,14.848054494132404,75.60802922866719,7
870,65.03529653013678,22.068320108954456,4
871,28.86913465651175,-14.734290830513155,9
872,29.626543156340926,-68.730170218546,0
873,3.030157142291935,36.33941481500901,1
874,65.62170031951632,23.344982505128208,4
875,64.50087045441616,21.915940535499388,4
876,7.412611713209465,-75.02249850219758,0
877,-57.00358340573614,-60.36481723712761,6
878,55.09000805343317,-13.57188095263966,5
879,66.306045231218,-16.165153132573273,5
880,24.44323436771462,62.23162424251893,7
881,-57.02783804798785,7.689789339918638,2
882,-75.61000701175215,27.030378904330973,2
883,29.740846863639213,-68.40689247438046,0
884,-74.97085531735954,26.129335665502172,2
885,-77.60618626312534,-3.2048840890455015,2
886,-77.378670779002,6.931832515087037,2
887,-24.384994390211414,0.6503884826188676,8
888,64.70512287819507,25.7445085111408,4
889,15.814572612853746,79.10993146319312,7
890,55.837246699216074,-34.50687139412861,5
891,15.385257285228521,75.7716503616487,7
892,25.769464969591663,28.32410855239053,9
893,-14.034836529197452,-15.384993348216918,3
894,17.541154953355726,-2.7219410286776244,9
895,14.927863928603605,75.7296744841798,7
896,19.554832008379098,5.282852396917597,9
897,69.23704030757548,-31.5880316940547,5
898,64.5202699631691,-31.840523132142675,5
899,-21.98964265411043,-17.476303055981866,3
900,-5.14604402961193,42.10732703696164,1
901,-75.28948795261276,20.881767068176064,2
902,28.31246672486784,-68.88088353102896,0
903,-7.580827621071246,-39.18963041017049,3
904,75.6398913170455,24.169028066954873,4
905,28.571697750189372,-14.271372332753817,9
906,66.73954435812426,34.541870404557784,4
907,-6.799660386252663,42.21542050019776,1
908,-9.243268522370444,18.954297140749485,8
909,-54.30390493764538,-60.47069831413558,6
910,24.06381437414969,5.769048862363549,9
911,47.50838379784138,37.42675954740594,4
912,60.759852404766626,42.2879362763103,4
913,4.776558946363613,41.16143237190412,1
914,45.866936680564784,35.32257554140706,4
915,15.700291787584279,68.15505085829486,7
916,-34.91117200245364,20.550673801618164,8
917,-35.605225161900165,29.300679738229224,8
918,6.063962765575499,41.07923139665163,1
919,47.06130262375387,35.320961853881784,4
920,7.913791267865087,42.411835818771586,1
921,-57.87279029306624,-45.57149689850259,6
922,14.745732025149152,-76.76501947627152,0
923,-61.64891647515784,-47.401145980869856,6
924,8.676695884553002,41.63035093382183,1
925,14.082162924115357,-76.44195434188829,0
926,-62.321524623755515,-62.58367104055048,6
927,11.980791941367881,72.0362910374228,7
928,3.460178678350044,39.612978906182775,1
929,-15.179296478770944,-37.71347974423551,3
930,-64.49970771651404,-47.8598807662997,6
931,26.5206303933165,-77.95324031034188,0
932,-36.282195480556986,7.578138722391952,8
933,14.777527206500334,68.87091497763002,7
934,13.951051787189256,80.28521647538396,7
935,48.55959348379984,-30.19951566496324,5
936,-21.365705245240374,32.01713461913726,8
937,13.951373852627523,-67.0800734754994,0
938,-34.72867260227937,17.57466354429902,8
939,-81.6002960629824,11.382973182759544,2
940,-26.309138365787962,20.554573365136235,8
941,-58.81579514908441,-45.01270736923255,6
942,-73.11946685396948,1.449704267242976,2
943,27.694622309822126,24.546466646867536,9
944,-34.68438352734771,16.380310969605322,8
945,67.26251174774089,-25.858411273518175,5
946,8.869594558577155,81.54728302771011,7
947,-21.44704699048214,31.09041700443572,8
948,-63.57852006925809,-55.90537177998775,6
949,33.45661182829448,73.41498978822707,7
950,49.64025652379223,-21.55851932653006,5
951,-75.82032625529128,26.19576989341739,2
952,60.55670666085052,40.456482523752264,4
953,28.45884541517395,25.82000682430063,9
954,13.51667842364006,80.47152283057734,7
955,-54.97215786280997,46.142304734492754,1
956,-76.63915568816684,27.35153935244161,2
957,48.169318903862866,-22.953754952226358,5
958,48.64055787737993,38.144371584111155,4
959,54.01356050030893,-28.378143936230078,5
960,-80.18921728624333,9.473808077815686,2
961,-52.76213285292988,-56.675715808218925,6
962,-72.94983191880817,17.026047713522235,2
963,25.801225270725205,25.061408146227176,9
964,51.908872541342866,-22.036156175060732,3
965,29.143734799798246,-64.59578658470731,0
966,44.938686948750174,-22.8947617375835,5
967,3.1867736321819846,41.08063486470741,1
968,-15.194650945447636,-15.724327929391404,3
969,12.864719454676024,80.2234440695869,7
970,-82.30010065125505,12.852168738744378,2
971,-58.95549405473054,-48.44273333622653,6
972,48.13258692775289,-22.861496459540486,5
973,16.674411854912933,65.43114188893325,7
974,54.30359260542112,-35.97836674104814,5
975,18.48987620930147,-82.99308462540488,0
976,-60.765595518052066,9.675647018934187,2
977,9.56744258599636,75.8379999233093,7
978,-31.75155651495342,-23.822185720178997,3
979,9.933254031007259,35.21921640681916,1
980,-17.908762049660854,7.12588304383484,8
981,22.273562615567187,-72.60601808820337,0
982,16.08827135868534,66.44938210272464,7
983,-68.3281386858827,-1.7248769962887076,2
984,-40.74572256860916,-60.12448294236359,6
985,64.61845976523438,19.89695523026109,4
986,53.994612025921626,-23.33837284793077,5
987,-52.468016768193955,-43.62919429022319,6
988,-17.421774060511257,-22.86930697232306,3
989,23.91154715438239,-3.736017836648478,9
990,-1.2222805823403111,34.29803358074005,1
991,-64.4268697731176,-38.57350718820034,6
992,22.302448520333968,67.75912082612402,7
993,-21.683301812313513,-23.400177305961723,3
994,-19.35451640458861,-35.32259637901444,3
995,21.756948298998484,-21.544553444331193,9
996,56.43332000433973,28.703404040427223,4
997,-35.73104280664456,19.0428338943605,8
998,-1.0302617982741902,35.032828163719905,1
999,4.584915809643334,72.65381008973702,7
1000,56.254559754640454,28.882635692305936,4
1001,-70.38213833419711,7.899374069870381,2
1002,-69.83814689449646,6.577214906968021,2
1003,-3.2585579301339096,-24.048112136444622,3
1004,-76.36882983875523,7.708477154704934,2
1005,-12.674701576468266,-18.674468008862124,3
1006,-62.63166052947822,11.080066225285535,2
1007,-18.72450033928837,8.883222349702004,8
1008,-70.64169877164674,18.56734526556181,2
1009,-19.29544274512514,-20.980919203069426,3
1010,3.731210920427071,72.96741471645463,7
1011,-19.562102810277437,9.360993639691838,8
1012,48.068408152398234,33.064286079426864,4
1013,4.211684107121101,31.7654266810804,1
1014,21.411871224439935,-78.58069633297417,0
1015,5.178620452266998,40.0581542283993,1
1016,20.74209506693711,-20.947666364463547,9
1017,18.74437187076503,-12.716919183430514,9
1018,20.5523979124214,-7.961584539177241,9
1019,16.193758203774475,66.18259871120254,7
1020,55.2611166340633,-34.57349127191162,5
1021,23.45026475043147,-19.840318832371494,9
1022,20.31311432577687,-21.667632731316537,9
1023,54.10729099010807,-36.38309384211469,5
1024,22.840306984506643,-78.59499502775206,0
1025,60.937515607625244,22.592839749702833,4
1026,54.22932891585924,-32.816515259048934,5
1027,55.17367136377825,25.15761083749408,4
1028,23.94085593726597,-3.903411384365591,9
1029,18.581678096978408,-79.33151083762407,0
1030,24.826442175110138,-81.2008228473812,0
1031,-65.85284595439217,12.63073661278712,2
1032,-19.671301665114267,-32.05102211508502,3
1033,27.675336661296864,63.41736516592891,7
1034,45.99547039587565,-31.068206922550498,5
1035,-12.798195681357328,11.982109246910293,8
1036,45.32740980029115,-20.613768923909223,5
1037,18.001110402706555,-83.7084048294021,0
1038,60.96463852628083,23.490164377637644,4
1039,58.837611594440816,24.044829773416875,4
1040,22.62880444400966,-16.598536559663522,9
1041,60.47143798956488,24.61292199897182,4
1042,12.805704057264167,-66.61808597356811,0
1043,-77.81693240107191,-3.7958271117849702,2
1044,-16.265917804629172,12.531368399469125,8
1045,12.17221740398878,-70.70662498803438,0
1046,21.24317287551142,-16.626150894500316,9
1047,-47.76825600192301,-54.51713728463369,6
1048,-20.91094913212473,6.04943388978786,8
1049,-24.528343586447914,13.809844154216751,8
1050,-13.89848310673427,-33.652491723939555,3
1051,-78.94198746681077,12.606744573090383,2
1052,-20.35962794303081,40.34894840620195,1
1053,-15.660191608533111,-32.787155005270186,3
1054,-18.14759685102713,37.62368669162324,1
1055,26.179912599428615,69.2446787646449,7
1056,-73.52463452431215,10.797669172435468,2
1057,59.40207311596197,21.853849153493982,4
1058,-26.716948269875125,10.272316462856768,8
1059,60.424101130309786,23.53586641807006,4
1060,60.37721774184141,-28.259442660361906,5
1061,51.135568699244494,-27.207426609680905,5
1062,59.081977273213546,24.083988372739274,4
1063,-7.95404952077883,-37.60179010205928,3
1064,-9.976191425178664,-37.71957455677697,3
1065,16.68860110014708,-64.9068803200677,0
1066,10.186039698233902,-69.72803181082807,0
1067,9.721654192603205,-73.06976093676455,0
1068,-17.23681851832342,38.4966200873262,1
1069,11.809466375623774,1.3175073024510544,9
1070,-73.4091930449766,3.581053343512758,2
1071,12.18369845183444,3.2637917860334973,9
1072,56.79357596822163,-26.71192088061789,5
1073,9.549137219032367,78.80708469973986,7
1074,11.97117229602597,-5.11256099860531,9
1075,-16.96182598296202,38.697213872974295,1
1076,13.824166322496229,-75.55942969772384,0
1077,-11.826701513907269,-39.88298194831499,3
1078,63.44011017879111,-26.849947205140584,5
1079,57.25762155077981,33.145624801037656,4
1080,10.580896302737543,-64.49053398243628,0
1081,-16.711020749594205,10.993685526799712,8
1082,26.45275984768695,67.93081726148873,7
1083,-54.63337759714627,-60.517250132940475,6
1084,15.826318516436181,-1.7083781327538958,9
1085,-61.76564267309367,-45.848459445766316,6
1086,-24.181243856510402,2.659904899586161,8
1087,16.60925539801403,-58.254091557506285,0
1088,-12.003704114633482,-33.43001637824869,3
1089,-24.717623838750995,14.575836524749676,8
1090,-1.8679629690750463,-22.343351181759402,3
1091,48.86248230355918,-26.11400253926929,5
1092,-73.49541434059493,11.714037930982053,2
1093,13.690096739071802,-69.23515409405053,0
1094,50.944405596555804,-26.896090599877112,5
1095,15.772695270273262,-15.582218509605019,9
1096,9.250110935371247,-68.88338117156259,0
1097,-15.002619783535016,-33.087621062661704,3
1098,-23.303781184304295,43.82979994501414,1
1099,-26.05677075893268,10.796387840964663,8
1100,60.94853159117653,-26.511836886863065,5
1101,10.47163094096454,1.4100241431873013,9
1102,14.488314178638927,-65.94120679786758,0
1103,-52.31318976580625,-63.86496009766822,6
1104,-20.295852959021996,39.967796696274824,1
1105,-38.97654432185541,-51.64867615333705,6
1106,-1.95543128970973,-29.33166358345167,3
1107,12.256993881512154,-1.3914559094560939,9
1108,20.844683277775186,56.69472782048601,7
1109,-20.566471571911983,44.54060761046616,1
1110,-75.32807664521174,-7.9218160670908135,2
1111,-43.22679073385467,-55.48586066321969,6
1112,59.733719875271134,-27.088221449819653,5
1113,-28.32336154239601,8.233854278735889,8
1114,-46.02333739090627,-57.1869718443834,6
1115,20.365329784996064,53.59113491752272,7
1116,22.055093187268906,57.05197418889657,7
1117,-80.44821537599137,21.01190502797257,2
1118,-19.490121683284165,46.91278313981659,1
1119,18.271274228726806,55.87657043880539,7
1120,57.50406346769608,-27.767342722197444,5
1121,-23.806944155884924,15.658449387760363,8
1122,-14.149299354859545,45.94731444235259,1
1123,19.619920447248653,53.749813711261346,7
1124,-39.3155144027804,-51.5748341890052,6
1125,-39.51376498346287,-51.890873649008014,6
1126,54.408048916053616,-22.231719439330206,5
1127,6.569104091906068,-76.06765755997976,0
1128,15.972424574411736,-2.027874911458891,9
1129,11.242784353551995,-2.127503443286942,9
1130,6.843800510142137,20.558406562032037,1
1131,18.993341198582133,55.82775150940578,7
1132,18.9136941322997,-2.6361419496065,9
1133,70.59799449953549,39.40936306115687,4
1134,-2.730576236447108,-26.19606984383887,3
1135,53.26567375007234,-19.395581818699753,5
1136,-75.54434096291116,-6.316531745933255,2
1137,-20.021456331598774,46.962049009618056,1
1138,-23.69881264785241,15.631173401999513,8
1139,-78.3710987063897,-5.478267427049013,2
1140,12.995446969284849,-1.1567867564436607,9
1141,17.6263981094028,-0.5660589894880362,9
1142,53.17154230369898,-22.266307556363834,5
1143,-3.338222569713591,-18.249847503194427,3
1144,-40.06040650708674,-52.368062827042145,6
1145,-21.561161494732865,15.790329135733424,8
1146,-41.79048474731805,-57.22939616286757,6
1147,70.24046404414146,39.62855741782624,4
1148,70.98360972631257,40.444034501202374,4
1149,59.017535794393744,-28.217522605884525,5
1150,-17.837605541518485,10.198995497651163,8
1151,23.31756627071276,-73.35684780658546,0
1152,-21.47298508316939,52.31182095447237,1
1153,20.93268431406399,-63.955017510000395,0
1154,-72.63184902181335,12.372527139378162,2
1155,-21.03945736460196,15.625824537416598,8
1156,29.93553336871355,-72.2579894702475,0
1157,20.480395388057868,53.74096928570165,7
1158,-41.11983611043457,-57.08035283550717,6
1159,-77.68719543126024,-5.456824814931476,2
1160,-3.3940628446666583,-26.653570108769323,3
1161,0.37748780493103895,-36.70566113046252,3
1162,-48.76683520650463,-54.56637230619174,6
1163,51.71028974755105,-23.917565833759564,5
1164,16.144626095172274,-1.3722140624709165,9
1165,51.90683976168462,-22.91489191409518,5
1166,22.994112486818427,56.69728196562205,7
1167,53.8618662686368,-21.793810152679853,5
1168,-40.162363844481575,-50.790508920498624,6
1169,29.975309727078365,-72.22551814800589,0
1170,70.93675639496064,40.72546420061565,4
1171,23.755384273386486,81.10647185307914,7
1172,-24.181143792598757,42.39110369023633,1
1173,-22.002231686280847,28.678977877266643,8
1174,-20.198756346264307,42.4263835302946,1
1175,72.75271516802944,20.836488693193616,4
1176,11.599240964871148,-67.6328062198197,0
1177,17.18473222428138,79.82426432389227,7
1178,26.734233872342127,-20.04134388086371,5
1179,74.26760380225764,19.393366038913257,4
1180,-3.3283230839114446,-33.885160160105954,3
1181,6.3503204076983755,-72.58688319930273,0
1182,16.401017404067982,-62.028083184862695,0
1183,-10.635435860961932,-34.653324368837495,3
1184,12.03427418187907,-5.225627593182656,9
1185,-11.027896988996398,-41.01428942179495,3
1186,21.478906316458737,78.0849114250148,7
1187,23.54901114772441,81.20020849832609,7
1188,76.60522079877266,19.03882369192072,4
1189,23.254838158891456,4.628002599128351,9
1190,-6.815807051561326,-31.77559757465634,3
1191,-6.29135058121526,43.294397776288285,1
1192,2.6966812957149653,-75.63670165182124,0
1193,-4.6526950887933705,40.372021846200525,1
1194,27.75830855525666,67.46328887968815,7
1195,25.60147826070055,-20.96574860265906,5
1196,-10.077742565801662,-15.70409205666179,3
1197,-78.78305632304473,-2.584008831106233,2
1198,-22.364411549021497,42.71007612888978,1
1199,-6.431823721785313,39.33105366465701,1
1200,-7.606994895979607,43.43776691440456,1
1201,-74.51364021307415,12.297998155385432,2
1202,41.07762455743092,-30.65738420616833,5
1203,23.901943351656502,-64.4122715874825,0
1204,-4.943914018416162,40.696436925951375,1
1205,6.617547524033274,-75.42352677719445,0
1206,41.037545857748626,-30.713658476840173,5
1207,25.699692318704354,-20.806456574178558,5
1208,16.420940699262726,-15.770541991132536,9
1209,-63.78206569828399,-52.668361940398036,6
1210,-4.180581559309898,-26.989188834910323,3
1211,73.97773940210115,19.12774860710551,4
1212,17.945101325838454,79.14491588948286,7
1213,75.03188601509578,19.670129199209164,4
1214,-30.072305923695385,11.398456581233383,8
1215,-76.58757032172893,11.408319985791161,2
1216,74.29501223490104,19.25422048742488,4
1217,-63.84074497307724,-59.731803040026165,6
1218,-32.196630559912236,4.363365638081865,8
1219,-79.32739962723792,11.822836998175733,2
1220,-2.4380495218041736,-32.60872209646491,3
1221,61.698488716082345,26.784155147814083,4
1222,-22.034716523002842,43.16150017383129,1
1223,41.63039458605212,-17.974653585343454,5
1224,20.320537041389354,-9.675764600116093,9
1225,-22.704958052908815,41.30897593936798,1
1226,33.62077703672767,-20.07150919787459,5
1227,41.74899850287923,-21.31527045207563,5
1228,-29.767117512504026,11.13716174300633,8
1229,17.434490690564562,-14.753603511277305,9
1230,-76.34658786840976,24.051962287052117,2
1231,14.307288925518188,-81.63384884159392,0
1232,-61.50726904240576,-47.070083273335555,6
1233,-27.15730258634361,10.925651369710197,8
1234,13.722280066361732,-9.241393701518097,9
1235,21.85528333703868,-11.174442871077645,9
1236,13.979125655989566,70.27229502707695,7
1237,14.248832827754677,-0.7712308130107911,9
1238,-11.020001769324674,-26.11976305970608,3
1239,-78.10258768146312,7.446982877544651,2
1240,-27.357030942419815,13.482913008304203,8
1241,-69.93575886700371,-0.7692985364001582,2
1242,-69.06504108279795,-1.145704330371,2
1243,-5.830651360929437,-32.067049639203454,3
1244,28.078620986722168,-62.93187352460841,0
1245,16.120780191930237,-15.301435924247803,9
1246,-72.37796751065784,18.83367382377057,2
1247,49.42942876527234,-34.983690021390935,5
1248,-6.305173624701341,-31.56486366613114,3
1249,43.480233061768956,-19.914936805426937,5
1250,-0.8957298045073611,35.608735242477174,1
1251,-8.198978311612343,-34.27924068431204,3
1252,-56.60886947450741,7.75662561975118,2
1253,45.73810058131046,-18.449405894790893,5
1254,-22.013078774462095,42.87205631295069,1
1255,-69.14185854927818,-2.345399022769595,2
1256,62.52714670011023,-27.45314711527004,5
1257,76.53330478465594,23.76994812296306,4
1258,17.507115499081625,74.97631011233298,7
1259,28.08878907957153,65.69074779038436,7
1260,8.950667854122743,-4.08969222040517,9
1261,-15.025976010100166,40.69475187673422,1
1262,-32.0123711165407,4.4789504689323625,8
1263,-3.920485172000966,-21.246803773530434,3
1264,8.392770075680483,86.86600216191968,7
1265,50.48215421361806,-24.880180556326295,5
1266,29.005968328222643,-65.96495695909397,0
1267,-22.511919388745305,47.353885040133065,1
1268,-72.59576149123362,10.535468002391514,2
1269,76.3834696878763,29.257667323176804,4
1270,75.8679426249913,27.146251966552953,4
1271,-31.0241674031484,27.020351949014792,8
1272,-23.386423949926506,42.65829976854242,1
1273,9.113881173771409,71.07915107247894,7
1274,13.747760935563925,-74.11713299580606,0
1275,-24.011840545327576,24.98409206368247,8
1276,5.058003557912416,-67.60834173064978,0
1277,-2.496212783540834,-20.83641927118219,3
1278,77.2638760770992,23.700725344807815,4
1279,75.22276467249425,25.929795607958713,4
1280,78.26998391223398,28.96756635231235,4
1281,7.856739170775996,79.11879284012021,7
1282,6.574693467086272,39.71088190176129,1
1283,-22.54124144905773,47.42437179683282,1
1284,-56.91073127371218,-60.76879353756988,6
1285,7.835195000391111,-1.7322688506169173,9
1286,67.74094957565511,-29.377547194845693,5
1287,55.01304098414159,-25.99858455229216,5
1288,-35.70562018792697,25.909682548984748,8
1289,76.93081278699708,22.68931867521474,4
1290,-57.69635610658214,15.097213542519947,2
1291,-19.87655333543975,18.044468508974365,8
1292,-20.344897956557578,17.944904574966003,8
1293,-72.59915970363114,-7.588473846130604,2
1294,-10.869737889477339,-21.935354631757207,3
1295,25.08938168415334,-64.74878667881657,0
1296,-11.896567108527282,-16.808196038815527,3
1297,-57.42412767989162,-58.73763906728572,6
1298,-29.763413195502064,27.351497877543512,8
1299,42.29886478946822,-25.234422453123408,5
1300,-8.257566545365,13.137792041651105,8
1301,53.95460641172581,-20.694657965517617,5
1302,3.4524310739322397,-70.46671478942669,0
1303,34.556531874750995,35.409585905585274,9
1304,58.27589844012977,34.64813855935512,4
1305,74.2054832609967,-24.42806539347999,5
1306,17.742143802424874,-8.449956039119817,9
1307,-19.55267354830741,-27.900835543407325,3
1308,65.7315189575365,29.61666406155215,4
1309,70.53735708136719,-23.44915121740748,5
1310,-47.65639029916308,-42.38614627694144,6
1311,-21.76933803126716,53.15230294884012,1
1312,13.930477515430884,78.66941737878604,7
1313,76.28409389207454,-25.164508522856252,5
1314,-59.781696626300175,4.206590678177536,2
1315,29.65463509724784,-76.62687633215296,0
1316,-49.63335879901603,-46.16492984395409,6
1317,-26.03220820580704,-21.430669823973197,3
1318,10.06203834123391,69.66282990207829,7
1319,74.98559975170038,-20.138414044538532,5
1320,-46.995669497291686,-49.66446879317313,6
1321,-48.728831062926865,-42.426939806606455,6
1322,26.303498984219225,-73.71172191084115,0
1323,-27.548866602188934,54.99759104581963,1
1324,29.30357963560539,35.663654210705126,9
1325,22.692768214407923,4.775714801758652,9
1326,-64.03919615283074,11.66909316992576,2
1327,-63.65073821660867,11.727079905838231,2
1328,-25.71204666251209,-20.411264264228436,3
1329,73.96896662403981,-19.69272072723938,5
1330,76.04037812482724,-19.27135173621292,5
1331,-23.832139323663537,12.411815355488748,8
1332,10.279139708875489,-79.20863169756002,0
1333,-26.114910251669794,-21.45114671186749,3
1334,13.623679920613313,77.85523855556451,7
1335,-20.8309894932841,54.61208278973937,1
1336,-63.574955848175186,14.9802000771427,2
1337,61.24596606877834,35.31336999882413,4
1338,-57.51494261852687,10.96930902543791,2
1339,23.090272844564513,1.005308895570924,9
1340,-2.24019180417428,33.698547270990055,1
1341,20.322442894048066,-63.37774671165214,0
1342,20.60076992944958,4.5376780639015015,9
1343,66.99952420217326,27.50395022738575,4
1344,18.46068323297162,81.62086258610512,7
1345,-55.52050819970094,-58.26367821370865,6
1346,-40.31614004860569,-57.54431825529965,6
1347,-31.626574561837362,52.74143631677895,1
1348,7.589026565653342,81.23823238759192,7
1349,-21.948421097945996,-19.99889279270423,3
1350,-28.28849828356575,-18.44604700454601,3
1351,14.19532147311705,79.15650555597074,7
1352,-57.26116014768915,-42.92126075210915,6
1353,26.578536850066804,72.43960334936558,7
1354,21.808008618456878,81.40337534747717,7
1355,-30.537523117138857,20.79024759200802,8
1356,20.803906477564265,-69.84321029807869,0
1357,-28.88972351835118,51.827136644433615,1
1358,-29.631574293671004,25.45733048931182,8
1359,-60.193423611508,-47.33402735292035,6
1360,-22.001988104376448,53.254737267258236,1
1361,-49.791360118296,-43.23878232032199,6
1362,-31.103635138511883,29.406436071707702,8
1363,17.665060614189454,-79.58969059972743,0
1364,1.7279228550386363,-71.17114826715238,0
1365,-32.1030874564463,29.571047879425333,8
1366,-35.83539460443458,27.21806977147277,8
1367,-50.40615933926198,-55.850344576980376,6
1368,44.23524785428166,42.018576206809115,4
1369,64.45620494452872,-23.22169668891106,5
1370,21.3735927265175,71.95519275627765,7
1371,-0.824374688698348,-24.367994352802675,3
1372,2.921745340161212,-27.454436892228284,3
1373,62.554583059122685,-22.949887690777796,5
1374,34.75024420377138,32.1361995355416,9
1375,-30.73122682965727,52.4235043929671,1
1376,46.21236374988947,44.36055188771759,4
1377,0.2745123414571982,-23.32968615673839,3
1378,32.544026219463895,35.63018358556041,9
1379,71.69122815694526,-16.89903600717824,5
1380,-19.109393566097147,-31.96027016349138,3
1381,-31.122524240700823,52.66161820242548,1
1382,20.65386872231111,-61.9653762359999,0
1383,-29.14591006194506,23.876774714481535,8
1384,-9.679599674724932,-29.175427394425725,3
1385,18.80490772435787,70.11402816037935,7
1386,35.07565670348581,33.52177270947689,9
1387,14.771359266746304,-82.87295925020001,0
1388,19.570690119977566,70.15605859522903,7
1389,-32.86980690174791,46.646688916603146,1
1390,-76.5477277449706,-8.773398259708097,2
1391,-60.440770722629225,16.030827454903537,2
1392,16.786567066716554,69.41049517638503,7
1393,-52.645382491782115,-41.37309637145956,6
1394,0.5031675060612766,-23.406324552058607,3
1395,71.46285662992047,-16.910986023931027,5
1396,35.20661261882129,30.486039328315574,9
1397,3.610089906024245,81.31282176513024,7
1398,-58.85982968146445,-42.43359605663409,6
1399,-10.670520266150254,-27.204756247049858,3
1400,44.93145020347259,42.0402473416069,4
1401,-30.532352642995676,53.36191016685759,1
1402,76.79768467691228,-25.78540231565755,5
1403,32.027736266366944,32.1835347339119,9
1404,-66.84954369686777,9.862318939779435,2
1405,34.78230391008678,31.07388089085557,9
1406,17.205372070281232,-61.90210361019593,0
1407,47.20958498491781,43.82591122032982,4
1408,4.230948074873902,81.33143483598435,7
1409,-30.674641304541233,21.632727465465518,8
1410,-33.03747383635814,21.837930464945234,8
1411,-30.779011897768388,23.170316454610987,8
1412,-30.77097286351082,23.371183684684855,8
1413,-28.801224381002957,53.67472187532414,1
1414,48.20204366686944,34.947119407755466,9
1415,2.7858596806562224,82.04835399645228,7
1416,44.20163384389947,44.54197527070159,4
1417,32.50090417173106,34.87976142345286,9
1418,-53.14240765511848,9.405575833915046,2
1419,-59.596394044126384,-42.62584267242739,6
1420,-59.5567762436012,7.352223009063666,2
1421,22.267398368744566,84.20764874371568,7
1422,2.908569201007983,80.09626446343468,7
1423,-62.439700329288826,-43.43091702840985,6
1424,-73.37245597637457,9.458760627608147,2
1425,44.05822218940741,44.171076755777065,4
1426,-60.03530841409613,-42.34490025689811,6
1427,31.909870359141507,33.22708489624853,9
1428,75.906166222049,-25.558188718487585,5
1429,-59.59959124388175,7.444306110878722,2
1430,-62.29943305692383,-52.87811681994179,6
1431,27.16045408961624,-70.88287215480752,0
1432,-59.71247992001519,-42.19321034213684,6
1433,-19.869642965485937,-22.333088322227397,3
1434,-28.511340608240058,47.51750014869265,1
1435,31.47293186996777,23.281446431475047,9
1436,76.2493349441299,-26.62175004186465,5
1437,-58.78510471814975,10.534285322110211,2
1438,-22.33614116364338,-24.08456181287481,3
1439,-42.81877146685583,-64.19837520219498,6
1440,-50.3001106488705,-48.03471815810474,6
1441,64.60469261504369,-24.013918856678423,5
1442,55.426050701018966,28.34378604469283,4
1443,-32.57691683194973,27.347808413354745,8
1444,4.551315102759193,83.68493005644915,7
1445,21.93702669326093,51.81941150201175,9
1446,20.891519619804225,52.002302156993444,9
1447,-37.795547109817655,22.06329429397956,8
1448,49.370696263305426,35.9803087029335,4
1449,-73.47680531895654,28.291187486031472,2
1450,-34.17388182131915,1.8809418378683964,8
1451,-22.50299030228259,-24.148143539693244,3
1452,-41.26160490749533,17.01956014235547,8
1453,45.66741723386992,39.48667994895817,4
1454,-22.59124893850919,-22.496792945035843,3
1455,-23.006582479872893,-30.564251036040357,3
1456,50.61771496790733,38.51413983618439,4
1457,5.301128263516575,83.69268983423366,7
1458,-19.143636607341456,-28.375997385471393,3
1459,-46.181895270368884,-62.86507354728076,6
1460,-65.12920377964286,-42.211738262175274,6
1461,47.718696002176024,33.07686304817146,4
1462,5.314452354465073,81.57892796293,7
1463,-31.577985933669552,46.152405254745574,1
1464,-65.54957585953161,23.62138987415221,2
1465,6.326578858289454,77.657584226713,7
1466,-43.710890309222684,-57.82348866843344,6
1467,-29.293641016953465,8.779569253354149,8
1468,32.98004400296905,30.781550678622654,9
1469,29.38904228532817,34.14368429215226,9
1470,29.101413024267625,22.33658808555736,9
1471,0.28347776814819664,-23.11173119694316,3
1472,22.01311689825655,-67.5418027783155,0
1473,-47.84627632306076,-42.44345825970057,6
1474,5.8647990755971,77.86187014417432,7
1475,-43.56177887972251,-48.387857961561785,6
1476,-20.557367198384036,-34.95664704608403,3
1477,76.80052786630029,-27.809897728873153,5
1478,-30.903070187439383,45.043918386574184,1
1479,-56.83010533763299,12.220080936963024,2
1480,-29.228992528316017,51.45987006012972,1
1481,71.81531971967792,-29.952112079704253,5
1482,-73.7097788936144,28.18178044640915,2
1483,22.146972273078013,51.78999230151414,9
1484,18.34142353395466,-82.28742518157209,0
1485,15.633367179882182,-82.22098051770898,0
1486,-30.184651692993445,46.05040694241442,1
1487,-32.91203328971213,46.7277961682667,1
1488,16.53035349850131,-58.428371000520656,0
1489,-49.71012491805267,-47.59952027956682,6
1490,43.37399951189414,42.729968314995084,4
1491,29.90602291445152,35.86306058705944,9
1492,-59.23461592300705,-43.40818505543067,6
1493,50.02438123933953,32.03055094633537,4
1494,-33.1595839882714,46.40561833275796,1
1495,-61.741740080439776,14.911289695361363,2
1496,25.54042375945356,-79.01069891052555,0
1497,9.861229468784295,-7.234909693278885,9
1498,8.453607006352344,40.463961812473656,1
1499,-10.693470167446794,-36.885687408573226,3
1500,-57.48108917388768,-59.7439561271431,6
1501,-50.762572890675216,-44.34858535082337,6
1502,6.468308153712832,70.4992297781349,7
1503,-9.662403059606975,-36.91233904483246,3
1504,8.028380743427155,-3.668306931046181,9
1505,-77.6924380208848,22.38112297663652,2
1506,-2.4070420641396635,-33.81690897515378,3
1507,12.269562220988483,85.26110909944892,7
1508,13.526337045871887,85.24786063556277,7
1509,13.04153187424594,86.36630893533093,7
1510,16.817042054614507,78.24439972263198,7
1511,-78.89036122599524,1.0804389981392561,2
1512,12.14321447285044,-70.2046308495849,0
1513,-10.746717722924982,-34.79492971129026,3
1514,-78.24511799949683,10.507295428679576,2
1515,-24.61122789318866,21.52117676248442,8
1516,44.35040158857918,-22.33037395859988,5
1517,70.09336836498483,29.686143058036684,4
1518,12.208608408471807,-80.938953938342,0
1519,-44.16486287796397,-64.574564528094,6
1520,-23.16834067613571,19.352447561079444,8
1521,-49.507548897939884,-64.64137397103316,6
1522,-21.529583963172318,17.773784614847575,8
1523,68.25093325968157,35.842465917152694,4
1524,13.6528102102801,85.5831471864737,7
1525,4.935591646924316,43.34388552455664,1
1526,5.143524628905299,41.78335741090091,1
1527,-76.7657814798014,21.704832474678515,2
1528,-14.40355008996688,7.9733137082754,8
1529,9.626203160694995,83.62119570907635,7
1530,57.05138481892839,29.92284577034587,4
1531,-7.998979666331002,44.441905972784106,1
1532,46.40950551832823,-24.308480044756454,5
1533,14.57958967132044,-4.870934823649632,9
1534,-77.74175665421772,1.6199924495050582,2
1535,-76.4031598695682,-2.088764151965728,2
1536,-52.550166225000154,-53.15973350976881,6
1537,-9.220611936923977,-21.810120732558595,3
1538,-48.08510451514326,-65.53402044936382,6
1539,-26.33600644070042,17.03711662740168,8
1540,-3.911113310376967,-38.843982681133504,3
1541,73.09899387657877,24.13308632097201,4
1542,15.93283613146471,70.93377610576893,7
1543,65.55555848209256,15.398703491862717,4
1544,-20.271544296135964,16.34632625775096,8
1545,19.634357508183665,-8.38655304022401,9
1546,12.089093556728546,-69.44020492339102,0
1547,72.14158620439227,25.513668446784347,4
1548,-0.517091338622967,-36.63766673386085,3
1549,19.12461057964058,-7.5176466763764855,9
1550,-46.32800278143338,-60.107416529659424,6
1551,20.716868270865263,-2.9056175377840328,9
1552,10.206602786032411,-72.39341579678802,0
1553,60.35927441321324,23.390648131179752,4
1554,56.907798703562015,25.083336212241754,4
1555,-76.1830619850635,14.20602544397031,2
1556,46.840916966628676,-21.911951014254154,5
1557,-14.930974609150734,-32.995325132443774,3
1558,-64.61545633773981,-48.64240532955624,6
1559,-18.668982997169913,-32.389630184491295,3
1560,-58.43907287536215,-54.23235163681343,6
1561,26.843181758241744,-6.34226560168708,9
1562,11.237723618081258,-73.66553523347092,0
1563,-76.85515239926346,16.10123705709215,2
1564,22.40895584965698,69.51795750187834,7
1565,12.83112000164963,-74.70147444988511,0
1566,18.174854869297373,65.32471672726803,7
1567,29.310137826804304,66.39933049558782,7
1568,8.782155619556399,74.29191874252572,7
1569,22.71066434895768,7.180378949151386,9
1570,20.20686770065954,4.063493943269456,9
1571,-12.399044113807257,6.758945627104618,8
1572,-57.73086426256256,-66.13891398789431,6
1573,-13.287282778073815,4.593126985235812,8
1574,-10.832690062614526,-37.192710463779456,3
1575,-12.528256489272358,7.1360985638511,8
1576,-13.68361432401895,-32.986953530467474,3
1577,-64.99749169695242,-49.73644053643104,6
1578,46.71991668947524,-21.98406864977213,5
1579,22.725519224099802,7.97986560253554,9
1580,50.84438918738058,30.01850466808343,4
1581,-64.2729088875105,-48.50168966547555,6
1582,16.024189156213932,68.57703237088339,7
1583,23.38642944863673,76.29078704444633,7
1584,20.515470174454766,-76.43826382670136,0
1585,52.1274635801155,30.526221940776065,4
1586,20.51645297650157,5.025280566756529,9
1587,-76.29320181798856,15.332669971760353,2
1588,-19.62176460682126,40.32315412264788,1
1589,-14.90853082227244,3.9428282256702403,8
1590,26.244567010007316,-71.44176374983496,0
1591,-25.89116317408892,42.35452408465564,1
1592,-78.11640091793426,8.307333390560036,2
1593,8.649054727636209,-71.23942396453766,0
1594,22.710494097233664,7.040803928406132,9
1595,-14.095966657540988,44.78608590125001,1
1596,27.474616495579827,69.44279432736268,7
1597,7.904113851158371,-70.61270001589195,0
1598,-21.708384672747496,45.54193881440198,1
1599,17.214711733092855,66.7240073304648,7
1600,-12.140827954924815,4.400241744498774,8
1601,-11.646202698366357,3.5890307832665265,8
1602,-20.19598368271568,44.49649733135376,1
1603,55.91540333299143,25.63618660447494,4
1604,57.267383777705284,-20.32323659653536,5
1605,26.37066425061814,-62.70603366063128,0
1606,20.400606579478968,4.895091179766357,9
1607,-16.82920173356611,41.082828136630056,1
1608,-13.597417181582871,-32.223670913675015,3
1609,-4.195243107499928,-43.5793207769764,3
1610,22.987695900135108,-77.77250578928916,0
1611,12.113357119894669,-75.0368401899049,0
1612,13.636827201419056,-67.64175489417757,0
1613,60.61178340367099,42.965703233502715,4
1614,47.430398972506296,37.19924659123467,4
1615,61.819791559680084,40.573727163138955,4
1616,-23.742707362721408,17.702293279971972,8
1617,33.00884101762693,33.51351828605073,9
1618,-9.277917877632287,-21.710808738868533,3
1619,-73.9964141551207,23.152912891452836,2
1620,23.22589384924465,57.36392793755395,7
1621,48.80676633062572,-19.41524609928653,5
1622,-29.18797837703058,46.99968184792886,1
1623,19.360671372134917,56.47703683006583,7
1624,16.956706465422045,-78.20371283025365,0
1625,-3.531208846023521,-38.19365996660413,3
1626,0.05618439657075357,38.55027089801533,1
1627,69.15648771096473,-31.40674492627199,5
1628,48.33535110166228,35.288007704103705,4
1629,-19.552727260608293,3.985424131481831,8
1630,-55.79135972980473,-41.742928116639206,6
1631,-18.94672491384796,52.00008345776111,1
1632,25.44592189012479,27.663651342834907,9
1633,-72.3438091791077,-0.9484689843218185,2
1634,58.35445208916671,-24.350908762773866,5
1635,-10.460976104792444,-30.83916181828226,3
1636,-73.89374798116367,13.363166266089602,2
1637,11.22796795683938,-60.44639574696844,0
1638,-16.297729581621276,43.20101011915216,1
1639,-1.0064333318551792,-27.61789425143429,3
1640,29.867673946515556,22.98709984637549,9
1641,10.345439888545517,35.72448377087565,1
1642,-79.21938834393929,17.955957892307474,2
1643,30.318503273232487,31.04142708926097,9
1644,29.301013985207454,34.276950171977404,9
1645,-64.28350102913286,-38.600746642536784,6
1646,-20.649555354995588,35.36374299506367,1
1647,56.50288629857598,43.44348088049823,4
1648,13.287021752023476,-70.71371069589603,0
1649,48.57010619141497,38.580877307708235,4
1650,21.783909715110568,57.4986976051951,7
1651,-26.42712065898182,13.076374715633577,8
1652,53.46280953672562,42.35557851431082,4
1653,31.19345332707785,57.33455761172226,7
1654,0.1366426119008615,-30.4025867775518,3
1655,25.39655706274624,27.576925539137637,9
1656,55.401288333529465,-34.38522289839211,5
1657,21.639317784181397,57.45228202127711,7
1658,-63.86029468661399,-47.9549587065668,6
1659,57.22761928590274,-24.48706262608689,5
1660,7.172427998450124,84.96436831294663,4
1661,6.612159035480405,31.647719558888245,1
1662,52.76861783910274,-24.360185648413722,5
1663,-29.15776744387588,14.381511137791529,8
1664,-4.586241980415063,-36.722395586810656,3
1665,55.74695488133303,-21.55911568447683,5
1666,29.536130401966787,24.27618476816245,9
1667,29.879497114581532,29.101853291231535,9
1668,17.45210006418454,-84.66303045779155,0
1669,-70.63748591254017,6.390179482332495,2
1670,56.66960268496204,43.587386646952346,4
1671,-37.2888731305108,22.33582893085091,8
1672,-58.16550819611438,-64.75361213330002,6
1673,-60.01735239807879,-49.845468538185365,6
1674,17.011732596406873,-83.63251597540619,0
1675,50.11183921632204,-30.937334872563827,5
1676,-55.716723665130914,-57.201709001400346,6
1677,-36.204186862763095,32.13093779465992,8
1678,-24.582284903326194,0.5593790479372391,8
1679,-79.66683895545188,-1.6664733615374443,2
1680,52.750822237868036,40.45487833008432,4
1681,-66.90612960134592,-42.73671201106264,6
1682,58.003171313298424,36.89959753494603,4
1683,21.850662321678747,74.16053215560694,7
1684,26.184877314859833,-15.695606307696416,9
1685,21.830566318912545,-71.1779546829907,0
1686,-66.11623769883916,17.2478321902346,2
1687,-36.113538162767,34.06048375158087,8
1688,24.676688152817967,-14.230819448844759,9
1689,58.203001053369036,19.309426510645274,0
1690,24.36892587031501,1.3139461571195095,9
1691,-0.7484989618568927,34.02177626181783,1
1692,69.49179879523729,-24.13749124436914,5
1693,27.330219603534164,-14.326702930345743,9
1694,-59.3412979606646,-40.73213284298299,6
1695,32.24573128833515,-73.75174403613356,0
1696,9.17121013576496,31.477849935743404,1
1697,25.586515783011833,-13.375749831749188,9
1698,-11.17051515290534,-15.927269566175259,3
1699,-56.813316184807036,-38.70226815925429,6
1700,-25.543269939823347,-27.942964178131575,3
1701,-18.043420652470928,-16.88639932265661,3
1702,-65.64839091140928,2.3024382699425114,2
1703,-35.967640146948064,34.10926334403502,8
1704,-27.506858145385117,52.69631172881574,1
1705,27.249712669033247,-15.754449866972799,9
1706,-58.193005021732134,-39.8030225063596,6
1707,9.959732374237227,-24.706522886841316,3
1708,-1.5702439437078566,45.56595102421848,6
1709,19.64307885524504,69.68472161853018,7
1710,-33.32521983877538,31.638957983066526,8
1711,-67.44853589088507,-42.442148929200705,6
1712,-66.30548012126941,-43.403344599411476,6
1713,-71.98507141427375,17.44555918746465,2
1714,28.63081298577214,-11.525972089135955,9
1715,18.142700128877202,-75.28925727617748,0
1716,-76.72892316821621,18.120639516190078,2
1717,-23.737533636309493,-27.364322171371747,3
1718,17.91672391772305,-75.139880318287,0
1719,-15.6262173961181,-38.33367053074679,3
1720,-23.785286395370125,36.258816622482,1
1721,74.26148103143252,-26.290712871115417,5
1722,19.347153684833312,14.292967411975841,9
1723,74.5494836960039,-27.22906322766395,5
1724,33.75111212288552,71.97227489237339,7
1725,-71.8839455394721,19.575991162355365,2
1726,-56.98761761524716,-38.713938846940344,6
1727,28.42267776805387,64.35339224059732,7
1728,50.93196096781627,41.775697013120684,4
1729,-32.31996172536381,50.119787538165866,6
1730,-9.400848014879958,-17.193054431851667,3
1731,-67.04845813890803,14.59428660270529,2
1732,-22.351421026959986,-29.458496010163906,3
1733,6.21925050850552,75.7979004228645,7
1734,26.769564244441586,65.44038686996652,7
1735,51.97448544832527,40.85222931722782,4
1736,-25.595248130868008,51.21432421727485,1
1737,-11.836581161094621,-18.96177792720291,3
1738,20.722827248487867,-64.84374132726242,0
1739,25.730297546173876,-15.8029517522823,9
1740,-60.65370178475765,-41.027512071280015,6
1741,-38.00261480145626,24.320464763248257,8
1742,14.266222722689937,74.31856949403418,7
1743,-73.35085923625203,24.263182175370297,2
1744,69.89767769716642,-26.93944633722623,5
1745,5.3735355467462425,-67.07263906836157,0
1746,-70.64046747949229,11.936273221993392,2
1747,-20.5692685433267,37.92211669202008,1
1748,-19.72235733558155,36.079505874252476,1
1749,-71.09694740987246,23.415223685414478,2
1750,17.75334666503884,-6.456947906365517,9
1751,-27.408382874803255,43.6485867271418,1
1752,26.08638257802446,-3.3795940119837544,9
1753,64.55673844073681,26.29407395536319,4
1754,-67.01515545488675,20.329820260644784,2
1755,-26.37440776992272,-28.86336307198405,3
1756,58.811067633713925,32.31740684217502,4
1757,56.851488338186954,36.21354251158885,4
1758,24.05968868109938,-63.72067278406942,0
1759,25.596063954342462,-60.382173023595854,0
1760,-62.84440459942462,-59.636238479318344,6
1761,28.63312253092915,-63.28257002103709,0
1762,-32.59286167297772,25.99409708275937,8
1763,-66.01174037320928,21.610021677568334,2
1764,76.02656765439967,30.628240750972633,4
1765,58.93618181449819,34.02829027473841,4
1766,53.14155493224489,39.50894076629024,4
1767,71.65771528605208,-25.23834553748705,5
1768,-57.639115535226296,-41.056516118807956,6
1769,-66.25830821372695,18.44672124685883,2
1770,11.48167602354581,-78.42817512100238,0
1771,57.28519780995463,33.41779112241984,4
1772,-61.52521433845574,-65.71432021800953,6
1773,-14.780363094862977,-16.617555368373907,3
1774,12.679170083337743,-75.5854529169141,0
1775,-9.096244176771902,-35.61561237649117,3
1776,3.8574139458699594,-81.66157852503368,0
1777,8.99197600805759,71.57615680054661,7
1778,47.54157651434312,-8.474748374229735,5
1779,29.72072674519179,-1.1601799421100674,9
1780,-18.724377615480236,-40.88628586705219,3
1781,-61.58142130815199,16.998771758577554,2
1782,-2.408944392787017,-39.10365669722381,3
1783,-11.545480311007646,-28.725616181281787,3
1784,18.237185645603923,63.74168890010094,7
1785,17.106918591716394,-59.742176679064734,0
1786,-21.794988924403274,-25.870504843288078,3
1787,-23.5852214366639,23.4201806689097,8
1788,-17.27975913645322,-31.016133197545702,3
1789,-36.38546084676618,32.048342588066504,8
1790,-65.70618783203872,18.997804606331897,2
1791,-55.11579163979871,-61.57621585169527,6
1792,-20.746209712608422,41.40201367675256,8
1793,-11.966548902421076,42.66280193763382,1
1794,-6.877727366490268,-30.09598131988396,3
1795,-11.425646084358759,-34.84241333760095,3
1796,16.4328510507895,-3.6198761658530714,9
1797,9.399320476734355,84.63935600229675,7
1798,6.681492479916617,-18.68470233798525,9
1799,-14.871808182632627,-31.092241010294742,3
1800,59.83157037544938,-35.35310723789275,5
1801,-15.765361686154709,-31.377381439869197,3
1802,25.905620235117645,-7.158506087853912,9
1803,7.865331334704595,84.4179829580956,7
1804,62.6741593258845,35.07846449920634,4
1805,28.320892722049294,-72.03221370539282,0
1806,-16.767344023087563,-30.76474732505595,3
1807,48.1391397492255,-8.061507234059063,5
1808,25.30206292015064,25.86830560337021,9
1809,23.436705789590555,-69.04963493969096,0
1810,-22.602457464563003,35.525205992213316,8
1811,64.65567605348741,36.8781904945401,4
1812,-27.68396931639055,15.592104271807848,8
1813,-28.075630436576315,43.31581532284615,1
1814,-64.17225555470843,21.45245693587531,2
1815,-15.287101950420245,18.47305473353394,8
1816,14.303508602692204,-59.325163462255034,0
1817,-14.171746843536498,-32.103414366125435,3
1818,7.126625578305188,71.39176103992723,7
1819,-56.05234385776821,-57.253702453712656,6
1820,-17.317421770123456,-17.337450793151827,3
1821,23.567008827329374,26.72026154098504,9
1822,-22.483583533397713,33.73828028820015,8
1823,69.87053450556375,-30.108234826067164,5
1824,59.43302894842577,-32.27465293767688,5
1825,-24.741048707754302,17.183344570161836,8
1826,-60.53147568746929,-69.4941776341596,6
1827,25.54494603375033,26.54259094275376,9
1828,-60.618852425960085,-69.46912341844437,6
1829,65.5550483642172,15.810732366977819,4
1830,48.18636101246304,-8.069363567400737,5
1831,25.131387314178774,26.883520267724546,9
1832,-12.522310386133709,-36.01722165831983,3
1833,50.52845367137263,-20.030531948669736,5
1834,-32.048725624464375,25.939928133956904,8
1835,26.282589825595316,24.264800758296555,9
1836,69.10170596470738,-26.51501727506859,5
1837,14.022774019330935,-75.50611943399687,0
1838,6.158079877533611,85.7192293268587,7
1839,-68.86741718422083,22.45240426771295,2
1840,-31.153519089807062,48.85559917736332,1
1841,31.113967329835763,77.86673933961886,7
1842,-29.005777486278422,50.04831084566429,1
1843,-14.129460404141241,-18.792529564539514,3
1844,-22.253584589834773,13.512165817053251,8
1845,-63.264664878901115,-63.94315271682171,6
1846,-68.0313447454113,18.979841656613072,2
1847,59.67593062237351,-32.757295374184366,5
1848,-12.116478730063458,-34.56816723412241,3
1849,13.416620987019524,-60.85634646350326,0
1850,11.38836653029418,83.70243344349245,7
1851,25.33318229413578,24.632260371525902,9
1852,-63.096062119006376,-62.90569193094026,6
1853,-65.6375311071067,19.15256518747278,2
1854,-19.107802015943687,41.916158498995486,1
1855,-50.872418153150456,-64.95627498234906,6
1856,28.65641591903117,77.89736580241961,7
1857,61.01852642540221,28.23982669567572,4
1858,-9.340599845163556,18.805761020999658,8
1859,-20.212660811358774,-35.146520889513994,3
1860,-16.04950918332834,46.94883614574304,1
1861,-14.242654804013133,42.22981009032838,1
1862,47.18063061924273,35.66671640231898,4
1863,22.565943602698894,8.450583074241964,9
1864,27.430890760344685,-64.59457348088345,0
1865,-63.57055970030794,-62.971448062050094,6
1866,-73.94137696944449,26.97573447363144,2
1867,-27.02062227718058,50.52569027341383,1
1868,-27.11424740628739,50.337770820641104,1
1869,-7.98225497042273,-22.496069148139277,3
1870,19.031580670674476,66.82412932596527,7
1871,25.013489545217535,67.5049384352597,7
1872,-40.81897411211013,24.376968380115667,8
1873,23.6056849804922,-12.585823377386697,9
1874,-74.23896212445388,-0.6677659207978427,2
1875,4.810030777380031,46.41312040857272,1
1876,-70.0206391497491,5.478687367646547,2
1877,-72.53603698976983,-5.305927241157309,2
1878,16.341322834325798,-11.712387819891731,9
1879,1.5397263127599672,-34.75344677632651,3
1880,-64.09089742896685,-62.91553690910146,6
1881,15.207151083640959,-67.02927292314648,0
1882,-72.08110070840715,-9.461614375434628,2
1883,-63.86952543095383,-62.153222055815164,6
1884,3.319620239561917,42.895253594849464,1
1885,15.003126867776043,82.59024145804901,7
1886,-71.33488755120202,-4.3073433672689365,2
1887,26.47028473296779,67.31429248953549,7
1888,-10.966009162792059,-41.78485858167696,3
1889,-36.45913603142164,25.81962561205396,8
1890,23.386894108540993,-19.813080720117636,9
1891,-55.874952604058045,-68.55273611906723,6
1892,-65.08819739619243,-57.30660147519625,6
1893,4.8788578402823335,47.285432565132346,1
1894,32.70523565496923,66.15757585685897,7
1895,31.688294872660126,63.291108795786215,7
1896,48.5359141803455,-17.06212646234773,5
1897,-55.69164042192791,-68.70454898158901,6
1898,-21.577689972358648,38.217543473863486,1
1899,-71.58506254785281,3.141713336195603,2
1900,33.109532942016955,67.68677895544016,7
1901,-72.86413457568362,-4.364316600152747,2
1902,58.80145981949986,-20.498549105684674,5
1903,67.17264871317367,32.661078397704124,4
1904,-38.97020025369662,25.923208012373962,8
1905,8.956162144043436,-68.19672406907499,0
1906,-72.0153168969619,-9.84558465665124,2
1907,9.50497442479369,-81.28435648748324,0
1908,-23.197148294109475,24.14733339681218,8
1909,-82.18917966524099,14.176550520997244,2
1910,-40.68086027094937,24.408598189373222,8
1911,8.835786389020711,83.75580200242462,7
1912,54.51395595080507,-27.301143954095153,5
1913,-61.17035537224002,-62.4530023421782,6
1914,2.2109450389241694,-33.79580290318916,3
1915,13.99687261764167,-12.179259691226575,9
1916,66.43207601846727,32.95055944967811,4
1917,-10.760049920958766,42.212099105644576,1
1918,-61.331611708897206,-63.65283390146748,6
1919,-7.978693794510641,-32.642878464351796,3
1920,-26.76281717374399,51.91822506269416,1
1921,61.50884067363034,-30.919790560224445,5
1922,9.364260341408764,-69.10171150757634,0
1923,10.965932412191021,-7.46664046171436,9
1924,59.35614943563666,-19.916552818505952,5
1925,-74.21692776194574,-1.01453979336831,2
1926,7.8650148890170835,-8.520224338864637,9
1927,-23.889453252572622,45.424770967239404,1
1928,61.912635184181724,-18.703992895409673,5
1929,17.622831384828853,-86.28053962703898,0
1930,47.572285295765504,-17.948441682421173,5
1931,22.978467900432168,71.66800840010197,7
1932,9.813776340877583,-81.58480708312061,0
1933,-38.03847776517096,30.72523392363247,8
1934,39.674552047411616,-19.554980615716275,5
1935,-47.47907391724309,-51.05866584178626,6
1936,-28.064720571340228,46.17035366000659,1
1937,-1.6022165965397803,41.97735373077046,1
1938,-2.4847274821083376,-24.709258446705157,3
1939,-3.33470983826139,-23.98729857856911,3
1940,38.49861135174089,25.76538003698102,4
1941,-52.21686846575188,-49.734463686173584,6
1942,47.4954951307952,29.601095277847534,4
1943,32.483655790247276,25.699121977662706,9
1944,14.026639487591908,-82.8360237761309,0
1945,-14.23512615019038,3.743876977055955,8
1946,-4.062991919970979,-28.42376990519758,3
1947,30.27511736029494,67.55440768044457,7
1948,28.32199891484605,-71.48473638849079,0
1949,-53.10541362817378,-48.264013160858866,6
1950,47.49509022407832,-29.32398373018258,5
1951,16.565908724409994,-71.95504282340568,0
1952,12.083466738600926,-76.80285973187122,0
1953,27.15594627109945,63.615514524655694,7
1954,19.25584405436254,63.07268816429063,7
1955,45.415426552968675,-14.947488559255563,5
1956,35.94752869015458,22.37455127817563,9
1957,-28.57644996863399,46.45168283336128,1
1958,33.34186083867931,26.456804860101105,4
1959,-73.57550357971724,7.793600583032993,2
1960,26.79790402936945,63.34029890876631,7
1961,-79.0581760363846,1.8801058887304627,2
1962,-18.636121492552817,-35.86452722771121,3
1963,34.000048671237586,23.818897136814805,9
1964,-11.748485906201147,0.347979137048092,8
1965,45.06852838372236,-16.510721235138668,5
1966,71.17882094978972,28.11340429324347,4
1967,-12.010597400904691,12.989661926387903,8
1968,-74.75537547280413,3.90947371398431,2
1969,-4.082732842703059,38.96575736242381,1
1970,25.746218814306374,-76.15995510217144,0
1971,70.8248204470219,22.921108734996448,4
1972,-76.13597772537862,2.659576243520004,2
1973,33.88896116426364,32.191933933050194,9
1974,58.56954366169613,-18.367418138635177,5
1975,-74.35187470710505,3.63891599967619,2
1976,65.71671653691973,27.100872546315866,4
1977,46.60986532492027,-19.80631323330533,5
1978,33.38120307480794,35.96526082362828,9
1979,-14.941708913787545,14.394374281059672,8
1980,-13.719075133299672,15.72346304886744,8
1981,-14.822375209495945,13.499153411457776,8
1982,49.20069526810826,-28.166565823332398,5
1983,31.459311260230013,34.298505556374884,9
1984,-5.556803961070878,37.78232194483398,1
1985,13.008827139292313,-73.37174623763964,0
1986,-76.41889992436484,9.888142513289338,2
1987,-45.11171473084131,-55.64564091613321,6
1988,16.32392039530268,69.68291043376533,7
1989,30.9121963941733,32.05434044305761,9
1990,20.749511703303735,72.62372239448486,7
1991,-50.0377605938849,-60.38157303991125,6
1992,0.5792639309677219,35.98326316421212,1
1993,-70.67044769245473,-0.22598123471585754,2
1994,31.408423596100366,67.14717655997696,7
1995,63.991560172784034,-26.109842709554744,5
1996,-43.169356399943254,-60.11604885572101,6
1997,17.68612687777366,-79.30640501843719,0
1998,-21.0658318434209,38.07786637504961,1
1999,22.080044766580517,82.40616187325776,7
2000,48.97163348292219,-27.58446565216145,5
2001,-27.369442542075458,3.223405203644858,8
2002,-15.953211864871045,43.2243020300994,1
2003,1.8301402960349653,-71.07973307931846,0
2004,26.2177005619641,71.96315444147396,7
2005,19.367158546824175,-10.920868648958695,9
2006,69.82898812165541,31.800697517277936,4
2007,-13.413147639630827,-43.892818051697375,3
2008,-24.52061524088404,43.16842145610901,1
2009,-16.57825478150517,-24.66108793946853,3
2010,62.528840677300074,-28.647158536329677,5
2011,3.7325196204015065,-70.24005910736035,0
2012,-11.589859646254613,-25.938635036418468,3
2013,72.32649295752638,30.745631623784128,4
2014,-78.88946534109603,-0.3674517976948341,2
2015,-58.220085148878205,-40.650925704974426,6
2016,24.413860125196,83.7582258413429,7
2017,-59.4731596967337,-54.00478588341376,6
2018,52.57334511609049,-29.823509741484123,5
2019,24.673377342210987,-74.41390906800504,0
2020,4.312173787266786,-69.22081444337155,0
2021,-52.58629191698289,-50.95703058496104,6
2022,-20.908145826505976,21.376292653433357,8
2023,49.581158780365016,-19.983705282291293,5
2024,61.52823511478403,-31.109621790617375,5
2025,14.654714961800705,79.95427906629145,7
2026,-7.30482468409117,-32.91522243080683,3
2027,22.560836773633714,-5.941110475268813,9
2028,15.560798763095741,-85.11483299670027,0
2029,16.78343181618725,84.97107638597886,7
2030,-62.23926226609037,-63.104573479240614,6
2031,76.32589456649814,22.01058662022847,4
2032,-64.97646474271241,-49.81949762380307,6
2033,18.657355520101277,-78.20328080785579,0
2034,-18.366857502641466,4.709477668827882,8
2035,73.58120137495037,28.843304852875377,4
2036,-62.60932317723834,-46.9774476236849,6
2037,14.531001018134122,-79.06968090396373,0
2038,-60.682870323598415,-62.31864802022889,6
2039,71.52766256805606,26.23165431847563,4
2040,-59.16835331834835,14.486149662587536,2
2041,75.94183539720963,19.971111910497214,4
2042,31.801146824701497,30.370830074044445,9
2043,-17.54277326365414,4.606873501516012,8
2044,8.874463775768842,39.81850445702246,1
2045,-37.38750672573789,21.75520285468341,8
2046,-73.50892755041977,19.971054122073895,2
2047,58.93453173480468,-18.005832180644436,5
2048,16.488857394285123,-77.51434140043472,0
2049,-66.48776771506746,12.086858574745051,2
2050,-15.500407161428663,-35.20594819262648,3
2051,-11.969655224431383,-17.251990690871782,3
2052,3.349890590228005,33.37827625268681,1
2053,-74.65522663293697,24.385995883865775,2
2054,35.814993528626566,25.02524175878367,9
2055,16.45186681723015,-77.85393167340627,0
2056,32.16081939247038,23.185684561249044,9
2057,-67.53795222615982,24.737092359988306,2
2058,47.946845092192724,-21.288656242061116,5
2059,-75.0034032159407,26.294002805009836,2
2060,8.588900169569095,42.16621093432618,1
2061,-65.06422801612602,-50.2835297464409,6
2062,66.29171026372146,-32.107453520929816,5
2063,28.65340114770555,34.32638326711268,9
2064,-11.809105493618643,43.73182355050586,1
2065,28.132687113320916,-69.42380799808718,0
2066,4.531570680949179,30.970351529364542,1
2067,-41.25368731614692,-35.859106959314154,8
2068,23.602485113875574,78.62908734362217,7
2069,14.503663883284771,82.44629713374633,7
2070,65.41060053631702,-29.815304961069742,5
2071,-25.293367002069996,-18.529302246137487,3
2072,-60.28068046457178,17.68910383348427,2
2073,56.933133696073945,35.68973340345845,4
2074,9.93399871253706,77.7809725663731,7
2075,-63.49447925971784,4.6815609923644805,2
2076,-61.11936431596009,1.4519328487115284,2
2077,11.583591477893489,30.878784126971716,3
2078,-36.08339501360602,28.80435310027815,8
2079,-17.26581057653164,53.34206813067946,1
2080,-53.0230727650852,-41.460874084647536,6
2081,-13.574152068032376,44.31781896806867,1
2082,54.97938398724157,36.62206628732252,4
2083,-57.26048750452285,7.604070551654259,2
2084,25.11406608666934,25.889164643289373,9
2085,51.759802513577796,37.00375309134248,4
2086,-17.848147263995585,-23.066263028560464,3
2087,11.408762081342665,35.116188521287725,1
2088,-25.88931227765825,54.903416826195205,1
2089,65.96216887627396,-31.75350070010897,5
2090,25.14701084434822,66.69890671765899,7
2091,25.9788351312885,65.6269194471074,7
2092,-63.15109057431821,-44.12775773390697,6
2093,-34.50245416012068,25.864531562444462,8
2094,-24.611915622186135,-17.53484249735839,3
2095,-61.18786699155545,12.537864741285995,2
2096,29.16350976910358,67.84532395368613,7
2097,27.13737227661939,-72.71973650779756,0
2098,71.87112285748537,29.69468417492036,4
2099,18.055415917909155,14.73781296123811,9
2100,35.268238475969184,70.36454649128675,7
2101,18.87203352552164,10.980260481897284,9
2102,18.192223859796098,13.76786412863415,9
2103,14.656003851523138,-70.71419708004257,0
2104,29.671800058247577,-74.46589937244836,0
2105,73.61930424548102,-21.693307024892718,5
2106,14.239887622995937,-57.93725655049877,0
2107,-22.66128233379828,-18.72837818136617,3
2108,16.649339900440953,14.2083082457316,9
2109,30.64459856337234,66.13724972135797,7
2110,-30.948794941100257,32.109137250196355,8
2111,-42.88564793966453,-59.92653338439922,6
2112,-22.046886621505124,-18.243721077338023,3
2113,-12.128357431142378,-18.125870057128978,3
2114,-64.061965357824,-44.52530243920083,6
2115,-60.78202943955379,-43.6999216795154,6
2116,70.68250394421662,-18.449986251970575,5
2117,-61.24495652166297,14.943741396717012,2
2118,19.738392296893952,-65.87812942831064,0
2119,71.76984592081774,-18.268360559482478,5
2120,-21.532102777188236,51.12816633185122,1
2121,70.78731400468527,29.085222649929424,4
2122,21.37862866416037,-72.47340731067156,0
2123,16.357254096944704,84.30637284758276,7
2124,5.372510902078229,39.38745265516868,1
2125,-29.735213644333054,11.120733758783336,8
2126,-3.2141239851798513,39.99241632213807,1
2127,-10.05290424697415,13.86351172561911,8
2128,42.464665391544955,-19.876163932973252,5
2129,-32.13280671611612,9.85126208135076,8
2130,-64.93249034180812,-59.93950912171465,6
2131,-78.98042669865366,24.01351305238308,2
2132,19.393303873107534,79.11151485688859,7
2133,-16.343770178706915,14.58124496292098,8
2134,62.09476337134289,40.67121744946529,4
2135,69.04041266610551,38.84705679863905,4
2136,22.46817105404546,-69.8615789013975,0
2137,-1.6718354288089945,41.84756469102783,1
2138,6.1444030769487465,36.28444539699043,1
2139,53.44609335720092,-33.95225767952217,5
2140,-61.938999717245025,-64.50204317820332,6
2141,-74.77175683421937,14.298676981233514,2
2142,-17.02762607390757,18.20563079648848,8
2143,-7.33348668444128,-40.69891157647135,3
2144,-9.400065759677169,-40.173538920244006,3
2145,30.375344750462837,-63.0883128707432,0
2146,-4.747172094998342,-39.12613449286804,3
2147,-63.340621458799546,-65.18657749991972,6
2148,65.42637023127081,42.31184285685843,4
2149,72.50753970673621,30.4008329496036,4
2150,-3.5315726716770146,-31.188908735859876,3
2151,-62.21951152650751,-66.33281786343078,6
2152,67.4893989059087,39.39623717004112,4
2153,13.16444027070873,73.69548341324246,7
2154,-54.817801736177934,-69.11242563834062,6
2155,-68.6523153709978,3.775759702207079,2
2156,-21.464502686968608,-0.9426911199167949,8
2157,-15.110467522676007,-43.64680468951616,3
2158,-53.36668683856784,45.68121882475925,1
2159,-53.716542315043256,46.01378964376806,1
2160,60.0971164334258,28.399701350554107,4
2161,-76.9391690026999,23.13727473973562,2
2162,-2.8050477941562004,35.45362075490656,1
2163,25.171412531819055,-1.0082124714430971,9
2164,14.41274610633442,-5.493003124282244,9
2165,25.176105529359326,-83.19046671423006,0
2166,-77.00022650181918,20.521188207466235,2
2167,34.6381320934201,69.05142349022182,7
2168,54.231994886962454,-27.573721563409183,5
2169,59.62202096239462,27.47697608709613,4
2170,-13.985724562257419,-41.58783125642886,3
2171,11.820639698473178,-88.51988278723313,0
2172,-25.20913967761667,7.730334307694547,8
2173,54.04446444341185,-35.469609848679966,5
2174,9.695406199385827,-89.05324457113785,0
2175,-33.40689674061741,3.336416271152353,8
2176,58.85065954958596,28.022962230223666,4
2177,-68.96514857538875,7.937982072683915,2
2178,40.41678681691757,-22.796890456940005,5
2179,-79.13739121990596,23.882577227565974,2
2180,-15.461068915242578,-42.01264125673089,3
2181,57.29618220828447,24.452162391411356,4
2182,25.472328603888418,80.32195027504541,7
2183,56.18072235910776,-24.28278707151201,5
2184,-52.7901472935422,47.53152439245194,1
2185,-21.486512539008494,-0.9370941734082207,8
2186,-82.18305187913283,14.705484539498324,2
2187,7.129951798771017,36.647085624398166,1
2188,24.162477368264515,68.91137469379044,7
2189,-71.24512177849392,-0.748637571545008,2
2190,12.528603757574404,-79.06549905477367,0
2191,9.799762736987995,-79.42134797909989,0
2192,9.399555438901608,32.78650321338874,1
2193,-73.31090631006523,4.73235222457284,2
2194,77.05844317866966,22.976558448597217,4
2195,9.92610652321422,-77.31758623239327,0
2196,22.75663755417884,-80.67899086956353,0
2197,-16.77129660312235,6.587201390354267,8
2198,19.982684540930485,-2.4061810521442593,9
2199,79.67026803800404,29.434642053869766,4
2200,-46.62841250287056,-53.89642026285205,6
2201,9.559507732202531,-72.28158804170731,0
2202,80.20449104082299,28.99964009438951,4
2203,17.3325007119078,65.17861976807166,7
2204,-9.662630047059222,-25.032898474187714,3
2205,28.314187934284863,75.1323488285514,7
2206,77.42255542887564,19.50796534910502,4
2207,80.07091649721546,29.45275155280293,4
2208,28.786617926909955,71.54643781106579,7
2209,-19.331761288599957,10.978901128310332,8
2210,-77.39181016227792,5.244714112648972,2
2211,0.6830619851253039,34.64269259407832,1
2212,8.776548419635732,38.16714635897841,1
2213,35.05000615187794,-24.04071178409763,5
2214,-9.5300098474546,-37.875602723072895,3
2215,-8.73443155298154,-26.697979262127557,3
2216,-13.941823319528694,8.878488935418664,8
2217,-9.606049485293624,-27.217048794695557,3
2218,-11.38818915950062,12.234396834600842,8
2219,32.522307830070794,-21.573254192412016,5
2220,-25.059064563870656,7.318979054878648,8
2221,-57.60387124264917,15.132010771189012,2
2222,23.524915619328,-4.197557700232271,9
2223,9.162173416312948,-82.20487254196601,0
2224,-3.8558952232501675,-21.827513155741162,3
2225,31.882980195035298,-22.237598986911404,5
2226,28.026025249591765,-65.97539986844404,0
2227,62.27780974652615,12.922069672506943,4
2228,-28.60282806859814,16.24933746988738,8
2229,17.231462605010933,-6.544995155786059,9
2230,-70.50984985761197,17.312038436563636,2
2231,-59.76157882622756,45.3684011836028,1
2232,-43.85630306665509,-50.439290243147994,6
2233,-23.926248314522063,11.049661923869865,8
2234,29.9915386449028,-22.068474200982394,5
2235,57.43293602466925,32.18064612012264,4
2236,23.95903406510838,66.21962400656975,7
2237,-59.231685509197554,45.31849952430555,1
2238,-76.1090880034277,13.383750750239674,2
2239,29.14202677219584,-19.971968790443547,5
2240,17.90822764454181,-13.646144743382433,9
2241,32.42107499023237,-21.44482357059788,5
2242,-58.75864459400396,48.16861423098357,1
2243,-44.27406017361881,-51.67283998553613,6
2244,-29.980979415838828,14.353446792467963,8
2245,-21.19633840040198,-20.855048589808607,3
2246,-10.998432955047567,-40.792574708646484,3
2247,-31.634556799231067,14.779604254427484,8
2248,65.91781763603146,19.787414958166018,4
2249,21.45140207853356,-14.184883434882451,9
2250,32.20427319895221,-22.90601068396134,5
2251,-57.78682925504818,-44.17690177624399,6
2252,-78.57203623681049,2.978306211533742,2
2253,10.885279008732573,0.9097393354194712,9
2254,-76.1605699347446,21.55891869749385,2
2255,-77.04767837237273,-6.615762385234534,2
2256,-14.125345507092932,42.59267421819458,1
2257,6.287825375657697,-75.90569825463653,0
2258,26.20558165179685,-64.9458214266068,0
2259,-4.255587094941625,-18.69371734383147,3
2260,26.58696846940141,68.99730841841668,7
2261,58.1039759398071,40.2379782174168,4
2262,-80.39052873100641,5.512135861867551,2
2263,-55.413799658195174,-45.080336079774305,6
2264,-1.5967723838838834,-27.252248891847834,3
2265,-25.098803166078433,45.34040943145993,1
2266,55.86227184299754,43.35336258168757,4
2267,60.02680309952763,-26.018520912424698,5
2268,-57.07057906642411,-44.04579825696868,6
2269,-7.886152038132744,6.236576855540587,8
2270,-34.153841126680206,48.73830857432881,1
2271,-6.275407980799935,-40.760740944280975,3
2272,-82.02920626539031,1.0458122058902106,2
2273,-7.3832261082497475,6.694197439787381,8
2274,18.167803715521618,66.32686154580064,7
2275,65.76094750722825,-23.555219531193536,5
2276,69.34573492871543,37.961903325448944,4
2277,-24.930742595457826,45.171543327851026,1
2278,58.96488181879594,21.719597881098306,4
2279,-2.6698142470750086,-19.632762745866565,3
2280,70.2999129781174,22.87330982223465,4
2281,19.414048736108885,63.1697301162893,7
2282,-27.489805165542936,28.15464853409979,8
2283,62.11703292806955,-23.950420386990025,5
2284,21.891437437862933,-0.8984396925166356,9
2285,-75.21842373012169,10.642807087347204,2
2286,-33.44767387146673,20.444799754599497,8
2287,23.4507302026049,-70.88705375428542,0
2288,-32.536562730005826,20.236047886657122,8
2289,54.73704088731551,37.973279396435835,4
2290,60.281803976652554,44.68879740121702,4
2291,20.818604590692736,-77.23891004999594,0
2292,53.55232232149126,-24.06147442131999,5
2293,-34.2671681362736,20.655395853668068,8
2294,-6.835814050098952,-22.415171049219396,3
2295,18.65327763709262,-14.11418641316678,9
2296,52.61592995978422,41.5784989185481,4
2297,61.94249708179184,30.305692099552186,4
2298,-68.9630063789186,-5.011299813367358,2
2299,24.045017864184572,-2.9470595975917573,9
2300,19.556468599254647,0.9457800095133084,9
2301,60.553607128284234,36.25126764181103,4
2302,2.8787121798217803,78.5620641005179,7
2303,-33.169560420914515,10.609139390078449,8
2304,2.3759486975492687,81.42071561678358,7
2305,-32.4012587088621,20.19613605180105,8
2306,16.82193304184051,-83.39518057843195,0
2307,-20.661711696431986,53.3926022714718,1
2308,31.500167909570607,-75.07412399897733,0
2309,-0.5170256056294809,32.557729834022126,1
2310,-58.062824732048945,-47.132982867551895,6
2311,62.12603937194866,41.289503277692,4
2312,3.044354501526216,79.21686329406838,7
2313,20.23406989090903,-19.03627392415888,9
2314,-33.372110829509595,19.495353542456794,8
2315,-73.31488344685347,7.650326929977415,2
2316,-47.01151202863518,-49.586432823364156,6
2317,-14.287983603779207,44.28807620016038,1
2318,-73.28331458397561,7.382052174427001,2
2319,-70.56159215150579,-5.492330622345033,2
2320,21.671970623786954,67.51182370231004,7
2321,9.696598886400912,-6.132930789312029,9
2322,9.794086829603213,-9.01066494464313,9
2323,31.322017445943256,64.18555733866269,7
2324,6.6848330647166225,-5.922063063417934,9
2325,9.87922370222916,-88.87758373889983,0
2326,30.955392822510852,64.73194786337828,7
2327,75.75171393761605,22.282705401332727,4
2328,31.77276503355175,64.6942089269031,7
2329,8.735490103898089,-7.600685414809102,9
2330,42.19624103637883,-25.611472568823373,5
2331,11.657724192184595,-83.10742927571621,0
2332,-30.716929223752942,-59.87462029855529,4
2333,-22.183817352334575,40.56231412295472,1
2334,9.35926826570931,-8.263456005232236,9
2335,38.284565288325226,-26.400128433433856,5
2336,-15.19180012876054,11.255598510648712,8
2337,19.469133132955424,71.4803126357513,7
2338,2.4144302454666215,-23.539120257078352,3
2339,25.412721904799966,-3.068579917443942,9
2340,10.244953715981481,-86.52225926220231,0
2341,31.64054192895511,64.52659631681146,7
2342,12.792462244010059,-9.159052209216775,9
2343,-13.72176613703767,12.534937240315777,8
2344,17.968518310005063,-85.66306907649424,0
2345,-74.61536377477178,6.926357071232079,2
2346,-22.494655927337742,10.938932794159554,8
2347,-13.034455552911181,40.273049866960264,1
2348,-16.486049790677907,44.04946505015396,1
2349,23.548324522723263,-7.764821084803039,9
2350,18.04239565030312,-70.48853392766591,0
2351,-13.75402269197928,43.13647652389585,1
2352,-12.33064276126734,40.16160524612898,1
2353,-23.47717399757761,-17.024469308178304,3
2354,-61.085067345027156,-55.41548483088582,6
2355,24.235659539367347,62.19650432185613,7
2356,-76.16114612197926,27.746037489181482,2
2357,-62.08208629050698,-67.81258694977507,6
2358,18.877540569085074,10.76205071601357,9
2359,-20.80747311146685,40.11344194282661,8
2360,-10.227081719024921,-18.976159196922662,3
2361,-12.857981807704283,-42.426176334223605,3
2362,55.156728031571916,-33.267287596496885,5
2363,-48.40029712839428,-66.53801933152316,6
2364,27.536241496774654,-9.863728057392581,9
2365,55.632352441405615,-32.419948789807336,5
2366,12.452649297599589,74.7599316396976,7
2367,-18.53994341826295,42.402587435360005,1
2368,29.53725836983954,-73.094204680694,0
2369,-73.79218825151887,22.97174226497697,2
2370,-64.34174940053632,-61.75075361045968,6
2371,65.82945714395085,22.872952941118562,4
2372,23.826796525289122,75.77001057300285,7
2373,6.921563637661629,15.879117286569771,5
2374,-60.75274508100685,-66.5892122800622,6
2375,-6.16888357510561,-16.783182172947384,3
2376,-16.17998366317933,20.872880231399513,8
2377,-14.34200808479219,-15.696535155492173,3
2378,29.997710161192373,-10.391738819599254,9
2379,-80.26742448835411,22.796843013387214,2
2380,-28.713503668973424,-23.224922000539955,3
2381,47.09014171872298,36.649478717204126,4
2382,27.719477704724618,27.647873095045263,9
2383,58.834628808121664,-37.275452399418285,5
2384,-60.33277317658334,-0.024134254200124723,3
2385,56.50090110938361,27.475162208642253,4
2386,9.087842358991335,76.5520041969993,7
2387,59.012208296944905,-37.16347542183066,5
2388,-1.5533138287653119,33.9080573936241,1
2389,-52.76809135298159,-66.22013146264196,6
2390,5.151792788041817,-66.56417886523396,0
2391,54.9089650344567,30.394065655159515,4
2392,49.995992357544004,-28.051993865772587,5
2393,61.44224247090873,21.717986776275907,4
2394,-13.738139422405752,-36.71564573202988,3
2395,27.975649302362765,25.803474330589882,9
2396,57.48716944769693,-36.685033592759595,5
2397,-62.073996875141916,-61.83757541525136,6
2398,30.08895974193565,21.382115456370233,9
2399,-16.036495506696546,-39.926516381129524,3
2400,6.928406131681002,42.331380914564456,1
2401,-19.83588785557234,-12.351096055073574,3
2402,28.218850605780393,56.368006137932255,7
2403,-10.815647004875144,-42.59311784370595,3
2404,7.068956022425429,15.833732895781178,3
2405,18.519562461967443,-80.27750355092302,0
2406,8.968109474875407,40.64019229666441,1
2407,-74.88976506369517,5.822731381007073,2
2408,23.673540466841803,26.333554460630683,9
2409,-24.889628997598383,6.774371972115162,3
2410,4.59897293941615,74.24101855142051,7
2411,-76.03162642210533,15.296247259120685,2
2412,-20.87067282687542,9.49631723794681,8
2413,-75.27566345145597,4.404553541014855,2
2414,-31.58967230420411,47.21625299411198,1
2415,-50.64079345195073,-49.90130174948505,6
2416,63.23440067965704,35.86197277640973,4
2417,55.46213908352345,-35.39186357614776,5
2418,12.952017381056411,-88.26349355190396,0
2419,-19.362496308680818,9.117502396586229,8
2420,-66.14881257683062,-39.53591287008646,6
2421,60.759200536694784,29.263642105081647,4
2422,12.2567467176112,-70.67248715335481,0
2423,50.938366342119075,28.730930320248543,4
2424,15.940711426010683,66.32743204966722,7
2425,-19.14092735113515,-20.981270859536323,3
2426,-48.079803585195116,-55.91998569999588,6
2427,55.712456672253204,-34.61267602733669,5
2428,52.46567293536964,-27.87685470327387,5
2429,2.4546491457511284,33.9009128846848,1
2430,-52.35560675138457,-43.823984119244244,6
2431,-19.336775819871043,-35.050415093124556,3
2432,-20.973711529797665,9.180176212841127,8
2433,-22.09429447543876,10.304948619280859,8
2434,20.504246052392805,-21.391661794139388,9
2435,-60.50579508020014,-47.36822418450871,6
2436,-34.11538029398044,2.8384757406136285,8
2437,-71.00470752000268,21.67256296660839,2
2438,4.641445022196132,72.55669012081113,7
2439,59.96202749640957,23.083818655978913,4
2440,60.89493810263445,39.85206579324358,4
2441,-43.09910716627699,-57.602525441397944,6
2442,-80.93928741653578,11.64250377611391,2
2443,14.13061110390957,-0.32208364952384266,9
2444,-78.61906314488424,13.329539602401562,2
2445,57.14636618583448,-28.99182553043206,5
2446,-59.46634388273166,-60.72146137207215,6
2447,-54.22916829993022,-51.59691920663458,6
2448,-59.44232124841487,-57.95292598642626,6
2449,16.209778370230385,70.69749741932843,7
2450,22.269682345616715,-13.107544897423486,9
2451,60.56428706337339,-25.86162478807687,5
2452,57.512715029356144,29.146536421746816,4
2453,56.366295732380195,33.98603946186107,4
2454,14.248536787663868,71.09339498359759,7
2455,-18.609775732607496,37.78088823514703,1
2456,-11.359901707688788,-35.18827588687072,3
2457,16.510716277818005,71.02584459797644,7
2458,-7.236635761448451,-32.19056049426899,3
2459,-16.07502199377368,19.079108032232103,8
2460,51.27616243412194,-26.79776904282248,5
2461,-30.246154876202496,17.480014793899905,8
2462,48.28231192638738,-24.39712615204586,5
2463,-75.46001607728523,-4.867604661054433,2
2464,-52.48685011439156,-49.79494016330203,6
2465,51.26516215814699,29.638018971468423,4
2466,48.85401748771592,-24.784574017214233,5
2467,-75.7362874062545,-5.659464828216147,2
2468,-15.548418098491995,-32.8199218800081,3
2469,24.196587004676548,69.56969236287664,7
2470,53.38750317611411,26.737251837770746,4
2471,-78.48346366270313,12.857998697959145,2
2472,24.25716752574118,70.11036812635831,7
2473,60.30594390379915,-27.969862131378292,5
2474,-77.20803581921798,23.955969384707185,2
2475,-21.386568680128534,17.227773317529667,8
2476,-20.958217620429334,50.01420710069256,1
2477,71.46374433365204,39.23929826068902,4
2478,-79.19436156954343,5.31807768311883,2
2479,-74.7516666517059,-6.676396557002518,2
2480,5.496513822894616,-26.15244836355816,3
2481,70.26218892846371,37.56983500797683,4
2482,69.9622141840803,40.8028657645591,4
2483,-21.553135311164393,45.98286560959615,1
2484,-22.111864852154852,48.23476372408201,1
2485,22.56853710064824,-71.99202773565091,0
2486,-55.49280729166601,-46.34121420940486,6
2487,8.934079003318221,-3.628089383502387,9
2488,-20.065685728994115,15.641733924476826,8
2489,-2.704211335406049,-26.15751972688153,3
2490,-2.433979116383567,-37.319991624291504,3
2491,19.512509415732254,-5.431470334113554,9
2492,-77.16088879359152,4.723520944622853,2
2493,69.72377048648688,39.25766248714923,4
2494,51.892810747127484,-23.10416510735297,5
2495,70.99245382180911,39.30320603244959,4
2496,-40.245948158822635,-57.73831332195145,6
2497,74.89728058007267,20.603732061241132,4
2498,15.775144757624885,-1.254637474064909,9
2499,-2.983621511018354,-30.38460363317243,3
2500,21.471351638677106,-67.37491483557234,0
2501,65.31921613720661,14.45266356158641,4
2502,20.812276049823993,-66.98985670051324,0
2503,18.82386626072998,56.1787808603757,7
2504,1.3014152419637193,32.199082249739995,1
2505,53.79831251028932,-21.887144053320913,5
2506,-25.946912249972474,56.69849343679154,1
2507,-78.23151604153813,10.993802132246373,2
2508,-77.20703950687293,9.841864062281815,2
2509,75.99562725386379,19.498505403970608,4
2510,74.49849949088615,19.653086746243428,4
2511,-32.48840083785137,9.19518152553266,8
2512,19.604520303089135,-5.322233540447469,9
2513,-78.69999936537329,12.59107281031544,2
2514,-61.21876414848035,-55.84772390712883,6
2515,-29.834648303383627,15.631926517549829,8
2516,3.763083638561961,44.126442537989675,1
2517,-61.61553129029607,-64.17651877881394,6
2518,19.696817288549035,85.24826210854187,7
2519,-60.7889230229167,-60.4031839388586,6
2520,-0.08297101256561466,-26.76269434460487,3
2521,18.429305971589844,-15.819267536885143,9
2522,-30.16086400409648,17.06156300822692,8
2523,73.36891661785847,18.839848396842076,4
2524,-30.45970223410375,19.018376658351542,8
2525,26.97124563025124,-20.144747550715927,5
2526,15.984157163695432,-15.704744964015452,9
2527,13.357715091390803,1.3532784407753249,9
2528,15.151404322653354,85.88059476371954,7
2529,-29.37855425772279,13.669111264442831,8
2530,41.61984255891991,-18.249445516928006,5
2531,-79.6150485679575,11.55677474900527,2
2532,40.6792169162868,-22.529143099472755,5
2533,23.827641992712447,-63.01444571538921,0
2534,11.075415577261793,-71.07641154794335,0
2535,28.236694587149586,-5.622108616923,9
2536,-60.86875677287334,-58.695757162519186,6
2537,23.941753889003074,80.18153349875676,7
2538,12.379346533370471,0.9508719321838814,9
2539,20.856647891722528,-81.4438756713265,0
2540,-53.14522283534998,-54.965321310312405,6
2541,-54.86474329894804,-52.69212784459799,6
2542,-22.48876396672758,40.562392762011186,1
2543,-11.631017810339863,-16.101621843262173,3
2544,6.373276079473211,40.55592624074908,1
2545,-76.68508424902731,22.725993468406575,2
2546,-63.34891112620152,-60.72567797369537,6
2547,6.905852631199523,79.7568413075082,7
2548,74.2882157549733,22.90153726264871,4
2549,-56.57111250536706,-59.10605206222651,6
2550,-29.61100743217694,27.32535987974337,8
2551,54.273131128384335,-31.30995523897436,5
2552,9.767630254797888,-4.692151744675878,9
2553,74.249423731052,28.901183446947872,4
2554,18.90330992294146,-68.49977594375765,0
2555,8.439276385106274,86.95049764577865,7
2556,74.8439021221148,26.742365682556652,4
2557,6.755034816301737,80.35270207487947,7
2558,80.13541619446673,26.157042402630097,4
2559,7.560100434256699,78.92896656238453,7
2560,8.23282903428667,-1.7952770487565983,9
2561,45.290134618206594,-18.74770034267349,5
2562,12.097437504850108,69.6975169697297,7
2563,-30.130866080183228,27.647774604716265,8
2564,-14.63553744957915,42.33894339636819,1
2565,19.110466548016333,74.32829777771349,7
2566,-23.423468996777952,42.810708224537,1
2567,19.616654946263868,66.20594349910291,7
2568,-62.13142427041837,-67.79319841582735,6
2569,-76.12937906303173,8.886830591918617,2
2570,-58.65395989955553,11.748061055399722,2
2571,-64.69074432881679,-41.774562316370414,6
2572,76.45369972157405,-26.400382288622954,5
2573,55.48315315054147,34.987228784657034,4
2574,-22.433609195459624,53.405642710915686,1
2575,7.4791764379108425,82.09566447716549,7
2576,22.696819199324043,49.850092751158556,9
2577,-4.439149045365744,36.548615480946175,1
2578,-25.28340102413997,-21.28693753910668,3
2579,54.41894995909927,38.12893327687897,4
2580,23.041207952197027,-72.3091215328645,0
2581,55.16659570205522,40.13856001000806,4
2582,-49.39014573231371,-49.65019056681688,6
2583,9.685658503339198,69.46905378150437,7
2584,-56.822703177491064,11.484141400708372,2
2585,24.231830578851355,-9.965466993389468,9
2586,22.844879837215633,4.757556055622498,9
2587,71.5743205498312,-23.216915068859187,5
2588,-56.52862656526233,-45.22915210965072,6
2589,1.1828298687255971,41.196512120197994,1
2590,-50.481621762364256,-46.60768435493023,6
2591,71.96829613783346,-17.482783642844435,5
2592,-20.719515195938722,53.297217423607954,1
2593,74.64235679827262,-24.34454127135692,5
2594,63.365236678679096,34.63434961193649,4
2595,23.493277743646548,-0.4271959877004314,9
2596,22.507832019048774,-66.11206746040527,0
2597,-57.770816189624504,11.043619142042564,2
2598,21.58337194134435,-65.81778988440861,0
2599,72.00719034604914,-21.345017058533156,5
2600,-28.88789807472647,54.96653128791742,1
2601,74.86763315218899,-24.570665774693033,5
2602,51.57031874748765,38.908243122843395,4
2603,-33.96790697796951,24.132751349574583,8
2604,34.388849904607795,30.92101760586507,9
2605,30.876513614530833,34.190946695877784,9
2606,-65.53190607393594,12.033003677707722,2
2607,20.320281262266068,-77.1053304475696,0
2608,-29.54538829488037,53.620291048289324,1
2609,17.747198657065347,-62.20997953217796,0
2610,46.413792163926324,44.3169967088289,4
2611,-29.0494829529548,55.07057697026441,1
2612,17.668823138127667,-62.16469175899029,0
2613,16.235551922577233,-61.4661270419436,0
2614,-31.652130535321795,22.449947845191694,8
2615,-60.90491422567319,11.510403827877045,2
2616,33.87918067112331,33.47172946811545,9
2617,72.93717215696954,-19.048625442107884,5
2618,-47.94438395954535,-50.24923612685166,6
2619,43.57706826461482,42.68781734043761,4
2620,-2.469956785085303,-24.123933397662444,3
2621,24.450955641325773,71.31915640595712,7
2622,-59.42279052481062,-42.41249911546354,6
2623,67.70414817826332,-15.191180521142277,5
2624,44.11612737402898,44.786995133796395,4
2625,-27.91951642649983,54.081876113365134,1
2626,3.2161169067202913,81.25837924088879,7
2627,26.93978367676688,-70.92501116027053,0
2628,-61.21657564214901,-42.62650104191143,6
2629,-28.714145688283622,54.71489740838979,1
2630,46.4451475729465,44.37221316532765,4
2631,-17.35283880550118,-27.000600331011515,3
2632,52.26603932408398,-17.114461997295372,5
2633,-34.63674690811513,33.39315532579115,8
2634,21.26813328204329,-83.78566901999474,0
2635,71.80814311375461,-30.36944976816523,5
2636,-28.889586846582255,49.672272472169645,1
2637,-32.76298300415087,15.919838543280342,8
2638,47.9095656875752,37.537594794128026,4
2639,-39.90567124662925,17.13769546267801,8
2640,29.22871505109707,35.866262292800755,9
2641,28.79582553180919,28.168949707540847,9
2642,17.563089837224407,-67.52353658301556,0
2643,-49.73336188591551,-50.65733728187384,6
2644,28.92544539685677,28.963501546010928,9
2645,-32.133461210262126,50.05583410781969,1
2646,19.245956233396655,56.47283472582468,7
2647,4.573209550149564,76.99574848066625,7
2648,16.411583566689742,-82.4443753428956,0
2649,45.30354045786891,39.936070928981486,4
2650,45.96085833613637,39.21540158047678,4
2651,4.281417651463673,-80.89429169110761,0
2652,20.794455428583383,-83.2220542248517,0
2653,-52.445452321002044,-65.2242611344362,6
2654,-25.835054874304266,50.2104421439616,1
2655,-58.88672172958453,12.158113657889519,2
2656,71.84631215706129,-30.069349935550296,5
2657,60.48038504567286,27.816665897908333,4
2658,-59.15343198861373,12.305362084498883,2
2659,5.982380204919975,78.16787892049192,7
2660,-20.430605067715394,-22.63257976650278,3
2661,-21.926248246464482,-28.23749384231111,3
2662,2.336297590470468,77.25671460826065,7
2663,-25.87635342851447,45.84767756819157,1
2664,76.04133815327357,-27.595201400321752,5
2665,44.589096412543476,44.85973489134809,4
2666,7.667746245378385,38.37832373040039,1
2667,44.2799172490999,-22.732292889058737,5
2668,18.09600181300002,77.7277751738993,7
2669,49.27702784931261,-28.312937168673265,5
2670,-4.280342415362749,-37.68069667185843,3
2671,70.90335900558642,27.520845021699934,4
2672,25.056265340578914,-69.28861624774667,0
2673,7.867640434486851,41.98211917230415,1
2674,37.89714153655908,-22.98041552277258,5
2675,-11.065964550400004,-25.932077759483647,3
2676,-28.586837540129718,19.38990810496547,8
2677,73.05173734694911,23.572920182982458,4
2678,46.5847324028716,-24.753183034404422,5
2679,22.852320926342692,-12.886376088013575,9
2680,33.08780250791728,-23.397453979474523,5
2681,68.55016247101973,39.8826874876404,4
2682,20.36333176309969,-5.697814877447686,9
2683,-36.70752460579235,22.793654514892726,8
2684,37.06255100676677,-21.454919023667802,5
2685,-4.94472545135031,-36.86794958982019,3
2686,-21.90918950234188,16.42961889200703,8
2687,65.24357898953247,14.441473495910389,4
2688,17.753497454043575,-9.842858947217138,9
2689,22.88022719848202,-15.820622880963207,9
2690,-4.471158511508165,-37.341394363470485,3
2691,-26.76773209584018,17.235147460688317,8
2692,9.584874225797517,39.17213907865605,1
2693,73.66638908782532,24.320366402901794,4
2694,-57.47211981732949,-47.08160021167304,6
2695,64.1393287173801,21.030294873399836,4
2696,-14.537338119315999,4.017708842646007,8
2697,57.22012988211426,25.001747448603304,4
2698,66.4869650891057,-21.167591788874898,5
2699,-12.112061889318934,4.451543552518387,8
2700,52.769771264936935,31.122886510442562,4
2701,60.99204067319912,-19.378689394010696,5
2702,-74.99738777330282,-7.017367399838261,2
2703,-15.999259899233836,41.61749703475348,1
2704,-23.12621880208263,44.13156291865585,1
2705,-72.47243587000176,6.733515826974712,2
2706,26.147657295316275,-71.90254124518714,0
2707,8.112209363497879,-70.65056361523433,0
2708,47.22360163167154,-21.69030381275618,5
2709,63.75384625365155,-25.37028383411307,5
2710,49.7067712299898,-34.16129851167423,5
2711,-72.00792567786293,12.95545258159412,2
2712,55.49771365362329,-20.00784473162246,5
2713,-13.63089865696271,7.827791300326467,8
2714,53.43071201097432,32.31049899038329,4
2715,7.196476585809607,73.90894813371814,7
2716,22.583339402033666,8.08631492272584,9
2717,-19.573288814855072,43.383666032480996,1
2718,47.56985753837449,-20.2379824693626,5
2719,-70.61175625722282,12.2547115769011,2
2720,-4.2393295041747106,-43.67088725623449,3
2721,-3.41325290241607,-42.052918574059795,3
2722,-15.008077413379807,38.96511866306149,1
2723,17.570158433881794,77.38797032003215,7
2724,24.27308818426777,-66.02330154921816,0
2725,30.111428135078967,27.72767583844689,9
2726,-3.3472718942611053,-18.05911646221622,3
2727,23.169721744746226,57.85411849777731,7
2728,10.40305170604311,-74.99840398504995,0
2729,48.10200206000067,39.35225026111699,4
2730,27.41538898043344,-66.49215987393407,0
2731,34.64019459133778,64.48321428055063,7
2732,21.333955437538375,58.01250902244815,7
2733,-73.31707710602097,-2.1557082051026986,2
2734,-23.931098027127394,13.29049057715367,8
2735,10.422120726942056,-70.8051025909647,0
2736,-53.37722317965429,-69.24193470482548,6
2737,21.604542691034222,57.711130168942525,7
2738,-53.57337450059934,-61.84767015061528,6
2739,-71.04226636902446,2.6305153527548994,2
2740,-53.217355413348784,-58.48592303006796,6
2741,-59.50597107860816,-62.38770872061555,6
2742,-47.87916366147627,-56.86978259364408,6
2743,-77.74545080774723,21.905227126022893,2
2744,29.571027542740506,24.450581798194417,9
2745,-70.89847320402252,1.2773122990791488,2
2746,52.352352403711116,-16.646880017504383,5
2747,-69.10391468752712,8.308351566794162,2
2748,-22.652611466011532,37.359548437399695,1
2749,-7.572919565027402,-24.479330560801476,3
2750,30.493867338598868,34.820828698879,9
2751,-17.1699439317707,44.75794166763031,1
2752,23.552833444577146,58.07883110875072,7
2753,-15.475578767255534,4.186310102532196,8
2754,-16.519959585091232,4.303976512136596,8
2755,69.26125389101048,-24.669599161036903,5
2756,-23.175577684986116,21.10166725092101,8
2757,64.31049031007916,29.073021342911908,4
2758,18.83228214462238,14.65664096659159,9
2759,71.28457246151304,-22.453263262368825,5
2760,50.22260216677311,32.736455865274436,4
2761,27.32763573614877,-14.896187440759297,9
2762,23.576512912244148,-69.18745130648622,0
2763,-26.21362622637612,-23.71850098629682,3
2764,53.02832854217869,40.87174836103175,4
2765,-33.69011176686784,24.599039789755818,8
2766,-28.43908184467297,29.730594220136982,8
2767,27.500153971227373,-13.62920405284961,9
2768,-11.22430583519305,43.96220050798949,1
2769,24.57590108431119,84.15431439859617,7
2770,24.031659062618445,67.35180810804543,7
2771,-33.05195892664515,25.81952113598638,8
2772,59.0917018346977,36.10648463728275,4
2773,60.218406826373446,-36.051349172152584,5
2774,67.30710511995788,-21.502013773873536,5
2775,70.62803519241992,-17.111557337495054,5
2776,43.27241375678651,42.94412755141119,4
2777,70.85351250004618,-27.18519731201062,5
2778,-32.72499621280436,31.33174170835378,8
2779,30.229763174134067,72.90946701627169,1
2780,56.57038558244061,38.30135527541872,4
2781,22.9693588167848,72.0776080339227,7
2782,23.456275589539853,76.60095628964305,7
2783,-55.60586774170279,-40.057567164805064,6
2784,52.84332282109874,40.67104564193252,4
2785,-24.147122879047345,55.10700341088583,1
2786,-59.26438179835814,-56.88935149315945,6
2787,8.925293386668342,75.98432321227877,7
2788,-19.345570748047297,-24.02587049858625,3
2789,-57.52652228704974,-60.02327026155043,6
2790,26.430936561748325,69.27036574403185,7
2791,25.594166576921708,-9.055460542840205,9
2792,-16.741137332003966,43.231713649623664,1
2793,-74.70877522176089,27.609852781529746,2
2794,6.9431072807376015,69.82193337512271,7
2795,-63.17055592354328,16.256186151451146,2
2796,-11.50274938638243,47.10345190958508,1
2797,13.772546926531547,73.63996166845804,7
2798,-60.30847187655156,-63.58494033238373,6
2799,59.045876678626435,-35.82327054000332,5
2800,27.921589600043372,-64.51149194405305,0
2801,63.83931718771702,25.853058910716793,4
2802,-23.60974191476072,44.78670009352668,1
2803,-38.704383163090405,29.542300626386883,8
2804,-38.21530853185984,30.49212453687971,8
2805,67.77214787651111,-27.034890821611608,5
2806,67.30758554477323,-26.45080177777189,5
2807,-23.856118275984404,24.435439154614674,8
2808,3.213505135563885,32.81470860949289,1
2809,12.413230669648176,82.66091092818165,7
2810,29.399731802242794,-65.81028275689947,0
2811,-68.73340647304657,20.547262757456334,2
2812,48.056051387800736,-21.23201055004721,5
2813,24.443510100477976,81.87632497448537,7
2814,75.19547316243471,23.551046394684104,4
2815,28.799729588732383,-6.061512093190339,9
2816,26.463013259130648,26.368016887495322,9
2817,-14.664913078400001,-31.209206614333482,3
2818,-9.369339919387235,19.067668245272202,8
2819,-6.187432400445122,-16.83815107440282,3
2820,-55.283022454431354,-58.32227114241069,6
2821,-56.01016236966811,-53.5438409127851,6
2822,-68.44178829826431,22.90238670497956,2
2823,24.71667431249912,-67.33392138217297,0
2824,-30.740597183247413,48.96414702443273,1
2825,18.504371922309485,-77.08733731555144,0
2826,26.953812391143586,-64.0709542563811,0
2827,50.99491813639475,36.927852585974414,4
2828,66.29737297046529,-27.77094053058225,5
2829,69.57622450016136,-25.84868159459952,5
2830,48.23339086976541,-8.12683249111121,5
2831,13.777981006985005,-57.663105978499395,0
2832,26.09953273826412,24.791954354798897,9
2833,22.87037839059778,66.23023721972493,7
2834,-63.81000154178155,15.974571432138804,2
2835,-70.87038080267948,21.921381847138175,2
2836,16.84004840705945,85.83469938875452,7
2837,58.13486176157166,27.40184940644694,4
2838,-60.91029244063639,-55.873041437720275,6
2839,59.29104930834277,-32.278081030091904,5
2840,-15.501285254796809,-21.608199518313466,3
2841,31.13271973984354,21.26741610056963,9
2842,-61.13030597806275,-69.44368703834053,6
2843,19.78607742339789,-76.99707492471126,0
2844,-9.990320437907299,-32.52561100885185,3
2845,24.77015913585223,-6.811003154690185,9
2846,-74.67738115543754,24.511980406598656,2
2847,-14.110748836989792,45.99001956609075,1
2848,-72.49447466578705,-5.507124827421815,2
2849,66.72402327640368,33.055764307238476,4
2850,10.745643065451011,-81.80481976643028,0
2851,-53.736042879612356,-69.18053376604982,6
2852,49.923462113754795,-16.42085805166435,5
2853,54.57094513275814,34.07447621581873,4
2854,-7.963560987255896,-11.800957429102418,3
2855,-62.75943321056129,-65.86948999871898,6
2856,-18.52401722059401,-30.614157689147692,3
2857,-59.02112394504648,-61.6821366275627,6
2858,1.02750445523505,-25.383078722953112,3
2859,-71.39537872714862,-10.176204183475992,2
2860,-37.5290499437525,26.714592267643436,8
2861,-2.4109761254861137,-34.525105531546835,3
2862,-31.64351432560879,33.025240006586365,8
2863,3.708465518977078,76.69192693232844,7
2864,-26.011134937324442,41.86498351091054,1
2865,33.40028617086652,66.12996930282128,7
2866,19.83453612478102,-8.541597708799504,9
2867,16.27103489547823,-12.41403168415448,9
2868,61.26711487382331,-31.977717649892735,5
2869,55.14043684336739,-18.807679263248573,5
2870,-13.210479688441753,22.04529479452527,8
2871,5.335845753280255,40.469786621822,1
2872,66.14514412320565,33.009743600153115,4
2873,50.32942700425002,-18.17466193716726,5
2874,64.71374767641574,33.750161531925485,4
2875,-38.98984649114484,26.040929962767596,8
2876,-16.099589485374857,-29.264766573759143,3
2877,4.465031663064617,46.62201987393305,1
2878,-64.57220861420124,-54.679342441102065,6
2879,65.1849925291409,-22.995075569179235,5
2880,5.4725991725189616,43.49517440653808,1
2881,35.92037703514736,22.44017461295978,9
2882,47.94544156693678,-18.771523871542897,5
2883,23.91125577231708,68.87735620005132,7
2884,-10.449179197340385,0.7752758550865648,8
2885,61.48585782700839,19.622570071214376,4
2886,-11.048411060922954,-0.18184481872158065,8
2887,-1.1994102066756516,-40.773455538657615,3
2888,38.49741601024189,-25.12037242589122,5
2889,56.69295613976175,-19.78243063643644,5
2890,7.349519044740801,-6.695782812037485,9
2891,13.79529912321232,-82.54405342115933,0
2892,-11.865938619611123,2.6217202213892135,8
2893,-71.1869514418449,-2.9571328085710498,2
2894,-50.929047775766975,-65.39202071112615,6
2895,-4.45097931436566,-23.778836727882712,3
2896,-10.688090923445058,3.23900019801109,8
2897,-71.57072359899651,9.023717472742302,2
2898,-57.466263047853396,46.33956134126496,1
2899,-56.466355728633275,45.40276809014871,1
2900,-43.01727931555993,-64.6481128386992,6
2901,-49.66243690894477,-64.04597493802123,6
2902,-19.684951937142056,-35.22282505932552,3
2903,48.983469402748064,29.84782764163171,4
2904,-4.498072402770109,-35.10453816273184,3
2905,57.218401258976485,27.58578633599385,4
2906,49.47871483741486,-24.3621546458798,5
2907,-10.524127688370525,2.591398305656332,8
2908,-74.03352706188595,-2.6390176807251975,2
2909,-3.358151512416336,-25.230478220957345,3
2910,-42.80695389606565,-64.7219999534132,6
2911,-10.399562654033739,0.9362994765471043,8
2912,-49.70508214896188,-61.7197189635353,6
2913,-14.011817665479038,14.114533804382813,8
2914,-75.56924415990302,10.26239498477824,2
2915,-11.028107383986477,-19.8706682596158,3
2916,18.877776868264732,-78.3767855068344,0
2917,-10.998497558891321,10.953024845078211,8
2918,-12.333599360184872,8.965945744590384,8
2919,-56.463499138885645,-47.379552456188776,6
2920,-3.2956567458917396,38.788236931087376,1
2921,-45.10224630606496,-56.05875446936315,6
2922,73.27676286249402,22.098930837524613,4
2923,-49.11450225963375,-61.53650458924261,6
2924,42.86000222284574,-20.47866839173286,5
2925,12.189990952757002,69.887638185386,7
2926,45.97614227285807,-19.840972579749803,5
2927,-60.99932069409669,9.073174096384285,2
2928,33.408013253723304,32.42171431809327,9
2929,31.437631290689616,32.85701409193145,9
2930,-13.48011176540958,-33.62803144352055,3
2931,44.34485134479145,-19.35949880269467,5
2932,22.496499068861112,-71.18230613750688,0
2933,64.53618063645231,-25.730551106366416,5
2934,-48.55914442577782,-59.08423570387272,6
2935,10.977454119662479,70.65038280251875,7
2936,-9.70570583990546,-20.91469398573979,3
2937,14.331425534741868,-72.97779093049992,0
2938,-15.395230183566003,-19.8513573622397,3
2939,18.80943849521996,64.08453196732512,7
2940,9.737892202430258,-73.56974053918506,0
2941,3.9675855520876553,34.382613658197066,1
2942,-47.61564039143892,-59.3669165448031,6
2943,6.934344490428688,38.91266868828053,1
2944,-66.78266804536186,21.932928767907086,2
2945,-28.554848399794153,41.987030271015364,1
2946,56.900150784761344,-29.41589665338575,5
2947,22.01006751319602,81.41182106437239,7
2948,-35.51564954124504,13.489468687256073,8
2949,-18.98000456320312,42.95846065061638,1
2950,-27.409601762944817,3.219781514119929,8
2951,73.27523417175061,24.26050316006837,4
2952,72.0932616185839,29.29066689619158,4
2953,-78.41529837498418,4.217338618210767,2
2954,20.58370125908852,75.23585637085552,7
2955,-14.247774494525462,-27.886887578659014,3
2956,23.5101567488009,-9.796720996170032,9
2957,-30.10659490171043,-22.18736350550539,3
2958,26.534226679847908,71.72767059399789,7
2959,25.482824794133016,-7.420988769141646,9
2960,15.220019363370767,79.1775391002753,7
2961,4.020753325288973,-69.4053339909884,0
2962,-58.19494559943865,-39.740685053221185,6
2963,-31.74240363312515,-23.827058655334696,3
2964,-49.955101992267956,-62.32063992831057,6
2965,-27.115040927850295,40.981530591136064,1
2966,24.88036819294639,-7.684186704377036,9
2967,11.54307056760499,2.7746129424059545,9
2968,-56.637561536256115,-53.593257984985904,6
2969,23.810682089793698,4.388570702748479,9
2970,-59.176224089603664,-52.721206199318885,6
2971,-22.085882220680908,6.439159910852509,8
2972,-16.96826847482679,9.741206873074134,8
2973,-22.95051288420243,40.25014392912806,1
2974,4.013462493523682,-72.04291904814603,0
2975,-14.14078995636967,-16.200959670194177,3
2976,-19.021141256052356,51.698906925440824,1
2977,-8.581167241993555,-42.29959822275105,3
2978,-15.818308889020098,-33.90028351500282,3
2979,12.958623605332836,-67.69168172041508,0
2980,-69.59564746126995,12.598572085892677,2
2981,24.95245179976436,27.917212808302608,5
2982,57.876398340905546,-36.258126625476265,5
2983,-9.839753662294507,10.985135032600375,8
2984,-55.728811725561755,-44.27785428803081,6
2985,16.94544665491091,-73.32194122733155,0
2986,74.36713343004863,28.050132066558678,4
2987,7.418502514463721,43.518592641149,1
2988,14.669955048367147,-78.7790315915567,0
2989,15.491336609308805,-71.0850157499404,0
2990,-3.629206710431347,-32.65203207075691,3
2991,13.48212482198221,-80.26720214416903,0
2992,23.72274250337753,69.56744222503664,7
2993,76.08071659282723,22.174991866891624,4
2994,-65.40932659338185,-47.44767763498552,6
2995,28.17248090493415,22.85859407814409,9
2996,57.704941403329684,-32.184028963684064,5
2997,32.1586202146484,28.98142705524109,9
2998,16.90870633179305,35.98477647109108,7
2999,-73.2480904938759,20.346772720606282,2
3000,-11.70608263478597,-27.701207473433907,3
3001,18.21982336644075,71.20496398687354,7
3002,-64.72445736542258,-44.49291258857096,6
3003,-20.416234222166764,12.36854352665132,8
3004,-62.83370518154278,7.117268704306795,2
3005,-10.102005244193402,11.15157003452473,8
3006,-60.958820100665136,-53.388704683333984,6
3007,-13.032761028405329,-19.482702876830572,3
3008,-54.07675944770186,-39.98049025038308,6
3009,-38.79401681480081,11.469553090465363,8
3010,62.852514632592104,-34.79397431595635,5
3011,-65.61868838677344,22.356060178372385,2
3012,21.04432127969884,72.42377233846402,7
3013,-50.17485734685852,-66.1171195435049,6
3014,21.64426112250733,-76.20313850582488,0
3015,-18.686088621787825,-24.244906790687985,3
3016,-59.6992625463613,1.7247139343712405,2
3017,-55.71102544203455,2.8405162638439836,8
3018,-16.61477866722717,-21.380701847758473,3
3019,-33.76040143337831,18.361946848809282,8
3020,-20.727819147335197,12.557710305489273,8
3021,30.419743621472318,65.89776035628398,7
3022,33.793617319020164,68.24204897924037,7
3023,30.3177754454287,31.51120826909584,9
3024,-17.181788645072167,-22.266504817839678,3
3025,10.928248128384766,31.588958988057772,1
3026,10.378719887712814,-75.10603360542888,0
3027,71.61608515458441,-17.23442837987288,5
3028,-11.255141279407514,44.04338462684449,1
3029,-47.02693703170835,-44.39056492019513,6
3030,-53.554866401996556,-49.89861711003344,6
3031,-68.44937966957548,20.92807599705455,2
3032,-30.679804081242274,47.5930641550216,1
3033,49.98491841039761,32.69480620981903,4
3034,7.475188320416124,-78.88055270356209,0
3035,7.0043711150961805,76.7530308077034,7
3036,5.965072256146571,19.392455549663797,1
3037,72.42825571305765,-20.092486543728135,5
3038,-63.63273155106587,-44.62517710941117,6
3039,-59.801928018643565,12.675743288700668,2
3040,-14.108035000737427,-15.153141345300662,3
3041,-57.073854134358534,-45.75305490220171,6
3042,-32.439764357944014,31.040233303776553,8
3043,-58.69236234113302,8.331159998281938,2
3044,-61.34375457280727,7.935298827081841,2
3045,69.42061228808377,19.490989300191476,4
3046,-61.12279716707803,16.25580823343274,2
3047,72.16221796913057,-19.8963908680304,5
3048,6.849339806945122,18.240812278954564,1
3049,-13.897965076325839,-14.87914063927329,3
3050,72.82213646162167,28.882002859904063,4
3051,14.380841136916057,-70.67045889868542,0
3052,35.73841283606279,70.30326615730571,7
3053,35.00393279362052,71.14741995666311,7
3054,-64.43618579513908,16.184117635996298,2
3055,6.910710428061148,18.135474611308396,1
3056,-61.37846338296132,14.795794302526962,2
3057,22.949869688790212,-72.68440089284321,0
3058,19.31645895772484,-66.1279014528017,0
3059,73.51931766385759,-21.32451579838853,5
3060,-31.33727436162528,32.74189963320068,8
3061,72.11848975005044,26.181833597451075,4
3062,76.55476377175233,25.51569965586402,4
3063,-23.536323346659056,-17.315189554189786,3
3064,-69.92024089615734,3.8393728450725617,2
3065,31.93499003292984,69.25859912381891,7
3066,7.435451745738087,18.378353092127416,1
3067,18.624548471806733,13.801241577741544,9
3068,54.22980066286206,-17.19275807805639,5
3069,17.191128795881884,83.87924701386329,7
3070,20.444146962313614,-21.772293089348445,9
3071,-1.8142804972343571,39.80958284132712,1
3072,-15.926659062593764,19.503683091102324,8
3073,4.464102629722155,35.30500032686903,1
3074,28.033776464367175,-67.28121445830044,0
3075,30.800623115144646,-63.71195861426186,0
3076,12.612027891340169,-5.833872484430271,9
3077,-62.305540028964586,-64.77602983561432,6
3078,-63.18506028036243,-57.684366007691985,6
3079,-78.28546535927067,22.288624516543887,2
3080,59.66436791596145,-19.170920119604332,5
3081,18.337809328168902,-5.366702438865092,9
3082,59.973313889867306,43.04739316029981,4
3083,-61.64880003066459,-58.75964074084325,6
3084,60.7928031112693,40.33560745759073,4
3085,22.569530785002463,-69.23532217498222,0
3086,19.92120139931658,78.9329206882809,7
3087,19.779443639121457,-2.861735756126038,9
3088,22.19619839124403,-8.857713511548011,9
3089,14.572025038940188,-61.246175886029505,0
3090,49.51730991035646,-17.686586439386264,5
3091,-7.552208331424769,-40.99341066958356,3
3092,14.72029124768087,-0.5155011541936168,9
3093,63.451970170043985,36.46240647701736,4
3094,-7.033923896310535,-38.80556635812225,3
3095,-61.21194130429962,-66.56324578016716,6
3096,-9.633980843644949,-40.32550023747699,3
3097,-76.84866592452383,28.076915771646537,2
3098,-10.239673005119384,-36.61894839802737,3
3099,12.195775153078277,-5.432065009869659,9
3100,12.334637976403346,-90.04836376336237,0
3101,-52.76664450921079,47.276830490289875,1
3102,-51.742438333239505,-66.57845816372712,6
3103,-15.264625288557335,-42.235390493493796,3
3104,-31.249036276918698,8.581481059343393,8
3105,12.150319146414994,-89.94368433680143,0
3106,15.678856631791806,81.26714461696221,7
3107,11.491058437390992,-89.86783029022946,0
3108,53.591394207194064,-32.32051247704956,5
3109,-54.65111750483048,46.23607349317821,1
3110,-50.60866759750539,-57.739906908254056,6
3111,32.3549126334119,65.28166938875658,7
3112,33.422690703630785,70.68628426568205,7
3113,59.92514515432522,29.677924262573598,4
3114,-15.011150209152971,-42.241830600154806,3
3115,-51.84113888582538,-69.24467951700292,6
3116,50.6007397030849,29.372942826126533,4
3117,6.199066414852287,-5.7628395527549765,9
3118,-18.682548810447564,0.9786922813442669,8
3119,-54.47504181121716,-69.27914696310549,6
3120,6.736251854059913,-6.142656882750437,9
3121,-18.94463483106957,0.8876551454376381,8
3122,23.009243373810726,78.71013790575935,7
3123,9.323281230652345,-88.26719458984857,0
3124,8.767032619454294,1.6739303273460235,9
3125,54.598717460432354,-28.4485836460612,5
3126,-16.539387892433187,-42.460192590797725,3
3127,-19.04183599826886,1.0700658602042055,8
3128,10.65389153811891,-7.067826817272049,9
3129,-49.34229116979819,-57.427929862069206,6
3130,-73.13468341214927,14.552705906381567,2
3131,-45.73653050441967,-66.17293244567331,6
3132,19.24326856889022,-0.3368757349107752,9
3133,9.158353442696411,37.20515169979391,1
3134,9.489983399603519,-5.96838668288375,9
3135,-64.97077240493103,-61.163697723547116,4
3136,14.667088158346187,-3.317315885267413,9
3137,13.825156287735323,-2.6233504927140987,9
3138,-16.568938104256155,6.005189690763764,8
3139,-70.68572659701564,3.71148035005842,2
3140,14.57956608838147,71.47613442747473,7
3141,-48.5490186434777,-63.63978056071588,6
3142,-10.044701460407872,-27.02158284871438,3
3143,-9.136517919369807,-25.742804792329494,3
3144,28.621220750820445,75.12467123734415,7
3145,-72.23303522763068,2.7058148634606867,2
3146,-45.48686607840613,-51.209796447815314,6
3147,13.504106583355323,-2.5130320960779184,9
3148,80.63615924278083,28.54443047372193,4
3149,-17.09001137679083,7.030446148509948,8
3150,-15.810533979956617,6.137161705217685,8
3151,-71.82587515539919,5.577145708813916,2
3152,42.80930555136514,-24.247794064501026,5
3153,-19.22037459070491,15.307307603628848,8
3154,80.19336833210879,29.135582937957192,4
3155,9.65601688421926,-78.9906245822128,0
3156,28.198800077757564,75.20680953726455,7
3157,79.83401731861669,29.511643286455225,4
3158,14.102321384325533,-3.254850198903154,9
3159,1.9483102808056547,32.179866954013114,1
3160,11.478944975446385,-78.59444862982329,0
3161,-71.73747912865903,0.7524304665086035,2
3162,-71.88881451423089,1.1347219917225897,2
3163,35.93666831331453,-22.26650448473434,5
3164,13.998308956337889,-16.985957748252144,9
3165,65.69994329248526,20.132761460655967,4
3166,21.35312150668383,63.44020157599975,7
3167,-58.40612306874044,50.01264593707043,1
3168,-21.669024309151585,7.393338562272204,8
3169,18.915731875308108,74.73512528533854,7
3170,74.94868964497407,23.50790526686057,4
3171,23.690330300144435,-62.60470942376271,0
3172,-81.87873423102985,9.079621293286001,2
3173,-36.29059967333101,26.149590125450707,8
3174,32.414568884592775,-21.819731947537253,5
3175,-48.78662844962411,-40.39019113437181,6
3176,-45.723898992902086,-53.4579441449444,6
3177,19.066914853728996,73.5768027561351,7
3178,29.643446463976943,-21.434456717410782,5
3179,67.69160292950477,19.11580469833583,4
3180,-71.39546459595861,15.729720467797174,2
3181,-59.59114257720298,-47.92253203327206,6
3182,0.27739617247933746,-17.246274456789855,3
3183,17.749603674544353,74.53343801183593,7
3184,0.20495617478594258,-31.242842112645402,3
3185,-23.437806179856324,12.888379527468413,8
3186,28.972992238240558,-19.787210969206747,5
3187,9.671946454014982,86.98101828147938,7
3188,16.49447459308356,-6.720606257193235,9
3189,57.53756730925326,31.941905997528274,4
3190,28.695032204846243,-20.8219523644371,5
3191,29.7998780712303,-21.762272716618806,5
3192,18.78846007367775,74.0679561061339,7
3193,-8.304614614738485,-28.882631633655294,3
3194,-30.337982696320584,12.186661445906148,8
3195,66.5393712439016,21.22300624733374,4
3196,-11.413374906893669,-16.111258768691044,3
3197,57.91089712806616,40.23679579684507,4
3198,9.12690414132239,2.9594342277292323,9
3199,69.6345504724074,37.692274230453926,4
3200,70.3078860636046,25.126421270909727,4
3201,-10.604690779283684,-30.959615159717195,3
3202,13.818594591487967,-64.83265747729655,0
3203,10.048472674567643,-7.083086967583398,9
3204,-10.756871158630856,8.922040293865981,8
3205,-8.357867469624155,7.539871545920174,8
3206,-56.60492091209727,-43.833594210903186,6
3207,-79.51502573748333,22.739619279304268,2
3208,9.873713682513735,0.10359634685940675,9
3209,-1.1810665931606175,-21.759539691272707,3
3210,12.358341140817217,-62.19893867056843,0
3211,3.542874943529187,-25.52417977120974,3
3212,13.015283741439104,-66.6450525650595,0
3213,19.694158914014828,-60.70538999600307,0
3214,-75.8253863802345,-1.2856994935688255,2
3215,-6.666342245223316,-18.1993338287384,3
3216,11.19270756242995,2.502172038518036,9
3217,6.7786898062240715,36.652020034249404,1
3218,13.894511671137248,-64.25527256221373,0
3219,9.643718196693877,0.03798070248907513,9
3220,13.321953180068524,-61.39196828923056,0
3221,-9.803641300703731,7.019600779429389,8
3222,55.60214293353126,-22.940922105178657,5
3223,-78.40243162960822,-1.639147099752222,2
3224,61.889022309013555,24.026183571202516,4
3225,-17.22906230252353,42.15709772099668,1
3226,-17.02435047031136,44.296626315816724,1
3227,15.43523707521082,-59.829423183449435,0
3228,-73.0998415587621,-8.38628776288356,2
3229,5.372710005370405,83.67299487296235,7
3230,-69.30516360632963,-3.9557656491763193,2
3231,-25.84208304035014,25.570220719776,8
3232,-70.61807952390166,-6.50101379806482,2
3233,11.022756850863665,-62.10071917107645,0
3234,-6.601864197275893,-21.943590756989586,3
3235,32.17352569751126,-24.407712475676824,5
3236,61.91486569060225,-28.0373404199379,5
3237,61.833050127636,-24.029637704206312,5
3238,3.0605948644687184,-27.987898514899303,3
3239,-51.27867892984847,-43.66405843722933,6
3240,16.61466418723066,-9.541024963659698,9
3241,-26.562366892986564,25.547249739124798,8
3242,50.733164602545344,36.080139522926885,4
3243,-21.64055491368873,52.42720637998191,1
3244,-32.44999847411301,15.391118856002953,8
3245,-20.653634605138567,55.05760953450102,1
3246,-31.938028948106467,20.348789283161636,8
3247,7.913003663783199,-8.70757012579583,9
3248,19.917549868913927,0.9282490978311405,9
3249,-31.529036967280675,47.244298414437935,1
3250,-7.302001370654077,-22.94125505659437,3
3251,60.03428993407308,-24.782664021195213,5
3252,59.319293515384224,44.43306523913314,4
3253,-55.16816740794757,-38.90993208304815,6
3254,25.52678445376524,-78.98949802200312,0
3255,0.6184431362769068,-21.806907804923284,3
3256,-69.48392862214227,-3.160111451531279,2
3257,2.348935285841711,81.21332968364594,7
3258,-32.40399731112014,20.01372708704895,8
3259,61.780645171090626,-28.539181478425977,5
3260,39.69871632394319,-24.048577664262826,5
3261,78.35393177335936,23.53895755440317,4
3262,-49.600770586468634,-60.44548351801387,6
3263,1.6715348804030177,-36.049496833682234,3
3264,10.792127054550086,-9.401089880125657,9
3265,-74.21742397786416,6.936157997544347,2
3266,16.854177441000047,67.1109093031638,7
3267,-17.060717658673376,46.53090971616067,1
3268,-72.1489912648356,6.55920454295207,2
3269,36.08934561429954,-18.370846814060798,5
3270,-59.40963807953481,-52.657448307134295,6
3271,38.36701354581197,-21.65908814515839,5
3272,-11.875854091164605,46.084900856347076,1
3273,30.466525415467036,65.10403114086134,7
3274,1.639802905707391,-28.195310397934673,3
3275,9.119109783797256,-81.44212641970775,0
3276,0.8694954569109795,-27.491108826502035,3
3277,-60.36713649363271,-52.5220174744451,6
3278,-15.534227111813754,43.312285641608526,1
3279,-73.35382991956365,-0.35445785603975855,2
3280,-0.0674573204350454,-24.06474907538178,3
3281,23.17507763435439,67.74878776239709,7
3282,78.69417740209607,24.29154193216382,4
3283,-2.1144250332920835,-28.320160998991124,3
3284,-23.05568556223553,9.670273796790768,8
3285,9.368762413886603,-88.64237592919446,0
3286,16.939257500295277,-85.35912390958819,0
3287,-22.750078051892626,12.672401994682522,8
3288,77.96740642012568,21.211781813010465,4
3289,-50.42855387875102,-60.884508404783666,6
3290,-22.117365314091963,12.242007073352157,8
3291,27.761738112059223,70.09240718950744,7
3292,-67.17226230752726,17.054254856134346,2
3293,66.26776998783842,-30.688309494576913,5
3294,-14.474475404457708,40.42041919660158,1
3295,24.191514645533825,62.263860294586024,7
3296,-38.2601253367112,30.68251113834818,8
3297,64.949182164573,19.62525313381976,4
3298,15.255975228980802,76.0597662177385,7
3299,69.17705712197544,-31.44599317614172,5
3300,-24.95786909748783,41.16768201817988,8
3301,-55.95909390596257,-62.74222136686561,6
3302,14.278815538650015,75.86054948100819,7
3303,20.2206071742061,-69.40120506820004,0
3304,-7.05359948347462,-30.668379835745448,3
3305,-13.132205445604408,39.48948873631532,1
3306,-27.85441111025508,5.760659027297869,8
3307,-60.47344963479699,-56.37203761317608,6
3308,53.40727741687384,-26.11335464812827,5
3309,65.46683597160789,24.41366632446875,4
3310,25.65201070052476,28.098879848694516,9
3311,6.142919036904363,69.957563043422,7
3312,58.31597531691369,-29.75592094509548,5
3313,65.41039391114055,23.50657537587896,4
3314,-12.742295673874638,40.337240747483925,1
3315,-10.34568233338232,6.8516146286694815,8
3316,53.630357775103064,25.966216535188313,4
3317,-57.766992799475005,-60.768387699221634,6
3318,25.70231341339066,-64.10827504021121,0
3319,-5.154920652728027,-38.41463508093946,3
3320,-72.51395207601739,17.451060133171982,2
3321,-62.03794348859411,-44.20909657147073,6
3322,24.083084158984448,-62.33506869918438,0
3323,-77.3635751670359,-0.2154288975004618,2
3324,18.185432177833633,79.54558167107324,7
3325,30.728295108911475,-66.59181849076991,0
3326,-34.47377476883797,6.9793379176619235,8
3327,2.9868352897292865,41.15295544141168,1
3328,30.526336533369587,-60.467842209172225,0
3329,-35.55435668753886,7.245743476815625,8
3330,-63.55559544193238,-47.26475269805029,6
3331,22.498051073955345,51.88540155870528,9
3332,26.47662457597434,54.14110570498989,9
3333,30.72358104448799,-66.68109758637307,0
3334,7.578004002357625,16.190402711453146,3
3335,27.37209199276153,27.151197054004044,9
3336,-81.13927115490071,16.44087648792606,2
3337,36.4447336774884,30.101898362177007,9
3338,-41.243695547085586,-35.85026956711104,8
3339,14.893305611396567,68.76063008955262,7
3340,7.860740349994169,15.496854937863217,3
3341,15.41509296788034,-76.53216747111274,0
3342,-25.112497481975403,21.39714142321063,8
3343,-42.861023290966806,-53.83246823374774,6
3344,-67.7443870641126,13.841970229881893,2
3345,45.87086931395498,35.466375101424795,4
3346,62.147927289175286,42.742920517777925,4
3347,-81.78752274737704,11.39657923117605,2
3348,51.426656553545016,33.91943299964802,4
3349,-3.573267342774827,37.0025686110934,1
3350,57.045713944829075,-36.97446278539478,5
3351,1.5024540893245988,42.12947461536325,1
3352,29.206189533412175,-64.75619551924851,0
3353,-21.41263102799582,32.552332538246155,8
3354,29.226900692365813,22.820583212994347,9
3355,54.67602966183434,-33.18066868464249,5
3356,15.995584902794857,66.33692797405887,7
3357,26.478945840721483,-4.473352338915305,9
3358,-50.10808268028548,-49.31615081587132,6
3359,-64.5045157236368,11.937658461787864,2
3360,22.760078651868678,-82.53466549200655,0
3361,-18.69285478169525,5.172432275499787,8
3362,0.42708367750462917,39.143045128140805,1
3363,21.098060339305267,-78.99724575095007,0
3364,-29.27216150783137,46.23301375352714,1
3365,-62.87953988963639,11.379940499654438,2
3366,-17.45358037978186,-24.48831080733113,3
3367,19.338332102298047,-83.19147029058401,0
3368,15.061633127736432,66.31564910301185,7
3369,-55.33485080128402,-48.38411630005958,6
3370,23.36941182310337,-1.9324317875251016,9
3371,43.203073492338305,-26.272076301633128,5
3372,4.175635581469957,31.80014690653575,1
3373,52.01969746839027,31.19580622336697,4
3374,-65.22621978626518,-40.72213444867394,6
3375,-2.2105284049486005,35.329254720465,1
3376,20.474550332018154,-21.116225816407933,9
3377,-14.539565311621189,6.165649911409079,8
3378,-16.70946002131458,-15.662374331204479,3
3379,29.55596989096117,-5.26606990486467,9
3380,46.25548036317026,-31.166835388113004,5
3381,-46.834588834616206,-42.08789813290817,6
3382,-20.203276259677615,9.832758888389776,8
3383,-18.232368483905415,-22.628948799426922,3
3384,16.871638293697483,-74.51223888972548,0
3385,-4.0739156164439425,35.783371457898944,1
3386,9.834490932857454,42.13784647705255,1
3387,-14.405439196427336,40.56057892643275,1
3388,-16.798025402382713,18.474275498259427,8
3389,24.6115441828175,-64.44943306089635,0
3390,23.776218221261693,70.1689343443066,7
3391,-78.63249767995356,24.142467193952196,2
3392,28.837933988492622,66.71228791703983,7
3393,32.30559778876611,-63.419628586518755,0
3394,-54.716830747858765,-50.202335525030925,6
3395,-13.26430233828911,41.715772307018966,1
3396,-25.9206486299805,22.651705733542844,8
3397,51.15101388407856,32.05920606762314,4
3398,-79.12060739786475,23.882844886870746,2
3399,-59.394123449543926,-59.009184559641916,6
3400,54.09900932747053,26.067278344503716,4
3401,-12.133907862135864,42.40771898197909,1
3402,14.470469820835941,71.91438454514928,7
3403,-8.09764997806002,-36.974938133622686,3
3404,-75.87849139300931,-5.706462258814459,2
3405,-55.483728910126885,-50.77434675444752,6
3406,-19.533477032273222,36.828327805534734,1
3407,5.723687366643807,38.24325005953782,1
3408,-55.65885474584059,-42.99130002588872,6
3409,-12.514102773614447,41.398871834686815,1
3410,22.612945218604832,70.07792212001524,7
3411,12.558425481488696,1.836309040797523,9
3412,-10.770479036425055,-38.13096749492118,3
3413,-24.4310577937734,14.195349381709311,8
3414,-59.40843502440377,-58.052888324139296,6
3415,23.46814453643912,-12.555260745062268,9
3416,22.411434330104008,-5.829611663476546,9
3417,22.994137116339314,73.8073909275032,7
3418,59.79557383569214,25.204690317684666,4
3419,-0.9804763033225432,-20.018329787091684,3
3420,-2.3366059924604667,-25.180241076231958,3
3421,-40.57410964330968,-57.09222328353462,6
3422,-17.808639073541883,10.907144755508176,8
3423,58.57585407488588,-28.116719220412314,5
3424,20.75921086751467,54.12004180875227,7
3425,20.69475083099622,-66.96161882565146,0
3426,20.290517877739525,53.60563192885823,7
3427,-57.90642867166666,43.121966212947,1
3428,22.799372612762937,-66.50041540935027,0
3429,-24.570559340639637,54.78806339500434,1
3430,-3.0615985297960995,-29.628907472528308,3
3431,14.762576213821545,0.7892451937200041,9
3432,-27.093510404885215,18.619863389418345,8
3433,20.662922261415375,53.3821260427778,7
3434,-76.5715550206707,5.273270571688071,2
3435,-75.17466210213968,-3.818767771376637,2
3436,15.037639171669229,-0.59430187271244,9
3437,53.60980209734154,-22.07270095513616,5
3438,22.273759528863685,-66.79716111540834,0
3439,-21.3773492944758,15.129144157591245,8
3440,22.841361064264078,-74.99101025648808,0
3441,70.3918582135051,40.772082301534,4
3442,11.553622782828889,-1.7080978079301725,9
3443,-78.49523345833927,-1.8257815654922573,2
3444,24.45805924662397,-65.39634583484873,0
3445,-12.346772829190325,-32.28183957596127,3
3446,-19.892108874610113,14.826591564127687,8
3447,20.77138018542229,54.40125158884169,7
3448,70.29901542151296,39.02507343652037,4
3449,-14.337593123559994,5.971676318514052,8
3450,-20.974439226857953,48.90341613473531,1
3451,-1.1144049395692606,-20.523495406566713,3
3452,41.7526824422427,-18.653977175450667,5
3453,42.45671821833958,-29.243089621558173,5
3454,14.241348839076377,86.56264859163811,7
3455,-62.416546190070754,-67.25066778150418,6
3456,6.4925433326928434,-72.42423313876361,0
3457,-78.9899199230016,10.457888652190865,2
3458,17.64053237029602,-16.997101470555332,9
3459,-63.86165348488922,-52.74374101233444,6
3460,16.63548318683864,85.01005967879004,7
3461,-14.885307413914948,-16.872117979151774,3
3462,-62.56853658800104,-58.21725352717901,6
3463,-26.54390931091256,17.551444276540913,8
3464,18.378353034926377,-71.66217517666844,0
3465,-3.3631890572515073,-21.483307037858694,3
3466,-73.04315246479007,4.673778625380042,2
3467,23.89545459411266,-64.89327806592205,0
3468,-31.214943953265248,10.448071548842124,8
3469,-15.25745488463911,40.61914023868264,1
3470,-29.393232485274353,10.74148767499512,8
3471,-74.76302394827512,4.857481204086467,2
3472,-61.41774800387367,-58.25693544559763,6
3473,59.770376545448826,28.358427281739225,4
3474,-81.68659105236267,8.91863656483957,2
3475,18.215604679399267,78.29217430718592,7
3476,-66.49323176993383,-57.525599475704944,6
3477,71.08753612956428,23.09127841613427,4
3478,-2.311099634333172,-34.54641677477953,3
3479,-61.44876705159537,-47.122571461182595,6
3480,-4.3045743976001525,-28.6789934664252,3
3481,72.74734537565736,20.9811149818405,4
3482,6.009746364188816,-72.3200683172319,0
3483,19.899457187658705,-70.93097098057433,0
3484,7.62032723232129,82.69701237613769,7
3485,25.697322672266772,-5.830186817145824,9
3486,-56.568637189958785,-59.55652866450384,6
3487,16.075798795913744,-0.5105193535977067,9
3488,9.401886879033746,-78.32837198540504,0
3489,-5.292923335755432,-32.040776618732295,3
3490,-22.660355887402247,24.573270337927624,8
3491,-23.02272843250705,24.075672211800608,8
3492,14.894726899522079,-65.07531811269577,0
3493,-68.81004853704364,12.513274550024473,2
3494,12.802273996584836,-78.77213349870654,0
3495,-9.23151820820254,-22.445056749020566,3
3496,7.84540263564838,34.123972901077394,1
3497,5.375337969386551,-67.7353236838526,0
3498,10.400149810747507,-5.177779032483797,9
3499,-6.579626113706578,-31.34374474983328,3
3500,-51.0206898590263,-45.18481583896984,6
3501,-8.59685108372269,-39.498064335252465,3
3502,18.878205332630024,-4.228441141757658,9
3503,41.10638530644085,-21.3131587510331,5
3504,50.58408957740333,-33.17557571476087,5
3505,-63.82909341911318,-60.33548152289818,6
3506,16.888857450069384,1.8603117962060305,9
3507,75.91523258816082,24.18311972721587,4
3508,74.57830144144752,26.432994272349458,4
3509,2.060502495615475,32.57596576160511,1
3510,-75.81275189047236,0.4723208939952158,2
3511,-49.920707365835185,-65.45992956365686,6
3512,17.964236898309,-4.536712837373877,9
3513,-49.896002724387735,-43.143276491214856,6
3514,-55.94772679792838,-60.23493580040881,6
3515,-33.52247922884666,22.69218868433622,8
3516,-57.69927149669537,10.726500683245375,2
3517,-18.22749996697977,-25.2982084172573,3
3518,30.650991347621833,37.310013462406836,9
3519,17.285752606013503,-73.62300655345445,0
3520,13.987423637925376,78.82216731833613,7
3521,-32.92842973176227,28.942692788169758,8
3522,-30.17335523992019,22.894456586198835,8
3523,-31.43565525870317,30.201742241672246,8
3524,24.31623724165753,-69.95006489552306,0
3525,-24.97301356976732,-20.081454566954722,3
3526,-32.918140407924675,28.70290787880519,8
3527,66.39941249676437,28.461653728245917,4
3528,75.52463909514681,-25.28363999429435,5
3529,-25.772047464412665,-20.21467371293151,3
3530,32.484271111219215,32.119137970725774,9
3531,65.8643695329246,29.45194120609341,4
3532,-64.78858139680219,24.098035609484665,2
3533,-56.483432278358634,11.556135134774282,2
3534,56.433713167235695,44.152929586453574,7
3535,21.521082917177317,71.80467161416288,7
3536,-35.581776634084875,25.088543826904175,8
3537,65.54257085599103,31.090125293091194,4
3538,20.21771197118377,-63.284639306539134,0
3539,-24.46595134332692,-22.095834576981915,3
3540,56.1497473290935,34.839019496754744,4
3541,-26.477143393806678,-20.24387332396377,3
3542,19.620445328112215,51.499890799156,9
3543,-27.153034425752605,55.228141804225864,1
3544,-57.767406958174476,10.934068157571605,2
3545,58.160142850772694,34.27462901710852,4
3546,-22.917017057907476,-18.973227261086812,3
3547,14.87248978335021,-61.71665789930708,0
3548,44.3797042916617,44.73890295530795,4
3549,46.66757846309028,44.12554862410771,4
3550,-67.01578893509767,23.809336495265104,2
3551,21.414307226857584,69.2978680705448,7
3552,-76.3216103146276,-8.786101698362678,2
3553,-51.53589084318894,-42.34592734577111,6
3554,-30.269844054925716,21.957185721080485,8
3555,-2.8358655116605167,-24.061800688252582,3
3556,-28.75357473447831,53.79682100741377,1
3557,11.954459452888376,-70.69857521767184,0
3558,25.614906555672047,-78.65446252335461,0
3559,12.472586958617907,-60.87544266485469,0
3560,-56.30213307651515,-41.36507148499559,6
3561,-18.26220541457566,-28.753934838583476,3
3562,19.719012584209878,70.9331534962773,7
3563,-76.31415814453327,-3.2487445619404154,2
3564,-66.65325057818957,16.725223981408735,2
3565,66.50561343080821,-23.58787704986112,5
3566,58.49081901705791,-21.45295225591893,5
3567,34.127015140800836,34.20138093859458,9
3568,-28.03143497066824,55.59811931626351,1
3569,-0.8735368187910183,-23.7713550522394,3
3570,-38.84512189544469,11.455813913889678,8
3571,-31.66993246999788,22.653004815897432,8
3572,-17.131371118753865,-26.187949323247263,3
3573,-29.662299270286745,8.173503496676101,8
3574,52.49027454225998,-29.11076853833514,5
3575,66.60459802224516,-21.77038027863318,5
3576,-29.0102823188672,53.975546569752005,1
3577,-33.080344989356874,18.619749074240662,8
3578,-29.67742858732445,55.37236347224897,1
3579,22.402076116357197,-64.09566540382143,0
3580,17.338886567964632,-82.9561845382521,0
3581,72.27659247342227,-28.600093173096806,5
3582,-23.418392896623544,-30.50552544294208,3
3583,-6.944566810281385,-28.839842760628546,3
3584,-47.53507473673465,-50.21877299286773,6
3585,3.912094915501403,83.32229844409017,7
3586,7.121853153885673,80.67422986491398,7
3587,76.96848084660992,-26.963152666361953,5
3588,2.329037736320828,82.51875354211171,7
3589,-41.547535630342196,24.370585302609456,8
3590,-18.996940241768183,47.17686325944217,8
3591,-62.3810301353269,14.04569533237983,2
3592,-65.43200178988913,21.669368103548805,2
3593,-67.30153499330761,24.5674714287858,2
3594,-34.14534624084541,30.33763846727507,8
3595,13.10628773210661,-61.98874416315373,0
3596,-22.189042978297806,-24.399886439352848,3
3597,-63.73398010863939,-54.0443933881842,6
3598,68.3787757211044,-29.995152782181002,5
3599,29.028851938844365,28.12253859948768,9
3600,32.12343887763161,29.272405459105464,9
3601,-32.60178387777055,47.73209750378761,1
3602,-32.355168956678305,15.1405307276939,8
3603,43.90238409030295,43.71820944654398,4
3604,76.35995877023169,-27.10950003885299,5
3605,76.701145831904,-27.104372318581262,5
3606,-32.131369730202046,48.69720339136682,1
3607,-31.647560220759186,27.68955002947122,8
3608,-65.78072414472214,22.589185075299408,2
3609,-58.75486747840892,3.8805182947865897,2
3610,-19.295489076055777,16.76106436669954,8
3611,43.936107312783236,-17.779083296678102,5
3612,10.255348049540675,41.54292171586183,1
3613,18.341308449621003,80.36104488622027,7
3614,-11.415236189645482,-33.59063547340241,3
3615,5.069899577184423,43.58128431998398,1
3616,10.74222406015994,34.179351739514004,1
3617,-72.82782141924866,0.3787943110399283,2
3618,7.743584472345295,-80.94725994971364,0
3619,10.139835563021073,38.61833771640774,1
3620,66.82093989880664,24.990986748071172,4
3621,5.976402991347481,40.10128713694244,1
3622,13.41569445333596,86.01067973269869,7
3623,21.70503300282623,-2.9566224683530957,9
3624,-69.42088088404398,-2.0101474264426025,2
3625,38.78580550752484,-21.042868571166718,5
3626,-49.18381906929503,-51.41764387468543,6
3627,-58.00182070260466,-64.1112497474361,6
3628,-72.39908114257358,8.901537136680941,2
3629,36.50744520616089,-20.87659261514805,5
3630,-22.14316859391594,16.6674224010294,8
3631,15.137845790399792,-80.1583035997288,0
3632,47.29876089268681,-26.06173281619578,5
3633,9.213714134317561,-72.39414822146568,0
3634,-80.11938794437933,14.329044305356696,2
3635,39.68693428729057,-21.046054225210085,5
3636,17.43191676767111,80.86285413561804,7
3637,-10.188114998290859,-36.43838938622438,3
3638,-9.519353794292542,7.80320060543538,8
3639,-13.913468380269304,-32.81847146134124,3
3640,-75.52068976499561,-0.17487551133105309,2
3641,64.06434133749859,21.11418372444113,4
3642,-3.0568779151804133,-42.02252827074302,3
3643,-11.300866379606635,-37.65567109385672,3
3644,-57.63338069864746,-65.60305208931194,6
3645,-8.134503837033446,5.203761727794291,8
3646,57.43581430217783,-19.547916162793317,5
3647,22.77395615219565,6.834230417462009,9
3648,-7.381445079291132,5.565629988300969,8
3649,-73.01839308537322,-0.28674444773448987,2
3650,22.691141519198904,7.416410398876493,9
3651,-23.870622989195873,43.16772237929152,1
3652,-73.46026861820937,26.174106047385724,2
3653,9.048978285166964,77.00791816970528,7
3654,-51.76382159310617,-66.28936647931921,6
3655,-3.6045085671254142,-42.49048444105827,3
3656,-17.54440302888316,39.50167902987995,1
3657,-62.78302045887189,-49.670195696049525,6
3658,63.53651710103272,22.473535341019574,4
3659,29.006890367646676,71.16805760705294,7
3660,31.169241852603314,66.93934046816503,7
3661,51.97206605765981,-27.98992389585614,5
3662,55.96855342708506,25.575445396233814,4
3663,-3.2847525691021446,-42.41470972665932,3
3664,-11.817323289729234,3.7706577333303146,8
3665,-16.422961031133255,39.34312327041475,1
3666,29.04388044843079,-10.943951832438339,9
3667,-72.58386590573126,-3.1442783990251963,2
3668,-22.78609072291106,39.242063521355114,1
3669,14.756799299198208,-75.48612136288111,0
3670,41.103571420436936,-18.896425555277474,5
3671,-20.606745270724492,39.339689407358655,1
3672,-3.801803213537371,-28.59083278859588,3
3673,24.60710873229087,-64.70897406153368,0
3674,47.74477135229922,39.14222813908837,4
3675,-35.09056240129407,17.232961336217567,8
3676,-27.00487943252823,48.02449067828808,1
3677,22.46924015051084,-76.62160866965087,0
3678,30.693569883659915,25.50864535629002,9
3679,14.13343529436375,-71.5899132943159,0
3680,19.10807779960976,56.30947533348953,7
3681,29.864309443500737,24.467568597107217,9
3682,-4.063297845105015,36.708559904549745,1
3683,38.68336549132215,-18.689362660648225,5
3684,-15.760761801227844,11.864808115144417,8
3685,48.11744345236322,40.192749725919974,4
3686,21.854535698373237,57.312714459740256,7
3687,-6.811563317845519,-38.394769399466014,3
3688,-13.189038971836432,-37.011177509951025,3
3689,-15.46563283379413,16.410446442663474,8
3690,-15.206125808301321,-13.87674989592443,7
3691,-59.14464925968087,-64.78284957947507,6
3692,-78.28870477692782,19.95334961663953,2
3693,-38.77828455626715,24.139999628723622,8
3694,-9.588206950906024,8.13099673689726,8
3695,42.41214869773306,-22.96435623003698,5
3696,-1.6853730795466937,-35.401891580082605,3
3697,-43.43002211340226,-53.6417453900958,6
3698,-69.65186425742581,15.805972759516807,2
3699,-21.376417251633807,55.33091113416836,1
3700,-25.505188603570872,-24.4076531704705,3
3701,-60.92383841985262,20.532557106047147,2
3702,30.53112466394957,-62.361949698258485,0
3703,-66.63086553263685,-43.055461552693444,6
3704,58.42444572255512,-32.09387588989409,5
3705,-30.912519480087635,7.973674512889214,8
3706,72.70273102169186,-23.517112577189508,5
3707,29.525059044762127,64.88342573443136,7
3708,10.002188021012467,-24.700296199442523,3
3709,-8.998625111617134,36.25879400518654,1
3710,-13.102476294783324,43.70778705083088,1
3711,-74.31022622115509,17.877182607725178,2
3712,30.955715251237,-72.59260769451465,0
3713,-74.31230764906721,17.762000773970087,2
3714,27.10300716213209,21.962017238621435,9
3715,-41.439528802015374,18.00561603986473,8
3716,-61.349798328171666,-42.26706519625604,6
3717,25.472852211257216,65.80275774483071,7
3718,51.24771630258999,41.53592921632439,4
3719,-18.137924607339937,-16.958959981507554,3
3720,-75.9081428658465,27.212934269516573,2
3721,22.968650816230273,-67.59963533326929,0
3722,-12.851992352099796,44.5735066229272,1
3723,-12.861926445284805,43.835156778842055,1
3724,68.03343716500929,-27.353990595051332,5
3725,-38.067465596248105,24.368003517798066,8
3726,15.070073983179862,-69.41265586037206,0
3727,59.0724283509111,37.671448950765814,4
3728,35.36571017092602,65.33781913132354,7
3729,14.90620099971481,1.0004191749434956,9
3730,29.954207091077027,72.68735309822796,7
3731,0.8979009229603184,35.32826262430227,1
3732,-62.00881014321058,-55.84566337209529,6
3733,28.646356973754642,-2.8785739171041733,9
3734,66.41824942117816,-29.517482302180955,5
3735,-19.376005188507673,-26.770829302364405,9
3736,-57.43030086285962,-61.506791787041394,6
3737,26.917053063166946,69.63144735529852,7
3738,-26.637153469719685,13.449978776525883,8
3739,27.14041033302223,-75.53475611059102,0
3740,23.309332706834883,-1.8171183764950252,9
3741,-25.146804262818115,43.91684463910593,1
3742,-74.39710428634244,23.99973740637997,2
3743,-24.8330426943523,42.91838862140995,1
3744,16.115474586698927,-64.52979254774372,0
3745,-21.09845825476885,20.74336360946645,8
3746,-61.985210489159044,-54.310341932509104,6
3747,-19.5101591660974,38.57217262733414,1
3748,68.50449399699228,35.22783477778361,4
3749,-2.142623831509819,37.06099197904592,1
3750,73.6188244144626,-26.87794847505501,5
3751,12.922250462111442,74.12113134589967,7
3752,58.01161327594156,33.870285746343534,4
3753,-63.202585841442506,-59.87070714609966,6
3754,-15.990429392007014,19.545576025546453,8
3755,22.15962437862871,-9.298358396895486,9
3756,63.12722379060755,25.46431367747513,4
3757,69.08377749557421,-27.540160213612427,5
3758,68.68261301498636,35.31431940169929,4
3759,10.577495187118046,-64.39437920693021,0
3760,14.908094194181324,86.73620863133405,7
3761,60.71952174125099,41.34348695775929,4
3762,-74.26168932743575,27.360992750525302,2
3763,-31.737547112390484,48.37115352102104,1
3764,-65.73598241017807,18.423121196969056,2
3765,59.73136341801629,27.7030115702687,4
3766,-11.900955273028003,-34.5784727217061,3
3767,61.05823748555985,39.952366157162224,4
3768,19.68329586194385,84.07477832992524,7
3769,61.10724611170643,29.05813327953574,4
3770,-12.517348313900255,46.55265115033362,1
3771,-61.897715393773346,17.925204653001014,2
3772,4.1934714365242325,38.93475866166884,1
3773,29.42703451849653,25.552937011697853,9
3774,33.16292152904546,34.65258707849259,8
3775,59.62875198940002,29.043335876881045,4
3776,14.336685996947836,-59.50473212587392,0
3777,14.65233463264383,84.78240140868621,7
3778,-28.131506508020802,6.110040062311574,8
3779,29.538529524729228,25.782477292619056,9
3780,15.752817659161247,87.24227251048414,7
3781,-73.5651747416432,24.640512461171046,2
3782,5.1784646235047855,38.53170625481161,1
3783,-15.43803605986798,-15.386503382567383,3
3784,65.6704968593928,-27.74866059223624,5
3785,-61.34809660989568,-54.680270335049435,6
3786,-23.7848891445506,22.25176084088523,8
3787,-56.10115687375194,-60.68368381497952,6
3788,67.78830489516372,-23.495873738420364,5
3789,62.41096608116359,28.83852309518751,4
3790,15.387428579980405,84.60994004242467,7
3791,18.517959849548813,-71.53076090147822,0
3792,11.105810693486829,-81.60047441623702,0
3793,59.59923742117021,-21.16932858380331,5
3794,24.194702408952708,81.99342060005011,7
3795,-72.53913381937966,-5.529384994439852,2
3796,64.88347290144202,26.828339591319832,4
3797,70.96036670123478,34.13676041705079,4
3798,65.80672242023905,33.80489955494162,4
3799,26.332007137485213,-19.580557994490558,9
3800,22.959598219921375,-16.474086176232134,9
3801,19.83053436181092,-72.31719462434704,0
3802,-7.559855428615218,-33.986415864008315,3
3803,19.49890653435943,-74.0811189185004,0
3804,0.9996265248440825,-24.921226063600404,3
3805,71.34386103710828,33.42241739282623,4
3806,-36.06197633378369,25.12570773145596,8
3807,19.562831222221988,-74.21224527881769,0
3808,-14.487006688420337,-41.82646827902039,3
3809,11.035504154173744,-86.85602597186922,0
3810,-15.0409100602978,46.05808172351878,1
3811,4.798421117508549,47.0235483959303,1
3812,66.09035794438637,32.685256052863984,4
3813,71.87781315512933,33.56826276031685,4
3814,-32.25513762708844,32.954480919390576,8
3815,16.222166290572705,-11.991138828947243,9
3816,-4.05722363479533,-35.01304033288704,3
3817,19.981077648358436,-11.363710209575485,9
3818,8.92568995458283,-8.047417759050028,9
3819,72.95289609408704,31.383421126673444,4
3820,-56.999637016779104,-60.72605906815417,6
3821,-55.8650293302236,-68.54147706570234,6
3822,26.624576314624463,67.20179984921131,7
3823,25.625801470525303,-75.41508682323908,0
3824,-5.771046268476864,36.651196775594954,1
3825,-52.42427305436343,9.207473604199212,2
3826,-5.888700777817692,-35.9652580109206,3
3827,71.33112758428236,25.201380681279417,4
3828,25.54891245692767,-11.748917594505558,5
3829,-63.20967906001323,-43.10997611402064,6
3830,15.703746131524978,65.58997366144747,7
3831,-29.162775621953585,11.20859077723156,8
3832,9.9572375787295,-1.3137379488865295,9
3833,32.020841608011025,-63.70068667310475,0
3834,4.283010813808845,41.76006333980288,1
3835,-79.38146914356204,2.8948659741457448,2
3836,-18.301012998212645,-25.346303164432594,3
3837,61.34065484408804,31.177732279247504,4
3838,64.25573267074087,-20.622045270304827,5
3839,-51.527906699930085,-41.608869802198285,6
3840,19.740144237839438,81.36830010267028,7
3841,-31.843203019803504,23.114633035512213,8
3842,23.725962347169972,-17.169488661489222,9
3843,16.208988261024857,-64.52511886712472,0
3844,5.198778795102685,36.80940363928906,1
3845,-71.8380824295432,11.364925169180779,2
3846,-18.510114180118588,-18.07689824454892,3
3847,62.06943826485013,21.25113972949058,4
3848,67.81535291865112,-29.199740074531466,5
3849,-62.16729795662789,-44.35507470712314,6
3850,33.219550088780665,73.23893015138368,7
3851,-28.554924419731563,17.539221801581178,8
3852,23.420119308658972,-16.517396382549478,9
3853,32.61551862096365,-69.95830261334541,0
3854,23.841037259908585,-17.646070660377674,9
3855,56.561652876906585,-19.179666258854148,5
3856,58.41436800630775,-16.12866559079423,5
3857,-49.80379105946962,-42.42651933034527,6
3858,58.38449792282716,-16.192138828767046,5
3859,21.606705195389058,-63.02304682416637,0
3860,13.998993313767393,-16.991976051276147,9
3861,-35.7199342195528,27.632766805840184,8
3862,25.8054402598765,-8.753304071636657,9
3863,-30.363849920542954,20.022885057967983,8
3864,61.32206045872186,33.152332757531845,4
3865,1.9713462331327938,40.62969788086106,1
3866,32.25770033669775,73.78958954813707,7
3867,12.943588405529292,69.75709032060529,7
3868,-23.26996925333018,-30.613830073143035,3
3869,76.05689799669756,-19.24898740649869,5
3870,-0.6861189947554159,33.39527083988688,1
3871,17.28786553147651,-81.31537873285,0
3872,15.970978426815417,-76.40788699406649,0
3873,-53.790747637078184,9.238324314916074,2
3874,-52.359801107796386,8.316582145192553,2
3875,25.33300016512319,72.38797716538237,7
3876,-23.69485711627271,26.335729952295686,8
3877,-52.22010251004805,8.246797164611815,2
3878,15.2903199746402,-64.06836735982071,0
3879,3.4514167327869236,38.8458201717149,1
3880,-52.42360672415713,9.108569840541229,2
3881,-61.08048903152064,-45.5021055772944,6
3882,-22.219990165385816,-24.426061374962437,3
3883,-23.790094080238752,-29.91790477041136,3
3884,21.389168738738736,81.83529467649089,7
3885,-24.14647463160732,-28.873085671461965,3
3886,-22.89627024139119,-26.38586288447329,3
3887,66.63637293666501,27.71636162204196,4
3888,-53.50999061035105,-49.487814055439635,6
3889,-60.83730286151683,-44.187638885467756,6
3890,-64.33552460627291,-57.064243618895055,6
3891,56.760866805749274,33.282689827621674,4
3892,19.734184953874816,51.47907333626668,9
3893,-1.4005542033531808,33.43559362402356,1
3894,56.64041998136285,-17.761429017229272,5
3895,13.263019660956527,-64.59504420475025,0
3896,23.784805685134902,-11.86329027590202,9
3897,57.25552846816981,-28.42012384053319,5
3898,-52.02054989623408,8.21306718771979,2
3899,-31.767225143269407,27.040311714272168,8
3900,-51.68181825929229,7.967663991270216,2
3901,7.845645594442229,-77.35004070848933,0
3902,11.055794427613755,-74.17834921080333,0
3903,1.2468271850142199,35.984448677309786,1
3904,12.878373496959863,74.80679410566479,7
3905,-61.75448150707934,-43.8684662686009,6
3906,-24.762105264788488,-26.84892808136054,3
3907,-75.95712797616804,21.78814476218993,2
3908,-3.7263340231704016,36.317505011114605,1
3909,34.79351756581867,70.47671996162093,7
3910,54.567725402604594,44.25303624408982,4
3911,-55.13739916692856,-42.77606105766944,6
3912,-24.36029382651416,-28.326813044543684,3
3913,1.9401085450224749,40.95416652001451,1
3914,-24.570720539674124,-23.330699650935845,3
3915,28.609123226002172,-7.604809342962268,9
3916,-5.333358909512854,36.54803559207899,1
3917,18.147899296074357,81.56952973287133,7
3918,-66.8185707928434,-43.08111086297519,6
3919,-34.111269850886224,28.32847544371761,8
3920,62.55457227189954,23.71552306566236,4
3921,-24.279527239271093,-25.911962377463833,3
3922,-28.513645231124645,46.502532183662716,1
3923,69.96491135310552,26.064977579832146,4
3924,3.3992057223828303,-67.84669127846854,0
3925,59.52509112008872,-28.2517806340769,5
3926,-28.36146058283999,-16.835116213572125,3
3927,-66.18911266602454,-42.207111928487656,6
3928,24.110754759152556,-15.456780332031286,9
3929,-56.659859066270876,-38.69708447881337,6
3930,6.63930561535338,41.83481913253822,1
3931,22.197283047361605,79.38378939785069,7
3932,62.742735933942306,-28.218799181079387,5
3933,54.89786586973509,36.43394876588033,4
3934,56.54978969811299,34.522068603869585,4
3935,16.574259785956663,80.40415461892309,7
3936,-62.222268995722295,10.77675526034615,2
3937,-25.597108374596072,24.996083079087626,8
3938,-53.305287230507325,8.607959811640933,2
3939,-54.27287945361273,9.258077037493653,2
3940,69.04540606594732,-21.74832342436951,5
3941,20.95645754776859,75.9265758534424,7
3942,22.004068159358145,-18.308160107550396,9
3943,53.666033808164,-19.732374042603226,5
3944,54.98949619652826,43.78074162064331,4
3945,-31.70209610973583,22.37576605435763,8
3946,-33.447543404634274,10.741689540272931,8
3947,61.06606801300889,33.54511346199799,4
3948,16.55001565691788,5.81728249902552,9
3949,13.75833444988338,-64.36115640029233,0
3950,-34.9761279434322,31.38927264780161,8
3951,28.543836132347845,-1.9459796926360127,9
3952,-34.50561257696124,33.90757316023332,8
3953,16.37158093251811,-73.29396424265701,0
3954,10.766328678973737,35.85006504533488,1
3955,-70.78939418550435,19.808946997134996,2
3956,-25.509729863323336,-24.401934855457178,3
3957,59.25408344066795,13.099140235548624,4
3958,71.0210352697727,-23.453769190027145,5
3959,-48.72303555905769,-62.21926246778439,6
3960,14.749787037516018,83.92507146603482,7
3961,-28.38705068807649,14.960761700695805,8
3962,23.92833460034329,-14.03688659984929,9
3963,22.672740996126503,-63.77944632946102,0
3964,7.192527891462645,41.10670062433989,1
3965,-67.07134888529066,20.573022941070857,2
3966,-24.396982094748587,-28.68162142222,3
3967,60.657373172841524,13.015004072804285,4
3968,69.66262114107887,-18.800165143191556,5
3969,-42.80459322902383,-51.0961460898076,6
3970,14.130800019865655,84.95909596128979,7
3971,-26.757296359894642,10.843459011247107,8
3972,25.829182066207,-11.417695253813784,9
3973,10.677675603075652,-66.47290516213708,0
3974,9.245175189285668,41.01258699240892,1
3975,-61.23717014436967,8.156345982942598,2
3976,-22.600492001147348,-22.41647973088951,3
3977,61.219732456118216,14.618252397888066,4
3978,75.35666120298576,-27.03109086622949,5
3979,-55.44766245943644,-51.16333230668601,6
3980,10.271864687242191,82.57992289354274,7
3981,-22.448556712139077,29.23815422002704,8
3982,24.15449578729138,-13.057162820395696,9
3983,26.967633848499645,-65.32502204139674,0
3984,25.474420095548115,-13.66166148013474,9
3985,69.75752058932162,-21.26899011596956,5
3986,74.198041180282,-25.52914292828741,5
3987,-60.45955733658367,-62.0472217877699,6
3988,73.31856550924768,-23.73998803617447,5
3989,24.15411206407806,-67.40514030957544,0
3990,20.278629002022345,-20.308079639033526,9
3991,-28.69156962915241,14.963440873160875,8
3992,22.222594522949063,-14.800296225118418,9
3993,-26.34538514730836,30.064644416631722,8
3994,61.98052439969958,12.831429637261177,4
3995,6.129985815060595,38.03391826624777,1
3996,25.456611837806346,71.3768536120351,7
3997,27.818238649258888,76.89121077751018,7
3998,-21.525452069914127,-22.851788380476624,3
3999,68.31900709788927,-23.064535122000912,5
4000,10.318581550146854,40.04135455815121,1
4001,12.077286501350821,-75.06453952505605,0
4002,15.053071605184106,-63.14979434861875,0
4003,-64.43731116517107,17.791055243103184,2
4004,-67.18159700057215,20.024117469706052,2
4005,12.732614800631042,82.47546524138026,7
4006,-29.180200684891012,8.74333022983009,8
4007,-76.23766115796427,25.209443897166494,2
4008,14.248033664194613,-64.1804512056359,0
4009,4.701634530453092,37.130509469744545,1
4010,-76.31275674565236,17.842938467838536,2
4011,-61.65801597414831,-57.361502998456395,6
4012,-24.522841341172917,-28.46125573038172,3
4013,-26.05859341569337,-28.63657344121807,3
4014,9.643279759847257,84.87570922511095,7
4015,-17.2052473162393,-18.23602846659051,3
4016,-23.037488905428418,-27.922280839926845,3
4017,62.733197981695014,15.273430506206576,4
4018,-55.42619200038675,-45.85528205213367,6
4019,-61.81884875310145,-56.8702780145036,6
4020,-59.3753305133494,-61.54302797017684,6
4021,64.30848693013367,13.181799468585794,4
4022,11.276747144986077,2.228383056858501,9
4023,4.754964967073302,42.8695543511638,1
4024,69.60326953848461,-23.358130775290764,5
4025,11.690298407732133,-67.82458585967909,0
4026,18.974047428218878,3.8514639964201796,9
4027,75.75143731232099,-26.134768253577374,5
4028,-60.779247726218514,2.5016221223276967,2
4029,-26.53545249185208,30.01105915362466,8
4030,-65.88394909526497,18.284939019247748,2
4031,19.425052120155943,-60.64990801742102,0
4032,10.632813130007138,-64.85176020990332,0
4033,6.366360651718804,38.53973355648437,1
4034,5.354922472759059,70.16771406153363,7
4035,-64.02806112255438,-57.41685842817302,6
4036,-24.740795902389767,-26.886429741682928,3
4037,-67.6132841998047,19.301928864032917,2
4038,5.966639028709897,44.82367324524063,1
4039,9.683297131479563,84.45566445557013,7
4040,-24.889899849379457,-26.923448778565234,3
4041,9.414022704313647,41.81219861731932,1
4042,-23.313720859603006,-27.35049055645356,3
4043,19.374438084711656,4.360682149407068,9
4044,2.068947588640015,37.747253190748054,1
4045,21.77075118773805,70.39933758011072,7
4046,-52.20618208359208,-42.36519344756854,6
4047,-32.94808100440104,8.41704487944505,8
4048,61.32040433402043,13.144439225982984,4
4049,-17.36101457093788,-18.899907606976083,3
4050,4.589684713190517,42.48051430360528,1
4051,61.30853977687726,13.474870315255648,4
4052,10.612112580533559,-73.90568638427541,0
4053,72.8176876866303,-22.922955526076933,5
4054,-18.482941273284833,-17.541414011844644,3
4055,-42.66457907975745,-55.830526454548334,6
4056,25.364932191356438,-12.753959472405185,9
4057,-48.03913034803059,-63.17318556081509,6
4058,2.5616753340687546,37.84197314384491,1
4059,10.66685949524425,81.55244522331131,7
4060,71.9911527659992,-24.311500061618837,5
4061,64.32630254040843,13.30212132800865,4
4062,61.58503399479338,13.995550657654642,4
4063,11.260333128301195,83.60153136884323,7
4064,-76.44032534354746,26.23184298201572,2
4065,-23.86651154514416,29.598422820991914,8
4066,-73.66724605080836,24.639138681116595,2
4067,-64.32473477233044,17.77246616865007,2
4068,73.20228632619227,-23.93543941532087,5
4069,71.53198101186712,-23.561272420160048,5
4070,67.67795596003303,18.216456735583186,4
4071,-31.84714157270252,10.870548403181896,8
4072,-32.890309980148366,10.389699301458615,8
4073,60.73168575509944,13.108445254347105,4
4074,10.084093079125259,-2.7006645491636103,9
4075,12.385405395931492,-67.46606416055461,0
4076,-32.73653069670549,8.607019377382306,8
4077,12.542070150771922,-0.06088472539378771,9
4078,-25.076072529703264,24.298772804156023,8
4079,26.98586809601113,-79.78220752731802,0
4080,-25.7976334465406,48.901265216329705,1
4081,-67.5612629676749,14.506533982876851,2
4082,-5.861111101793966,-36.542476874199366,3
4083,55.849839837283135,36.16429561303437,4
4084,42.59933345234635,-18.976614555530375,5
4085,-51.40050874886503,-64.61316533880125,6
4086,20.43651589247697,67.43233864569844,7
4087,-13.959086110009363,12.181939300423247,8
4088,31.033437237504433,33.22729031205083,9
4089,16.667844992819624,-71.45180627083452,0
4090,-1.113924594436511,44.843367436137555,1
4091,-68.61730250003828,15.513431773408687,2
4092,-11.980540320722175,-30.858108558014965,3
4093,58.18507981750787,36.52657164620191,4
4094,70.17914261505204,-19.565269318530767,5
4095,-53.60194190689104,-57.75736898885165,6
4096,10.576020669310319,77.14646155204973,7
4097,-37.50051301424224,22.910895321437053,8
4098,31.264960410471218,36.04009180075269,9
4099,23.99160977453609,-80.04229646746822,0
4100,-6.140904946037252,44.2912538973204,1
4101,-62.774609693514805,12.676036596779145,2
4102,-6.894414168327706,-25.098436248140946,3
4103,55.564292335016155,39.01630198770518,4
4104,52.54654375340665,-25.374545535945135,5
4105,-61.74139637577429,-62.55746495798007,6
4106,27.67962185784218,72.4067427394748,7
4107,-39.42576597511582,24.119473903723954,8
4108,24.91509835203074,-5.180699879522116,9
4109,27.406006983864312,-80.6260765733081,0
4110,21.377287382284237,-20.125294371914393,9
4111,51.17535782803799,-18.969959387763286,5
4112,50.268503441199,-33.942939694975216,5
4113,-50.280062668144886,-53.89097916343346,6
4114,48.37757481213606,-35.176247866677194,5
4115,27.209638500861345,-81.80188926337749,0
4116,16.780623996203055,4.616008901012094,9
4117,-31.679035711281983,13.840444106045759,8
4118,25.005409355300213,-1.1813933779850472,9
4119,-20.265843363597615,16.94181558499734,8
4120,67.67754987749305,34.222340031429674,4
4121,-26.062137459230915,43.56741945066711,1
4122,9.624366721194217,77.93118704650749,7
4123,29.18689116440779,77.35253830649245,7
4124,-12.341871801523444,-30.228604888514496,3
4125,49.827437346639464,-18.373445139736496,5
4126,-10.36864526341147,42.71178140745806,1
4127,17.120646866998293,-82.04822186275143,0
4128,20.984137557972044,-80.79780788371508,0
4129,-67.28362154246315,24.889406351829443,2
4130,-65.18044459246633,20.42539821982129,2
4131,30.642102338253977,70.88778983856048,7
4132,-11.725494108177495,13.30355821325739,8
4133,-66.29476909713671,14.636418305400547,2
4134,22.321184774660324,-80.76983610126575,0
4135,5.5259146517287565,44.797783661109136,1
4136,-69.12356528327929,16.52540713955203,2
4137,-49.99905416537441,-67.13123919383744,6
4138,-12.452308690701306,-40.39908783431522,3
4139,-12.473586552289204,-18.691889471350464,3
4140,31.26181556517672,64.76858387919607,7
4141,-11.307683808466628,-32.471171788010615,3
4142,-11.831458769867874,-32.7340157407888,3
4143,60.58273176800572,36.24414706949992,4
4144,-59.00880451998238,-54.329677305603845,6
4145,-58.95988977873135,-54.24038599940879,6
4146,-50.48896089209701,-51.6876344063902,6
4147,61.15774506640339,37.32106733474328,4
4148,30.677684307099096,34.62722299148128,9
4149,-28.266975376424732,49.2860923533266,1
4150,62.047204593651536,-22.74406602808876,5
4151,24.749853813937133,-73.20690774553107,0
4152,30.246868001523364,35.92085951264774,9
4153,50.34814279538388,-18.61708840164959,5
4154,-65.36727889883043,14.550519073783084,2
4155,-17.784428603832623,8.116422813685427,8
4156,-66.4374908385078,24.463415118344496,2
4157,20.415637271306192,-79.98300948812971,0
4158,25.546690305795835,-73.2303570771508,0
4159,-2.302587808301207,45.282436211397226,1
4160,20.454995613766783,82.14197861644148,7
4161,-52.046836984730085,-43.675916067000735,6
4162,-12.283829816185401,-30.617925312426657,3
4163,-62.378539368857965,15.950045590105702,2
4164,-1.65973614017156,45.353059200795556,1
4165,20.63787853602829,83.15594065908455,7
4166,58.714646133097,36.3512972295717,4
4167,-51.19689725932652,-63.48928168489787,6
4168,-16.256368491565564,-26.026198310486638,3
4169,-24.71136824237618,50.10735930045775,1
4170,-12.607084136177148,-40.644034689456994,3
4171,30.91979769024001,33.742331896721886,9
4172,-26.07806876685836,53.882798195780765,1
4173,13.09794557332036,84.54812790283987,7
4174,-48.870547687736895,-54.61200335424247,6
4175,-24.082686422618064,16.61345618608588,8
4176,68.69546054714371,32.608103455406244,4
4177,-12.88319320282532,-41.30204526600577,3
4178,-27.644495723968657,56.312056483228794,1
4179,53.145905869681215,37.53578751908665,4
4180,2.865639261035777,-70.93900183366252,0
4181,43.54385397707921,-23.001406337983504,5
4182,-6.655869396351325,-22.93820930874164,3
4183,-54.24051495549357,-57.62288091225862,6
4184,30.38657124955657,35.49111107145509,9
4185,-62.58293323342893,-51.46841545696671,6
4186,-27.61549162914229,42.426152683113905,1
4187,13.029726482902321,86.67124705168084,7
4188,56.82178900927463,-21.476883296594217,5
4189,75.40714350205451,30.62084988438681,4
4190,59.814849730010636,34.36131543190513,4
4191,20.513911422492843,82.9239117473829,7
4192,-63.054349840753915,13.552817531949879,2
4193,-22.147053282018252,11.148168087974524,8
4194,-66.34238386225604,24.522101871888545,2
4195,-70.80657904667694,17.365912326500137,2
4196,41.212018985073875,-26.96325220037943,5
4197,25.22168335298323,79.49586878671784,7
4198,31.41864738242027,26.883718439519356,9
4199,74.66133427095617,-22.45165804133855,5
4200,60.98433094979316,36.637960321263506,4
4201,-17.811891918348266,1.2208260759689253,8
4202,-15.081988981183775,11.488943790205427,8
4203,60.75154859971297,33.198298141156044,4
4204,33.18970481415118,23.969824659656126,9
4205,4.6465752254890855,-73.71513891796621,0
4206,-37.623072601767454,23.426952761267803,8
4207,31.713705939985786,33.782270872787116,9
4208,-17.13051955073429,-24.371297032700138,3
4209,8.108055834346837,-72.53730058854798,0
4210,8.764258489193159,33.41791237429465,1
4211,-77.28447662717178,5.916678575142044,2
4212,-9.840416625407308,-24.480064261233146,3
4213,64.1722935886548,14.388341138373596,4
4214,51.24662954009947,-15.803531442732469,5
4215,-40.80763221146906,-55.72782925855273,6
4216,29.296511403276686,55.50647225818437,7
4217,-13.570442738615391,10.110802383365643,8
4218,28.7450643933481,-7.340324419170878,9
4219,10.590433319026051,-72.98676784887896,0
4220,1.5049605039469551,33.76243535628005,1
4221,-78.79913094882819,1.0213832798775664,2
4222,-2.4500514780450544,-36.25309522986252,3
4223,67.63245194655293,41.67660025415409,4
4224,57.940593433919474,-23.27612696967376,5
4225,-39.55267664388546,-55.67811108089709,6
4226,29.66833675254615,55.68352338871798,7
4227,-25.355280068646202,15.554579151664067,8
4228,19.642264091987713,-17.74589483820107,9
4229,12.449896037935808,-68.29436984322314,0
4230,2.809497283398733,35.88391930568294,1
4231,-80.2077814744659,11.512408033312264,2
4232,5.592586169082226,-26.150932656978902,3
4233,62.000583262158166,15.508969220597573,4
4234,57.78024485847095,-23.12808494169757,5
4235,-40.917052722852745,-53.69281641578019,6
4236,30.030303341637588,55.79557834253777,7
4237,-6.912516379635401,5.329424467720625,8
4238,19.535713407619586,-17.97007491860173,9
4239,22.951248528353894,-65.41390373696356,0
4240,11.83350691123952,-3.2168816551706967,9
4241,51.32384519990521,-15.695631226606325,5
4242,56.225232812474395,-25.187852747403483,5
4243,-39.01687080926159,-55.03138330638056,6
4244,32.74738218948584,-7.47762648688296,5
4245,7.337711489593173,-72.06109008548222,0
4246,11.453863468341252,-3.5467872208820515,9
4247,-17.178943820309115,14.881612684268493,8
4248,17.693788710456705,-5.107530584764144,9
4249,-17.59027541546526,11.973651866567142,8
4250,60.098884403372196,17.14737261967549,4
4251,5.009243802337269,35.5033650960906,1
4252,30.401671916287732,55.78252587109457,7
4253,23.723781946907803,55.542514063222164,7
4254,-1.1654305325249334,-33.81823738769629,3
4255,57.67283027862304,-22.877316787948086,5
4256,1.2534015025378757,32.860485579742395,1
4257,12.448427479884783,-73.80308499833684,0
4258,13.618085925333965,-70.1637204992393,0
4259,-77.72989277460573,0.08105271181120935,2
4260,-73.6580323263235,4.300931277781548,2
4261,29.56236668447505,55.61922210801388,7
4262,-10.192080846860758,14.44850035856532,8
4263,-76.35166926636782,2.8126700964770732,2
4264,13.382318405178369,-80.38329135316565,0
4265,-58.8140297042701,46.500734425960644,1
4266,-78.89968302741434,-0.3223119006854175,2
4267,-44.5284378074929,-59.144097031547346,6
4268,-0.5987438030673111,-33.28999987042677,3
4269,-2.191750760802644,-37.576020180506205,3
4270,30.672788510256165,56.19558011000637,7
4271,-0.5100059212316267,-33.039538139195486,3
4272,-2.7259056043210084,-38.2999605159375,3
4273,68.43910107545813,41.086491836523614,4
4274,-41.218803900120115,-53.58095894273303,6
4275,-39.94294017343048,-55.74245980792253,6
4276,-41.37699613816595,-53.44258495888094,6
4277,62.387224414179606,15.817081104103256,4
4278,17.681809277988606,-4.9784533960115445,9
4279,5.034168549710953,36.324173129185446,1
4280,45.51841880651526,-17.555965152636663,5
4281,22.45191522416434,-68.96894309043482,0
4282,11.363579566610822,-3.283657239390423,9
4283,55.80858567494302,-25.555077813284658,5
4284,-78.38781389815901,7.185341392930466,2
4285,-18.311724629225214,12.594214880837624,8
4286,-75.64309471662034,11.836943669012141,2
4287,21.917696088380577,-73.89980579922766,0
4288,6.614479871286633,-75.01541914243367,0
4289,-1.1716177342624157,35.32725127408611,1
4290,30.586651234123117,55.93998870896532,7
4291,-57.006600550876016,-46.87832575076904,6
4292,-2.3749142813398856,-37.35860117421741,3
4293,-80.72727148244068,13.953906806789277,2
4294,-3.3418669362306392,39.64468390759544,1
4295,27.34881929106362,55.539131292100286,7
4296,61.530191704545764,21.076683340302367,4
4297,-41.4203919111051,-51.584178265728866,6
4298,-2.6296352888865178,-38.8008852696969,3
4299,3.1482485637462867,39.392062144276636,1
4300,-8.48208697587292,-41.84982191105972,3
4301,16.41906698037733,-3.711843030851162,9
4302,1.7567749795169538,34.5558661398881,1
4303,31.462327552329715,30.56162407753562,7
4304,-38.96462527900972,-53.39676523179425,6
4305,-18.21686810525913,9.440425190010524,8
4306,68.63578869966365,41.017731701457635,4
4307,-6.606149765460234,-40.60269188060192,3
4308,1.160833654659924,34.02556559234712,1
4309,61.38117030909442,15.901383403483363,4
4310,7.9880508181689285,-69.07286749360198,0
4311,55.55443059173811,-18.804675295653386,5
4312,-3.8750796495190403,-39.48829391240663,3
4313,-41.240603840921736,-54.26890163258268,6
4314,11.327173822054101,-3.4427665903453883,9
4315,-67.93162773698639,-41.29796993541922,6
4316,3.958875501802883,35.60535986473097,1
4317,30.344199278513198,55.99038711052142,7
4318,56.819677403008356,-24.54260999003092,5
4319,59.874628313012984,21.20524488332595,4
4320,62.572686747280564,16.41200501859284,4
4321,29.838752118397483,55.64054329897344,7
4322,-77.97590218123906,18.716749022562226,2
4323,-8.284299250482867,5.126070150013284,8
4324,-78.58632305669725,12.365610343983429,2
4325,-53.17468830573199,9.79435214660012,2
4326,66.67307826127578,-24.097596472229075,5
4327,27.754457270235797,55.61209768012956,7
4328,16.696012718260068,-4.490832977585575,9
4329,60.20825981124399,-34.89251668580412,5
4330,61.022367082982065,21.847761113073943,4
4331,-25.35075143721403,15.656989936241617,8
4332,-24.34781118111046,21.362090203993343,8
4333,64.3368650489121,14.23745746250167,4
4334,29.792537513711174,-1.0803417090815761,9
4335,19.096499245407305,-78.3644173323857,0
4336,-14.628811670476422,7.879896740466923,8
4337,16.742434446823115,-4.354592189705955,9
4338,-17.408363906753973,12.922353414981004,8
4339,20.550947520736678,-71.59626532658827,0
4340,-57.777916994840915,48.34279937824058,1
4341,-74.34494353060657,-5.590906519343762,2
4342,-0.1776340455673525,-15.163219402716132,3
4343,60.572817912460415,44.44735359978361,4
4344,45.0601219576318,-16.312188673205522,5
4345,-56.52913495282532,-48.34204700782493,6
4346,4.757305209870327,70.27758161233182,7
4347,-35.79582654873983,6.604069323186194,8
4348,7.098864320565543,-4.815470666599846,9
4349,19.083897098150345,-80.71629033980898,0
4350,-58.81474735484978,46.20412298046975,1
4351,-81.91146758088021,1.0495601861846755,2
4352,-1.5698097819851398,-14.922755331387371,3
4353,58.200818353420814,44.46796799754381,4
4354,38.27822507037886,-26.235565280002294,5
4355,-45.76141815231016,-58.0548668403529,6
4356,10.795252599437925,73.19586324315445,7
4357,-34.8124127073374,5.189811779932641,8
4358,14.600482839571157,-5.095061343652564,9
4359,20.80738817943415,-72.53795436670399,0
4360,-57.75226133671112,44.89758151916653,1
4361,-81.29844526313153,0.31908483757290756,2
4362,-2.4417042141336784,-14.196729347636307,3
4363,66.3283530519686,41.883040842943856,4
4364,40.22149317101728,-20.823203019954008,5
4365,-47.04845537801144,-57.79829125261908,6
4366,30.77460405112416,69.72540796723038,7
4367,-34.36280931166665,4.72143269039703,8
4368,8.739354003405907,-9.635318337012189,9
4369,20.46029902037568,-71.49729514864188,0
4370,-23.850303893423096,18.025742948968162,9
4371,48.477808987701536,-16.53608549226396,5
4372,38.3722264305646,-24.138852352182624,5
4373,-65.2322801136985,-39.81459255844228,6
4374,38.561410807930585,-24.082140673869898,5
4375,16.220442947884255,-83.9742727886659,0
4376,27.817514360010872,-1.16518555239155,9
4377,-36.168176318297476,6.670264597833643,8
4378,5.329238722051851,-3.8906239970015015,9
4379,-34.73092826007083,4.372439049386397,8
4380,63.21726103337292,41.98967425958175,4
4381,-57.784333546645364,45.5543523733877,1
4382,20.648207903377884,79.79264396879118,7
4383,11.748871281089578,73.15323500601389,7
4384,-0.5850191367868531,-15.10354256196765,3
4385,40.96003708630196,-21.497795656520083,5
4386,-56.36768549470557,45.08878173650679,1
4387,18.590894099391573,-75.00214626264248,0
4388,9.999074007686863,-86.18656818297832,0
4389,-67.19110463397114,2.575000539824455,2
4390,-67.38295570600701,2.7948871276690124,2
4391,6.318520689481291,73.6064132295633,7
4392,-33.54232864188996,3.4915769627538618,8
4393,-69.09334522529683,1.4804180129272988,2
4394,24.732618941805505,-71.30486480223772,0
4395,-58.074894192246006,45.18620773869105,1
4396,-67.40245008926007,2.7963285195102987,2
4397,-66.52705924424804,-39.62142901426781,6
4398,0.3213103049351732,-14.554207916460978,3
4399,-7.171102179927383,-21.629162264215093,3
4400,28.71817170871273,69.22831703314885,7
4401,-1.5256297856027654,-13.50803916791524,3
4402,-0.6532916266672238,-14.69677673229448,3
4403,62.98764107362246,38.673727499008635,4
4404,-65.05560313583338,-38.52013317645206,6
4405,-57.08922306017537,-48.12212382184543,6
4406,-45.10554677776566,-58.29788994529839,6
4407,58.74336873411128,44.481691033234185,4
4408,25.274263338402015,0.7559528940599767,9
4409,-56.42559036421184,45.83884026254964,1
4410,43.92746919054663,-24.474583655395122,5
4411,15.428641293659767,-67.10032259124365,0
4412,15.065605118888605,-7.6754280646969715,9
4413,37.98083026102268,-25.9008365107254,5
4414,-77.01641238333592,-1.9933161234434098,2
4415,-34.35427242172316,3.509030211135205,8
4416,-67.99789328771888,14.810557354933005,2
4417,20.14922275468935,-74.60918291537504,0
4418,20.17721723542678,-71.69273049806134,0
4419,-56.82127527729866,44.75049782997481,1
4420,9.332328922656904,75.20518715409062,7
4421,-65.06499113039148,-38.55328201862609,6
4422,0.28560053235107286,-14.486540310092757,3
4423,-75.80949354781916,20.94988620030639,2
4424,-56.45640413429715,45.921920670060935,1
4425,12.66771251455213,73.05847877554294,7
4426,61.026378390289246,44.527373264932855,4
4427,-66.53576226930245,-39.86497425450249,6
4428,-1.5340663402176524,-14.170003524814707,3
4429,-56.75340888118884,44.454147122062935,1
4430,-1.7833308970048707,-14.22541458110419,3
4431,5.482900039868633,-3.9263419692654087,9
4432,-57.4359823308202,48.1721263951653,1
4433,14.237822439880828,80.97408299201557,7
4434,-56.62420774194508,-48.437792417136016,6
4435,-34.844545342379334,4.403150282274474,8
4436,63.18072841715215,42.499576155029615,4
4437,-1.0283851707334577,-15.280496498920211,3
4438,-20.477721254737634,44.2975793911143,1
4439,62.07178555640211,42.90737815802674,4
4440,20.66483454635294,-73.46173730345113,0
4441,38.797183492884024,-23.11319244546678,5
4442,-1.1501691016895945,-15.150381292732655,3
4443,-57.14382078435752,-48.02705139360861,6
4444,5.417583755542366,-3.9360587100295272,9
4445,-66.2686096410451,-39.27896212275208,6
4446,-57.54477397081345,49.75545958422465,1
4447,11.924048494064165,75.41274969348807,7
4448,44.25346497349416,-25.057850186156724,5
4449,65.81831450362651,44.02600846496098,4
4450,62.92397591792461,38.11381766089581,4
4451,5.548676365150451,76.67836619346636,7
4452,-68.06379747669507,3.513146226615255,2
4453,-36.85837950291942,7.390335367518285,8
4454,-68.56942297483278,8.185160256428077,2
4455,-67.35294507954104,2.7176120559297092,2
4456,45.37650354869775,-14.93810264462734,5
4457,11.478346282008424,73.13147217853387,7
4458,18.78076599101692,-9.993150826672931,9
4459,38.28602944391235,-26.143919339491053,5
4460,60.78151305205107,44.86767697331946,4
4461,-36.040955721993605,6.330031900181338,8
4462,-34.99032977301506,4.055051647962696,8
4463,61.09167838384213,44.0681204262882,4
4464,23.432528331373746,-1.499091262292897,9
4465,19.55165752238742,-73.52865287025362,0
4466,-34.86151250857389,4.076096017156582,8
4467,18.03893217381569,-19.050303949688296,9
4468,-36.10122186382602,6.589951616412392,8
4469,26.85201209819822,-67.37463479459107,0
4470,-24.710990991050988,37.558985497474836,1
4471,-62.48865127625663,20.066443657241937,2
4472,-10.293025173300975,-18.47344976970565,3
4473,60.89366567544154,15.06927982222822,4
4474,49.860176959845084,-28.73960050346219,5
4475,-60.2359927000167,-53.6573377590696,6
4476,11.692356626942162,75.86353910542537,7
4477,-20.48616312479793,7.298725373215575,8
4478,32.44962069872556,24.889058177029753,9
4479,30.860308487945655,-74.96483460653785,0
4480,-24.84851731677753,43.12344152051523,1
4481,-62.2953188475989,19.56671019738551,2
4482,-8.841818371752565,-18.260738944289994,3
4483,61.04333563759957,14.867249767031348,4
4484,67.29582954465516,-30.433322680957364,5
4485,-56.09389056519127,-55.99952598723334,6
4486,29.489056360305863,68.6841504100919,7
4487,-34.9252041986127,17.35990086256197,8
4488,34.46032429979297,23.114458361362132,9
4489,26.611106868188585,-66.84403949516124,0
4490,-28.311338099006193,45.401067365951754,1
4491,-60.46442513614347,18.369624623254957,2
4492,-13.896621390601076,-29.606434984765965,3
4493,61.47431475160962,19.524175963506085,4
4494,67.48521235207714,-30.037226939286892,5
4495,-56.20806000661416,-56.225215091040724,6
4496,35.56205280195508,67.59934858999559,7
4497,-20.729521133941176,7.257531309214661,8
4498,33.035081361336665,22.9495167185664,9
4499,24.967190376029308,-72.78758987200428,0
4500,35.06850076441982,23.253610236950372,9
4501,57.747602111072965,-9.028994255901745,5
4502,66.25197296404157,-25.65903550379719,5
4503,-59.291752289861044,-61.69939163654425,6
4504,68.88576963039161,-28.600901046232657,5
4505,11.11501547138534,-73.11686214067134,0
4506,35.481799467716726,25.730980247443572,9
4507,-21.469621925986697,12.011263091102588,8
4508,34.05717542534093,23.213159106420576,9
4509,-21.512551674306767,11.98279249160989,8
4510,59.704267922678135,16.333942571130876,4
4511,-21.248177718050975,34.74501967913926,1
4512,35.42174794952004,68.35951042832947,7
4513,35.30616853477589,68.60042881268357,7
4514,-13.614017414320108,-15.489886412085369,3
4515,68.37584237020188,-26.92011811600618,5
4516,-21.32653608003439,34.73571779127197,1
4517,19.33978892703287,-67.85152916912308,0
4518,28.012393389135315,-74.22625781986864,0
4519,-59.63555209576398,4.544624827699304,2
4520,-61.16048399468987,20.031965678179244,2
4521,32.01552318145382,71.08880044153182,7
4522,-23.978563837595367,12.012385104949788,8
4523,-58.07988298791918,3.61823352511887,2
4524,30.44875621716017,-60.464713175687116,0
4525,-14.018411409041862,47.893712748208905,1
4526,-58.42448298316883,3.6467566230749213,2
4527,-63.96922748787995,-56.2089044759941,6
4528,-8.896805996078946,-17.147044113316518,3
4529,-10.085950914692052,-18.309713465677817,3
4530,31.620703743580528,71.40467928023415,7
4531,-7.987234590636685,-18.523984251387613,3
4532,-13.192966405099618,-31.48680996287241,3
4533,47.3750646983584,34.549420109038195,4
4534,-52.67034402444707,-64.63492931326549,6
4535,-49.843888452947276,-51.96931692663112,6
4536,-54.76721982815394,-65.5882636235821,6
4537,61.38903625064503,15.346646007213739,4
4538,33.552902945547174,22.733806237437193,9
4539,-30.497797517439007,43.2317526222543,1
4540,57.98516881329373,-35.59403808865392,5
4541,20.208711949193606,-67.87743494711654,0
4542,35.04625702791248,24.657227361909474,9
4543,58.85655233550955,-35.817431926402854,5
4544,-59.38032889803673,5.396257883501068,2
4545,-8.404279526870162,13.161036496112725,8
4546,-62.934001397083925,19.166518851875907,2
4547,28.522816898610053,-64.93239119662118,0
4548,18.14727703557721,-68.61227376485063,0
4549,-13.68108842493002,48.12236406706752,1
4550,33.02356964175453,71.16760979179892,7
4551,-55.49771099337572,-56.07154081493398,6
4552,-9.815058503220847,-17.95919084428031,3
4553,-68.22772218758587,24.367707459880343,2
4554,-30.345136891658782,42.06907041357852,1
4555,35.5244041226564,67.95150639659475,7
4556,61.03496245252004,15.395770992548302,4
4557,-58.75378761588807,-40.30214519699415,6
4558,-8.103407235470668,-18.62391548323555,3
4559,-28.0083205603098,40.94758710732176,1
4560,-13.200651334997744,-37.2972525611672,3
4561,33.10591226222273,22.054005697556033,9
4562,-28.587157041513574,41.389060081329525,1
4563,32.84378309576091,71.04807025024384,7
4564,-50.948309591362886,-62.5899377697624,6
4565,-17.13140919206214,20.438919880573287,8
4566,61.39790707103107,43.53772627420537,4
4567,-13.212466658332897,-37.29735737844623,3
4568,-30.556608466725642,42.868072988527096,1
4569,48.113525153377935,40.120758571169915,4
4570,16.905132496126722,-67.17276076837905,0
4571,52.09618243044039,-32.34801708494198,5
4572,-14.156243957993524,-29.87158084979076,3
4573,-58.23902127098467,-41.598412085628254,6
4574,34.6332323480457,22.676350980889175,9
4575,-57.621846600535385,-41.29300958857936,6
4576,-24.25619681770272,36.46523652416625,1
4577,32.88164395636071,70.86558788535922,7
4578,68.59865944486289,-26.00343603829537,5
4579,65.882861257684,44.08524225264635,4
4580,46.63563985811594,37.57413419254357,4
4581,33.95397894502183,69.788160001753,7
4582,-61.38598423359139,17.27327170850095,2
4583,-27.62925216951266,22.608178295372014,8
4584,-61.190861238809305,16.756187180929096,2
4585,-61.612079179412184,18.477991859072826,2
4586,71.16204453774274,-28.135837212757345,5
4587,11.92385052725065,74.40756081120686,7
4588,34.027377041423435,23.565783896228297,9
4589,75.7179153894995,-27.999846344506864,5
4590,64.76903980000617,37.119885048716355,4
4591,-16.721170419912266,8.170955616765864,8
4592,-38.4597341127453,30.13580636962543,8
4593,47.374954032759284,37.99761813061201,4
4594,32.5817293907294,24.4717152870302,9
4595,21.41782822055686,-69.2869347363377,0
4596,-21.145514648241836,7.585958933465385,8
4597,34.87179519750818,26.09541833067795,9
4598,-25.006982568293296,18.535612350301573,8
4599,25.17388026403432,-83.22683154781983,0
4600,-28.15564709015167,54.67100382464647,1
4601,-71.00761864468298,21.208887164403613,2
4602,-13.549050091705936,-43.8247953027534,3
4603,75.13039811033003,34.02612450936879,4
4604,67.83640751644323,-18.71269438744795,5
4605,-40.19108350581156,-61.628731520257894,6
4606,22.895856075282015,81.9605628979569,7
4607,-41.775863205655455,15.979995009640456,8
4608,18.725477287971444,-12.555000104274564,9
4609,10.740667218323704,-88.8974889089789,0
4610,-26.07763502478967,57.072443103456145,1
4611,-71.21301329485341,18.19428408078794,2
4612,-13.45686780911396,-39.67888330387554,3
4613,65.86226368287994,38.61394218710289,4
4614,74.90858224180309,-22.943521563790775,5
4615,-39.92036345546956,-62.142569286141516,6
4616,11.718612885869174,77.86428970955001,7
4617,-1.7114083521807575,31.956874282215217,8
4618,26.861279515365396,-1.2632082861938136,9
4619,26.714235784660957,-81.6606162773113,0
4620,-14.31087219078692,48.200439665608904,1
4621,-68.76963726591116,23.705830134799903,2
4622,-9.575187571571224,-28.632348858555705,3
4623,66.95339832926422,38.279976099376114,4
4624,74.44080463563424,-23.740882574844285,5
4625,-40.07144375255955,-53.49421652060586,6
4626,7.781860257514999,79.26649915083637,7
4627,-26.174745682066145,22.958164457625816,8
4628,18.175753172642853,-19.193216987121588,9
4629,20.93957101702251,-80.36762061314178,0
4630,27.174313815143865,-1.5124017605413975,9
4631,69.28897306857067,-16.847710566878693,5
4632,70.64393996880554,-26.691416905655615,5
4633,-55.268004693926976,-63.07408666067595,6
4634,67.99137733414172,-18.726102977120988,5
4635,21.21163903681162,-79.5733432609896,0
4636,1.0911652304404504,-14.359958474384136,9
4637,-11.991262894667257,11.560436357534302,8
4638,23.061260592241545,-1.0105814770987698,9
4639,-10.795230349952936,17.370046798746213,8
4640,71.3297903540359,29.577889081134742,4
4641,-19.47245966943689,38.96918579496417,1
4642,7.524775590537819,82.43781246681532,7
4643,23.979420239569553,80.05641628388751,7
4644,-12.564850714103224,-26.852875945194324,3
4645,68.36007679742312,-20.944054910357583,5
4646,-23.376966674479853,39.6482945555107,1
4647,2.2005257326279843,-69.79889652600151,0
4648,33.486441603373954,-66.59774683215036,0
4649,-66.75816026192125,18.049007682920937,2
4650,-74.99246076493057,27.218268353259116,2
4651,8.473900290251137,84.65893181413381,7
4652,-10.836773426028508,17.393691876119103,8
4653,-68.11915923662345,23.28094953357769,2
4654,31.942854624143713,-69.16725328987877,0
4655,-60.495370197671015,44.37850544686904,1
4656,-78.58738687913522,16.24430477653139,2
4657,-54.240095983575436,-46.60260893100572,6
4658,-16.79165221275644,-33.41335592732223,3
4659,-16.75953429733351,-33.115551863483105,3
4660,15.292339041972145,82.60090408590594,7
4661,-16.68263488977171,-16.67693402749706,3
4662,-18.62707004394769,-22.206536233560847,3
4663,64.98875404773234,39.725429122128105,4
4664,-41.51970787156349,-54.917590561393745,6
4665,-55.15578424016575,-63.18692511200371,6
4666,-39.99884269153439,-61.72744517669767,6
4667,66.86980677695273,39.38649625528437,4
4668,18.511387766209708,-19.460774059078442,9
4669,-13.384557972849404,45.438588126505955,1
4670,69.52930849257956,-16.958967165603255,5
4671,17.40414666134543,-64.73683080821407,0
4672,13.909134885112561,0.017674094499397636,9
4673,67.84389322701756,-21.398173315515464,5
4674,-71.9989666387557,26.67069235482175,2
4675,-16.79674512694327,24.008375785245644,8
4676,-74.01664924917979,26.306537586763575,2
4677,19.796836134541312,-60.67626450977674,0
4678,23.621825546931166,-74.77282295010144,0
4679,-26.309176465295874,42.41983305947132,1
4680,16.10113921332702,82.99430801475478,7
4681,-54.50863126540675,-61.555002427435156,6
4682,-13.585995814127914,-24.674364611835156,3
4683,-57.225358724408665,7.731295130875954,2
4684,-25.772699617906163,48.43405670075497,1
4685,22.731386970507625,69.1698631971924,7
4686,68.63342610400562,26.47789466651864,4
4687,-39.400837347248384,-52.886619676218665,6
4688,-9.362192615109262,-36.335121793282234,3
4689,-28.446156351886177,50.153757147081485,1
4690,-7.792100205998482,-32.51708403489341,3
4691,27.929604483366386,-1.4435130227541708,9
4692,-27.150213367310553,49.60567691209167,1
4693,8.554034116627587,83.8341671037152,7
4694,-44.8553846076531,-61.881560950038946,6
4695,-41.576750304357525,16.318247081559463,8
4696,74.54475437899518,34.64177915449332,4
4697,-8.508023193042998,-34.8987869231069,3
4698,-26.292550971086474,51.64222845316621,1
4699,78.07442531200638,29.186142586801104,4
4700,25.493884524457247,-75.79268570863128,0
4701,68.84741973929263,-19.69844387898652,5
4702,-19.405239695948527,-26.47919011543044,3
4703,-49.637896720701946,-41.98310035270956,6
4704,20.161020823005053,-19.665959051162094,9
4705,-58.98357922973345,-63.35425612834056,6
4706,-12.927203355696454,47.626137182949414,1
4707,15.422683019081983,85.76482633955263,7
4708,72.94667439131321,-24.804469227483036,5
4709,67.06460925942604,39.363920909315574,4
4710,65.27661659026313,24.44362948807645,4
4711,15.9360724930239,82.85271597439205,7
4712,-72.82618926023092,26.78919891620439,2
4713,-10.704586795338166,19.90692458946168,8
4714,-59.3324314272936,1.5182678164749017,2
4715,-61.97673813687738,17.9602081714098,2
4716,66.74787426212728,-16.36287054596837,5
4717,7.528837925289642,70.64437738124673,7
4718,29.316377309053195,-1.8236503480370518,9
4719,74.34534648856115,-23.134723457248867,5
4720,74.96874764340326,34.03467832796738,4
4721,-10.650040246087695,19.75419746301204,8
4722,-24.531893277557465,0.607489445223811,8
4723,75.59620516033412,28.842318247281415,4
4724,29.5103301665429,-1.6823597596413054,9
4725,10.529108473063815,-60.42700356400082,0
4726,-11.186082597488593,20.116614649885097,8
4727,27.6742225561283,-4.554494278652297,9
4728,-41.788664275925406,15.977815358404559,8
4729,-59.73003032681392,44.40985570709843,1
4730,-70.02983086210298,14.52132671658134,2
4731,3.3729051744145697,-24.150320186474556,3
4732,67.99513253232978,24.318895575230748,4
4733,51.43976783962894,-24.093608392208914,5
4734,-57.437876506067944,-65.25699779039756,6
4735,29.365163501058245,80.53385974135975,7
4736,-16.16339620521142,5.795774612077695,8
4737,18.24807327253016,-14.43070392628496,9
4738,17.16079272887491,-84.9157837516049,0
4739,-59.90166224518901,44.73095380873134,1
4740,-79.21628657695922,22.02299017698538,2
4741,-5.68787850416651,-34.6721104493585,3
4742,68.28861704748896,24.311276963065666,4
4743,36.630410133405036,-22.157834520739474,5
4744,-61.1776576155873,-63.25073353948948,6
4745,28.771480563337647,82.76274817474204,7
4746,-19.22467872681975,4.1900754429978795,8
4747,16.906925803462983,-10.61045414467028,9
4748,17.337998926971604,-84.26960850270316,0
4749,-59.98068145732222,43.86742387057558,1
4750,-69.72189100466065,7.538330432948815,2
4751,-0.40868215363862664,-37.30075944018475,3
4752,56.67148214428114,24.356632455724892,4
4753,33.25670247732127,-23.222085735824237,5
4754,-52.313467806862306,-65.90173686889425,6
4755,29.49290941551552,79.92526953672953,7
4756,-19.109891266624718,3.0301143444815835,8
4757,17.376294874957583,-12.889654696763388,9
4758,16.07011702375161,-74.29424089827143,0
4759,23.9748115325215,-3.868707098882844,9
4760,34.90846353432907,-23.432604372320547,5
4761,41.61973939886082,-23.257266387764204,5
4762,-48.74187796669991,-57.63804180367962,6
4763,34.083746289042296,-23.173113124266234,5
4764,19.386199869652717,-84.01985664021228,0
4765,13.223818759108797,-11.313001583411799,9
4766,-18.705168943139036,7.118526406770334,8
4767,19.549827411063774,-12.306815583351007,9
4768,-17.09734547258088,12.28723368275054,8
4769,53.81809335322531,29.543513131754565,4
4770,-58.022461760803004,49.890825438127855,1
4771,28.161473286596564,82.4408452368728,7
4772,29.498012867724245,78.70308928371328,7
4773,-0.6926800587806764,-39.382232933356825,3
4774,31.033387257052837,-21.396902947364442,5
4775,-59.29003198062975,47.51770381969401,1
4776,-70.60783695671019,6.151119553016621,2
4777,28.540792636424023,82.56984135272347,7
4778,-18.664189605845607,4.715022709720443,8
4779,-75.25802341047003,-1.3355781260926234,2
4780,18.981271681041118,-82.48432979769491,0
4781,-59.10265085691227,46.84555953342144,1
4782,-74.6972038186596,1.1154765423514332,2
4783,-57.6610155376092,-65.24530909785389,6
4784,-6.542061266871657,-33.93301259890347,3
4785,-5.4781654522641805,-34.345642775502434,3
4786,29.386982649124178,81.33119643564211,7
4787,4.342870709957887,-24.08406297506049,3
4788,4.421794488877535,-28.151367246403016,3
4789,54.895765419802665,24.23970332227091,4
4790,-47.73540376301547,-57.17803223322018,6
4791,-50.155008961632205,-58.60295983305111,6
4792,-56.86748567697237,-65.21482927581656,6
4793,56.51394585151953,24.30393027622494,4
4794,19.029154466373548,-14.81685474156503,9
4795,-57.976036153850494,49.35793502083288,1
4796,41.236928903733315,-23.667790894566515,5
4797,18.736903349378668,-84.5230638632157,0
4798,18.14711737949959,-14.269681089082988,9
4799,36.524277920450565,-23.507118435305703,5
4800,-74.10626285829699,-2.3735621104951328,2
4801,-16.057044387449814,8.33487620008473,8
4802,-75.38700831384094,-1.3134541012670866,2
4803,25.140978636422517,-83.28590018335409,0
4804,9.02018136275564,-79.98069461618888,0
4805,-58.994691241912165,47.75340663736224,1
4806,21.040999033551333,78.32475481485258,7
4807,-53.292895090812586,-65.03055819961509,6
4808,4.745566184120756,-24.037732111884367,3
4809,-73.92154488288625,14.347794580212152,2
4810,-59.59697113123462,44.60695793773111,1
4811,79.8143130200781,24.307399014095537,4
4812,-50.08345592000942,-49.18446982828404,6
4813,3.0144466031318555,-23.924239127399726,3
4814,-58.76909243928399,47.478421175039166,1
4815,5.443146640824797,-25.791439719024815,3
4816,13.32557496975456,-11.424972672827264,9
4817,-58.21811497411938,49.020109645944245,1
4818,29.314420639560737,81.3166385551981,7
4819,-46.74175199581707,-55.769892603185944,6
4820,-11.276947501300747,13.57558731448406,8
4821,54.88193318842844,24.18982845916309,4
4822,-8.964587852443628,-26.146722831517355,3
4823,-58.29657819766245,49.26779106541133,1
4824,70.45983030241952,21.16900921838608,4
4825,19.44435853218585,-85.21964694809472,0
4826,51.09762243541851,-20.840178338655242,5
4827,4.3715277286559635,-28.211163018133906,3
4828,-50.57327044293508,-62.5932104771875,6
4829,17.13591468967493,-11.226917248851922,9
4830,-48.63362664419292,-64.84896284990012,6
4831,-59.290605733325485,46.403452297171356,1
4832,29.763164475869054,80.03643841901444,7
4833,34.76884649182857,-22.642227863934103,5
4834,61.55346147876028,26.915794697092906,4
4835,52.51457531683498,29.377838143737982,4
4836,27.5856497509023,82.09226137090255,7
4837,-71.73873916883778,2.3417938769063884,2
4838,-17.675667784455676,2.7295925941442674,8
4839,-74.63690399920526,-1.1163469452728623,2
4840,-77.56661905031137,12.401265823852409,2
4841,34.31958305779926,-22.56678924663656,5
4842,28.389282417658553,80.19763469334865,7
4843,24.285640458159893,-4.578158225319091,9
4844,41.38606482257505,-28.384743349149332,5
4845,49.74910437411112,29.98409183109829,4
4846,53.66745707872612,32.37885827698862,4
4847,9.52516983612057,-10.29274311433265,9
4848,17.477261869322668,-86.63658045339972,0
4849,-11.917153772743655,12.097050225091644,8
4850,16.815745101023616,-10.571507759169686,9
4851,-18.888847761548682,7.377684105551284,8
4852,25.04222369257412,-77.82876421272829,0
4853,-16.415625640303517,39.99423680742802,1
4854,-72.63594193134826,17.794870834156093,2
4855,-6.227017327207616,-23.594686886807008,3
4856,51.282499325999474,30.41711827813293,4
4857,63.24869932548218,-23.583286179739318,5
4858,-51.449215435008924,-62.3135634054404,6
4859,17.37191164943915,77.1862126674525,7
4860,-40.88552623071252,24.405226679793092,8
4861,-3.1701974353402216,-42.89710307823971,9
4862,13.62920072606711,-73.14607698901867,0
4863,-17.30121672307812,43.01706786457644,1
4864,-65.76341344109834,7.857654793313184,2
4865,-5.67095237690037,-23.771650019592524,3
4866,50.891316254449144,29.81538400362937,4
4867,60.668375743871465,-17.932786607815835,5
4868,-46.713640804110376,-64.38681882132927,6
4869,27.454686850602695,82.01121440297699,7
4870,-34.689766973116335,22.390289075162347,8
4871,8.958638823166964,-13.500080160927958,9
4872,14.019910396793632,-83.38043890910531,0
4873,-27.130847553318706,53.615172905645785,1
4874,-74.0179694029867,-2.6217651548640135,2
4875,-7.81432104499435,-23.444346295052526,3
4876,53.05316717569748,30.745783685420726,4
4877,47.122564019253396,-19.183224681392428,5
4878,-49.03602839096097,-56.80370069709315,6
4879,18.2190066015984,72.22588585912057,7
4880,-36.304597020829,13.358460727303552,8
4881,10.786785845719038,-13.510688698961783,9
4882,12.057769196247625,-81.95526821855444,0
4883,16.132089620858057,2.893619062919297,9
4884,62.57753394145018,-24.574733750471715,5
4885,61.793136248050885,-21.16611797458048,5
4886,-50.33495690956465,-44.36916440811594,6
4887,62.939596190637225,-24.766588311232418,5
4888,13.469669744028389,-71.23478532371522,0
4889,9.347945045851024,-13.738515598218816,9
4890,-28.35419669697589,1.8777058581696695,8
4891,16.325542848315333,3.363463990751823,9
4892,-29.136592871876662,13.03878678427198,8
4893,51.8631529162628,28.185447711389063,4
4894,-22.772520757150584,38.16457468372555,1
4895,17.53109791832385,59.240653221857265,7
4896,18.131939861461323,82.1133970046004,7
4897,-9.868559885261687,-22.218495566331246,3
4898,56.29473676513423,-21.30593139579117,5
4899,-27.3836587540935,50.205933225314844,1
4900,4.336340464156201,-81.5358074542286,0
4901,4.756928457406887,-81.83142509874732,0
4902,18.272667229300037,71.91865026814185,7
4903,-34.640834532012526,22.430248639134163,8
4904,-70.32790515458616,-4.68762097758572,2
4905,11.95199332729171,-85.94779505773906,0
4906,-30.683808701765958,44.675049731521135,1
4907,-74.59556898302108,-2.6764316850648946,2
4908,-58.26123577198143,-46.991748804643834,6
4909,-5.447945408917607,-26.375129132960534,3
4910,-11.705466966816154,-22.443734640447506,3
4911,15.973236057420339,57.69930579602985,7
4912,0.5692939670685052,-26.104813738276526,3
4913,-5.342674132455022,-26.43694959013705,3
4914,53.11794326690072,33.268183052342195,4
4915,-61.183875221199074,-52.99287960628281,6
4916,-48.07908870307736,-49.013731861254094,6
4917,-51.826783718816024,-51.24948341877812,6
4918,50.13021805304135,38.70098334604039,4
4919,8.914911644282538,-13.447024238809798,9
4920,-27.706636219312895,53.78179072925816,1
4921,50.87464057535138,-29.993349489236213,5
4922,12.325960008993764,-80.91133889946461,0
4923,-39.049848557086605,21.9169378730261,9
4924,65.76684530299599,-25.46069374147834,5
4925,-78.63595601005203,-0.29796584903023177,2
4926,-35.597985711607144,13.230875139399924,8
4927,-70.50194413405112,-6.772126205448978,2
4928,12.15251415671551,-85.87757244529811,0
4929,10.678621759083219,-86.4736135882139,0
4930,-27.60814370834529,48.35274174017937,1
4931,8.115057040988699,75.36035703908216,7
4932,-58.87439443223632,-41.54100087084475,6
4933,-6.502933487874527,-24.82672199341172,3
4934,-71.89199865097015,7.879950632734373,2
4935,-26.786261358352704,54.25570233208918,1
4936,15.882017053598362,57.69755288267732,7
4937,52.33533696227649,32.05516304067664,4
4938,-60.67126324226952,-52.817698233705116,6
4939,-6.638241221946613,-24.646794137899942,3
4940,-16.367432988193922,47.286091929127,1
4941,35.94761121925476,61.474995227649856,3
4942,9.546372754476993,-13.858235486011068,9
4943,-25.02844924184532,50.405834485060744,1
4944,27.315152178357142,82.80506021011975,7
4945,-48.4672570731799,-51.63921564588469,6
4946,-35.44086354840717,13.365060876779088,8
4947,52.20652181728516,35.78074803088147,4
4948,-6.16242877019524,-24.292063251359547,3
4949,-30.577913420749653,48.72081342812179,1
4950,55.653307448803034,34.714032176319094,4
4951,24.819122593233587,-77.51211487425168,0
4952,60.91198453630733,-26.982085233715456,5
4953,-6.836660956981566,-28.04692007010214,3
4954,-66.0505653635102,-43.62711356353369,6
4955,20.559818826388568,0.6155876028437607,9
4956,-48.85726518329546,-60.09320347502925,6
4957,-27.639585137836782,49.341602325622254,1
4958,15.7734129494999,67.43232759370416,7
4959,49.98963717408668,-30.704659442858386,5
4960,64.60099607525606,28.09322301381002,4
4961,52.41781649122671,32.65106988260407,4
4962,8.541859452002132,77.88355787132828,7
4963,-77.56561727259901,11.438999786032955,2
4964,-38.954548152355,22.722696832306774,8
4965,-65.85839253890472,7.766321584439165,2
4966,-74.2079069064774,-5.241794767099673,2
4967,63.45186080111559,-23.0887104166318,5
4968,16.32365700018104,59.29906933543282,7
4969,13.016829200377474,4.158217695219679,9
4970,61.47245308460016,-31.11640133077678,5
4971,57.73093845366287,34.62445761565696,4
4972,-28.59805482783338,1.2389398007657708,8
4973,-30.187962348262346,16.808230733328614,8
4974,51.96078468642284,35.995444852282965,4
4975,8.017610301967043,-13.596767871987968,9
4976,17.371368995115322,-80.07151425948948,0
4977,-36.45113396961508,14.06855158052805,8
4978,16.532021504305305,5.714421979784613,9
4979,-36.22309878672369,13.552015829600093,8
4980,19.962642103796135,-78.07430813277234,0
4981,-1.9511446208207313,34.61406616966873,1
4982,-71.54525228256887,20.84582680578936,2
4983,-5.299129102639184,-28.68877971127411,3
4984,61.914003463477485,34.70516868262626,4
4985,52.28276376878701,-33.970502671682674,5
4986,-50.71036169013921,-66.12987550833498,6
4987,6.561296235333092,73.59003743694085,7
4988,-20.883307273719684,3.4560345852492484,8
4989,9.545958122411848,-6.524460104473903,9
4990,27.06254195939433,-74.64845083408817,0
4991,-1.0689228187558626,33.91896419554563,1
4992,-67.03205236803329,9.77455558759591,2
4993,-12.67532315400843,-21.708486938257977,3
4994,68.30001711604297,25.714161420491017,4
4995,52.01611759393726,-32.345561961684,5
4996,-61.50223541335867,-48.738834565965895,6
4997,21.78827677343099,71.81677014060118,7
4998,-34.48218338314431,29.568356783744733,8
4999,21.748257928416358,-18.063539625528424,9
5000,25.29400993774453,-74.21186811477047,0
5001,-21.808817246779494,54.35056785631655,1
5002,-59.78651026981161,17.970712395875097,2
5003,-5.925712744073351,-20.800412994409932,3
5004,63.402585936939616,40.37938882069465,4
5005,74.77974741526967,-24.19922031019703,5
5006,-49.96790401823635,-49.976116023399136,6
5007,29.936394350478484,68.78927462213872,7
5008,-31.435961063533984,28.936113397591118,8
5009,9.581049252945535,-3.083116692057249,9
5010,30.964093361773262,-75.9990135109391,0
5011,14.104882000126825,-8.176764791309395,9
5012,52.57054541271004,-29.652295713121887,5
5013,66.56858125108708,-16.2884460354304,5
5014,-48.57138119792151,-53.11618035212489,6
5015,67.66568764119468,-18.72481762182197,5
5016,31.746545368948716,-71.31552725131922,0
5017,13.244926953218615,-8.221556986875774,9
5018,-35.28593113744181,24.088232850051842,8
5019,14.704655130058226,-8.030747308512273,9
5020,-33.96413568251102,24.082105474638976,8
5021,68.36000949908943,24.928876839964943,4
5022,-17.098409611216972,45.71708761293089,1
5023,5.417998227473398,74.9389453359025,7
5024,8.479788805413127,73.77062948689598,7
5025,-28.00508791474489,-19.840440796511167,3
5026,57.61533181013598,-35.79814506432519,5
5027,-3.484672605173627,33.56933617087893,1
5028,32.61566660712742,-71.19280906925384,0
5029,32.173724465392425,-71.5509152930975,0
5030,-61.02473775367002,5.838456684115408,2
5031,-61.17134353184858,18.515276406351163,2
5032,10.990656858780651,75.82382375639453,7
5033,-39.48214029764161,26.332318438769914,8
5034,-67.0986092950752,23.614274169756595,2
5035,29.906804079036856,-76.3724846227267,0
5036,-29.78758723294292,54.62401690891929,1
5037,-65.38893752116104,14.371828420093843,2
5038,-40.54132241212467,-51.97870532271964,6
5039,-5.922951251458042,-20.592969776581356,3
5040,-20.78047784799924,-22.69726491529593,3
5041,6.672017996354492,72.9609972584558,7
5042,-19.11171215685952,-18.857569038293335,3
5043,-12.2292957942571,-22.452716389224285,3
5044,74.41389986979851,30.14195748677164,4
5045,-47.600715182153394,-50.179746398158144,6
5046,-54.17074448311413,-48.35647019893582,6
5047,-54.40586815042558,-48.43810938753856,6
5048,58.71785682549445,29.492856632677423,4
5049,24.92944769271281,-11.334611647724996,9
5050,-28.839356224532505,48.02998213193572,1
5051,69.9100544407978,-28.752887565712843,5
5052,31.86098898501856,-75.2963784567345,0
5053,17.43491852647282,1.6835343924461188,9
5054,52.84520504211784,-30.717803954565113,5
5055,-64.24304574993583,10.694819969545497,2
5056,-35.46547988126326,25.048712716128094,8
5057,-58.63006348728798,7.741682097529625,2
5058,31.004292767190115,-75.3321562058979,0
5059,30.635771231301476,-76.05899807969654,0
5060,-27.755360084368206,53.49705861620313,1
5061,5.3950446875635665,74.84467800224503,7
5062,-45.494397881566776,-55.009866477876606,6
5063,-24.448853096610627,-21.73657114882743,3
5064,-63.52049070687563,12.385819638091363,2
5065,-20.615939852108465,55.31713476578932,1
5066,5.583504366714859,76.6330127983074,7
5067,66.22838350978655,27.14864273623552,4
5068,-45.68934964879235,-50.540059989523556,6
5069,-20.533963408924446,-24.613043380103512,3
5070,-28.509648064749396,48.90593404623417,1
5071,-16.084459146146177,-39.972784067339326,3
5072,14.808004851427905,-7.726146296328762,9
5073,-28.709064738985113,48.476850858277984,1
5074,11.34950779833479,77.19396852399274,7
5075,-45.7823525139976,-50.45682046273431,6
5076,-33.00176594180558,22.986537673053284,8
5077,64.96814000950835,30.509214225487142,4
5078,-13.436054119557665,-24.743168688218827,3
5079,-32.892714898686016,46.625594218477325,1
5080,69.00713675606684,32.62172968800521,4
5081,1.2026881445757525,-70.14711431605917,0
5082,75.17738653592255,-22.71559681072758,5
5083,-24.67834861716263,-21.797477615440414,3
5084,-55.44604840257846,-48.27579828547622,6
5085,18.14187987768205,1.3168201030992008,9
5086,-44.911914120567495,-49.85488388923827,6
5087,-34.28539546246034,48.70910434613007,1
5088,4.813206745666999,73.09516575930816,7
5089,73.15946603963593,-22.769532091756417,5
5090,71.0173122967328,29.096643896064403,4
5091,65.57588725820011,32.925001516702665,4
5092,29.229566510428228,69.14027801062886,7
5093,-68.64052943228715,24.191478909400953,2
5094,-41.50026154113267,17.432710294154376,8
5095,-64.16397609928981,12.455523519802284,2
5096,-64.1783547927856,10.613886708360312,2
5097,75.5849676278376,-28.426390534628165,5
5098,18.041783381109806,63.57811066100645,7
5099,17.246286564815794,1.4803958239571435,9
5100,69.19809654205757,-23.464296640661022,5
5101,66.33601054694935,28.790608835390717,4
5102,-33.19592918504037,28.972443755257558,8
5103,-30.336296782873053,21.602365534380457,8
5104,54.75818035076504,36.980313190801276,4
5105,26.607858747514914,-5.428014220672827,9
5106,31.417383816722303,-75.1389239612449,0
5107,-30.065631204586566,23.384131672824505,8
5108,16.756424017413217,4.2593817174003545,9
5109,-31.8440001876459,21.157901941086248,8
5110,14.331029086232355,-84.10110410436883,0
5111,6.159801088919959,30.84138447007947,1
5112,-68.4304490310448,-6.283349226241083,2
5113,-15.467885367831736,-24.365552285001947,3
5114,78.00038967101986,25.88369205094289,4
5115,43.46608239084137,-28.09861590059977,5
5116,-46.46509317576106,-45.243405662089934,6
5117,4.460465753727573,76.35349409673465,7
5118,-26.450032869276793,24.621747624565632,8
5119,15.58524063141514,-12.305183154665508,9
5120,16.178842423841065,-68.59829655955572,0
5121,-20.28209645058666,54.084885027976846,1
5122,-75.19219008894434,-8.130924132687145,2
5123,-11.377619606413402,-22.524278396441204,3
5124,78.58505566585853,25.996876902491167,4
5125,53.86786422243219,-27.557448886202362,5
5126,-48.26652167663156,-45.02312621078585,6
5127,24.823765180064377,77.50547411658526,7
5128,-31.900216465651038,27.06513739000021,8
5129,17.732081303512555,-8.461889587355202,9
5130,15.19870636414647,-69.34876470754232,0
5131,10.015366671638871,40.66725542004686,1
5132,-68.95151396656557,-6.812780461213791,2
5133,1.2847627417569591,-35.77514054615144,3
5134,78.81828764740831,25.270039892579117,4
5135,56.80161128310272,-32.96779452575642,5
5136,-43.87936572826327,-48.286332492973685,6
5137,16.510689293545433,73.08601995661789,7
5138,-29.716608379877954,25.549642164925093,8
5139,15.570561324139813,-8.413295093083113,9
5140,8.610909397691191,-85.21792440716938,0
5141,21.02961635289026,-5.180789916623422,9
5142,55.34948321395914,-30.35832952382208,5
5143,58.27822306225261,-28.823976098726437,5
5144,-44.333012455061336,-48.647100871806,6
5145,55.96866310617927,-19.448983189271825,5
5146,17.757531573095484,-60.214882077767,0
5147,20.893697003803908,-6.080202855370235,9
5148,-28.928870986640952,24.435380807040634,8
5149,14.250960850799217,-7.341270543054401,9
5150,-25.92921568980252,25.59918681616585,8
5151,77.65896420358175,26.125483875982596,4
5152,-29.89046052133127,53.96016986539516,1
5153,25.732449412868128,78.0591106801125,7
5154,10.659358107417155,74.35419045847344,7
5155,-1.476971026375409,-24.918371981897504,3
5156,55.37718319085393,-31.179665697703232,5
5157,-28.28063226776131,55.03893990921618,1
5158,17.42276463285069,-67.19993326972528,0
5159,17.395747629463532,-67.0769252539604,0
5160,-70.43823254860611,-7.260233722321541,2
5161,-71.22774512519395,-8.59202029963661,2
5162,16.521121248453614,73.33185441108866,7
5163,-27.702676454807605,25.047292948334533,8
5164,-74.67297813521556,-9.264495228419845,2
5165,32.306981168221434,-69.55911088461382,0
5166,5.557551866559801,34.07611443451532,1
5167,-70.95781756436739,-7.566229348464061,2
5168,-40.91093022409302,-52.58942610247586,6
5169,-20.28152252624402,-26.086934782725027,3
5170,-8.76983048577615,-16.916572938658675,3
5171,7.2775486377920595,71.6426446589531,7
5172,-6.538548560631057,-18.429549750233367,3
5173,0.4682363667818813,-25.58014319653614,3
5174,77.03847451678227,25.29886899618047,4
5175,-40.381760638364995,-52.88746111992755,6
5176,-40.06720404223316,-52.39597301830195,6
5177,-41.7313796629225,-52.3131831616228,6
5178,71.30347175871775,32.230225596462596,4
5179,21.0295016404643,-20.483298840295753,9
5180,-26.907462218742534,52.49952345311456,1
5181,53.52021237950535,-33.385395839769004,5
5182,24.308371960478464,-71.65346514334524,0
5183,21.86032539947559,-7.104375625629759,9
5184,56.63692778188267,-37.188795703792756,5
5185,-75.92688490392003,2.266326063558318,2
5186,-17.969807472609123,20.73760098789239,8
5187,-73.44732401923089,-9.722148169731144,2
5188,26.551727058802207,-75.57854400342153,0
5189,2.676236425775613,-75.67474020370366,0
5190,-0.94874379081097,32.88075564223785,1
5191,7.983894803666186,73.23613837164206,7
5192,-46.40134612130844,-46.39017849479808,6
5193,-1.855902124011285,-24.940693307759577,3
5194,-75.11861429739687,-2.1980859597610922,2
5195,-26.070363281919207,56.571154839184175,1
5196,7.750021069495813,83.50730269763048,7
5197,71.2561222865828,32.009619307135,4
5198,-44.04269066930316,-48.28500765384009,6
5199,-23.085975104905813,-20.138606876321976,3
5200,-28.447858468897785,55.81780879262649,1
5201,-4.128301185484005,-30.67122378054929,3
5202,15.266903068498094,-11.002216705725148,9
5203,-26.515221308755912,54.696257684572615,1
5204,21.134204631260076,80.64395412563485,7
5205,-47.24084173747964,-47.34673919834571,6
5206,-32.70413087658368,22.069545373204402,8
5207,77.73958423879589,25.19007284948649,4
5208,-8.290878543355072,-17.406719455013686,3
5209,-29.302278062919317,51.368301396479865,1
5210,64.68463264722199,31.180146406703724,4
5211,15.739463172766301,-68.70718265409876,0
5212,59.953458288858364,-29.738216094131083,5
5213,-4.649389593646331,-27.378307075474634,3
5214,-38.78160632358113,-49.90911536374984,6
5215,24.219940773773597,1.1605796602002474,9
5216,-38.84669880944962,-51.60687781714552,6
5217,-30.550309370768524,51.52914413989812,1
5218,10.023086131434422,80.69803055954694,7
5219,60.300049569582775,-21.410958572829628,5
5220,66.8493111572048,22.937540668881077,4
5221,66.7795692889447,23.010082783663538,4
5222,21.474422446288024,80.28691272799762,7
5223,-69.23645087247765,-5.236419717476472,2
5224,-30.502870665760387,20.941192371974974,8
5225,-74.77410340875326,-3.052380906291575,2
5226,-71.10230978901005,-3.457798259462247,2
5227,53.132983888633696,-33.7006323370643,5
5228,11.367783007410724,74.65389891134234,7
5229,23.772867114992017,1.1562205424380374,9
5230,54.96721081724412,-17.25526453489225,5
5231,65.41631674366884,22.87340728157277,4
5232,-26.457639107900132,26.446523674962062,8
5233,-32.26952063516316,27.117154058634856,8
5234,70.99776224933679,32.382682222048906,4
5235,25.394636911273793,1.107929488119339,9
5236,16.333959316451303,-60.72335717203999,0
5237,-32.604036135660095,23.645379690238318,8
5238,18.836065819363924,-83.44242702258393,0
5239,6.991582962169662,31.686043800587626,1
5240,-78.16384799674343,16.25833615460261,2
5241,-6.173784776630494,-37.32323649940051,3
5242,60.468738683509926,44.9775144055766,4
5243,44.29595464305451,-25.53464992386258,5
5244,-47.68013527946948,-64.32332868806935,6
5245,29.73858410957276,78.20941214744369,7
5246,-11.210592111680247,12.264445944529472,8
5247,26.113673624526633,-4.582836828661513,9
5248,14.304607321230774,-77.10008617822362,0
5249,9.814980456437695,32.916435830593,1
5250,-80.29129692004652,17.081429702453978,2
5251,-2.3445181104453665,-34.51967703734233,3
5252,65.90730124145279,40.92975392818599,4
5253,42.954830825973296,-28.560651748031677,5
5254,-47.61293382119624,-64.86127791255471,6
5255,30.164300210845962,77.42596842268738,7
5256,-11.677626816772563,12.149869371285162,8
5257,28.076259616107514,-5.936129848986213,9
5258,22.008572684203166,-81.46484000444904,0
5259,8.013037373361227,35.40478513703746,1
5260,-77.45957827112805,15.402825214879078,2
5261,-9.726230850368879,-37.386235835906305,3
5262,64.20525019721919,41.45977128091738,4
5263,48.357182824996706,-35.18340742932875,5
5264,-50.41018606658777,-65.5142454849247,6
5265,29.69373422901972,78.37199613564974,7
5266,-11.696539187011282,11.569838532992131,8
5267,19.593243462452342,-11.863068113120717,9
5268,8.242450381829993,-80.7559806307994,0
5269,19.737856834245342,-7.297044396514397,9
5270,42.96788973841738,-28.282733170438153,5
5271,43.11634238408731,-27.875715197971793,5
5272,-45.34562141570322,-58.54638139633574,6
5273,43.56219223428037,-28.75884704289595,5
5274,7.597216596543636,-78.93881051121744,0
5275,26.884929109742345,-5.618124313577797,9
5276,-15.255302167823356,12.98039608437378,8
5277,26.62055302018507,-8.59309522370491,9
5278,-13.532671449494392,10.218705819635042,8
5279,62.52244707706721,31.82741973199955,4
5280,11.007407044480393,35.169978234179645,1
5281,27.74755221477347,78.57264298908213,7
5282,28.038676079777314,79.60000933089314,7
5283,-11.449815213983676,-26.3437213391102,3
5284,39.904933765965914,-22.41282109574923,5
5285,11.26128388350531,34.50688286766097,1
5286,15.634817196131953,-79.77573373754888,0
5287,15.428646163416166,-79.9378086420018,0
5288,-74.99403534682979,7.434398217884192,2
5289,-78.88315428466252,14.074620414534639,2
5290,34.3851319647796,66.26678129925466,7
5291,24.317288129601703,20.150476347749155,8
5292,-78.97627917603872,14.779295004487986,2
5293,8.748587496098288,-85.30293511419227,0
5294,10.187079231425253,32.66914005024868,1
5295,-79.26035454235098,15.334634495191462,2
5296,-47.456481466115925,-63.76168805866499,6
5297,-1.1795316390207466,-36.18451165088099,3
5298,-1.386922283970439,-30.075807729227346,3
5299,28.927586922081908,77.50628701535298,7
5300,-3.3632473086134524,-34.77877611786419,3
5301,0.5724649846433677,-27.52899675364728,3
5302,65.8312759894408,41.22646149542109,4
5303,-50.271423868473775,-62.67672899557924,6
5304,-60.34711657568459,-64.07297870055682,6
5305,-49.24779340653467,-59.13444998718364,6
5306,64.66743531831216,40.33899619942062,4
5307,20.20180982601269,-12.524315228088648,9
5308,10.30103562565438,32.610090401070444,1
5309,44.52429801782345,-29.915323495673988,5
5310,9.37948314284165,-74.80647716386301,0
5311,26.903170402748227,-8.103838525675553,9
5312,54.395115593161,-35.37664520399559,5
5313,-78.25278361494365,14.766721346436297,2
5314,-9.659303152713406,16.131910207603315,8
5315,-78.81885448008119,14.845914382148948,2
5316,8.47018792898866,-84.86082662940329,0
5317,16.023831412833665,-80.01016077313444,0
5318,10.827006410359024,32.71439218314124,1
5319,27.04182489463922,78.2101560124306,7
5320,-47.590326626329286,-65.00773286832428,6
5321,-6.921915399652712,-34.18091739776191,3
5322,-77.5784323528282,24.088606315633115,2
5323,7.190967738526479,31.48276741567149,1
5324,24.54309290185597,80.68782413372847,7
5325,65.84297429780369,40.123474339071535,4
5326,-46.2106539927424,-62.89636367519665,6
5327,-11.734955804344914,-32.09125312842697,3
5328,8.046597044290339,35.481055520338515,1
5329,-10.589004104432592,-26.116104909497704,3
5330,26.668068566587873,-5.285513636193942,9
5331,10.637085506159798,33.75833748632294,1
5332,27.781946600504288,78.48054384468111,7
5333,-46.499605321239414,-60.42580748342439,6
5334,-9.791473821464782,16.40175067646442,8
5335,63.84025537302428,41.64859587579803,4
5336,-2.2102676386520743,-22.095555884759165,3
5337,11.366991379984707,34.08546241124734,1
5338,64.36841310569747,41.24022754179061,4
5339,8.942540454618957,-80.85518613162552,0
5340,39.3568365396712,-22.247718224077147,5
5341,-7.882580474918464,-34.33387031058657,3
5342,-46.514279023090005,-60.4357871053315,6
5343,20.079249076859664,-12.238758229430115,9
5344,-46.50164516410221,-53.4610009340626,6
5345,9.963013376962817,31.848490162652215,1
5346,30.456617267200897,78.78745590761363,7
5347,33.67466584420907,-23.746345902498184,5
5348,65.36529461149226,40.42743923658486,4
5349,58.07197517635551,43.989679793952135,4
5350,29.707913167272572,77.24749435939725,7
5351,-74.91187186744781,8.815773197287637,2
5352,-10.12322485142293,17.32504719247951,8
5353,-67.20261575154103,-0.37298818592543537,2
5354,-79.29309647601917,15.315152165282358,2
5355,43.161044929210284,-29.792319725817148,5
5356,30.286274656465984,78.43149669504807,7
5357,19.655611278770888,-6.667877373735344,9
5358,52.29371147368442,-26.16191488110547,5
5359,65.47892225605891,41.13307551377737,4
5360,-11.552502833803107,17.17090167001308,8
5361,-13.611197971613043,16.045686133604367,8
5362,65.12602949616628,39.36162846746543,4
5363,29.419815416127943,-5.356081288596604,9
5364,23.712818412178354,-74.38003301449835,0
5365,-9.82113586559656,17.825091338694726,8
5366,28.70242062760011,-5.321072872724199,9
5367,-14.415222989709358,16.556055033592433,8
5368,17.389424949721402,-65.66186488375587,0
5369,-25.238193043430748,53.021645363753755,1
5370,-71.5085093437667,11.225524585247603,2
5371,-21.334579993939553,-26.02676918530236,3
5372,57.051766325524376,36.77825695519941,4
5373,72.41605267801425,-26.09456271339377,5
5374,-46.62282174159374,-44.30629943178648,6
5375,3.835554545903199,69.80093774821057,7
5376,-17.700855168004342,54.407881909272625,8
5377,31.253263022773268,21.79087272090449,9
5378,14.621532119809013,-61.76538379662609,0
5379,-22.94017468619539,52.19336869844875,1
5380,-75.92802780813906,-7.4596579702684584,2
5381,-15.018793369802857,-14.437099762182958,3
5382,56.23165897320882,36.89738004815396,4
5383,72.0141314549501,-27.56591655399996,5
5384,-44.86063065816292,-44.55206654055666,6
5385,26.1672540832472,25.944158218454177,9
5386,18.91885169190059,-64.4045242916646,0
5387,-30.654965143384384,46.39534500023964,1
5388,-79.73980567413686,-1.435534515903081,2
5389,-22.33977532457548,-20.299117418578128,3
5390,54.66487706176858,39.42613401161669,4
5391,63.55641351417701,-22.5324070551071,5
5392,-54.909628510269705,-38.478268890766515,6
5393,4.7284136959021135,70.40547624070499,7
5394,-35.68983666817352,31.327479547250572,8
5395,27.785486566282536,26.091577232297777,9
5396,19.026122127767767,-59.008477291398755,0
5397,26.72346780317582,24.881240943133218,9
5398,64.75345989039984,-18.806444329444822,5
5399,76.34272162836403,-23.939616086791446,5
5400,-53.92185239588367,-51.99754505860974,6
5401,72.03325299457343,-26.787129897793275,5
5402,17.072614279370075,-73.08276960056784,0
5403,28.679771323551204,32.06158746111513,9
5404,-23.08642485116009,32.97202086630868,8
5405,64.73740653010145,-18.61242859396706,9
5406,-34.04875921450937,7.580831057801906,8
5407,61.80305980621847,36.33238549799025,4
5408,-29.276581709282866,56.079467333240686,1
5409,4.818721597704861,81.31073135586212,7
5410,2.958873745262483,75.85134773339936,7
5411,-27.80333243230703,-17.968620986240815,3
5412,76.78708836186041,-25.93017584967427,5
5413,-29.95231655249708,52.11628583862764,1
5414,15.475640612295525,-59.78163089882363,0
5415,22.301784269677274,-60.1032839984386,0
5416,-73.51562660029256,-10.129117986340916,2
5417,-70.22687990780307,6.038275317956984,2
5418,2.3666626770258947,76.3571168328441,7
5419,-30.37079660239515,25.221313422376436,8
5420,-74.25799922305193,-10.040388147525942,2
5421,12.898471098457511,-60.796615817810924,0
5422,-30.361412345755838,46.971998383583774,1
5423,-69.27578261046524,21.47523269934095,2
5424,-45.595919890693246,-45.15209066027825,6
5425,-28.21653266690699,-18.291809074947217,3
5426,-28.322484358177935,-16.89765942225131,3
5427,2.9884394569407204,75.8527698915789,7
5428,19.827564727920485,85.53017088010743,3
5429,-28.613404041040273,-18.521955073287266,3
5430,53.34724957570716,40.386592659811726,4
5431,-52.49717201194383,-46.444429208779724,6
5432,-54.028465431158914,-43.65678774518967,6
5433,-45.97958355117691,-45.63648884579445,6
5434,42.25391187853987,44.35986685538633,4
5435,30.36702285503846,27.389611755569888,9
5436,-28.677592244605066,52.315903950838305,1
5437,72.64765669344858,-25.58010919287094,5
5438,15.189192241603743,-59.92994489951698,0
5439,22.26521587999712,-17.859839797250526,9
5440,57.92193393356588,-26.69380915774263,5
5441,-75.83190327338602,-8.830664287676555,2
5442,-31.660786611945724,9.554247692766378,8
5443,11.754496401678152,-88.41858850161186,0
5444,-29.813618535949395,52.86209864122642,1
5445,7.372543300998555,76.41764767225284,7
5446,-45.613013580347975,-45.334364383751925,6
5447,-22.291999045650922,-19.546004418349213,3
5448,-71.70662697817278,21.2831660905432,2
5449,-30.456298356239184,55.298618579201566,1
5450,6.848232099538552,84.55208790860864,7
5451,42.167877432355944,44.41333453410594,4
5452,-49.00646965254299,-42.91013792880521,6
5453,-21.481361488300553,-26.255095950929157,3
5454,-29.639806661740014,55.98294454030753,1
5455,-22.258580006761438,-16.01811727360258,3
5456,31.29133112106207,34.90149333328422,9
5457,-27.85518857483938,54.3843580891677,1
5458,3.31124575732103,75.46832647567732,7
5459,-48.513476012680904,-46.77950959905649,6
5460,-34.6163521134171,7.994248404170214,8
5461,66.28747119945635,36.0382234286332,4
5462,-20.659935934638533,-26.071957236377596,3
5463,-28.824913214445917,56.02249643240766,1
5464,58.01331095692016,37.09014060581467,4
5465,19.222719501067974,-62.139182927120466,0
5466,64.34089252529911,-21.39166567169321,5
5467,-20.881465776478894,-26.683437293183072,3
5468,-49.38899793021647,-40.72502366683599,6
5469,27.033795673060677,-15.125167026119057,9
5470,-64.14303807046858,-41.6958107240527,6
5471,-29.18679845096475,56.289499675952754,1
5472,15.009973139233587,77.83410681989898,7
5473,71.77475975159761,-19.478347084164362,5
5474,57.4390252760848,37.373547467612795,4
5475,54.65618616076689,41.32638493918929,4
5476,10.736575294662964,81.59140869269616,7
5477,-75.95534583629399,17.786274857954016,2
5478,-69.95814544755898,-6.416909862305442,2
5479,71.75042063093619,-28.343916478237066,5
5480,1.6475019759705505,78.5618417969318,7
5481,-8.003439239756052,-11.769996392831542,9
5482,64.24156997833711,-21.626825163320166,5
5483,43.93866566246737,45.06403726592919,4
5484,61.3520910664983,36.15897178863005,4
5485,64.95330451649012,-18.67772464071513,9
5486,23.935048574005847,-71.0719513957983,0
5487,-21.623092246587294,30.44540930694263,8
5488,31.315009025383638,37.14912516498042,9
5489,-21.564753681300633,29.29971765097445,8
5490,8.914335919529956,-75.71618235830641,0
5491,-21.821755899634773,44.824717214275815,1
5492,-72.79779309516391,6.145274853918532,2
5493,-14.085219887175866,-42.494299466316555,3
5494,72.8077373527528,18.781439281282182,4
5495,47.23640483347074,-27.345549402351757,5
5496,-62.161432169901815,-58.22077237315464,6
5497,13.626742227999973,71.25408874081505,7
5498,-29.64685105523424,7.713522539394326,8
5499,17.582508942532403,-9.903767247349329,9
5500,11.997963691249163,-72.10877644653121,0
5501,-19.730668270840845,36.367834982211164,1
5502,-68.28664766805144,21.240945691360345,2
5503,-30.284919108905793,-22.422376955513876,3
5504,67.95656711867602,34.01623547033999,4
5505,48.428260402908236,-27.159584628379775,5
5506,-53.98141090304412,-60.612876696770485,6
5507,23.071887271417722,78.89182749827356,7
5508,-29.097621533096362,19.723190582980788,8
5509,18.713499799397535,0.4311975647771831,9
5510,6.295507267312885,-69.59007312908152,0
5511,-23.285953513298775,43.974229197301874,1
5512,-63.75522924721825,5.117425318880636,2
5513,-17.971385367093404,-43.200450565518274,3
5514,67.73618196203074,29.53589946455689,4
5515,47.42315832006711,-28.78902254056656,5
5516,-60.05694840093484,-59.04153785128124,6
5517,12.806374266915181,72.67683486502102,7
5518,-28.307859784839913,7.778585676904059,8
5519,21.412909334081967,-14.363780586450124,9
5520,23.21347940067174,-76.62800344480961,0
5521,23.00854754348475,-6.860423360222642,9
5522,50.42864814434742,-26.655832029914126,5
5523,49.09466627318536,-24.190897615952874,5
5524,-59.88870804449726,-59.511117088874514,6
5525,56.601387350425355,-17.702493039901487,5
5526,26.30124147194377,-66.43919216895333,0
5527,29.07464736446607,-7.88622147793459,9
5528,-25.375216802580074,3.3028153161632208,8
5529,25.82406478745194,-6.337240107684648,9
5530,-37.21213390560596,25.281576589408697,8
5531,60.744658530838485,30.00316513579644,4
5532,-20.884383403667005,44.41415144677662,1
5533,24.83681105748634,83.85439417226696,7
5534,31.754862303850025,70.6961655813475,7
5535,-27.955289982089102,-20.029200997839727,3
5536,47.84564317268404,-27.85450815560224,5
5537,-24.23893268068725,38.591965802008055,1
5538,27.116217938150108,-69.0606812566774,0
5539,24.253671798454906,-78.70644891851295,0
5540,-78.83839044463419,22.925360377170257,2
5541,-77.60895395301199,15.795006919801683,2
5542,14.24445600053671,80.44830901471077,7
5543,-38.46600988426786,22.315480951304732,8
5544,-78.35377278035205,23.064539592355064,2
5545,26.25277600664547,-62.53154196819021,0
5546,-23.90067976424369,41.746800950711624,1
5547,-81.15566667516778,16.669092132520454,2
5548,-54.35644731704425,-60.45610891094654,6
5549,-29.8311823112813,-22.274714253311473,3
5550,-30.16089348350508,-21.87627804468916,3
5551,18.302803311279465,86.55478642835503,7
5552,7.616702671181117,16.474746487519138,3
5553,-29.940890751596246,-21.9805836009314,3
5554,59.696046530899324,26.58333330570937,4
5555,-63.36094670125426,-59.23365151072579,6
5556,-59.423984709987785,-59.15781078312897,6
5557,-64.6352129840295,-58.44215730993609,6
5558,72.46494670153768,21.19074378594976,4
5559,18.243805003877487,-4.846379431972475,9
5560,-22.832834365987036,38.175144576755116,1
5561,44.78062513052662,-16.277815978650743,5
5562,26.771051681044895,-69.66966826304848,0
5563,21.12660382369921,-7.3500311659611715,9
5564,47.1627556187318,-28.841579621237138,5
5565,-64.87032162323862,5.017343053747831,2
5566,-28.17713414463232,7.041131204145283,8
5567,-60.0605399767136,18.66037961546764,2
5568,27.58070183336587,-70.9384515141695,0
5569,6.748805156780483,-69.7734406348764,0
5570,-18.631293489580344,38.902379727670244,1
5571,10.047273117927977,83.05030604156745,7
5572,-62.167929866467546,-45.65464345836254,6
5573,-27.50046469363555,-23.236808513461376,3
5574,-63.73931331893401,5.039749007734267,2
5575,-12.98444097160644,41.190589580469386,1
5576,12.006607624468293,84.75030434242997,7
5577,72.54660747449144,22.264595944155598,4
5578,-57.16891099555929,-42.08930066597797,6
5579,-20.35558662600052,-23.42448438733955,3
5580,-21.966611171196227,37.53547990006716,1
5581,-13.782211820208042,-34.871325299235046,3
5582,19.09524174595797,-2.9520342719297434,9
5583,-24.325300756401695,44.180229629189384,1
5584,22.07078956339965,77.28471611355586,7
5585,-61.924786697077685,-48.539024175456866,6
5586,-25.225308054119694,27.13257150611896,8
5587,70.75042776195578,30.777930017221397,4
5588,-18.143322847510497,-43.28177403835929,3
5589,-19.37557133001338,39.019595325369984,1
5590,65.15183066364195,21.421353949640583,4
5591,12.363677489048289,-60.874293709595065,0
5592,44.98789173713643,-26.00051761602633,5
5593,-18.8556071151645,-30.6649077580224,3
5594,-55.14338665318327,-39.47882074009953,6
5595,17.918004447546938,-1.8105329627911293,9
5596,-47.527106855904385,-61.38355023161621,6
5597,-18.805412496097315,39.547074776310694,1
5598,6.605289097785548,70.9072966742122,7
5599,47.59096678011229,-26.879780553114607,5
5600,70.30168691824572,24.49990386686407,4
5601,74.58349922846959,25.35842454673002,4
5602,23.04072597230614,72.09802179084599,7
5603,-75.06377189237654,7.5984553793917975,2
5604,-24.848528632365507,1.5656950263274658,8
5605,-77.97678298250392,13.111832509056576,2
5606,-81.15083679091356,14.77192463664518,2
5607,47.81535152885878,-29.496694527810284,5
5608,10.382845446784374,82.23782333005379,7
5609,27.541199766237924,-12.424761784323108,9
5610,45.10876078025438,-22.99775365253005,5
5611,68.39322894540355,25.911815201719953,4
5612,-28.144278912248687,30.64562930148797,8
5613,-15.418738970189946,45.27441584993505,8
5614,65.95752269400589,25.834822583347812,4
5615,21.492537211049996,-2.657744919828258,9
5616,27.80760633446914,-65.06401410790049,0
5617,-24.60763661759803,28.11045992046678,8
5618,11.607562915659987,-0.9374892694943578,9
5619,-24.77311531715264,2.7488362824534804,8
