actual,predicted,residual
80.81,86.77955525996377,-5.969555259963769
55.42,53.562739313686066,1.8572606863139356
64.91,65.48847064740319,-0.5784706474031935
69.58,66.28285015471123,3.2971498452887715
59.24,52.74856998157667,6.49143001842333
89.42,86.03893211382128,3.3810678861787267
45.84,45.71297692279654,0.12702307720346084
76.31,65.30130292970169,11.008697070298311
66.12,68.81084835622062,-2.690848356220613
41.76,44.90597177367262,-3.1459717736726205
90.39,66.1919860476763,24.198013952323706
70.91,74.91306443503116,-4.003064435031163
55.55,63.959688738685905,-8.409688738685908
53.87,59.942139259497615,-6.072139259497618
65.03,67.73080723432152,-2.700807234321516
54.82,52.42562185040792,2.394378149592079
73.97,73.28203278112639,0.6879672188736095
62.61,69.62845197148246,-7.018451971482463
68.92,66.37039282778113,2.5496071722188702
76.34,60.29523308087261,16.04476691912739
28.13,35.6137226360482,-7.483722636048203
49.7,52.52677410583993,-2.826774105839924
41.87,40.17786966190943,1.6921303380905641
66.56,57.07894805526482,9.481051944735185
79.58,83.30944173199629,-3.729441731996289
64.77,66.43125427462881,-1.661254274628817
45.77,55.49430496761604,-9.724304967616035
54.89,51.131961315521764,3.7580386844782367
95.15,87.82447367992725,7.325526320072754
55.52,52.615208709509105,2.9047912904908983
68.99,53.201359873456845,15.78864012654315
70.81,59.02385890491058,11.78614109508942
64.28,66.93934452468089,-2.6593445246808898
39.45,46.586722731721395,-7.136722731721392
37.72,48.09600762644144,-10.376007626441442
67.06,53.33696664978898,13.723033350211026
36.29,32.720896925961874,3.569103074038125
54.57,53.86440019730604,0.7055998026939605
98.63,84.09756189990595,14.53243810009404
58.19,64.33334129392853,-6.143341293928529
83.38,89.22261341331009,-5.84261341331009
70.86,60.57218149206451,10.28781850793549
87.19,65.44949738830014,21.740502611699853
84.36,90.06930273694164,-5.709302736941638
64.19,55.44380358941507,8.746196410584929
57.88,61.11429402770161,-3.2342940277016083
84.4,79.39424987779427,5.00575012220574
54.52,52.438471379498196,2.081528620501807
100.0,87.10159715711757,12.898402842882433
65.7,65.64580420062943,0.05419579937057506
67.39,70.49357204090514,-3.103572040905135
38.76,46.08549642655493,-7.325496426554935
46.65,54.44969145520495,-7.79969145520495
76.22,71.03048252016211,5.189517479837889
58.75,58.23396340981873,0.5160365901812725
60.89,71.23054657459525,-10.340546574595251
66.61,56.42749931269261,10.182500687307389
79.5,64.26638598140481,15.23361401859519
60.73,55.0085816608777,5.721418339122295
64.9,60.49103388837432,4.408966111625688
58.39,63.502989728427565,-5.112989728427564
52.62,54.265755827597125,-1.645755827597128
76.02,72.37171456824066,3.6482854317593336
67.62,76.99553949763816,-9.375539497638158
68.76,71.99826735578061,-3.238267355780607
52.99,48.65054966227993,4.3394503377200735
61.36,70.62659221382074,-9.266592213820743
65.12,67.07039641070504,-1.9503964107050393
54.97,74.84422002785632,-19.874220027856325
65.33,71.1225643705004,-5.792564370500401
73.71,67.99131609525877,5.718683904741226
46.2,49.91834086945796,-3.718340869457954
80.86,72.00380218901591,8.856197810984085
67.88,77.95271922725169,-10.072719227251696
77.09,72.2055701738289,4.8844298261711
58.23,61.539098911516874,-3.3090989115168767
49.81,70.79245514757554,-20.982455147575536
56.03,49.726925601048904,6.303074398951097
79.49,66.95246524105988,12.537534758940112
68.71,81.92213546994985,-13.212135469949857
71.48,66.24486323641345,5.235136763586553
72.97,67.92555707719958,5.044442922800414
66.51,56.989906280402785,9.52009371959722
63.87,55.11476993786339,8.755230062136604
52.28,59.15925991184625,-6.879259911846248
54.73,48.626390418392894,6.1036095816071025
54.73,49.49493600666846,5.235063993331536
39.03,42.92179038930578,-3.8917903893057755
33.07,41.98737142102652,-8.917371421026523
68.98,76.88000808302827,-7.900008083028268
100.0,80.15180827144461,19.848191728555392
71.83,71.67459275519704,0.15540724480295864
92.24,78.72143175546903,13.518568244530968
82.56,84.09804941978895,-1.5380494197889476
38.31,50.87137723400165,-12.561377234001647
60.26,56.45486948944963,3.80513051055037
63.62,72.63219436266432,-9.012194362664324
72.79,64.73942424946478,8.05057575053523
68.81,63.60766439034447,5.202335609655535
79.79,68.33030526704945,11.459694732950553
71.5,59.2669890818503,12.233010918149702
93.63,78.09321776547588,15.536782234524111
46.7,45.237979112738266,1.4620208872617368
61.81,59.52770371167111,2.2822962883288938
71.85,60.08847246080788,11.761527539192116
66.74,53.25775273284006,13.482247267159934
58.64,55.70581377761028,2.9341862223897195
41.02,53.050422175264465,-12.030422175264462
66.18,67.10213146085225,-0.922131460852242
47.21,49.83163824313354,-2.621638243133539
75.34,63.599214391085034,11.740785608914969
51.62,58.182202568642374,-6.562202568642377
38.76,61.29554205464019,-22.53554205464019
92.28,84.15863189626184,8.121368103738163
52.04,43.541039972516074,8.498960027483925
61.25,67.31342641648472,-6.063426416484717
48.06,46.39461815484893,1.6653818451510745
46.31,54.26697518352464,-7.956975183524641
21.9,31.07065767317865,-9.170657673178653
85.47,85.783092559847,-0.3130925598470071
57.35,54.339378238035756,3.010621761964245
71.78,77.16541404062544,-5.3854140406254345
41.71,45.68110006306286,-3.971100063062856
74.18,79.29904642369242,-5.11904642369241
65.39,65.63896810433194,-0.2489681043319365
37.52,52.929952993124196,-15.409952993124193
56.0,54.924915460528595,1.0750845394714048
88.83,77.92445165704892,10.905548342951079
64.82,63.55520405553441,1.2647959444655825
34.71,43.26496842667696,-8.554968426676957
49.94,52.362615944860536,-2.4226159448605387
61.69,78.63996529714419,-16.94996529714419
47.41,42.17389485236697,5.236105147633026
9.0,24.464152976864387,-15.464152976864387
51.33,66.5474338761591,-15.217433876159106
51.3,58.150208139508706,-6.850208139508709
46.56,61.51870022254932,-14.958700222549318
79.21,83.43356262380792,-4.223562623807922
57.48,57.72397310999329,-0.24397310999329136
65.34,63.73633285384074,1.6036671461592604
47.83,50.08044949567817,-2.2504494956781684
77.81,53.29042973609548,24.51957026390452
45.11,43.797494504166025,1.3125054958339746
38.04,46.38862630501401,-8.348626305014008
59.64,53.47831350568282,6.1616864943171805
95.68,80.72417447320338,14.95582552679663
90.86,77.80090566347955,13.059094336520445
57.88,50.708642637269435,7.171357362730568
49.86,57.113239807445055,-7.2532398074450555
61.77,69.70813972653615,-7.938139726536143
51.07,52.48865057441636,-1.418650574416361
63.65,68.81676442915033,-5.1667644291503265
48.13,49.91799940847517,-1.7879994084751658
62.15,62.50063480121099,-0.3506348012109939
74.84,59.92608991142823,14.913910088571775
55.03,55.406624918779144,-0.37662491877914306
52.95,45.49037250608714,7.459627493912862
75.52,70.57832604387934,4.941673956120653
58.07,60.4943718397113,-2.4243718397112985
78.52,64.26273848272338,14.257261517276618
47.8,50.9391150650823,-3.1391150650823008
76.6,82.2371775962868,-5.637177596286804
54.62,60.74539935194862,-6.125399351948623
77.79,58.12638218257942,19.663617817420587
43.16,39.69419738283255,3.465802617167448
65.95,62.606163860798524,3.3438361392014784
40.61,43.37657228933294,-2.7665722893329416
64.97,78.17196958597403,-13.201969585974027
81.33,73.9280563981324,7.4019436018676
70.85,65.16894700972247,5.6810529902775215
56.86,65.67612229875479,-8.816122298754792
68.62,55.44573801820424,13.174261981795766
71.03,70.71983473649338,0.31016526350661877
23.18,41.233497674727495,-18.053497674727495
82.51,75.5228129623611,6.987187037638904
30.83,45.42206881034467,-14.59206881034467
52.77,49.72749714963704,3.0425028503629648
47.22,46.558396540429406,0.6616034595705926
76.48,68.9845098355306,7.495490164469402
59.83,57.01752664104305,2.81247335895695
57.1,68.8187211424449,-11.718721142444899
61.56,50.33384968783152,11.226150312168485
58.1,57.46045314759505,0.6395468524049548
67.61,77.00383332777153,-9.393833327771532
45.49,58.73159253048658,-13.241592530486578
53.9,61.27471608887897,-7.374716088878969
45.02,52.769369372028926,-7.749369372028923
64.82,76.15306572622582,-11.333065726225826
61.29,71.55686744759538,-10.26686744759538
37.31,50.66563920728402,-13.355639207284021
70.24,66.83221984856678,3.407780151433215
62.34,60.495015514229,1.8449844857710005
47.77,49.559203753300366,-1.789203753300363
98.46,89.04369011256675,9.416309887433243
82.69,78.92774510513047,3.7622548948695282
68.37,67.1596917520555,1.2103082479445106
68.28,56.50369741496134,11.776302585038664
69.21,74.108599438069,-4.898599438069013
72.4,63.585972522078556,8.81402747792145
76.62,70.55950897633971,6.0604910236602905
51.92,50.91084048894009,1.009159511059913
61.63,63.578144270323556,-1.948144270323553
65.49,68.5410662831231,-3.051066283123106
75.82,75.45386369444304,0.36613630555694954
59.27,67.50708125423043,-8.237081254230425
45.31,54.32962901227272,-9.019629012272716
56.3,70.99900861014454,-14.699008610144546
88.67,84.16023886025776,4.509761139742238
53.27,54.07467270269698,-0.8046727026969762
60.34,76.30345517388153,-15.963455173881528
49.35,52.1103703706685,-2.7603703706684968
40.31,57.164461397798384,-16.85446139779838
65.83,71.4461501226315,-5.616150122631495
22.09,36.48636496167963,-14.396364961679627
94.89,86.28956876569332,8.600431234306683
67.85,63.54611447176631,4.303885528233685
54.18,56.5075450518295,-2.327545051829503
42.54,51.65101361272197,-9.111013612721969
50.93,40.03360098526682,10.896399014733177
42.31,37.520361255697686,4.789638744302316
48.85,48.65341953633663,0.19658046366337345
58.68,51.908799088544036,6.7712009114559635
55.21,66.49308691865869,-11.28308691865869
62.98,58.95550510228567,4.024494897714327
48.65,43.91534382509164,4.734656174908359
51.96,53.122975409459954,-1.1629754094599534
82.42,73.74103410108005,8.678965898919955
98.27,83.56724317689536,14.702756823104636
80.02,78.19161666420122,1.828383335798776
56.61,56.48710407373914,0.12289592626085977
40.6,56.41152206608838,-15.81152206608838
54.15,54.309055198783014,-0.15905519878301533
36.45,43.71759881008918,-7.267598810089176
55.28,54.13229275718727,1.1477072428127286
77.16,74.71913136133725,2.4408686386627494
57.42,50.28819566865376,7.131804331346238
67.02,71.26776892276045,-4.247768922760457
62.06,57.95750438249641,4.1024956175035925
48.91,56.29676053096592,-7.3867605309659226
69.42,65.88732979675987,3.53267020324013
67.37,61.70005852953249,5.6699414704675135
34.9,42.51483327014785,-7.614833270147848
63.02,66.24488828482717,-3.2248882848271663
59.4,58.20907569649563,1.1909243035043673
62.31,58.6775922570794,3.6324077429206056
53.44,55.22105877147512,-1.7810587714751236
46.54,54.134288928392266,-7.594288928392267
43.71,37.10617024744823,6.603829752551768
37.54,41.84908139757588,-4.309081397575881
81.77,75.69839473282785,6.071605267172146
95.49,93.49292792235842,1.997072077641576
63.77,73.91259191653073,-10.142591916530726
100.0,83.58129927321016,16.418700726789837
69.18,59.43431538167256,9.745684618327445
55.61,63.07797790675233,-7.467977906752331
64.05,53.124782329976696,10.9252176700233
59.45,57.83536546052433,1.6146345394756736
60.15,73.52806256144343,-13.378062561443436
66.0,49.38034503081665,16.61965496918335
49.95,55.28396623677084,-5.333966236770834
43.54,36.251903091547646,7.288096908452353
25.47,43.34410664708765,-17.87410664708765
47.44,47.12232416077922,0.3176758392207759
62.01,61.70069794683098,0.30930205316902004
41.56,48.11653704963113,-6.556537049631125
49.13,44.18820962181676,4.941790378183242
67.3,69.61413811503301,-2.3141381150330176
53.38,51.16326957055144,2.2167304294485604
76.41,84.0504226185236,-7.640422618523601
61.7,58.16766579615559,3.532334203844414
66.94,63.6090800023844,3.330919997615595
53.42,57.96359493764763,-4.543594937647626
43.46,42.45338508348744,1.0066149165125609
63.62,59.60988231050081,4.0101176894991895
38.54,42.29596749482541,-3.7559674948254127
58.23,53.37426519099087,4.855734809009128
66.4,75.97483564573123,-9.574835645731227
54.57,55.27656754495369,-0.7065675449536926
58.49,70.22335759358675,-11.733357593586753
89.92,77.7154339902195,12.204566009780507
91.91,88.87135472469346,3.0386452753065356
52.13,52.33666525724117,-0.2066652572411698
67.65,78.62992164927093,-10.97992164927092
54.9,55.17994398583946,-0.27994398583945923
63.66,77.4723636300145,-13.812363630014502
47.52,59.301852747578145,-11.781852747578142
52.72,51.392135252183536,1.327864747816463
66.46,63.985108281005104,2.47489171899489
52.66,45.48480808684237,7.175191913157626
82.42,86.56447295041094,-4.144472950410943
65.91,54.18539971859209,11.724600281407909
59.75,50.11135641813287,9.638643581867129
44.49,59.50970612300931,-15.019706123009307
44.02,50.1786825304456,-6.158682530445596
67.48,56.63847370118473,10.841526298815275
64.64,71.5502181976002,-6.9102181976002015
53.36,58.88309637251716,-5.523096372517159
78.27,66.63670921971267,11.633290780287325
59.5,48.711820951411184,10.788179048588816
78.2,71.91428531477308,6.285714685226921
68.47,71.86974784416141,-3.3997478441614106
87.03,71.45364450274816,15.57635549725184
52.01,64.53579628870963,-12.525796288709635
46.21,53.937153437388545,-7.727153437388544
52.24,63.98938618384617,-11.74938618384617
58.64,50.80763965906031,7.832360340939694
69.31,68.33887005506267,0.9711299449373314
62.12,65.98737233217832,-3.867372332178327
69.26,60.00314550858183,9.256854491418174
63.52,61.45257813697133,2.0674218630286703
68.63,68.16078336529935,0.46921663470064345
51.06,49.034094997264866,2.0259050027351364
59.49,58.46059943606813,1.0294005639318726
70.43,68.21717493006024,2.2128250699397682
42.63,50.4915566428046,-7.861556642804601
65.33,53.2544703883038,12.075529611696197
50.82,57.99247250224937,-7.17247250224937
55.81,63.63909887476956,-7.8290988747695565
80.5,88.46771695565828,-7.967716955658275
60.42,69.29344475306812,-8.873444753068114
54.05,53.418132769470425,0.631867230529572
74.83,84.88823481564103,-10.058234815641029
48.64,56.845394787943874,-8.205394787943874
50.15,55.272738216680985,-5.122738216680986
63.17,62.566995049236,0.603004950764003
57.28,61.69951416945798,-4.419514169457976
87.35,68.32711889940936,19.022881100590638
56.36,49.72177533461501,6.638224665384989
80.22,69.85698310171622,10.363016898283774
60.72,59.77977008337467,0.9402299166253272
61.36,60.26529727308904,1.0947027269109597
72.41,70.8635300134645,1.5464699865354987
75.7,59.147624036324835,16.552375963675168
55.18,56.86261910259328,-1.6826191025932786
64.03,74.7365590800975,-10.706559080097506
68.2,86.35285933696709,-18.152859336967083
62.19,55.75660595013159,6.433394049868404
67.92,59.17078662423126,8.74921337576874
78.85,59.815334969037195,19.0346650309628
76.62,67.48193485544328,9.13806514455672
37.17,51.47557188981745,-14.30557188981745
49.28,64.4547065800031,-15.174706580003104
65.2,62.27487687805685,2.9251231219431517
74.23,59.5949481376355,14.635051862364506
78.64,68.56882232414647,10.071177675853534
51.04,54.307871411293036,-3.2678714112930365
63.5,79.04053620109765,-15.540536201097652
65.72,63.08081006576286,2.6391899342371374
64.88,64.61675193571581,0.2632480642841841
77.86,77.55622765420176,0.30377234579823664
42.02,50.18359822047574,-8.163598220475734
68.33,63.3569030327891,4.9730969672109
41.52,45.233352421055216,-3.7133524210552125
80.61,72.55867907781122,8.05132092218878
56.79,72.59574016309354,-15.805740163093539
70.31,70.79787354222685,-0.48787354222685053
51.17,60.204475858557956,-9.034475858557954
67.79,75.48482829649052,-7.694828296490513
60.81,51.36633431253327,9.443665687466734
50.27,44.529205474418795,5.740794525581208
96.88,96.93987759524984,-0.05987759524984426
73.08,77.56832268633073,-4.488322686330733
57.83,57.16197126474933,0.6680287352506653
47.0,51.80452367583962,-4.804523675839619
44.5,57.26612291930917,-12.766122919309169
77.94,83.96403173155916,-6.0240317315591625
60.55,73.15352125450791,-12.60352125450791
72.64,71.12016884247038,1.519831157529623
55.48,68.52582338752117,-13.045823387521175
49.14,59.154609804039666,-10.014609804039665
89.12,81.87120464177444,7.248795358225564
49.45,42.12619946786016,7.323800532139842
60.0,46.680884827070635,13.319115172929365
57.59,54.482641156152,3.1073588438480044
66.24,75.2553203427933,-9.015320342793302
70.46,57.467282447130536,12.992717552869458
29.43,53.63951061170838,-24.20951061170838
83.71,67.80411553380758,15.905884466192418
29.03,39.16196259962778,-10.131962599627776
97.45,76.47279390565708,20.977206094342918
73.13,79.5067291015183,-6.376729101518308
44.87,59.956005373233765,-15.086005373233768
100.0,84.15882235240069,15.84117764759931
63.36,69.58442080854958,-6.224420808549581
87.15,79.3902221268834,7.7597778731166045
71.59,66.9814998143607,4.608500185639301
47.15,59.02328437026232,-11.873284370262319
92.38,78.55658490839063,13.823415091609363
86.36,83.01363028151334,3.346369718486656
54.92,70.38624680803301,-15.466246808033006
48.08,40.31937408959659,7.760625910403405
71.9,81.7696923744831,-9.869692374483094
44.41,52.21895649001154,-7.808956490011546
48.76,44.417498008086724,4.342501991913274
74.44,76.63191777536535,-2.1919177753653543
48.81,57.47757217589686,-8.667572175896858
61.78,70.44523991734935,-8.665239917349354
62.46,72.85641516842126,-10.396415168421264
41.09,44.581448360727066,-3.4914483607270625
87.04,79.50606787209594,7.533932127904066
46.14,50.21308856954452,-4.073088569544517
35.1,43.400381076108765,-8.300381076108764
42.62,63.656960707320394,-21.036960707320397
65.64,63.69121081759859,1.9487891824014127
72.72,69.43079933478323,3.289200665216768
100.0,84.26570339568279,15.734296604317208
73.23,67.39000335065913,5.8399966493408755
52.34,59.07895717859366,-6.738957178593658
79.92,75.51134248030209,4.408657519697911
53.51,54.60377626782667,-1.0937762678266694
47.34,55.28561416858896,-7.945614168588953
96.04,93.36501257986993,2.67498742013008
69.15,64.92029112780789,4.22970887219212
44.91,64.7936531641638,-19.883653164163803
71.23,76.33962924055015,-5.109629240550149
70.95,80.19502579242882,-9.24502579242882
72.18,66.69698644326878,5.483013556731223
42.59,50.646971087235364,-8.056971087235361
30.75,51.51603435010724,-20.76603435010724
60.64,62.16874384466277,-1.5287438446627704
41.43,44.969126102761095,-3.539126102761095
58.09,71.3731960419213,-13.2831960419213
39.69,46.33334880359949,-6.643348803599494
80.26,73.54271079629564,6.717289203704368
79.74,75.23599999628078,4.504000003719213
76.13,75.55675937390218,0.5732406260978138
66.74,52.26774826207839,14.472251737921603
63.35,65.63639247552956,-2.28639247552956
86.77,74.59040912843878,12.179590871561217
56.96,58.108971811041,-1.148971811041001
44.51,65.05984625224053,-20.549846252240535
55.94,63.41106920362118,-7.471069203621184
60.03,68.90381846039152,-8.873818460391519
57.2,67.66541783643885,-10.465417836438846
86.84,83.58351447845118,3.256485521548825
70.22,78.70289953803335,-8.482899538033351
80.55,81.74910319793102,-1.1991031979310236
62.0,64.5123642271111,-2.5123642271111066
64.11,51.36426405278885,12.745735947211152
64.07,57.94121746613866,6.128782533861333
73.07,68.83299037830209,4.237009621697908
65.65,76.30910760802561,-10.659107608025607
70.63,60.418090818151086,10.21190918184891
55.24,73.81544430101835,-18.575444301018344
45.15,44.26411452009302,0.8858854799069817
66.82,73.59210902407243,-6.772109024072435
59.8,66.1636988349898,-6.363698834989805
57.44,55.06488927760616,2.375110722393835
70.81,69.39146513388076,1.418534866119245
80.24,64.69011254513099,15.549887454869008
57.61,57.22971793273303,0.3802820672669682
45.9,43.860235174515374,2.0397648254846246
51.21,57.849871319172244,-6.639871319172244
57.79,58.07525085410753,-0.2852508541075309
43.28,49.35324896289201,-6.073248962892009
69.01,70.3841862496569,-1.3741862496569013
41.41,48.5689063927061,-7.1589063927061005
61.09,62.73621936706398,-1.6462193670639778
78.13,60.703446778746255,17.42655322125374
86.04,79.94738584058035,6.092614159419654
70.36,75.28417916208204,-4.924179162082041
36.79,39.97417773682251,-3.1841777368225124
86.79,75.68235686538671,11.107643134613298
62.59,55.771378435136675,6.818621564863328
55.27,48.31670846465959,6.953291535340412
72.01,85.34069228851197,-13.330692288511969
59.27,69.19698067169678,-9.926980671696775
68.63,43.858116346951306,24.77188365304869
44.95,62.65645643226629,-17.706456432266286
58.29,56.42878968592393,1.861210314076068
76.09,79.61523080999375,-3.5252308099937437
53.59,56.69957436555153,-3.1095743655515236
66.17,63.14730030911124,3.0226996908887642
88.73,80.0706157003884,8.659384299611602
75.81,66.0340620942282,9.775937905771798
54.15,62.42681294314521,-8.27681294314521
44.61,35.07849448018761,9.531505519812391
58.0,68.21865837758203,-10.218658377582031
27.05,38.0170009652405,-10.967000965240498
59.24,71.04879737714613,-11.808797377146128
65.44,63.014027126032964,2.4259728739670336
64.52,50.07366016209674,14.446339837903253
48.01,56.611368724002425,-8.601368724002427
73.06,71.88078647863328,1.1792135213667194
59.81,60.36092382991008,-0.5509238299100758
80.21,80.06578621990893,0.14421378009106434
75.35,70.93028497556612,4.41971502443387
55.97,51.212412345857395,4.757587654142604
57.73,63.01128454197012,-5.281284541970123
56.66,44.97384848528821,11.686151514711788
56.24,56.85818855895002,-0.6181885589500169
48.86,36.759189074633426,12.100810925366574
78.36,74.13386234483963,4.226137655160372
63.69,52.24928207924913,11.44071792075087
89.69,64.18858428482997,25.501415715170026
70.14,65.02671299960366,5.11328700039634
60.0,58.791654303389834,1.2083456966101664
66.55,66.15061171831749,0.39938828168250495
69.97,68.75831982317371,1.2116801768262917
67.67,61.09074583405613,6.579254165943873
84.3,64.91680744073035,19.383192559269645
71.24,48.02167947390226,23.218320526097735
72.43,83.53084303336068,-11.100843033360675
48.95,54.04840138909378,-5.09840138909378
59.84,60.59137087889431,-0.7513708788943063
60.62,64.01611580213665,-3.3961158021366558
64.59,59.200727993088485,5.3892720069115185
52.48,67.77653864587235,-15.296538645872353
40.91,51.19375995963586,-10.283759959635866
77.89,68.27808706133804,9.611912938661959
52.64,51.35577700114516,1.284222998854844
62.32,65.37890957759434,-3.058909577594342
50.31,57.78885064145413,-7.47885064145413
69.28,66.85869408828718,2.421305911712821
80.78,80.46688769432585,0.31311230567415294
61.61,53.90444391784528,7.705556082154722
71.94,75.38943274244693,-3.4494327424469304
71.41,66.82508580642516,4.584914193574832
35.31,36.52402425419565,-1.2140242541956496
80.18,72.05081319540696,8.129186804593047
57.04,63.65078754119611,-6.61078754119611
43.67,61.58517689998943,-17.915176899989426
30.79,46.093852054911956,-15.303852054911957
59.93,66.90025889920344,-6.970258899203436
36.93,50.574042237342745,-13.644042237342745
71.4,66.3945285112875,5.005471488712502
83.2,70.87247249894355,12.327527501056451
51.1,41.4775624610528,9.622437538947203
77.03,74.95495238403257,2.075047615967435
38.4,39.85001277670067,-1.4500127767006745
61.37,53.07639578140709,8.293604218592904
80.31,81.76283308064036,-1.4528330806403602
63.83,60.84286292568816,2.987137074311839
76.79,74.10138720582937,2.6886127941706377
77.56,57.95696062886553,19.60303937113447
68.98,67.86638452675007,1.1136154732499364
69.74,54.96978660726056,14.770213392739436
73.44,81.09161575802489,-7.651615758024889
38.78,57.58928895108008,-18.809288951080077
54.38,51.52532962459878,2.85467037540122
26.4,37.21787509834178,-10.81787509834178
100.0,80.2232172641625,19.7767827358375
43.67,44.404548346099034,-0.7345483460990323
55.28,57.1416138434148,-1.8616138434148013
69.32,67.42023793985044,1.8997620601495555
61.25,56.39105049016104,4.858949509838958
55.74,40.80570788425346,14.934292115746544
35.55,32.15260090589336,3.397399094106639
82.2,76.14081838934541,6.059181610654591
54.75,63.88681576838863,-9.13681576838863
40.27,43.375144886832,-3.1051448868319937
66.61,62.07709585961457,4.532904140385426
69.68,66.57861768912566,3.1013823108743424
58.59,55.158120442756285,3.431879557243718
63.55,77.96733051358908,-14.417330513589079
68.21,61.639394309768974,6.5706056902310195
72.73,63.45413990823286,9.275860091767143
50.31,61.068128570735986,-10.758128570735984
45.53,36.39029286757923,9.139707132420774
66.37,60.41592928603338,5.9540707139666225
46.14,50.09347772755396,-3.9534777275539597
40.42,46.058045475852076,-5.638045475852074
75.34,68.80841400540554,6.531585994594465
72.22,68.36840237832308,3.851597621676916
86.23,79.75719077780298,6.472809222197029
71.14,78.08726582025693,-6.947265820256931
60.23,65.5894345164604,-5.359434516460404
70.2,70.97971127260894,-0.7797112726089352
38.32,43.84286332961527,-5.522863329615269
84.62,71.29982195502778,13.320178044972224
57.43,70.95884295857087,-13.52884295857087
94.78,88.01197228061272,6.768027719387277
39.32,51.96038464144587,-12.64038464144587
58.5,60.86767982203822,-2.3676798220382196
69.17,73.79437727374052,-4.624377273740521
80.34,68.80169980456225,11.538300195437756
76.71,69.68366321158555,7.02633678841444
52.34,50.291849500068004,2.0481504999319995
80.65,75.95470598557883,4.695294014421179
57.58,62.14245721683462,-4.562457216834623
37.04,41.29781481107467,-4.257814811074674
72.96,72.25795257439613,0.7020474256038653
64.83,71.2466179117556,-6.416617911755608
56.64,62.145479061089766,-5.5054790610897655
76.22,60.53410006130913,15.685899938690866
58.14,59.940407213143324,-1.8004072131433233
54.13,54.05223226517236,0.07776773482764554
66.77,70.88992210933472,-4.119922109334723
59.15,62.10579447733924,-2.9557944773392393
82.06,67.07179806750757,14.98820193249243
84.21,92.84253867297178,-8.63253867297179
49.88,54.1432957936198,-4.263295793619797
77.79,78.78690796218136,-0.9969079621813535
63.82,53.254478780149064,10.565521219850936
86.84,84.05124339875768,2.7887566012423264
77.2,71.48657961878979,5.713420381210213
51.6,56.17472893338484,-4.57472893338484
50.62,49.27642470900228,1.3435752909977197
81.8,78.8514957801036,2.9485042198963924
95.16,82.82285598347241,12.337144016527589
48.21,43.035805062792605,5.174194937207396
48.87,47.032935232325606,1.8370647676743914
78.52,82.32271307008159,-3.8027130700815945
59.43,62.15408934825503,-2.7240893482550277
36.52,42.352867085119186,-5.832867085119183
52.03,54.62013628262714,-2.5901362826271424
64.81,59.728333511748154,5.081666488251848
68.82,56.716071906346606,12.103928093653387
43.18,46.235883279866776,-3.0558832798667765
53.0,65.02277654394759,-12.022776543947586
53.39,55.01440349963876,-1.6244034996387597
39.73,55.44676286688747,-15.716762866887471
46.66,50.86362120830498,-4.20362120830498
77.66,73.58950684149919,4.07049315850081
62.46,60.7177610170499,1.7422389829500986
53.45,47.793463984616494,5.656536015383509
70.76,75.97213709121104,-5.212137091211034
74.75,72.9697543171367,1.7802456828632955
52.8,65.87469768526972,-13.074697685269726
10.37,24.68736374257317,-14.31736374257317
76.25,65.79687934321339,10.45312065678661
72.59,57.44762051450083,15.142379485499177
45.54,46.43687671126809,-0.8968767112680922
84.14,79.32720563166855,4.812794368331453
42.12,48.43311746564605,-6.313117465646052
52.87,46.68505436261495,6.184945637385049
55.34,56.71856632155866,-1.378566321558658
69.62,64.40531990372907,5.214680096270939
43.7,47.43012122933377,-3.7301212293337684
32.36,42.35703341058473,-9.997033410584727
67.44,59.19894206307499,8.24105793692501
89.23,85.13279848854599,4.097201511454017
52.47,61.70717191647287,-9.237171916472874
78.54,72.56173818851464,5.978261811485368
55.37,49.76501604851825,5.604983951481749
54.6,66.06882146374227,-11.468821463742266
78.2,74.70551503989043,3.494484960109574
60.27,69.63061688411238,-9.360616884112382
45.75,34.80248109163049,10.94751890836951
13.29,44.67637554011655,-31.386375540116553
56.87,52.84925101299573,4.020748987004268
86.21,80.60765251793055,5.602347482069447
72.49,67.77804578257192,4.711954217428072
63.98,58.51589030418951,5.464109695810485
79.04,71.94613261755059,7.093867382449417
79.07,75.15110370630904,3.918896293690949
62.35,61.54769549510514,0.8023045048948632
60.21,59.94175564865962,0.2682443513403783
63.19,62.98669133751279,0.2033086624872098
35.63,51.62050182478981,-15.99050182478981
57.91,64.46621954770012,-6.556219547700124
58.99,69.893228215796,-10.903228215795998
73.41,63.5469816933153,9.863018306684694
48.3,47.89952833737378,0.4004716626262166
57.78,69.46952403851823,-11.689524038518229
60.99,63.530632689514995,-2.540632689514993
63.27,64.05958016469816,-0.7895801646981582
71.9,53.00124323424982,18.898756765750186
66.88,68.61816407607476,-1.7381640760747672
72.36,83.23121023051064,-10.871210230510641
76.36,66.9947544690882,9.365245530911793
66.43,58.19176116952357,8.238238830476433
31.87,47.92643322703107,-16.056433227031068
76.31,60.063945256966726,16.246054743033277
69.99,64.42835953743659,5.561640462563403
78.82,78.0360202750342,0.7839797249657892
76.86,61.86454195755315,14.995458042446849
46.0,46.55965229658281,-0.5596522965828115
68.98,66.14309882607141,2.836901173928595
65.46,61.315579363283526,4.144420636716468
70.68,74.28684656654747,-3.6068465665474605
41.59,64.80073414402047,-23.210734144020464
55.05,67.62920559207605,-12.57920559207605
51.36,51.96954035751284,-0.6095403575128415
82.98,79.71112449544273,3.268875504557272
58.53,52.87515053789261,5.654849462107393
94.25,71.48170450599733,22.768295494002672
73.11,71.83811059300686,1.2718894069931395
56.9,50.17304301283664,6.726956987163362
51.99,58.63870259528786,-6.648702595287858
66.02,70.81771972875123,-4.7977197287512325
58.73,49.46564325339375,9.264356746606246
44.65,45.461462397616415,-0.8114623976164168
40.8,57.93689944294836,-17.136899442948362
56.66,47.77874138046523,8.88125861953477
64.69,67.68035811039769,-2.9903581103976933
50.89,61.76679785454981,-10.876797854549807
89.91,72.72947491652309,17.18052508347691
93.61,70.47762010116728,23.132379898832724
65.99,54.953146209047596,11.0368537909524
42.02,52.15707994499732,-10.137079944997318
57.83,54.88211276515536,2.947887234844636
52.93,56.74837741559154,-3.8183774155915415
89.41,67.69558899200351,21.71441100799649
64.36,51.491490884421005,12.868509115578995
68.79,70.51917285111001,-1.7291728511100075
41.21,45.45688558965531,-4.246885589655307
56.32,63.60041457768458,-7.2804145776845814
62.93,80.79012311837361,-17.860123118373615
47.6,52.216551170019876,-4.616551170019875
66.77,65.29797403513683,1.472025964863164
29.22,35.08821179951909,-5.868211799519088
61.21,66.32910312847423,-5.119103128474229
52.9,49.5285223954598,3.371477604540196
85.42,88.64765979868481,-3.2276597986848117
71.31,61.138474622475236,10.171525377524766
80.19,71.23497023207254,8.955029767927456
67.65,60.67040001926237,6.979599980737639
30.29,32.73091837674224,-2.440918376742239
55.15,46.126894767995545,9.023105232004454
61.98,62.231535744969214,-0.2515357449692175
57.17,60.07529706349225,-2.905297063492249
29.89,58.5897489500733,-28.6997489500733
66.58,68.82707130328345,-2.247071303283448
24.52,45.56674536605286,-21.046745366052857
56.11,37.286891735745115,18.823108264254884
59.51,78.84087221271378,-19.33087221271378
60.84,59.886966444336416,0.9530335556635876
64.89,61.16830586129615,3.721694138703853
73.11,63.45525717230531,9.65474282769469
56.01,65.66624814275335,-9.656248142753348
67.55,65.96928186423575,1.5807181357642435
55.89,66.79460272193269,-10.90460272193269
68.37,61.25834042638329,7.111659573616713
41.98,41.38071208401873,0.5992879159812645
73.52,69.71549065175249,3.8045093482475068
52.8,60.47517339734537,-7.675173397345375
78.71,61.56496124459172,17.145038755408272
62.71,65.9725315437691,-3.262531543769093
85.41,84.42364747908502,0.986352520914977
66.56,69.99747882756729,-3.43747882756729
60.19,55.28908376695457,4.900916233045429
70.99,64.91580533061281,6.074194669387182
72.71,74.01421140177702,-1.3042114017770245
88.23,75.73190560433082,12.498094395669185
40.55,49.778326218085944,-9.228326218085947
81.16,73.34523796140292,7.814762038597081
76.15,67.07917037772563,9.070829622274374
51.15,56.62808978273882,-5.47808978273882
76.64,62.44867488933294,14.191325110667059
83.33,71.01252851692682,12.317471483073177
53.45,42.40819311354139,11.041806886458616
63.39,69.48568240666509,-6.095682406665091
45.53,51.49663952351959,-5.966639523519589
85.44,88.77595348337688,-3.3359534833768834
58.65,57.6107844291223,1.0392155708777011
42.86,53.44137827657442,-10.58137827657442
78.62,65.86237253787536,12.757627462124645
72.79,69.50272328456798,3.2872767154320286
91.5,68.83080391970908,22.669196080290916
38.94,36.88030935420966,2.05969064579034
66.74,63.98905135927193,2.750948640728062
25.94,28.4338270172969,-2.4938270172968977
44.85,53.339109222227435,-8.489109222227434
38.39,43.97287198401042,-5.582871984010417
77.53,71.076956600085,6.453043399915003
40.81,49.61625053321457,-8.806250533214566
54.7,58.57900652417385,-3.879006524173846
82.19,70.65899176286351,11.53100823713649
62.22,74.74199648241397,-12.521996482413968
77.52,78.43998517621957,-0.9199851762195692
63.94,64.87414000701051,-0.9341400070105124
42.37,44.35764516220193,-1.987645162201936
79.94,79.94102645288892,-0.0010264528889223357
43.63,50.55106507634428,-6.921065076344277
67.32,80.03228513948878,-12.712285139488785
60.0,63.13988751356283,-3.139887513562833
86.41,81.60241104987833,4.807588950121669
55.28,57.963983306824204,-2.683983306824203
71.54,69.62291415085097,1.9170858491490321
62.25,62.40111014685339,-0.15111014685339086
86.05,63.21834997599109,22.83165002400891
57.74,54.56361194278832,3.176388057211682
58.99,61.550110475096815,-2.5601104750968133
70.62,68.38412252426542,2.2358774757345827
82.45,72.92926387405083,9.52073612594917
66.51,65.52449152812905,0.9855084718709577
50.26,56.629254393106265,-6.369254393106267
68.82,62.7225877965367,6.097412203463293
68.32,64.81380366244116,3.5061963375588334
66.7,60.35082175495396,6.349178245046041
65.57,53.426552929040824,12.14344707095917
61.43,47.37281444021628,14.057185559783719
81.65,87.42913536357356,-5.779135363573559
64.43,70.01994606479101,-5.5899460647910075
67.93,73.7500292440698,-5.8200292440697865
47.83,48.14265726796068,-0.31265726796068094
51.75,43.86540178526371,7.884598214736293
99.8,89.41731679241363,10.382683207586368
61.76,58.288557975625125,3.4714420243748734
53.23,56.46637364272029,-3.236373642720295
54.86,59.13451616513166,-4.274516165131658
63.32,60.666407034700114,2.653592965299886
65.47,60.36408633316382,5.10591366683618
67.82,60.40460174013501,7.415398259864986
41.31,54.67405272693577,-13.364052726935768
52.5,54.29075148388932,-1.7907514838893235
63.63,57.19459395442656,6.435406045573444
71.19,66.6539261627108,4.536073837289194
66.85,68.01697321689939,-1.1669732168993932
76.96,78.43084033363766,-1.4708403336376676
51.34,42.41199401516648,8.928005984833526
77.05,63.42562684659504,13.62437315340496
79.15,68.58906844760587,10.560931552394138
82.87,80.75739948996137,2.1126005100386323
60.52,50.854021944059305,9.665978055940698
59.41,61.37101796505154,-1.9610179650515462
43.44,51.14099951229536,-7.700999512295361
70.22,57.451017746650564,12.768982253349435
72.58,73.17668135119717,-0.5966813511971765
46.01,45.63287025896146,0.37712974103853725
65.73,58.720600337655206,7.009399662344798
72.35,68.39551610504144,3.954483894958557
66.08,59.09600627547583,6.983993724524169
41.8,41.420545062181546,0.3794549378184513
62.15,66.40007280154391,-4.250072801543915
76.76,68.82698022513972,7.933019774860284
64.29,65.16219631614302,-0.8721963161430182
60.25,66.23213469160035,-5.982134691600351
72.58,58.24268802152487,14.337311978475128
79.05,74.93591983739358,4.114080162606413
58.74,53.89162178964606,4.848378210353943
53.61,35.6293109785129,17.980689021487102
49.96,59.103244876320694,-9.143244876320693
64.85,64.55236049445078,0.29763950554921337
60.51,39.94756187594346,20.56243812405654
66.38,66.4289315222895,-0.04893152228950726
40.33,53.14194489719337,-12.81194489719337
80.44,67.37737182818267,13.062628171817323
76.31,63.63839218135982,12.671607818640183
69.26,68.6895665343088,0.5704334656912096
39.77,47.88379435946416,-8.113794359464158
72.87,57.46563296679426,15.404367033205745
55.79,67.27888917819458,-11.488889178194576
71.64,82.39597387158751,-10.755973871587514
90.14,82.78736086636093,7.352639133639073
60.23,64.60904576866058,-4.379045768660582
57.78,48.62128801558951,9.158711984410488
46.04,43.67875895874929,2.3612410412507074
40.69,34.499185499371066,6.190814500628932
60.94,58.88643871332247,2.053561286677528
74.55,65.66369279150783,8.88630720849217
39.79,52.911461467044404,-13.121461467044405
82.02,77.8818314929163,4.138168507083691
67.91,60.230872003323476,7.67912799667652
73.73,60.37513597091121,13.354864029088795
59.36,65.21659706286485,-5.85659706286485
70.03,71.44134694822243,-1.4113469482224303
41.37,47.02667810137988,-5.656678101379882
45.92,50.94174097061675,-5.021740970616747
40.09,43.99747186614238,-3.907471866142373
71.27,69.86920822387692,1.4007917761230715
87.2,82.34897135858537,4.851028641414629
92.44,91.44167992473058,0.9983200752694188
52.26,56.982197357325035,-4.722197357325037
68.44,68.7716321307517,-0.33163213075170006
44.69,42.49845045077533,2.1915495492246677
42.6,49.8598662037687,-7.259866203768702
51.62,70.38869173714178,-18.768691737141786
92.91,86.82816606359364,6.081833936406355
95.64,86.51559300328206,9.124406996717937
61.83,64.52438377878802,-2.6943837787880227
54.34,56.06998160321679,-1.7299816032167854
67.48,64.42316053992778,3.0568394600722257
45.1,44.391806554042994,0.7081934459570078
62.87,66.11868198613068,-3.248681986130684
64.67,72.14587013042518,-7.475870130425179
46.45,54.98917576020588,-8.539175760205879
65.0,69.4652009765856,-4.465200976585606
70.42,82.39795575110696,-11.977955751106961
59.81,50.719743742331,9.090256257669004
88.79,78.50388943530788,10.286110564692123
33.85,45.47918416380784,-11.629184163807835
51.86,60.42802610507467,-8.568026105074672
70.76,67.6015872554854,3.1584127445146066
73.27,65.8938743278394,7.3761256721605974
57.35,54.48013657538857,2.869863424611431
78.73,74.63267683147009,4.097323168529911
54.05,76.66138488041216,-22.61138488041216
70.61,80.39373511583747,-9.783735115837473
76.68,73.3421272816819,3.33787271831811
74.09,74.63157072292556,-0.541570722925556
40.59,39.433560289746694,1.1564397102533093
59.73,68.68389509491844,-8.953895094918444
54.19,62.780031951896596,-8.590031951896599
42.55,37.98823113522293,4.561768864777065
46.19,48.12355911857773,-1.9335591185777332
69.99,63.071008010316746,6.918991989683249
58.75,53.479696729735494,5.270303270264506
50.22,53.94710269293605,-3.7271026929360502
58.92,76.12956719979431,-17.209567199794307
75.17,72.27923052350671,2.89076947649329
56.43,49.031418522787526,7.398581477212474
63.18,58.97751430066263,4.202485699337373
74.16,69.38661703694588,4.773382963054118
98.58,89.4416378826612,9.1383621173388
55.17,53.30705783693463,1.8629421630653695
49.87,52.0059695677167,-2.1359695677166997
65.98,73.86275070337749,-7.882750703377482
66.68,56.39867877668208,10.281321223317924
67.48,71.44900205186138,-3.9690020518613807
59.83,63.568162078868085,-3.7381620788680863
64.38,54.45811883119724,9.921881168802756
75.38,80.0167179445465,-4.636717944546504
60.84,55.05089719786372,5.789102802136284
65.02,64.67352447900055,0.3464755209994479
18.36,33.22654846236774,-14.866548462367739
60.72,59.18756651924518,1.5324334807548183
66.0,60.279223469073905,5.720776530926095
35.83,57.548572001413916,-21.718572001413918
48.15,60.36452476285272,-12.214524762852719
40.56,46.40394390296919,-5.843943902969187
72.99,60.84078816605511,12.149211833944882
43.96,47.930776080484215,-3.970776080484214
92.74,80.48198437264557,12.258015627354425
46.99,47.799694827018634,-0.8096948270186317
74.85,69.96765140381511,4.882348596184883
62.42,61.07448247822689,1.345517521773111
72.39,78.57237338127109,-6.182373381271091
59.49,57.35171063990003,2.138289360099975
76.71,62.50458066398573,14.205419336014266
49.75,53.05660222354588,-3.3066022235458803
38.79,42.39815466317689,-3.60815466317689
67.03,65.00277843296992,2.0272215670300824
76.44,70.41329366459246,6.026706335407539
72.68,66.3016021692512,6.37839783074881
65.18,67.54751491026651,-2.3675149102665074
75.6,74.97310640661762,0.6268935933823769
52.83,64.85938982500063,-12.029389825000635
63.9,71.72793849532894,-7.827938495328944
69.59,71.59297582266612,-2.002975822666116
52.74,49.742668849840676,2.997331150159326
74.46,65.06195261059878,9.398047389401214
39.67,50.703327969957996,-11.033327969957995
72.64,72.49695675120772,0.14304324879228147
42.93,67.54234070786971,-24.612340707869713
57.23,61.15244004892222,-3.922440048922226
80.47,72.715663163937,7.754336836063004
85.11,75.3474421507084,9.762557849291596
71.34,62.42132212844999,8.918677871550017
61.05,58.35870180523563,2.6912981947643644
77.61,71.03384709694416,6.576152903055842
75.32,76.15879539729949,-0.8387953972994922
58.39,56.35803945614604,2.0319605438539625
82.18,79.30711569688025,2.8728843031197613
65.05,55.31326671124284,9.736733288757158
63.98,65.08397060856795,-1.1039706085679555
45.52,50.01351688030323,-4.4935168803032255
70.58,71.33109133325446,-0.7510913332544646
71.12,61.69120976428426,9.428790235715745
75.22,70.76565886062333,4.454341139376666
72.75,69.17643555363016,3.5735644463698435
46.65,51.34540643100385,-4.695406431003853
83.87,89.19911702424554,-5.329117024245534
60.41,34.440965054225074,25.969034945774922
77.11,63.763301695235846,13.346698304764153
64.1,70.99233943746624,-6.892339437466248
41.74,51.25994403381955,-9.519944033819549
65.44,76.47978135399032,-11.039781353990321
65.85,64.75250261471108,1.0974973852889178
65.38,61.36894421533466,4.011055784665338
79.18,63.754935230716264,15.425064769283743
25.6,40.67858303042002,-15.07858303042002
87.85,67.47788491813017,20.372115081869822
68.01,78.63069105374298,-10.620691053742974
57.02,55.452572343512024,1.567427656487979
55.85,63.859852710044095,-8.009852710044093
67.65,71.43669923042026,-3.786699230420254
68.1,44.14454716081716,23.955452839182833
53.0,54.01141731667314,-1.011417316673139
53.09,51.86951680766688,1.2204831923331199
86.58,81.58845677073312,4.991543229266881
45.76,53.152445140862966,-7.392445140862968
56.34,52.720371790377875,3.619628209622128
75.64,67.40026370410746,8.239736295892541
72.42,62.03583354484616,10.384166455153839
39.39,43.38134388857562,-3.9913438885756207
39.56,37.822590427013424,1.7374095729865786
69.12,72.60632183336999,-3.486321833369985
79.37,79.48078327478004,-0.11078327478003303
97.6,95.30737466516652,2.292625334833474
65.19,69.95305661256911,-4.763056612569116
62.61,57.674054395852416,4.935945604147584
37.2,40.16005940860659,-2.9600594086065897
43.3,36.17940990067364,7.120590099326357
13.06,34.173941813765644,-21.113941813765642
63.94,77.96369040682853,-14.023690406828536
74.48,83.29625241075757,-8.81625241075757
39.8,41.0422215535928,-1.242221553592806
78.28,84.41569301121855,-6.1356930112185495
79.54,63.628547774129274,15.911452225870732
54.05,60.01894895658488,-5.968948956584882
50.65,55.29253776112308,-4.64253776112308
80.02,65.81877709226463,14.20122290773537
59.23,48.7685302244973,10.4614697755027
56.95,55.668625658837755,1.2813743411622482
58.59,58.76057487646691,-0.17057487646690817
76.71,73.60076929436742,3.1092307056325694
72.68,67.69197240075721,4.988027599242798
63.06,73.29025404446301,-10.23025404446301
45.89,58.95890530652095,-13.068905306520946
69.61,70.10279554761364,-0.492795547613639
69.98,72.03703293532725,-2.0570329353272427
34.8,44.791596761822845,-9.991596761822848
71.21,75.63754954965952,-4.427549549659531
92.25,78.79071491529173,13.45928508470827
71.44,75.03830706320426,-3.5983070632042597
73.81,85.30598851554595,-11.495988515545946
66.88,64.51027319856442,2.3697268014355757
61.62,65.15422958320399,-3.534229583203988
52.16,47.69794315137779,4.462056848622204
48.96,61.005986116190776,-12.045986116190775
77.05,69.00887792104015,8.041122078959845
34.43,51.67163154641474,-17.241631546414737
88.38,93.35598731500517,-4.97598731500517
56.65,59.64871704261448,-2.99871704261448
100.0,93.00996669054062,6.990033309459378
63.93,75.04283370256965,-11.112833702569652
59.37,49.36413757019298,10.005862429807017
58.93,55.486191499831506,3.443808500168494
77.0,74.9520649176912,2.047935082308797
49.67,47.77841401934779,1.8915859806522093
68.0,62.032281515816784,5.967718484183216
64.74,64.33624600944188,0.40375399055811556
67.12,65.34896668898745,1.771033311012559
57.03,65.90868530796608,-8.87868530796608
74.26,74.41042140301981,-0.15042140301980567
56.44,67.80860058704901,-11.368600587049016
71.44,67.11562390736658,4.324376092633415
72.63,80.33730970163514,-7.70730970163514
77.79,69.05968848196268,8.730311518037325
78.36,75.4263143519552,2.9336856480448006
81.48,71.54492460018011,9.935075399819894
36.72,47.737663500648154,-11.017663500648155
48.37,58.99458973786576,-10.624589737865762
44.03,61.93535232490338,-17.905352324903376
42.4,46.47334240330465,-4.07334240330465
51.83,58.316905045728596,-6.486905045728598
36.78,42.3930316088327,-5.613031608832699
61.78,72.13444007390262,-10.354440073902623
51.03,62.20564450789618,-11.17564450789618
44.85,56.98712413428189,-12.13712413428189
75.83,77.38637975987407,-1.5563797598740763
90.83,83.47654402913263,7.353455970867373
57.54,59.10352767563007,-1.5635276756300698
49.87,62.91865972639193,-13.048659726391932
41.76,55.31210155161442,-13.55210155161442
50.65,52.11600442409209,-1.466004424092091
54.43,65.91522055828248,-11.485220558282485
74.65,87.11145768877104,-12.461457688771034
74.36,70.52141259080607,3.8385874091939343
59.83,60.47666384139383,-0.6466638413938313
61.65,70.82762142048949,-9.177621420489494
31.16,44.33807176860324,-13.178071768603242
63.03,63.89764725800906,-0.8676472580090575
83.84,67.53359502479319,16.306404975206817
59.29,61.807134974999194,-2.5171349749991947
72.63,69.57106945952799,3.058930540472005
54.05,78.09433523862538,-24.04433523862538
86.51,75.73452166155552,10.775478338444486
87.23,71.03002400864577,16.199975991354236
56.11,54.3097332560919,1.8002667439080966
74.56,70.35460513717005,4.205394862829948
51.8,49.30929536266455,2.4907046373354476
59.73,55.70289572917973,4.027104270820267
78.2,74.26508344798629,3.9349165520137177
72.61,60.11982384336213,12.490176156637872
32.7,46.16349942901596,-13.463499429015954
84.03,58.034294895363054,25.995705104636947
39.84,48.25124279141108,-8.411242791411077
60.32,63.38992399807293,-3.0699239980729303
61.88,60.96941166367453,0.9105883363254748
47.32,50.49960079005984,-3.179600790059837
45.73,57.47575464468503,-11.745754644685036
75.2,66.2841853139424,8.915814686057601
61.29,58.441773263110726,2.8482267368892735
44.07,63.93535920951071,-19.865359209510707
66.61,70.64950521825175,-4.0395052182517475
38.04,39.586576745934885,-1.5465767459348854
62.04,63.339121035433344,-1.2991210354333447
40.79,29.29467034461811,11.49532965538189
59.2,69.69054227494608,-10.49054227494608
76.34,69.06240726958343,7.277592730416572
50.03,42.194403740403466,7.835596259596535
48.48,62.619835181035825,-14.139835181035828
81.69,70.03289167487948,11.657108325120518
54.96,49.819320507179256,5.140679492820745
24.43,32.53430339315963,-8.104303393159633
46.79,63.88717459642277,-17.097174596422768
44.03,41.96530424445004,2.0646957555499625
75.61,73.26527074165824,2.344729258341758
62.69,56.66289283165759,6.027107168342411
88.93,64.94712506657362,23.982874933426388
84.95,81.21843601504042,3.7315639849595783
77.13,62.970411881206196,14.159588118793799
64.2,62.211018498865066,1.988981501134937
70.24,74.25478555082813,-4.014785550828137
60.47,49.32726414859368,11.142735851406322
42.96,61.91312305621271,-18.95312305621271
70.82,84.0983936493603,-13.27839364936031
69.07,68.81964764129918,0.25035235870080896
40.22,51.861798081315406,-11.641798081315407
35.82,41.49749706761456,-5.67749706761456
58.22,67.30406803965639,-9.084068039656387
46.14,47.88500291309976,-1.7450029130997606
63.29,69.90180666504789,-6.611806665047887
67.35,77.04888891043286,-9.69888891043287
44.72,48.949405700265466,-4.229405700265467
68.29,77.18801135776516,-8.898011357765157
74.84,66.64815603935521,8.191843960644789
62.26,60.888005806048064,1.3719941939519344
58.81,65.35225811117431,-6.542258111174306
52.55,53.70523837834119,-1.1552383783411955
74.84,69.33538322518433,5.504616774815673
87.03,85.43332354645659,1.5966764535434095
71.44,64.49880541541181,6.941194584588189
76.43,76.68104919417982,-0.25104919417981364
92.94,85.33572016633738,7.604279833662616
78.67,72.74477600135707,5.9252239986429345
59.93,66.29397108902347,-6.363971089023472
41.85,54.527124119834205,-12.677124119834204
42.36,44.020809256827405,-1.660809256827406
52.7,53.992488747148634,-1.2924887471486315
78.09,74.46707169873781,3.622928301262192
81.07,63.73064785614356,17.33935214385643
65.61,66.36203961928744,-0.7520396192874443
51.04,47.56169621398308,3.478303786016916
83.07,85.66669642109022,-2.596696421090229
59.78,60.83601551731745,-1.056015517317448
41.24,33.800733715767265,7.439266284232737
55.36,71.55038883026795,-16.19038883026795
96.88,79.75701737222523,17.12298262777476
83.28,68.72481595799532,14.555184042004683
35.13,43.803432861381054,-8.673432861381052
71.26,76.8434461395756,-5.583446139575599
31.62,55.53987210539183,-23.91987210539183
56.37,62.45583637907928,-6.085836379079282
50.76,66.41097333656391,-15.650973336563915
62.69,57.656044588128864,5.033955411871133
76.35,59.75820208604459,16.591797913955403
60.29,65.58777717416133,-5.297777174161332
58.79,53.530282260026304,5.259717739973695
78.36,77.36454868359355,0.9954513164064451
65.85,55.89291310208334,9.957086897916653
52.51,56.762767007065904,-4.252767007065906
67.51,81.99566111606744,-14.485661116067433
92.41,81.38769662405491,11.022303375945086
70.31,68.63210941081459,1.6778905891854095
72.05,65.20495408031718,6.845045919682818
51.62,61.3362725350262,-9.7162725350262
63.84,62.556686728450245,1.2833132715497584
42.57,61.36821525862948,-18.798215258629483
31.21,32.04066531594724,-0.8306653159472361
70.26,71.67204848271383,-1.4120484827138284
57.92,59.2349083440885,-1.3149083440885008
52.76,58.55200312029976,-5.792003120299761
53.48,60.468222047518516,-6.988222047518519
68.97,75.60332645425683,-6.6333264542568315
76.87,69.20453481746387,7.665465182536138
57.32,75.21497639361809,-17.894976393618087
84.9,74.22580991901427,10.674190080985738
58.53,69.53168709197709,-11.00168709197709
48.0,57.21997767029598,-9.219977670295982
69.41,67.61705396746393,1.792946032536065
71.0,76.17186607666706,-5.171866076667058
40.62,42.80430511630196,-2.184305116301964
55.64,56.83652219805961,-1.1965221980596112
57.28,72.053415501683,-14.773415501683004
40.0,41.39456151926927,-1.394561519269267
51.26,53.76664578156452,-2.5066457815645222
28.55,24.57769708577659,3.972302914223409
70.44,75.56320226118055,-5.123202261180552
66.72,72.91918195550694,-6.199181955506944
52.65,53.66028913155219,-1.0102891315521916
53.39,68.7341864839204,-15.344186483920396
68.83,61.78123331767447,7.048766682325528
52.33,52.15431834566984,0.17568165433015537
87.17,82.63478747732202,4.5352125226779805
31.88,46.05969180632735,-14.179691806327352
42.82,48.24284193084256,-5.422841930842559
36.63,55.539771056225035,-18.909771056225033
61.46,52.03485474843171,9.425145251568289
34.73,54.54602425945962,-19.816024259459624
80.7,74.65006239220303,6.049937607796977
67.87,62.517527640234256,5.352472359765748
32.48,53.55185304078789,-21.071853040787893
59.48,58.86678725467603,0.6132127453239704
81.13,70.40435713396937,10.725642866030626
88.69,80.19938888783881,8.49061111216119
86.03,78.48040904329774,7.549590956702261
48.48,48.96609607680292,-0.486096076802923
70.53,56.5477235494908,13.982276450509204
83.03,73.7594083892413,9.2705916107587
66.69,79.4225844494643,-12.732584449464298
53.7,50.068771749867444,3.6312282501325583
51.31,62.59922485028764,-11.289224850287638
63.17,54.94148357675768,8.228516423242318
59.95,56.89473942628056,3.055260573719444
62.32,66.73659216619254,-4.416592166192537
46.44,36.56370224520314,9.876297754796859
34.73,42.06801244509287,-7.338012445092872
88.42,87.07249998852475,1.3475000114752476
84.36,77.57003571842807,6.789964281571926
52.23,55.520973584502194,-3.290973584502197
46.01,60.00906945110059,-13.999069451100596
56.99,60.70571123724243,-3.715711237242431
70.41,73.26206267537566,-2.852062675375663
67.61,54.49523748680338,13.114762513196617
93.14,86.40432398358737,6.735676016412626
48.43,49.32260535798934,-0.8926053579893392
61.03,42.669356040034316,18.360643959965685
56.51,63.08604626158839,-6.576046261588395
40.6,52.18534286119775,-11.585342861197752
45.89,49.78138111753774,-3.8913811175377404
23.26,29.118994743964702,-5.8589947439647005
66.95,67.41334879378923,-0.46334879378922267
70.4,65.7440980233203,4.655901976679701
52.68,49.8966563580618,2.7833436419382025
47.13,54.75258510661452,-7.622585106614515
65.83,59.28222957566733,6.547770424332668
74.62,76.01881720912561,-1.3988172091256104
71.65,61.03350707539904,10.61649292460097
76.81,75.53820665661048,1.2717933433895183
57.86,50.785116398068915,7.074883601931084
72.61,69.22840350380115,3.3815964961988527
21.21,38.30445908598953,-17.094459085989527
74.08,71.23606612224681,2.8439338777531873
53.0,67.43614559514452,-14.436145595144524
55.33,47.445419625939124,7.884580374060874
50.59,60.23914161384964,-9.649141613849636
37.6,50.018411324006955,-12.418411324006954
57.29,52.237444258955236,5.052555741044763
96.7,87.72691704758061,8.97308295241939
66.04,65.74725930906051,0.29274069093949606
74.44,60.99449221949091,13.44550778050909
63.46,67.260332875169,-3.8003328751689978
79.16,66.76670212630549,12.393297873694507
48.9,49.574089975048466,-0.6740899750484672
53.79,64.05009079433285,-10.260090794332847
78.61,74.58055136220213,4.02944863779787
34.44,49.160502560125224,-14.720502560125226
35.16,42.40246413916254,-7.242464139162543
36.78,42.25956515950249,-5.479565159502492
63.66,67.14034307568053,-3.480343075680537
68.58,65.25757690358309,3.3224230964169124
58.59,75.55644739462561,-16.966447394625604
57.25,59.59872708502163,-2.348727085021629
66.78,74.50860741307065,-7.728607413070648
61.64,47.189957536345645,14.450042463654356
44.63,43.06354742848401,1.5664525715159954
64.01,58.6202534751818,5.389746524818207
70.84,64.77284752128008,6.067152478719919
65.11,77.16351630507494,-12.053516305074936
78.26,66.01233734673775,12.247662653262253
58.01,64.99306219372102,-6.983062193721018
39.5,57.11034851532619,-17.610348515326187
58.89,63.42899003194586,-4.538990031945858
63.88,49.41722761491336,14.462772385086645
59.3,57.855099236236114,1.4449007637638829
66.53,61.926883997329945,4.603116002670056
47.47,48.16533592089818,-0.6953359208981809
24.57,21.58055157823051,2.9894484217694917
90.51,89.56697568403656,0.9430243159634415
61.35,59.575131396974385,1.7748686030256167
55.71,74.69987178640521,-18.98987178640521
51.95,54.2198159534081,-2.2698159534080986
56.76,62.75209643360766,-5.992096433607664
71.33,70.61544597649194,0.7145540235080574
75.04,79.48370334473667,-4.443703344736662
52.59,60.43032830823888,-7.840328308238874
62.35,70.11356697436268,-7.763566974362682
74.28,52.233686930548046,22.046313069451955
57.51,50.958585297555175,6.5514147024448235
47.68,59.541643692885735,-11.861643692885735
58.74,51.45939598374991,7.280604016250095
76.11,53.908879776858406,22.201120223141594
82.47,74.49073167151236,7.979268328487635
40.02,42.657375979296575,-2.6373759792965714
34.68,42.897465210878266,-8.217465210878267
91.92,85.29968406145628,6.620315938543726
70.44,82.66155921395105,-12.221559213951053
85.22,80.40003158730272,4.819968412697278
64.47,52.45559806056605,12.014401939433952
31.73,40.868144918488994,-9.138144918488994
81.69,79.48117787897331,2.208822121026685
79.7,69.4743997798991,10.225600220100901
56.85,57.18074783543707,-0.3307478354370659
90.23,91.07776078747413,-0.8477607874741295
64.8,63.038769402188294,1.7612305978117035
66.48,74.05646781516488,-7.576467815164875
59.46,54.37256685031319,5.0874331496868095
47.41,53.11633346456577,-5.706333464565773
34.33,45.44758568701892,-11.117585687018924
62.3,61.33921898673849,0.96078101326151
74.0,65.47615339467296,8.523846605327037
66.88,59.722736010563224,7.157263989436771
64.21,48.27063462103467,15.939365378965327
49.09,60.46303213951332,-11.373032139513313
31.97,39.51282729871157,-7.542827298711572
50.55,54.913725160180036,-4.363725160180039
92.35,82.85492408769966,9.495075912300337
61.75,56.1664719306445,5.583528069355502
45.6,56.00578759512462,-10.405787595124622
66.5,53.10526624970224,13.39473375029776
85.9,86.59486405243614,-0.6948640524361309
38.76,52.51236123591332,-13.75236123591332
74.12,62.59973425385243,11.520265746147572
51.56,48.64570899223102,2.9142910077689805
77.13,55.967523563082565,21.16247643691743
87.02,74.93996942973874,12.080030570261258
56.29,57.88426608093945,-1.5942660809394482
67.1,74.99085827398642,-7.890858273986424
68.76,62.23014930803145,6.529850691968555
59.89,78.69896138229471,-18.80896138229471
57.39,53.101853644158794,4.2881463558412065
58.24,64.3899289696841,-6.149928969684105
58.32,64.8240282897101,-6.504028289710099
51.41,62.296864466429504,-10.886864466429508
51.78,47.61553188377237,4.164468116227631
72.0,53.737008413912015,18.262991586087985
60.03,63.771222104443524,-3.7412221044435228
60.23,59.20318029724401,1.0268197027559864
59.02,65.80078879857345,-6.780788798573447
41.99,47.82160578864171,-5.83160578864171
55.72,69.1158556764318,-13.395855676431808
89.72,86.48117370318894,3.2388262968110553
100.0,88.97705782711495,11.022942172885053
67.09,63.515233243505286,3.574766756494718
65.18,65.13068100506872,0.049318994931283555
91.76,81.80910980660224,9.950890193397768
53.72,67.40094966522254,-13.680949665222542
42.03,63.552708531980116,-21.522708531980115
68.47,67.15182807804062,1.318171921959376
48.78,53.778465134637614,-4.9984651346376126
73.87,69.71949172794187,4.150508272058133
38.54,48.793408668401504,-10.253408668401505
77.84,70.33202926637955,7.5079707336204535
59.28,60.37004560829417,-1.0900456082941687
46.46,48.23294450675951,-1.772944506759508
61.61,54.791872024273005,6.818127975726995
68.65,70.44537767175655,-1.7953776717565404
59.33,50.33209362093475,8.997906379065249
57.1,60.56211035049786,-3.462110350497859
66.66,45.91765309450194,20.74234690549806
64.62,70.59519403977738,-5.975194039777378
84.15,55.072378815400086,29.07762118459992
67.01,62.78877477948701,4.2212252205129985
67.43,65.51588459499457,1.9141154050054325
77.83,61.91374252685888,15.916257473141115
75.89,79.76612196644083,-3.8761219664408344
55.15,49.743385745821804,5.406614254178194
96.98,69.955628472779,27.024371527221007
40.93,49.43382803616689,-8.503828036166887
48.78,49.48189834241414,-0.7018983424141396
100.0,73.94759223934238,26.052407760657616
47.88,58.767008594712856,-10.887008594712853
78.87,71.72345867345962,7.146541326540387
51.28,57.167414495952016,-5.887414495952015
48.64,59.79013406474883,-11.150134064748826
85.0,77.66245240308628,7.337547596913723
48.76,64.68704749786295,-15.92704749786295
89.73,78.89067239567152,10.839327604328489
71.99,63.42077255147586,8.569227448524138
70.48,71.28839031255352,-0.808390312553513
60.96,64.20366229788999,-3.2436622978899905
63.39,69.63139647641809,-6.241396476418089
57.25,66.1144826628017,-8.864482662801706
85.42,69.77242296631279,15.647577033687213
59.8,66.08314536957232,-6.283145369572324
70.16,59.939236764098325,10.220763235901671
20.75,50.09332881448921,-29.34332881448921
44.59,39.868167407039095,4.721832592960908
50.6,63.31497103079408,-12.714971030794075
47.2,46.50911253042449,0.6908874695755145
47.04,59.06052921829891,-12.020529218298911
56.65,57.125345301788485,-0.47534530178848655
81.53,71.5987167595334,9.931283240466598
81.97,78.35841679531848,3.611583204681523
54.04,62.992965344893605,-8.952965344893606
99.41,89.0434608642982,10.3665391357018
55.07,51.39710685537075,3.672893144629249
50.97,42.095969377913676,8.874030622086323
57.98,58.15725192787935,-0.17725192787935384
59.27,65.13267855667918,-5.862678556679178
71.72,57.212696336055636,14.507303663944363
62.91,76.20973467627334,-13.299734676273346
69.86,73.48365884411714,-3.623658844117145
56.38,62.531224964133976,-6.151224964133974
54.41,50.80093417048376,3.60906582951624
67.79,75.27643200443006,-7.486432004430057
48.84,47.2474633257603,1.5925366742397031
58.06,63.84478653210912,-5.784786532109116
76.86,70.06365939608283,6.796340603917173
75.29,76.62353929117126,-1.333539291171249
55.58,60.06777612814678,-4.487776128146784
40.76,52.1223496313686,-11.362349631368602
73.09,64.96981690374119,8.120183096258813
63.44,65.9630316635482,-2.5230316635481955
41.45,48.17199747755106,-6.7219974775510565
34.83,39.31145067361078,-4.48145067361078
33.85,44.39683863934856,-10.546838639348557
53.55,52.359366312448834,1.1906336875511627
60.72,59.25212298440219,1.4678770155978071
73.44,61.498655338422466,11.941344661577531
72.96,70.12595320925499,2.834046790745006
69.58,43.04759686264837,26.53240313735163
55.89,66.8510507280791,-10.961050728079101
42.06,43.37482573914603,-1.3148257391460305
76.19,62.86034061708496,13.32965938291504
77.0,68.6441322335674,8.355867766432596
43.66,56.784061431507475,-13.124061431507478
57.11,62.623419692532224,-5.513419692532224
80.95,68.86937560388945,12.08062439611055
69.33,68.69383422964694,0.6361657703530597
65.21,69.21698678819,-4.006986788190005
66.56,62.96536351270602,3.5946364872939824
60.77,60.02841399240703,0.7415860075929714
52.72,64.8549519345652,-12.134951934565194
69.9,69.6237056744634,0.27629432553661104
42.57,37.002447534934156,5.567552465065845
34.82,50.03757385025143,-15.217573850251426
83.87,64.31125575877459,19.558744241225412
61.62,64.31598763677435,-2.6959876367743547
78.51,81.77532883329602,-3.26532883329601
77.49,70.66497940333007,6.82502059666993
33.33,45.1063657984313,-11.7763657984313
82.67,62.98979302973568,19.680206970264322
43.88,48.05402646381272,-4.174026463812716
80.04,87.78655414518629,-7.7465541451862805
49.84,48.30543108650679,1.5345689134932101
37.57,34.596348261705614,2.973651738294386
47.26,49.58144796535394,-2.32144796535394
38.42,34.850785719899434,3.5692142801005673
46.92,57.83954559677557,-10.91954559677557
72.48,63.771155979559786,8.708844020440218
58.36,55.079773553271636,3.2802264467283635
46.62,34.113134366249234,12.506865633750763
63.41,58.949089773400864,4.4609102265991325
70.79,58.511689897041556,12.27831010295845
64.35,52.59983988141329,11.750160118586706
71.09,74.9902265894713,-3.900226589471302
79.26,80.06193737063558,-0.8019373706355708
44.71,45.15495828239634,-0.4449582823963425
55.61,51.56328268022817,4.04671731977183
67.17,84.14227063832129,-16.97227063832129
39.95,50.38189819420581,-10.431898194205807
63.18,78.85264385702473,-15.672643857024731
44.87,48.53254027884868,-3.662540278848681
68.84,70.49172772801268,-1.6517277280126734
50.02,46.81889890693123,3.2011010930687718
50.22,48.61462195886566,1.6053780411343368
50.53,51.20700882545146,-0.677008825451459
75.75,76.33197809007486,-0.5819780900748555
81.45,66.19158722138437,15.258412778615636
74.6,77.15310144311458,-2.553101443114585
75.86,57.22587956151755,18.634120438482448
59.61,58.36504445919419,1.2449555408058117
57.94,60.92565685503259,-2.9856568550325946
44.72,56.459208811922494,-11.739208811922495
55.81,48.59090408641258,7.219095913587424
53.44,58.23333257640646,-4.793332576406463
56.01,60.11824362263777,-4.108243622637772
38.4,45.99225731421564,-7.592257314215644
82.77,69.22042531107172,13.549574688928274
56.17,42.497803080983736,13.672196919016265
80.79,76.41861585353061,4.371384146469396
71.41,60.189815352814286,11.220184647185711
42.03,42.719724063612254,-0.6897240636122532
62.85,56.535114655291984,6.314885344708017
62.91,78.1035693910559,-15.193569391055902
73.24,65.12148715812316,8.118512841876836
60.3,60.1687590381575,0.13124096184249368
54.09,56.669171672635464,-2.5791716726354608
58.39,63.864241964348984,-5.474241964348984
52.57,62.04650028937826,-9.476500289378258
14.96,38.31164369396742,-23.351643693967418
42.06,49.62871718639346,-7.568717186393457
50.12,67.94726610533108,-17.827266105331084
76.11,63.22600533724615,12.88399466275385
62.44,71.344965061929,-8.904965061929005
31.5,54.96998334659794,-23.469983346597942
57.02,52.72650763235244,4.293492367647566
55.39,63.98986154716929,-8.59986154716929
85.09,71.18121322795456,13.908786772045445
63.36,69.75770942608365,-6.397709426083651
70.75,75.74618990986559,-4.996189909865592
61.31,70.52773930768818,-9.217739307688177
55.64,52.136374759167545,3.5036252408324557
59.75,60.3987510566173,-0.6487510566173
52.98,67.7466160805628,-14.766616080562805
48.62,55.45429326983667,-6.834293269836671
55.59,46.44611416298379,9.143885837016214
72.98,69.79208085013579,3.1879191498642143
44.97,37.92499001520009,7.045009984799911
72.71,53.57007419070266,19.13992580929733
72.11,63.46561132784985,8.64438867215015
36.7,45.08023346340317,-8.380233463403165
51.66,55.7625538695223,-4.102553869522303
72.08,82.84640567350306,-10.766405673503058
75.7,62.99472281959861,12.705277180401396
62.77,63.52393364993132,-0.7539336499313194
73.44,68.94644407256949,4.493555927430506
55.27,56.187250372892244,-0.9172503728922408
75.42,64.76434543055937,10.655654569440628
19.94,41.251822479747716,-21.311822479747715
100.0,89.10924862962904,10.890751370370964
66.47,61.041336317149685,5.428663682850313
64.23,61.11332718452582,3.116672815474182
62.42,67.18564673888501,-4.76564673888501
65.81,62.399570696772486,3.4104293032275166
87.66,73.30571383467505,14.35428616532495
34.27,33.614213561218556,0.6557864387814476
34.1,29.434182344718057,4.665817655281945
81.19,81.34316100801504,-0.15316100801504717
38.51,45.15584879685655,-6.645848796856555
67.01,71.46879862108203,-4.458798621082025
83.8,81.19923890365247,2.600761096347526
58.09,58.89580992086983,-0.8058099208698266
51.62,61.4901679753906,-9.8701679753906
61.37,61.55419900453558,-0.1841990045355857
51.68,54.84277877582326,-3.162778775823263
88.38,81.69709930279646,6.682900697203536
65.4,62.0545416340492,3.3454583659508046
65.69,60.18532354132249,5.504676458677508
59.1,62.571506615362296,-3.471506615362294
24.29,43.90943417714036,-19.619434177140363
63.09,57.70049062425297,5.389509375747032
32.7,43.65165590476012,-10.951655904760116
53.16,44.65960561137594,8.50039438862406
60.21,64.80033706128818,-4.590337061288174
47.44,47.81451108380104,-0.37451108380103904
76.72,80.99297044707994,-4.272970447079942
58.04,74.19193789066918,-16.15193789066918
66.51,61.35369834777124,5.156301652228763
84.39,56.97215066764345,27.417849332356553
68.21,65.8730099643587,2.3369900356412927
95.9,79.84057553442973,16.059424465570274
83.71,78.47343869484538,5.236561305154609
40.23,47.09147672348078,-6.861476723480784
38.86,38.993190795194465,-0.13319079519446575
39.71,48.749024246564666,-9.039024246564665
73.75,81.11304198712664,-7.3630419871266355
60.59,50.70240656775173,9.887593432248273
78.73,80.69021283822251,-1.9602128382225033
51.59,47.52709487789761,4.062905122102393
40.35,48.952030818162825,-8.602030818162824
60.73,64.52095721920386,-3.790957219203868
63.74,61.427232038228134,2.3127679617718684
71.26,73.42658630363506,-2.166586303635057
41.05,58.396727928583864,-17.346727928583867
60.44,49.92507211420479,10.51492788579521
53.31,48.97814679470521,4.331853205294792
61.39,57.41242119102409,3.977578808975913
68.68,66.15905988803338,2.520940111966624
72.68,64.69033603867207,7.989663961327935
67.73,68.1121126143504,-0.38211261435039034
82.39,69.00520988705026,13.384790112949744
41.13,45.49619671441238,-4.366196714412375
44.28,47.43622101992233,-3.1562210199223273
48.17,59.329624499936024,-11.159624499936022
46.45,50.262766145165386,-3.8127661451653836
54.97,48.64899469084697,6.32100530915303
28.49,45.69075300173464,-17.200753001734643
74.41,63.24196085962799,11.16803914037201
56.71,66.53577998690037,-9.825779986900365
55.89,61.81804633915404,-5.928046339154037
62.1,62.69168777347346,-0.5916877734734598
52.33,53.97432211699858,-1.6443221169985804
85.19,74.86838783789888,10.321612162101118
53.43,45.29812648692912,8.131873513070879
32.6,26.290619742689184,6.309380257310817
56.38,64.48524735376382,-8.105247353763822
70.27,68.28069466283002,1.9893053371699807
59.16,57.54104541568338,1.6189545843166187
87.75,73.91311829321654,13.836881706783458
79.07,67.21270340020504,11.85729659979495
42.36,51.54193723313252,-9.181937233132523
65.1,71.49026868034542,-6.390268680345429
69.53,64.47261437315366,5.05738562684634
71.96,59.5411724602502,12.418827539749792
100.0,91.67146535857785,8.328534641422152
69.84,53.58832138296263,16.25167861703737
55.86,56.67937499681553,-0.819374996815533
71.63,69.33579500707687,2.2942049929231274
74.87,70.97062854226309,3.899371457736919
38.35,39.57709811499759,-1.2270981149975881
87.91,77.55107149100635,10.358928508993642
58.39,60.4322275645998,-2.0422275645997985
55.13,65.95281692594658,-10.822816925946576
54.98,58.314369068665115,-3.3343690686651186
60.8,65.6587014610549,-4.858701461054906
61.85,65.6290788318483,-3.7790788318483024
46.2,57.15840330798508,-10.95840330798508
72.08,71.76612451195982,0.31387548804018195
48.61,52.11211144829958,-3.50211144829958
59.86,73.00840181461265,-13.148401814612654
87.12,87.48334507636953,-0.3633450763695265
70.17,57.290787278841925,12.879212721158076
53.35,53.95001843217297,-0.6000184321729662
66.72,63.95102152127197,2.7689784787280303
81.96,83.6016940904584,-1.641694090458401
72.52,69.38941731748727,3.130582682512724
77.07,75.73121613927505,1.338783860724945
89.6,68.21765329666566,21.382346703334335
57.98,63.40202212108542,-5.422022121085426
54.17,47.97052648856705,6.199473511432949
77.97,75.14030997931987,2.8296900206801325
39.72,54.7373835251845,-15.0173835251845
74.66,68.67684309480595,5.9831569051940505
30.15,29.535909677499124,0.6140903225008749
93.63,82.95741765938895,10.672582340611044
78.44,70.89179934811101,7.54820065188899
77.33,77.00273560709347,0.3272643929065282
98.28,91.25406194102902,7.025938058970979
39.48,43.28064245150839,-3.800642451508395
53.55,55.67011746239411,-2.120117462394113
85.92,81.8219482095901,4.098051790409897
50.88,47.493532175052685,3.3864678249473172
58.98,71.88995806145986,-12.909958061459868
60.78,69.76575896098763,-8.985758960987624
69.47,61.77354726300687,7.69645273699313
25.07,35.59470696550744,-10.524706965507441
53.97,63.133664496771715,-9.163664496771716
66.01,68.74742862774339,-2.737428627743384
76.94,72.1849809021537,4.755019097846301
81.27,70.38797223012398,10.882027769876018
51.39,52.037659370714465,-0.6476593707144644
76.34,83.97258695652643,-7.632586956526424
30.53,37.0619505591198,-6.5319505591197995
55.12,55.54044203130797,-0.42044203130797086
61.82,51.90494456658789,9.915055433412107
60.33,68.74830364388785,-8.418303643887853
55.88,51.38863921940016,4.491360780599841
58.97,69.50685721619037,-10.53685721619037
51.29,50.995962216746555,0.29403778325344376
64.17,62.13148104665129,2.0385189533487136
56.39,50.01345892350757,6.37654107649243
77.52,58.9996743507873,18.520325649212694
64.96,71.27044384466609,-6.310443844666096
48.77,58.80728742403237,-10.037287424032364
59.4,59.80269312203714,-0.40269312203714236
90.15,88.8076135123345,1.3423864876655074
64.18,66.251605756872,-2.071605756871989
61.77,62.03889874705709,-0.2688987470570865
46.92,49.84556891750238,-2.925568917502382
29.65,36.6006110423122,-6.950611042312204
43.19,41.47365094666209,1.7163490533379075
64.41,74.69737068101288,-10.287370681012888
58.17,53.27816186537954,4.891838134620464
47.87,60.99009248060679,-13.120092480606793
63.3,59.85523124456822,3.444768755431774
48.73,55.828275091921455,-7.098275091921458
59.15,51.35683465225485,7.793165347745152
50.18,48.39997223729,1.7800277627099987
51.25,60.08980866084938,-8.839808660849378
44.93,56.08190331815801,-11.151903318158013
68.74,68.48096644973985,0.25903355026014196
37.79,54.36172082005388,-16.571720820053883
47.08,61.215065230585935,-14.135065230585937
68.14,71.4644871359032,-3.3244871359031976
53.02,52.8365580817932,0.18344191820680322
49.91,57.81035223177223,-7.9003522317722314
74.88,74.96262999381973,-0.08262999381973657
55.94,58.84770224372091,-2.9077022437209123
63.97,52.148606487818164,11.821393512181835
75.27,76.1875023722528,-0.9175023722527982
81.9,72.46059593947811,9.439404060521895
45.47,56.719380318713235,-11.249380318713236
79.29,86.72946412220496,-7.439464122204953
52.99,53.44705335807055,-0.4570533580705458
64.18,62.91284166210612,1.267158337893889
52.74,62.08353069309149,-9.343530693091488
58.48,57.48264387063886,0.9973561293611368
69.56,69.01961488908091,0.5403851109190896
56.61,61.4057697486584,-4.795769748658401
74.34,65.27830762133351,9.061692378666493
34.86,58.55289690333793,-23.69289690333793
77.44,70.79113138950592,6.648868610494077
74.09,68.50933834194592,5.580661658054083
75.75,64.84294412618286,10.907055873817143
61.98,51.35682900113569,10.62317099886431
52.99,53.18091490504875,-0.19091490504874997
47.84,42.69026446758719,5.149735532412812
60.94,67.14136498015851,-6.201364980158516
76.27,75.97783501827105,0.2921649817289449
79.72,68.61324501751112,11.10675498248888
63.81,58.15075845275929,5.659241547240711
47.82,47.043706185543215,0.7762938144567855
68.95,63.85865533373428,5.091344666265719
76.3,74.5359462213027,1.7640537786973027
86.05,84.52286811738303,1.5271318826169704
49.25,58.50638275511508,-9.256382755115077
56.04,59.33440981991834,-3.294409819918343
70.38,66.50128163620629,3.878718363793709
81.31,78.49791345443896,2.812086545561044
55.09,61.875707752409156,-6.785707752409152
96.73,91.48354949420117,5.246450505798833
55.95,61.12090941426851,-5.1709094142685075
57.08,46.645236878041466,10.434763121958532
61.58,55.738853176146,5.841146823853997
74.19,71.36058453499739,2.8294154650026115
42.26,58.2177172392303,-15.957717239230305
48.46,50.25940861158517,-1.7994086115851715
69.3,79.62770072298575,-10.327700722985753
64.31,65.01914099996158,-0.7091409999615763
70.29,75.14135688026495,-4.8513568802649445
51.93,48.67132586042657,3.2586741395734293
58.44,65.83800670130798,-7.3980067013079776
74.76,75.40055720850093,-0.6405572085009226
100.0,84.00997414961137,15.990025850388633
72.04,72.39707646715324,-0.3570764671532345
58.16,60.48972224068105,-2.3297222406810505
64.28,64.02959187368936,0.2504081263106457
33.94,51.00233079873568,-17.06233079873568
87.3,86.50232106102176,0.7976789389782368
78.7,72.64726852833357,6.0527314716664335
82.17,80.35401931213802,1.8159806878619804
63.98,57.58373399806915,6.396266001930847
91.69,84.91743745554585,6.772562544454146
82.26,63.15938372436792,19.100616275632085
49.63,43.12652650511816,6.503473494881845
65.61,61.21443476969083,4.395565230309167
76.41,75.58499407301959,0.8250059269804098
91.82,78.367852529395,13.452147470604999
54.64,43.02265101276906,11.61734898723094
58.5,57.41950834278926,1.080491657210743
59.0,61.36460660291449,-2.364606602914492
33.54,52.610694610042735,-19.070694610042736
16.83,28.0145551364517,-11.184555136451703
58.69,67.57894786643799,-8.888947866437988
72.36,57.91213379895494,14.44786620104506
71.96,62.883922052069536,9.076077947930457
58.47,64.25574261979851,-5.785742619798512
63.35,59.940374734988346,3.4096252650116554
60.3,44.67934722291429,15.62065277708571
78.27,73.20175674596723,5.068243254032765
54.02,41.62821779250898,12.391782207491026
62.6,65.26519658740372,-2.6651965874037202
31.46,46.33710930171288,-14.877109301712878
85.3,66.7190693887355,18.580930611264492
43.79,60.20003963649641,-16.410039636496414
66.94,60.31704792700179,6.62295207299821
52.52,48.61589575435204,3.9041042456479644
47.86,59.21126271976047,-11.35126271976047
29.51,46.769987028325104,-17.259987028325103
79.46,75.24187806665932,4.218121933340669
56.57,57.12826109983008,-0.5582610998300765
62.13,65.66821701946675,-3.5382170194667495
52.91,61.38830796936576,-8.478307969365765
47.3,43.825470517094544,3.474529482905453
81.7,69.32065066149657,12.379349338503431
100.0,95.82553593222562,4.17446406777438
52.53,55.93556703089082,-3.405567030890822
57.49,59.84965571916394,-2.359655719163939
58.26,54.54471291284243,3.71528708715757
52.92,44.18045693960155,8.739543060398454
70.54,77.34783698576769,-6.807836985767679
77.28,77.90593891224904,-0.6259389122490404
46.53,47.86879052567461,-1.3387905256746109
64.0,54.217824151378366,9.782175848621634
54.3,51.208497992461844,3.0915020075381534
55.77,58.50613056908561,-2.73613056908561
76.43,69.52630784335862,6.903692156641384
56.53,62.23828165943897,-5.708281659438967
87.99,87.45388614780197,0.536113852198028
60.8,67.47520689978226,-6.6752068997822676
50.75,54.777994904353235,-4.0279949043532355
40.3,46.157084855699395,-5.857084855699398
60.03,60.39199801551131,-0.36199801551131117
71.72,61.070410051921556,10.649589948078443
51.13,64.92525596487951,-13.795255964879509
59.63,61.066464905091316,-1.436464905091313
62.09,74.94256241803305,-12.852562418033045
92.12,86.87987942696962,5.2401205730303815
67.17,61.71210560831865,5.45789439168135
60.91,56.73610822126612,4.173891778733875
35.87,52.27498142769997,-16.404981427699973
51.77,53.79850695744968,-2.028506957449679
89.92,73.1292720581459,16.7907279418541
41.22,44.13312296534863,-2.9131229653486344
69.81,76.65900699337114,-6.849006993371134
78.59,76.94494362244201,1.6450563775579923
73.21,81.35321818269287,-8.143218182692877
50.03,51.022355534273906,-0.992355534273905
72.77,53.9354602944127,18.834539705587297
74.36,62.61114109641649,11.74885890358351
60.49,65.28529341286087,-4.795293412860865
86.27,84.48361384048735,1.7863861595126451
55.9,59.56063147667468,-3.6606314766746806
38.47,62.35888424002069,-23.888884240020694
37.64,45.06304290244603,-7.423042902446028
53.95,54.628127033847385,-0.6781270338473817
69.64,53.03861683915251,16.60138316084749
51.07,57.332064533071424,-6.262064533071424
82.8,73.98444583674652,8.81555416325348
43.98,59.87456618845911,-15.894566188459116
62.38,70.57925926068658,-8.199259260686581
78.48,65.78456250580967,12.69543749419033
76.11,76.48440399718619,-0.3744039971861923
57.12,44.9949722961576,12.125027703842399
56.87,46.79751314222276,10.072486857777236
52.56,61.66338352165892,-9.10338352165892
66.18,67.97079781699247,-1.790797816992466
77.31,64.69520967011,12.614790329889999
74.97,75.35184484266262,-0.3818448426626162
43.64,48.18784090626889,-4.547840906268888
79.19,71.26496019296384,7.925039807036157
41.55,52.22293105962565,-10.672931059625654
87.46,89.47676251489425,-2.0167625148942534
68.06,68.1153076847293,-0.05530768472929992
72.58,76.24310383464478,-3.6631038346447866
53.08,52.753287209418716,0.3267127905812828
90.64,82.77406855807077,7.865931441929234
42.1,44.6434822088906,-2.5434822088906017
49.56,61.90570713613217,-12.34570713613217
75.14,68.4755628846553,6.664437115344697
100.0,87.811626541009,12.188373458990995
75.65,81.71498781969419,-6.064987819694181
77.69,62.61063051501002,15.079369484989975
58.61,56.06857000578203,2.541429994217971
62.58,67.71420772437696,-5.134207724376964
69.1,75.20485624691436,-6.104856246914366
51.08,45.27272216103237,5.807277838967629
71.79,76.40306443034005,-4.613064430340046
79.06,83.33074141818935,-4.2707414181893455
43.39,48.333710931216416,-4.943710931216415
30.76,43.673624853791566,-12.913624853791564
96.55,90.92043533393642,5.6295646660635725
47.95,66.30407413762835,-18.354074137628345
60.57,59.5342755508186,1.0357244491814015
39.86,44.168842762477794,-4.308842762477795
62.27,76.91581216469068,-14.645812164690675
63.13,53.29934579992678,9.83065420007322
48.43,56.568985498590905,-8.138985498590905
58.85,59.747655679458056,-0.8976556794580546
51.66,53.76978400872371,-2.1097840087237145
50.27,47.78835332526533,2.4816466747346766
66.57,67.93161592513894,-1.361615925138949
57.1,70.91103358579669,-13.811033585796686
75.66,76.06443106404608,-0.4044310640460793
86.87,87.20772401217171,-0.3377240121717051
56.92,55.70623837401226,1.2137616259877433
61.78,55.89476468206886,5.885235317931141
47.5,43.82618183322041,3.67381816677959
64.27,56.33953424629887,7.930465753701128
67.73,54.8207822025,12.909217797500006
45.5,56.70766704116085,-11.207667041160853
70.03,69.07828848621071,0.9517115137892915
59.55,53.05270778903643,6.497292210963565
54.75,50.27157655917472,4.478423440825281
79.99,60.42400560411616,19.565994395883834
72.57,67.68042885269185,4.889571147308146
31.38,37.48965446029216,-6.109654460292159
81.46,77.79899977905593,3.661000220944061
56.01,64.21569970532244,-8.205699705322438
74.84,71.36597892427805,3.47402107572195
56.94,57.663212293095654,-0.7232122930956564
54.7,46.36080572628886,8.339194273711144
44.46,62.64092203505831,-18.18092203505831
75.48,67.38974664479285,8.090253355207153
80.59,72.28676761961286,8.303232380387144
92.05,84.06088404827572,7.989115951724273
32.4,39.33525505316115,-6.93525505316115
48.84,49.810572689700074,-0.9705726897000702
53.77,50.67638984867004,3.093610151329962
67.98,80.002359902254,-12.022359902253996
58.95,52.82446461646533,6.125535383534675
58.94,54.461074384486665,4.478925615513333
57.77,56.86351060659761,0.9064893934023956
39.59,53.81904279878227,-14.229042798782267
43.34,44.85178775065763,-1.511787750657625
77.54,63.04714422007804,14.492855779921967
54.89,52.463389976091115,2.4266100239088857
71.13,79.6090349276041,-8.479034927604104
56.66,47.82849249824957,8.83150750175043
64.06,71.76497096238792,-7.704970962387918
30.8,46.924952385679674,-16.124952385679673
93.77,88.9041075745414,4.865892425458597
54.76,63.662619977400595,-8.902619977400597
50.39,55.3879663311782,-4.997966331178198
64.66,60.01497722050689,4.645022779493104
80.57,71.82155731147677,8.748442688523227
50.91,60.85871851281978,-9.94871851281978
74.98,79.12377781755754,-4.143777817557535
60.23,53.80622760014186,6.423772399858137
58.79,60.55437068540157,-1.7643706854015733
69.49,82.31079602416344,-12.820796024163442
76.96,64.40693147122195,12.553068528778041
76.73,67.65688347753421,9.073116522465796
49.66,55.885594422489135,-6.225594422489138
52.14,58.30275049089604,-6.1627504908960375
82.64,91.74441119851355,-9.104411198513546
50.96,66.6816083322262,-15.721608332226204
70.95,61.42841497190352,9.521585028096482
48.2,52.66726034098564,-4.467260340985639
64.1,58.62191411318927,5.4780858868107245
71.76,77.28007576667476,-5.520075766674751
53.15,54.92311499138778,-1.7731149913877786
64.39,70.62417405647925,-6.234174056479247
82.91,73.50719998406703,9.402800015932968
62.95,56.0252153474702,6.924784652529802
83.73,68.64421354596439,15.085786454035613
94.42,78.15848559143659,16.261514408563414
54.68,62.42189049997322,-7.741890499973223
57.81,72.11458820765932,-14.304588207659322
43.01,51.81684765257907,-8.806847652579073
97.38,86.1956903827033,11.184309617296691
90.28,82.39650790220297,7.883492097797031
63.47,68.15460139256668,-4.684601392566677
98.95,86.98394998899253,11.966050011007468
48.1,46.49185207054391,1.608147929456095
15.37,34.8178271594286,-19.447827159428606
66.1,61.22533808459914,4.874661915400857
61.12,49.81488476714893,11.305115232851065
70.49,70.40766858981979,0.08233141018020262
44.09,47.0994828577395,-3.009482857739499
61.87,69.15301463620254,-7.2830146362025445
90.24,73.29413074466129,16.945869255338707
63.49,56.59425895811584,6.895741041884165
49.18,46.14537431341612,3.0346256865838797
56.77,58.61771775540045,-1.8477177554004456
60.31,67.81286681910234,-7.502866819102337
80.96,70.59298099410935,10.36701900589064
63.28,72.7379061735398,-9.457906173539797
56.33,51.96723294526588,4.362767054734121
77.88,74.92156060128292,2.9584393987170756
57.76,55.606227637636586,2.153772362363412
58.01,57.14146285084972,0.8685371491502778
59.66,58.52525345159005,1.134746548409943
75.52,71.03329979390335,4.486700206096643
54.51,59.992455955142354,-5.482455955142356
53.75,54.26905325037256,-0.5190532503725578
70.28,82.00933987721415,-11.729339877214144
63.0,69.13665556701349,-6.1366555670134915
61.95,61.726015804342694,0.22398419565730876
82.61,83.74699368510021,-1.136993685100208
64.05,72.90766189506583,-8.857661895065831
67.54,65.41153750994495,2.128462490055057
81.95,65.5236995335482,16.426300466451806
100.0,91.09862479368387,8.901375206316132
55.57,52.28053202042232,3.2894679795776796
52.68,53.41671822557942,-0.7367182255794233
78.68,74.80265126829526,3.8773487317047426
57.02,55.535985004394185,1.4840149956058184
63.63,71.53259275943569,-7.902592759435684
77.5,64.56278040618261,12.937219593817389
73.35,74.64115446495836,-1.2911544649583675
63.28,68.25517942586741,-4.97517942586741
66.45,68.33287918071318,-1.882879180713175
75.29,64.43753021223522,10.85246978776479
75.47,70.33728757892341,5.13271242107659
43.59,54.902435644524466,-11.312435644524463
64.86,59.617831298738835,5.242168701261164
93.95,77.65503992554868,16.294960074451325
86.14,77.73285964649945,8.407140353500552
78.04,86.67390715453068,-8.633907154530675
59.0,54.69310485764531,4.306895142354691
73.03,62.69884387424327,10.331156125756728
48.53,49.77461131253093,-1.2446113125309282
60.24,67.02930043485271,-6.789300434852713
31.19,46.07642047810699,-14.886420478106988
21.93,42.27901699256694,-20.349016992566938
30.05,38.61602160471593,-8.566021604715932
100.0,83.00340463359733,16.996595366402673
55.3,58.04276298893798,-2.742762988937983
45.03,48.96394440407991,-3.9339444040799094
52.38,56.384480188115305,-4.004480188115302
68.57,61.06554973515282,7.504450264847172
77.01,85.56017805502272,-8.550178055022712
65.7,50.78826228304927,14.911737716950732
52.2,56.900940531924434,-4.700940531924431
71.29,69.5031305834552,1.7868694165448034
54.15,53.24543224874908,0.9045677512509158
62.64,63.757145544704784,-1.1171455447047833
50.05,49.28313100278207,0.7668689972179266
61.11,67.54260121127005,-6.432601211270054
54.4,57.652064541809565,-3.252064541809567
73.76,65.56006903859095,8.199930961409052
70.21,56.05175485751425,14.158245142485747
49.27,43.39433411706253,5.875665882937476
27.48,47.829620421907364,-20.349620421907364
47.98,57.925652123099326,-9.945652123099329
52.47,64.77908508702122,-12.309085087021217
47.76,59.794076256263764,-12.034076256263766
56.79,53.92141697411996,2.868583025880042
48.12,49.110317091345145,-0.9903170913451476
49.6,50.457110280086354,-0.8571102800863528
85.36,72.0093549358286,13.350645064171403
51.47,45.562707798594964,5.907292201405035
59.53,63.217601646092945,-3.6876016460929435
46.9,52.12456221951362,-5.224562219513622
55.47,56.22053058724186,-0.7505305872418617
24.91,48.142126580011336,-23.232126580011336
64.31,68.3317722271565,-4.021772227156504
75.01,80.98815938661892,-5.978159386618913
76.08,83.70526486565187,-7.625264865651872
29.49,33.958105930547454,-4.4681059305474555
84.71,69.40859812476826,15.301401875231733
82.27,85.0011926074882,-2.731192607488211
63.51,54.61951935591248,8.890480644087518
46.78,50.48855277877283,-3.7085527787728267
46.76,46.567136015041136,0.19286398495886203
47.0,42.04066731689207,4.959332683107931
88.82,85.29092888418424,3.5290711158157535
49.76,59.55786275958853,-9.797862759588533
67.61,60.83057688895187,6.779423111048132
55.06,58.526867591679796,-3.4668675916797937
52.02,50.985957407783154,1.0340425922168492
62.61,66.85514725634444,-4.245147256344438
63.09,63.953966959038205,-0.8639669590382013
55.18,72.23409649071328,-17.054096490713285
51.23,62.828471028360156,-11.598471028360159
71.56,72.10963908776195,-0.5496390877619461
56.45,65.12615153522934,-8.676151535229337
41.89,45.33095304408874,-3.4409530440887366
51.85,58.314802912990885,-6.4648029129908835
38.4,49.029015047986576,-10.629015047986577
75.14,73.05362718205248,2.0863728179475203
91.07,78.02628790064492,13.043712099355076
38.36,56.007285287567015,-17.647285287567016
50.32,48.41327075260144,1.9067292473985589
97.98,86.21779310422228,11.762206895777723
48.07,52.776536620590115,-4.706536620590114
67.34,78.27946166023304,-10.939461660233036
51.7,54.814713762824745,-3.114713762824742
62.22,66.15593984351658,-3.9359398435165787
55.57,73.67728741949439,-18.10728741949439
51.57,40.939586045968994,10.630413954031006
49.18,49.738424968917464,-0.5584249689174641
72.18,70.76291281060055,1.417087189399453
58.59,62.99650233833989,-4.406502338339884
74.35,58.739349995772145,15.61065000422785
70.09,58.07913878750508,12.010861212494923
63.04,65.90262216878821,-2.8626221687882136
36.84,53.76023044806418,-16.920230448064174
99.38,82.6041057945522,16.7758942054478
57.04,57.730051428311626,-0.6900514283116266
65.17,52.297027019994005,12.872972980005997
62.64,78.30264219091241,-15.662642190912408
42.11,39.59449783789521,2.515502162104788
60.86,67.50495882707573,-6.644958827075726
28.69,34.77538944496422,-6.085389444964218
71.59,82.85175550178693,-11.261755501786922
57.46,63.28501801652376,-5.825018016523757
74.86,67.13123516445998,7.728764835540019
73.72,71.34650895257855,2.373491047421453
46.89,37.39988614431065,9.490113855689351
70.79,68.66303725353778,2.126962746462226
64.64,60.17384695066351,4.466153049336491
100.0,93.7483941941602,6.251605805839802
71.13,70.51538738814668,0.6146126118533175
77.28,63.910037104883564,13.369962895116437
57.64,44.75167857488458,12.888321425115421
54.13,45.371732382636765,8.758267617363238
68.26,73.08151721163493,-4.8215172116349265
60.11,52.49043018774053,7.619569812259471
90.64,82.82773432251176,7.8122656774882415
58.42,59.10212551554489,-0.6821255155448895
74.5,70.95736805681071,3.542631943189292
49.9,52.769447854312865,-2.8694478543128668
30.97,35.28875202302515,-4.318752023025148
95.87,83.0243936931874,12.845606306812599
67.68,66.40859421172108,1.2714057882789263
51.32,47.18794882187597,4.13205117812403
76.52,62.08170408200125,14.438295917998744
78.52,83.5412796306036,-5.021279630603601
82.85,66.68218679327056,16.167813206729434
73.4,68.80197693415847,4.598023065841531
65.8,59.5224359094847,6.277564090515298
51.11,60.4026371768057,-9.292637176805698
71.48,77.0543346912102,-5.574334691210197
57.13,56.396620202261616,0.7333797977383867
73.1,64.39395658139372,8.70604341860627
34.42,43.27669588843786,-8.856695888437855
76.13,70.83243279145361,5.297567208546383
70.94,72.5190085059589,-1.579008505958896
69.57,80.9370465591241,-11.367046559124105
54.41,60.662710396447636,-6.25271039644764
98.57,79.23973878103077,19.330261218969227
70.51,74.73383425397432,-4.223834253974317
83.82,68.17439719077572,15.645602809224272
76.06,71.11039005599882,4.949609944001182
88.29,81.33579256279685,6.954207437203152
76.04,67.90705611701988,8.132943882980129
75.25,60.80851166411014,14.441488335889858
68.53,68.49262480156868,0.0373751984313202
65.08,58.893312348086,6.186687651913999
38.63,54.65557668017761,-16.025576680177608
51.16,49.22828027229447,1.9317197277055271
49.39,61.40419838870488,-12.014198388704877
78.52,78.95846191116752,-0.4384619111675221
18.96,40.13860998802797,-21.178609988027972
67.51,57.67669465490061,9.833305345099397
57.95,60.78219224828954,-2.8321922482895374
73.02,71.31060053160101,1.7093994683989848
72.79,67.51365890976099,5.276341090239015
71.91,72.91032808120582,-1.0003280812058222
52.56,69.4136816896229,-16.853681689622903
39.3,27.697523961456813,11.602476038543184
67.7,61.75561637123066,5.944383628769344
47.42,53.71181478278917,-6.291814782789167
49.71,57.22200165262076,-7.512001652620761
51.79,53.15470290136433,-1.364702901364332
36.14,62.73821098462851,-26.59821098462851
85.9,76.46279138467604,9.437208615323968
53.03,58.60482669878231,-5.57482669878231
90.18,68.52234473612857,21.657655263871433
52.71,58.84544262519251,-6.1354426251925105
91.6,78.9206321494946,12.6793678505054
59.61,60.01433925894671,-0.4043392589467132
54.42,63.97494270282867,-9.554942702828669
45.81,53.61404768264499,-7.804047682644985
66.92,69.1091298715205,-2.1891298715204925
60.6,63.59646443088623,-2.9964644308862276
50.69,44.77309840740455,5.916901592595451
73.74,63.79569683823429,9.944303161765703
50.98,57.058875418579206,-6.078875418579209
83.5,78.36730541928222,5.132694580717782
75.35,63.68699769298073,11.663002307019262
79.18,92.34628379952073,-13.166283799520727
59.75,69.95504942356953,-10.205049423569534
67.48,60.974056513933576,6.505943486066428
48.22,52.47407400572629,-4.254074005726288
61.32,61.90968628467031,-0.5896862846703073
65.4,58.00649264483635,7.393507355163656
71.81,75.48261875638813,-3.6726187563881325
69.22,56.799925670134414,12.420074329865585
66.69,72.37992799582027,-5.68992799582027
64.11,65.29226959558716,-1.182269595587158
74.77,77.89815210067287,-3.128152100672878
47.6,49.58509622848138,-1.9850962284813818
39.99,41.10695791866775,-1.116957918667751
44.11,50.13009791115182,-6.020097911151822
85.55,69.10124866247878,16.448751337521216
64.61,44.98332291033391,19.62667708966609
59.53,68.73399635547956,-9.20399635547956
58.14,49.70112730639317,8.438872693606832
79.46,78.59679748009874,0.8632025199012503
62.72,70.2635352328934,-7.543535232893404
58.6,60.040862612475195,-1.4408626124751933
65.66,68.74257201984928,-3.0825720198492803
59.3,71.14729889384004,-11.847298893840048
69.46,63.59629326008578,5.863706739914214
32.87,40.75131623378117,-7.88131623378117
58.77,55.63292160470081,3.1370783952991914
65.34,71.68652211980255,-6.346522119802543
58.62,54.83409137882783,3.785908621172169
44.79,45.763087008971695,-0.9730870089716959
60.22,61.34458641733447,-1.12458641733447
48.56,53.5233655218834,-4.9633655218833965
63.33,61.34113868904174,1.9888613109582565
65.87,85.06132884890388,-19.19132884890388
55.16,56.98887153465777,-1.8288715346577717
69.07,66.22852401135364,2.8414759886463514
47.99,52.8097758522979,-4.8197758522979015
59.99,64.44726759918724,-4.45726759918724
90.05,89.90934646744051,0.1406535325594831
57.41,36.828071226350566,20.58192877364943
70.41,57.16253203399973,13.247467966000265
53.51,69.79483418610832,-16.28483418610832
71.26,53.60782762591242,17.652172374087584
52.05,59.65337193745444,-7.60337193745444
42.52,54.24610430045961,-11.72610430045961
62.08,69.14048711767413,-7.060487117674128
58.1,60.72341683042457,-2.623416830424567
66.59,69.50275878832755,-2.912758788327551
57.23,68.53543012367457,-11.305430123674576
66.97,63.880380546137694,3.089619453862305
68.31,73.50939757708312,-5.1993975770831184
29.57,39.841621461160386,-10.271621461160386
59.81,63.581846341441405,-3.771846341441403
47.28,52.79847939022813,-5.51847939022813
37.7,53.15622775594684,-15.456227755946834
57.9,58.559802626200245,-0.6598026262002463
51.08,50.622567247139976,0.45743275286002216
47.73,61.04818924090166,-13.31818924090166
69.49,69.18059524955804,0.30940475044195637
59.84,64.76216621104001,-4.9221662110400075
30.98,37.8568159121587,-6.876815912158701
41.51,36.629844858515376,4.880155141484622
64.76,68.69810729307193,-3.9381072930719228
69.35,66.50823523963692,2.841764760363077
39.98,49.96601435584937,-9.98601435584937
78.15,64.85275392540385,13.29724607459616
72.41,76.27911748619688,-3.8691174861968847
57.62,66.36142545639153,-8.741425456391532
53.2,46.799680397911324,6.400319602088679
55.48,57.99958370200363,-2.5195837020036365
42.56,33.940227163818314,8.619772836181689
64.42,70.15365121596552,-5.733651215965523
47.17,50.882457939542824,-3.7124579395428228
43.96,53.89214614547468,-9.932146145474682
69.34,61.810508450104145,7.529491549895859
37.84,32.92818286398762,4.911817136012381
48.42,45.363695347162796,3.0563046528372055
38.8,41.86320621546647,-3.0632062154664723
61.17,50.97831105748401,10.191688942515995
70.17,79.56363270849272,-9.393632708492717
29.87,29.278324854826696,0.5916751451733049
49.16,61.89526375353445,-12.735263753534454
40.9,61.75476750972897,-20.854767509728973
42.86,38.97412941437753,3.8858705856224702
85.19,80.50574029688252,4.684259703117476
51.57,51.28059959226566,0.28940040773434106
50.99,49.735033705104556,1.2549662948954463
61.86,59.92029378335569,1.9397062166443106
52.05,54.0287083534237,-1.9787083534237055
48.98,55.53321170805042,-6.553211708050426
74.0,65.94757991245625,8.052420087543751
71.99,73.13486310045339,-1.1448631004533922
60.33,65.09056385994019,-4.760563859940191
56.42,52.29530861705009,4.124691382949912
39.61,45.09421427100321,-5.484214271003211
76.96,76.7633333251903,0.19666667480969124
44.65,46.213655227731095,-1.5636552277310969
60.63,48.16751832295527,12.462481677044735
72.36,68.72806700646176,3.6319329935382427
37.79,51.78764521478869,-13.99764521478869
68.49,57.40296885493816,11.087031145061836
41.13,47.25302684819939,-6.1230268481993875
61.85,51.74297711059992,10.107022889400085
48.45,58.99578915273639,-10.54578915273639
53.97,66.75431919777785,-12.784319197777847
81.02,75.38646336083241,5.633536639167588
72.62,62.8758218848464,9.744178115153602
79.96,93.2932404026261,-13.333240402626103
65.08,52.41683493295741,12.663165067042591
43.55,63.142227260680436,-19.59222726068044
64.99,69.83516209934581,-4.8451620993458135
56.19,65.89968870745979,-9.70968870745979
61.19,69.11613110771226,-7.926131107712266
49.05,55.71199460127267,-6.661994601272674
64.74,67.46263597810879,-2.722635978108798
79.24,67.15117618024287,12.088823819757124
74.84,71.52347875280397,3.316521247196036
74.21,62.897311724732376,11.312688275267618
73.82,75.5809805751062,-1.7609805751062027
37.33,57.13684926565262,-19.806849265652623
73.82,74.41634023605732,-0.5963402360573298
91.93,87.02763670659445,4.902363293405557
90.81,74.8556504529393,15.954349547060701
69.22,74.57504752918612,-5.355047529186123
97.96,81.06530138170713,16.894698618292864
91.11,75.8329594536992,15.277040546300796
71.64,52.712092097744936,18.927907902255065
64.65,82.16939027568817,-17.519390275688167
41.17,54.285534937063005,-13.115534937063003
63.52,73.40898771345343,-9.888987713453425
30.22,41.91086733230194,-11.690867332301941
60.11,55.54552975667966,4.564470243320336
97.02,83.21261339424245,13.807386605757543
47.11,47.02449422911291,0.08550577088708877
54.46,56.36143698504596,-1.9014369850459616
93.09,60.08031317770785,33.00968682229215
64.18,70.88429926122811,-6.704299261228101
68.88,59.36666400067665,9.513335999323346
67.7,63.5107098160198,4.189290183980205
58.44,55.856917033499556,2.5830829665004416
54.88,69.74701422853593,-14.867014228535929
38.64,49.29357717853251,-10.653577178532508
41.78,51.6580448631017,-9.8780448631017
41.37,47.22654183693215,-5.856541836932152
67.48,67.13070990605964,0.34929009394036825
58.86,65.55824496935332,-6.6982449693533255
72.84,74.26576616544571,-1.4257661654457081
52.83,60.70911206005996,-7.87911206005996
74.75,81.06407846797988,-6.314078467979883
49.49,61.705351989853725,-12.215351989853723
38.36,45.58454964217942,-7.224549642179419
78.24,63.00049931565954,15.239500684340456
100.0,78.6409944272362,21.359005572763806
45.37,57.84575641445703,-12.475756414457031
47.5,40.43001428542521,7.069985714574791
79.67,74.10749870221292,5.56250129778708
47.87,44.21114884692477,3.6588511530752257
66.36,58.64930845003785,7.710691549962149
84.02,61.23886355981443,22.781136440185563
49.66,65.4803617710241,-15.82036177102411
62.58,63.319317763838036,-0.7393177638380379
66.97,78.56669780197304,-11.596697801973036
73.84,65.22508467521024,8.614915324789763
54.52,49.5478380578114,4.972161942188606
44.86,53.155614145905886,-8.295614145905887
76.96,68.40455901430957,8.555440985690424
43.14,51.94686607207068,-8.806866072070676
58.5,50.16342401015085,8.336575989849152
86.3,78.73393060183994,7.566069398160053
79.56,69.57251905461102,9.987480945388981
71.88,76.97734888641811,-5.097348886418118
49.37,49.67021226921138,-0.3002122692113858
70.16,63.2712359505061,6.8887640494938935
42.8,46.88281626667658,-4.082816266676581
40.3,55.61569696806739,-15.315696968067392
56.47,55.67862829950292,0.7913717004970806
66.21,71.48232422928086,-5.272324229280869
65.09,58.22090147583378,6.869098524166226
82.01,84.89172508320115,-2.8817250832011467
52.3,65.58142746537834,-13.281427465378343
27.19,30.642036854077194,-3.4520368540771926
62.87,57.10957032376511,5.760429676234885
33.56,56.38719917443166,-22.827199174431655
76.21,71.37076213610199,4.839237863898006
55.14,68.53790357833981,-13.397903578339807
71.22,74.66592530441082,-3.445925304410821
53.89,57.756039831132206,-3.8660398311322055
36.29,42.7434677167936,-6.453467716793604
59.79,66.41511344643884,-6.625113446438839
57.77,76.42265206814542,-18.65265206814542
59.19,68.1025203374241,-8.912520337424098
61.1,56.48251805011412,4.617481949885878
50.82,49.07881509119969,1.7411849088003137
60.68,59.43243738383337,1.2475626161666327
71.61,79.47172174275296,-7.861721742752962
50.81,58.065536439435085,-7.255536439435083
54.91,62.201535582997174,-7.291535582997177
56.73,53.563896838981904,3.1661031610180927
93.4,88.2860339671545,5.113966032845511
61.48,63.272101865140485,-1.7921018651404879
65.27,70.04023163017425,-4.770231630174251
55.12,57.26432757119528,-2.1443275711952836
71.3,78.73224230608169,-7.43224230608169
62.43,54.89449181893488,7.5355081810651185
58.93,70.32564471506383,-11.395644715063831
82.46,78.06319945968714,4.396800540312853
71.04,65.88757468454267,5.152425315457336
79.56,91.25299350016637,-11.692993500166367
69.51,56.949021100454104,12.560978899545901
54.46,46.69220096880817,7.767799031191828
55.33,71.2124834664352,-15.882483466435204
61.45,74.7524599956252,-13.302459995625199
58.22,55.74507955476408,2.4749204452359166
28.81,48.633493550533366,-19.823493550533367
51.0,64.17835351779138,-13.178353517791379
61.54,75.52560035487136,-13.985600354871359
53.26,57.722174779616516,-4.462174779616518
64.12,59.074723926809305,5.045276073190699
35.71,48.79511367842631,-13.08511367842631
57.68,70.0106983316482,-12.3306983316482
63.66,50.456656116901144,13.203343883098853
57.71,61.62182701224529,-3.91182701224529
72.64,75.8135362715243,-3.1735362715242985
60.23,64.19834210305473,-3.968342103054731
78.54,73.09794555349718,5.442054446502823
60.34,66.98340089639449,-6.643400896394482
74.18,57.71209855530167,16.467901444698335
57.9,45.70038508111882,12.199614918881181
66.71,66.94986854591498,-0.2398685459149874
77.1,79.99726312635991,-2.897263126359917
65.59,58.23797252411544,7.352027475884562
81.64,69.37397902395097,12.266020976049035
81.95,83.87601715352962,-1.9260171535296138
86.81,84.52484722604652,2.2851527739534845
65.66,78.77016028595412,-13.110160285954123
69.84,64.51836725461881,5.321632745381194
56.81,58.63376126367174,-1.8237612636717344
48.05,51.26299822244425,-3.2129982224442557
89.63,76.49701890206947,13.132981097930525
85.49,85.98450698688787,-0.4945069868878704
28.13,42.43613827807694,-14.30613827807694
78.15,78.82712873469103,-0.6771287346910242
63.86,69.67190676125637,-5.811906761256367
100.0,95.92943489448182,4.070565105518185
41.57,61.95900664685691,-20.389006646856913
59.2,48.0185118358472,11.181488164152803
64.21,60.642916809819894,3.5670831901800995
50.73,63.932284713226736,-13.202284713226739
79.26,71.36107149345577,7.898928506544237
55.23,46.965793864991916,8.26420613500808
54.52,46.86956444697846,7.650435553021545
55.55,53.465864103834264,2.0841358961657335
50.03,54.32359984551834,-4.293599845518337
98.43,86.00912791703988,12.42087208296013
68.16,49.332620357981504,18.827379642018492
57.12,62.89483357697696,-5.77483357697696
57.55,51.5448318940684,6.005168105931595
52.62,67.70435110157355,-15.084351101573553
79.04,75.95187462145333,3.0881253785466782
71.05,60.45728517294965,10.592714827050344
70.75,64.64009533395468,6.109904666045324
46.54,59.210664244105125,-12.670664244105126
71.19,75.42426257934672,-4.234262579346719
53.16,58.976587326816976,-5.816587326816979
64.6,62.54635503134772,2.0536449686522715
58.13,58.691381752577236,-0.5613817525772333
45.32,47.245052616995736,-1.9250526169957354
63.04,54.421377762336746,8.618622237663253
93.35,82.8872557000982,10.4627442999018
39.98,54.80038972250072,-14.820389722500721
62.03,64.61544518621112,-2.5854451862111176
58.85,51.92745432371546,6.9225456762845425
93.4,82.84651299619934,10.553487003800669
49.27,49.46799707771287,-0.1979970777128699
61.72,56.382024162945484,5.337975837054515
30.86,39.035867834386735,-8.175867834386736
44.39,55.7774528496348,-11.387452849634798
100.0,89.22305538310812,10.776944616891882
69.25,68.32835845494509,0.9216415450549107
60.77,64.12888223140801,-3.3588822314080105
95.46,84.78713338871681,10.672866611283183
84.65,71.63152412350092,13.018475876499082
55.36,53.453880013621855,1.906119986378144
57.8,73.53241023566021,-15.732410235660211
76.02,76.92368970861124,-0.903689708611239
49.44,39.486377611045484,9.953622388954514
45.84,34.592133675524884,11.247866324475119
49.12,48.873621302983246,0.24637869701675186
57.62,62.43444008567342,-4.814440085673425
77.53,58.36298946573297,19.16701053426703
55.51,59.91579438196979,-4.405794381969791
56.7,57.44508437419929,-0.745084374199287
65.61,68.55179560195083,-2.9417956019508296
44.94,56.7700502078095,-11.8300502078095
56.46,69.86356353114343,-13.403563531143426
45.43,51.04700309741994,-5.617003097419939
92.83,79.34006891481762,13.489931085182377
80.02,75.94397881978624,4.076021180213758
50.25,53.79980735480237,-3.5498073548023683
55.6,51.50669182752097,4.093308172479034
66.31,56.16070633818157,10.149293661818433
61.03,70.62577823681721,-9.59577823681721
47.5,50.01096558118552,-2.5109655811855234
90.52,70.90181309188971,19.61818690811029
37.5,30.654184340924512,6.8458156590754875
63.68,50.88187705059842,12.79812294940158
78.63,81.12715525268975,-2.497155252689751
83.43,84.57017564819348,-1.1401756481934768
70.22,66.82493041152237,3.395069588477625
69.65,53.43024257905269,16.219757420947317
64.97,68.67023298081533,-3.700232980815329
88.78,72.58181560122419,16.19818439877581
48.36,48.04117829164151,0.31882170835849166
74.47,75.4676153314685,-0.997615331468495
33.95,40.23803797189514,-6.288037971895136
75.04,78.56102540515238,-3.521025405152372
43.46,54.22227271755223,-10.762272717552229
89.49,93.84058039519827,-4.350580395198278
40.66,60.60142909588811,-19.94142909588811
48.34,50.74841394408914,-2.4084139440891335
100.0,80.66273189962291,19.337268100377088
64.68,73.00024982811738,-8.320249828117369
43.52,51.29692678009619,-7.77692678009619
57.55,50.03993211078835,7.510067889211648
57.41,60.43063006773226,-3.020630067732263
61.66,64.9687571991467,-3.3087571991466973
51.12,80.17666324414652,-29.056663244146527
81.51,71.43268258747264,10.077317412527364
66.46,68.62602309276089,-2.166023092760895
70.65,78.15124361991052,-7.501243619910511
60.98,61.52228426269134,-0.5422842626913464
51.61,55.31265611189298,-3.7026561118929777
48.38,58.799681208235086,-10.419681208235083
65.9,64.15662979656678,1.74337020343323
58.09,51.491742151028,6.598257848972004
76.18,63.463407744079355,12.716592255920652
85.72,76.35769028795629,9.36230971204371
68.48,69.7576535095653,-1.2776535095652974
46.85,44.75931768486368,2.09068231513632
54.9,56.575597608218,-1.6755976082179984
63.17,68.151758405972,-4.981758405972002
81.18,61.23854266599123,19.941457334008774
49.52,55.25834782390006,-5.738347823900057
69.37,61.19476306906958,8.175236930930424
35.49,37.12188512815867,-1.6318851281586646
99.48,89.31363790746771,10.166362092532296
65.11,63.51631200317385,1.593687996826148
84.28,86.34782798301255,-2.067827983012549
46.57,57.69495602349339,-11.12495602349339
42.73,38.66119060235297,4.06880939764703
76.94,71.51085526653122,5.429144733468775
52.32,47.97315723838088,4.346842761619122
55.19,68.14622823833787,-12.956228238337872
45.17,49.64291248704486,-4.472912487044859
65.49,65.97096122016889,-0.48096122016889353
63.36,62.37782151294966,0.9821784870503407
60.07,74.07818849076433,-14.008188490764333
62.62,53.39262542440744,9.227374575592556
59.38,51.53598205203354,7.844017947966464
30.22,47.01659650905954,-16.79659650905954
38.05,47.957521405550736,-9.907521405550739
70.82,70.5746506209226,0.24534937907739618
29.6,42.79166342905057,-13.191663429050571
76.22,77.57578051102362,-1.3557805110236245
65.17,67.56890137077905,-2.3989013707790434
77.89,76.4939608670622,1.3960391329378012
61.92,58.724015093984235,3.1959849060157666
47.59,54.98344621875488,-7.393446218754875
74.55,72.82537132652244,1.7246286734775538
49.2,59.95252235554273,-10.75252235554273
57.36,55.23903883325062,2.1209611667493817
57.25,55.32606361588356,1.9239363841164376
47.62,32.18140813830741,15.438591861692586
87.08,81.61744215561544,5.462557844384563
42.92,46.98299800828454,-4.062998008284538
75.02,53.825285992645085,21.19471400735491
53.52,56.38580184545406,-2.865801845454058
95.74,91.26812708748842,4.4718729125115715
29.45,32.293048009273605,-2.8430480092736055
78.17,76.49394100038222,1.67605899961778
92.3,69.98415673153046,22.315843268469536
78.96,86.67040714039598,-7.710407140395986
66.11,67.91561439299412,-1.8056143929941157
74.47,74.42849323317773,0.04150676682226617
57.41,47.20697239906762,10.20302760093238
88.42,78.82887212162257,9.591127878377435
28.86,53.16332853127314,-24.303328531273138
63.09,56.47319275490091,6.616807245099096
60.34,67.95068877664883,-7.6106887766488285
43.14,60.088763238151785,-16.948763238151784
44.86,48.380322604628496,-3.5203226046284968
53.61,61.891768545566556,-8.281768545566557
22.84,41.10147507488111,-18.26147507488111
31.75,47.96564131311251,-16.215641313112513
70.04,63.577860791725854,6.462139208274152
51.76,53.7969032009888,-2.036903200988803
69.84,77.8918849051323,-8.051884905132297
58.76,45.392886160620925,13.367113839379073
62.27,60.863641219749944,1.4063587802500592
55.48,51.338514648319325,4.141485351680672
92.85,77.41672127282503,15.433278727174965
63.63,69.57024918111647,-5.940249181116464
33.26,58.007952586120844,-24.747952586120846
63.12,60.53972414919885,2.5802758508011507
66.28,60.68980954737561,5.590190452624391
53.97,46.46022048229662,7.509779517703379
75.7,64.9462164888796,10.753783511120403
66.7,64.40799641508258,2.292003584917424
47.78,48.52917650564371,-0.7491765056437103
58.5,65.27907057030012,-6.779070570300121
72.06,78.70587345259327,-6.645873452593264
63.46,55.18667307423392,8.273326925766078
58.45,54.92456610118265,3.5254338988173544
68.7,63.63406867143127,5.06593132856873
73.96,78.00142558290196,-4.041425582901965
73.21,54.87603619658898,18.333963803411017
73.42,84.23742749674113,-10.817427496741132
49.04,56.485347989060116,-7.445347989060117
74.56,71.58135873913577,2.9786412608642365
35.12,50.613776675525315,-15.493776675525318
70.45,77.88966532993867,-7.439665329938663
79.25,63.540460446901115,15.709539553098885
44.62,59.65412230654597,-15.034122306545974
57.54,55.198414289058924,2.341585710941075
51.91,63.66489503091897,-11.754895030918973
62.12,65.77422343890555,-3.6542234389055537
70.01,69.26404964943202,0.7459503505679805
56.81,47.792554434813006,9.017445565186996
65.58,64.65423809418878,0.9257619058112141
75.39,65.63321375756392,9.756786242436078
50.32,52.37235042328468,-2.052350423284679
73.72,68.9558711419534,4.764128858046604
68.65,70.31209672787348,-1.6620967278734753
66.04,59.892751236429845,6.147248763570161
32.6,37.493569290302716,-4.893569290302715
64.32,60.75442258436653,3.565577415633463
54.58,44.606791162373966,9.973208837626032
52.06,43.86285109993802,8.197148900061983
65.55,64.34717883030055,1.2028211696994475
53.78,53.53086173844161,0.24913826155839303
68.27,52.89737489624552,15.372625103754473
76.45,63.37434743041647,13.075652569583532
71.61,73.43447287204339,-1.824472872043387
65.35,76.13797648826325,-10.787976488263254
62.51,54.369233262304995,8.140766737695003
74.19,83.43374470809692,-9.243744708096926
76.25,67.82883599754462,8.421164002455384
73.78,58.75642075248098,15.023579247519024
86.07,74.23009793763404,11.839902062365951
61.28,52.15146694446401,9.12853305553599
86.81,82.84690547431295,3.9630945256870547
69.77,67.5411030097002,2.228896990299802
69.26,69.87065788286607,-0.6106578828660645
67.98,69.96764860259668,-1.9876486025966784
69.71,60.12933529457079,9.580664705429207
59.74,79.00419091033459,-19.264190910334584
53.96,59.59539971326045,-5.635399713260448
34.09,40.939701132189754,-6.84970113218975
64.14,62.593588291676916,1.5464117083230846
74.47,76.17572885226672,-1.7057288522667164
78.12,69.85485952419114,8.265140475808863
80.59,78.67223568750524,1.9177643124947679
31.58,52.00852584112827,-20.42852584112827
46.61,49.15733880049431,-2.547338800494309
100.0,75.62628205456436,24.373717945435644
72.02,73.07599963754814,-1.0559996375481404
65.07,70.17942846263483,-5.109428462634838
49.03,63.24134173550628,-14.21134173550628
61.72,54.751610245477494,6.968389754522505
64.39,64.08013387245103,0.3098661275489718
63.32,65.90238348413357,-2.5823834841335653
100.0,85.96409404493512,14.035905955064877
44.66,61.98707382469234,-17.32707382469234
62.32,43.0818840780102,19.238115921989802
74.48,63.77333657911124,10.706663420888766
42.55,48.02676691850695,-5.476766918506954
69.1,65.39011585372299,3.7098841462770054
69.26,54.41109299023388,14.848907009766123
51.25,40.09167736840309,11.15832263159691
81.77,78.88894264492406,2.8810573550759386
71.25,70.71032707477897,0.5396729252210264
88.11,79.3997736047205,8.710226395279506
63.16,60.68407959078735,2.475920409212648
44.15,40.29786953475175,3.8521304652482513
68.8,69.46945361228963,-0.6694536122896295
56.84,62.432416052322104,-5.5924160523221005
82.92,75.49948681806518,7.4205131819348225
51.97,62.7818113681248,-10.8118113681248
55.07,53.71775258226737,1.3522474177326274
73.58,67.33166217450827,6.248337825491731
73.98,78.64002778885896,-4.6600277888589545
47.4,43.30698622245533,4.0930137775446696
70.15,74.4633860080415,-4.3133860080414905
64.73,74.86867171862511,-10.138671718625105
42.93,55.82944016881379,-12.89944016881379
76.23,78.80331449320147,-2.5733144932014653
93.41,83.13862589681202,10.27137410318798
56.2,66.3952569984946,-10.1952569984946
51.77,53.64055016733924,-1.870550167339239
49.67,53.41915266467833,-3.749152664678327
49.75,49.975682036287076,-0.2256820362870755
30.44,38.14293160114355,-7.7029316011435505
48.76,53.24753264756312,-4.487532647563121
38.54,45.24076964749474,-6.700769647494738
82.08,85.14810719574339,-3.0681071957433943
68.4,57.20698957807056,11.193010421929444
66.07,69.5321763592439,-3.4621763592439123
50.06,65.75801400848242,-15.698014008482417
68.18,56.603894775943616,11.576105224056391
76.59,62.50107614668243,14.088923853317574
75.76,70.57507716342138,5.184922836578622
42.74,47.619224709284566,-4.879224709284564
16.73,34.8198577586254,-18.089857758625403
58.85,61.73949849914924,-2.8894984991492407
47.8,47.43162819055375,0.3683718094462449
60.79,55.41361355190629,5.376386448093712
67.02,50.68717445883979,16.332825541160204
59.04,60.67521372541417,-1.635213725414168
73.65,66.6168623360441,7.0331376639559124
46.08,52.652498220820284,-6.572498220820286
63.6,58.82678120482137,4.773218795178629
81.16,66.02794435812478,15.132055641875212
84.52,76.48731364117843,8.032686358821564
48.99,35.71085127650712,13.279148723492881
70.48,80.27855884731434,-9.79855884731434
43.13,56.81775389439139,-13.687753894391385
87.54,86.04221206192216,1.497787938077849
80.42,73.47646811484682,6.9435318851531775
48.4,60.49066115282805,-12.090661152828048
81.11,70.40688118153228,10.703118818467715
72.44,64.80746284189621,7.632537158103787
66.99,69.81701303672843,-2.827013036728431
77.4,66.7449297455726,10.6550702544274
69.38,64.99418428371352,4.385815716286473
84.81,78.57825997277469,6.231740027225314
73.0,58.17303880687064,14.826961193129357
57.8,47.66803293123118,10.131967068768816
42.97,57.97112374479347,-15.001123744793475
50.18,54.061986266476715,-3.8819862664767157
76.24,69.3099515182259,6.930048481774094
63.52,69.58436422803952,-6.064364228039516
59.46,59.13746768679158,0.3225323132084199
72.82,67.73453007796296,5.085469922037035
63.4,65.4997772036559,-2.099777203655897
49.36,51.77359406391472,-2.413594063914722
74.25,71.82469446334491,2.425305536655088
46.95,50.867792316292594,-3.9177923162925907
73.97,68.07783864958628,5.892161350413716
51.27,46.69005205739822,4.579947942601784
66.88,52.49115396287781,14.388846037122185
77.29,63.93203928299273,13.357960717007273
59.59,61.42850310681204,-1.838503106812034
89.87,75.99548432301928,13.874515676980721
85.27,66.23464349973848,19.035356500261514
50.36,47.09603872055014,3.263961279449859
71.55,69.93402635070484,1.6159736492951566
58.24,54.729084584719274,3.510915415280728
44.99,45.657751006651324,-0.6677510066513221
53.59,49.14012617299888,4.44987382700112
45.42,39.024041093414155,6.395958906585847
41.78,54.86757804734404,-13.087578047344039
40.07,58.3606874557184,-18.2906874557184
71.33,59.64579365409676,11.684206345903242
38.89,39.710315626834316,-0.820315626834315
60.13,53.984040041448345,6.145959958551657
87.06,76.27310041874797,10.78689958125203
38.36,45.80078255015429,-7.440782550154289
71.66,84.42469243138581,-12.76469243138581
76.59,66.07018252210472,10.519817477895288
58.83,55.72963570028352,3.1003642997164818
86.79,88.61454589153337,-1.8245458915333614
55.81,50.52808161054722,5.281918389452784
92.31,84.51676963059603,7.793230369403972
66.08,61.96197571475375,4.11802428524625
66.85,52.73742945007057,14.112570549929423
52.04,75.31312493627286,-23.273124936272858
27.09,35.92844251090216,-8.838442510902158
72.03,86.3886549660468,-14.3586549660468
48.26,57.615756767864404,-9.355756767864406
61.39,67.55250916771634,-6.162509167716337
79.2,74.42438065146507,4.775619348534931
58.34,66.14227092198136,-7.802270921981361
77.17,79.57789127290377,-2.4078912729037683
47.39,40.30884924396127,7.081150756038731
79.98,69.16320968718016,10.816790312819847
71.39,75.41881929761085,-4.028819297610852
43.69,48.241582674662574,-4.551582674662576
65.02,69.9857659236041,-4.96576592360411
46.42,55.66491838837026,-9.244918388370259
70.65,66.43544842101855,4.214551578981457
66.07,73.65484906413761,-7.5848490641376145
65.52,63.33336561662517,2.186634383374823
46.48,53.45303284947093,-6.973032849470933
100.0,83.19149343510149,16.808506564898508
33.33,38.77114377497995,-5.441143774979949
62.88,67.3244633548103,-4.444463354810303
63.31,64.5009407692171,-1.190940769217093
69.58,48.756514103327746,20.823485896672253
48.3,70.88879212955463,-22.588792129554633
84.29,73.50750800915134,10.78249199084867
50.62,63.65667520336283,-13.036675203362833
69.64,66.02831994936531,3.611680050634689
53.38,61.61254102446968,-8.232541024469676
65.15,62.589474154662504,2.5605258453375015
70.5,70.46936191822982,0.030638081770177905
77.12,56.66358562663219,20.456414373367814
46.25,45.347503549690344,0.9024964503096555
62.49,58.03062479136686,4.459375208633141
85.88,84.586742654847,1.2932573451529947
71.34,61.34956165118243,9.990438348817577
89.57,75.53240252423294,14.037597475767058
71.95,74.535110339513,-2.585110339512994
64.11,61.43229099588833,2.6777090041116693
27.92,42.22107690409911,-14.301076904099105
48.97,41.397361929769005,7.572638070230994
74.69,70.03030236273385,4.659697637266149
56.28,43.72131945599572,12.558680544004282
93.59,75.92607201945165,17.66392798054835
73.02,67.5028405555655,5.517159444434498
56.8,69.46860464977136,-12.668604649771368
56.19,59.02094389366768,-2.83094389366768
48.48,54.3701241140579,-5.890124114057905
51.62,55.935412902111175,-4.315412902111177
41.27,48.79094529199466,-7.520945291994657
73.05,77.8482333178077,-4.7982333178077
54.56,60.34472694367913,-5.784726943679125
85.57,92.32385478645101,-6.753854786451015
86.93,70.28580256414311,16.644197435856896
64.63,57.075059765374654,7.554940234625342
63.78,63.26411476420312,0.5158852357968797
35.87,40.81910129960532,-4.949101299605324
59.67,74.80010570473529,-15.130105704735286
95.59,82.56098819418992,13.029011805810086
77.47,77.579764377818,-0.10976437781799575
62.67,69.40132801219121,-6.731328012191213
42.26,37.8592841826691,4.400715817330898
47.43,43.66595890896614,3.76404109103386
63.94,66.60207096934316,-2.662070969343162
46.58,47.7792342091086,-1.199234209108603
46.18,67.75956191833563,-21.579561918335635
77.33,73.10920056888456,4.220799431115438
62.88,57.621108806744125,5.258891193255877
28.25,40.134824343449395,-11.884824343449395
51.55,42.81536135635556,8.734638643644438
59.63,63.559048732512906,-3.9290487325129035
57.91,48.31458577421629,9.595414225783706
56.37,62.93355519151718,-6.563555191517182
51.19,42.17027796000435,9.01972203999565
55.38,65.72744591050792,-10.347445910507922
34.69,36.47494973069573,-1.784949730695729
31.94,46.36781934130085,-14.42781934130085
72.62,65.33220997346451,7.28779002653549
31.61,31.46189106125096,0.14810893874903996
44.37,46.132473361667884,-1.7624733616678867
39.74,48.32030019906858,-8.580300199068581
68.64,62.8516705347731,5.7883294652269015
56.43,52.305786534142484,4.124213465857515
56.06,61.55219687637203,-5.492196876372027
58.68,54.93889734695905,3.7411026530409472
34.16,51.669282812999676,-17.50928281299968
55.33,59.40017092302276,-4.070170923022765
51.97,55.42432983540882,-3.4543298354088208
59.12,48.680487894602905,10.439512105397093
65.27,83.22579996259972,-17.955799962599727
64.27,57.78123013644194,6.488769863558055
51.85,57.59186666132378,-5.741866661323776
61.25,58.56395578022849,2.68604421977151
63.85,67.46072915904794,-3.610729159047942
98.58,82.94860114609222,15.631398853907783
51.55,51.51020503910374,0.03979496089625911
50.76,52.38076682659499,-1.6207668265949948
85.42,77.28961917185626,8.130380828143743
53.81,47.26263414120193,6.547365858798074
70.04,77.13664751736377,-7.096647517363763
44.6,36.446779463323644,8.153220536676358
51.46,44.598005550077396,6.861994449922605
66.49,56.91900580498887,9.570994195011124
78.71,59.36690199756549,19.343098002434502
60.58,40.08685423226637,20.49314576773363
68.29,56.99378447289041,11.296215527109595
44.34,47.52029582341115,-3.18029582341115
52.25,50.56900331899859,1.6809966810014103
26.31,44.43528390099255,-18.125283900992553
26.82,42.959700973279766,-16.139700973279766
70.97,64.86819061078353,6.10180938921647
41.07,55.149310448405274,-14.079310448405273
77.38,56.51432797499839,20.865672025001608
76.94,60.383908369277314,16.556091630722683
45.73,62.02796979562192,-16.297969795621924
67.28,65.79716860135755,1.4828313986424462
73.64,74.3872439373891,-0.7472439373891007
68.87,64.49463570906904,4.3753642909309605
60.25,59.830863684961386,0.4191363150386138
52.51,58.54814489639395,-6.038144896393952
80.41,78.3066018713769,2.1033981286230983
63.11,70.30679193270228,-7.196791932702283
66.43,63.301527556315186,3.128472443684821
70.95,59.142293101601965,11.807706898398038
38.61,42.16205307123615,-3.552053071236152
86.87,69.60817518659694,17.261824813403067
53.23,41.424967704458695,11.805032295541302
67.58,66.8786680203404,0.7013319796595994
55.43,50.952793394289344,4.477206605710656
87.35,78.51255223126778,8.837447768732218
80.02,68.83967621644376,11.180323783556233
72.19,75.77208649906368,-3.582086499063678
58.2,47.00308454701707,11.196915452982935
55.95,48.6023412848679,7.3476587151321056
49.84,58.42482541580735,-8.584825415807344
43.67,40.71672783396729,2.9532721660327113
65.76,75.26727113656807,-9.507271136568065
64.8,65.39894733594181,-0.5989473359418156
100.0,91.50981111828375,8.49018888171625
89.25,71.53498876496303,17.715011235036968
66.1,65.39619009606335,0.7038099039366443
69.1,65.33196597748507,3.768034022514925
53.56,63.84228624593713,-10.28228624593713
48.24,38.4231804241412,9.816819575858801
36.14,52.17789010386042,-16.03789010386042
38.07,49.10867182530958,-11.038671825309578
48.78,55.813860847660415,-7.033860847660414
21.35,44.787076437484174,-23.437076437484173
73.75,83.71544721486077,-9.965447214860774
54.71,57.97909568504868,-3.2690956850486756
95.02,68.49578189845185,26.524218101548144
61.7,68.01438800523947,-6.314388005239465
76.84,70.3747912517185,6.465208748281498
21.12,28.815420512612356,-7.695420512612355
61.36,58.43130103575103,2.928698964248973
66.74,62.384108450074486,4.355891549925509
59.1,60.2479415461762,-1.1479415461761988
49.7,47.07057969552373,2.6294203044762696
67.2,64.07889231520124,3.1211076847987584
32.1,28.171353748972766,3.928646251027235
58.68,54.07244952942331,4.60755047057669
62.85,63.14259680616133,-0.29259680616132755
92.66,80.94038226668712,11.719617733312873
26.71,24.5188431672325,2.1911568327675006
59.75,61.2464716019413,-1.4964716019413018
54.34,57.89832483420596,-3.558324834205955
51.33,58.32619677353947,-6.996196773539474
76.08,65.49737063243421,10.582629367565787
80.1,66.98093656473286,13.119063435267137
67.67,65.65097662021363,2.0190233797863755
72.06,73.43475919941878,-1.3747591994187758
53.19,58.62488919583022,-5.434889195830223
40.67,40.853813179720724,-0.18381317972072253
59.3,60.19959133449458,-0.8995913344945805
66.67,50.51112253446072,16.158877465539284
80.48,71.0755921147185,9.4044078852815
54.83,67.03521322822012,-12.205213228220117
84.49,81.88014104523145,2.6098589547685407
35.78,39.16786754152996,-3.387867541529957
100.0,83.16266765064837,16.837332349351627
60.63,51.05919305111191,9.570806948888091
74.9,79.30355991275547,-4.403559912755469
90.34,85.42218269452117,4.9178173054788346
54.16,57.95021248723277,-3.790212487232772
73.49,60.40903237332013,13.080967626679865
68.79,79.38091010717694,-10.590910107176938
67.94,71.80220291951899,-3.8622029195189924
48.87,58.066705473778654,-9.196705473778657
63.07,66.91597201061775,-3.84597201061775
73.2,71.95307378366931,1.2469262163306922
52.72,59.46357214218465,-6.743572142184654
82.14,69.66339715861979,12.476602841380213
67.33,53.959299722285756,13.370700277714242
62.85,58.06678678499169,4.78321321500831
35.76,35.748509757073975,0.011490242926022631
69.61,61.69364618447863,7.916353815521369
62.57,54.333409998141434,8.236590001858566
49.44,64.50454349065136,-15.06454349065136
62.61,77.91082676308422,-15.300826763084217
51.15,56.97242864318094,-5.822428643180942
54.64,54.369100674929605,0.2708993250703955
86.51,85.40353094305647,1.1064690569435385
45.35,52.16194648943664,-6.811946489436636
37.19,52.765421233163984,-15.575421233163986
57.3,65.77515768915357,-8.475157689153576
46.14,62.13793918409475,-15.997939184094747
68.35,63.75156294442278,4.5984370555772145
48.21,46.01133931482321,2.1986606851767903
51.46,49.28104972391527,2.178950276084734
58.98,57.72929185488654,1.2507081451134567
46.14,48.71112004534046,-2.5711200453404572
83.74,74.2753480279206,9.464651972079395
76.64,55.659463335096056,20.980536664903944
61.61,68.92430825969505,-7.3143082596950535
78.46,82.73524604297911,-4.27524604297912
56.5,57.92601424699403,-1.4260142469940291
62.21,55.210731442662606,6.999268557337395
83.47,73.88080602818357,9.589193971816428
65.42,68.6813890085421,-3.2613890085420962
59.08,60.73926158214357,-1.6592615821435714
95.07,90.87838012437675,4.191619875623246
69.82,70.07381773843507,-0.2538177384350746
40.89,52.9864505541268,-12.096450554126797
61.36,60.636375271021514,0.7236247289784856
65.04,55.507188241360986,9.53281175863902
44.59,38.3873932403815,6.202606759618504
66.83,64.8433764017562,1.9866235982437956
91.91,82.6503618710487,9.259638128951295
67.76,70.79596985055723,-3.0359698505572226
60.69,60.412559121575086,0.27744087842491183
67.8,72.77372882421128,-4.973728824211278
59.34,62.80222371783485,-3.4622237178348456
51.44,51.98855927707529,-0.5485592770752916
54.58,62.86599676621537,-8.28599676621537
52.56,49.193891257867854,3.3661087421321483
77.3,59.64485987481261,17.655140125187387
67.79,65.99351753648031,1.7964824635196948
54.31,48.11876505047757,6.191234949522432
47.18,52.179951020221374,-4.999951020221374
69.53,59.24879626150738,10.281203738492621
85.01,80.29681188252154,4.713188117478467
55.98,68.06383027505925,-12.083830275059249
49.36,54.92262718056486,-5.56262718056486
67.62,63.0022407840566,4.617759215943401
78.48,77.80056913380601,0.6794308661939965
77.57,81.43810477507165,-3.8681047750716573
54.91,50.91145038773089,3.998549612269109
50.63,57.550730954166234,-6.920730954166231
56.18,55.21155738546182,0.9684426145381764
52.97,64.61345631070726,-11.643456310707265
61.55,62.339112146209814,-0.789112146209817
36.03,37.35377772889691,-1.323777728896907
74.47,59.16841708718549,15.30158291281451
41.22,36.07764990266616,5.142350097333839
64.77,60.528856959304605,4.241143040695391
55.25,57.09591794861422,-1.8459179486142219
77.58,73.08847217048903,4.4915278295109715
58.66,58.333689303503874,0.32631069649612243
23.11,38.765012204244194,-15.655012204244194
50.27,66.5364644519358,-16.266464451935796
80.38,81.6546731755682,-1.2746731755682106
44.63,49.23090690444537,-4.600906904445367
79.14,68.1228220554952,11.017177944504795
69.01,60.14880500776388,8.861194992236122
53.44,53.06577099649809,0.3742290035019096
89.5,83.48661768585117,6.013382314148828
72.1,61.1365895847671,10.963410415232893
66.27,62.12755055354647,4.142449446453526
64.0,55.85483245415615,8.145167545843847
38.82,48.03920512657618,-9.219205126576178
53.85,57.7587647561721,-3.908764756172097
71.03,72.75890924880326,-1.7289092488032622
64.91,67.67714555249376,-2.7671455524937585
67.36,77.17326539668471,-9.813265396684713
26.89,38.00843388841052,-11.118433888410522
46.46,47.48170491484928,-1.0217049148492805
59.74,48.29417001776853,11.445829982231473
58.87,52.443457894497705,6.426542105502293
56.04,46.584115088574485,9.455884911425514
50.85,51.02202156132842,-0.17202156132842106
69.55,70.91102141799115,-1.3610214179911537
55.96,56.07362136546735,-0.11362136546735258
78.88,78.08315988073682,0.7968401192631802
55.51,40.220383946271376,15.289616053728622
54.8,55.56766693696493,-0.767666936964936
56.27,57.38454334306924,-1.1145433430692364
49.68,52.63880553814221,-2.958805538142208
57.1,63.69304273526384,-6.593042735263836
70.89,69.64428591760786,1.2457140823921407
86.62,79.20772359156402,7.412276408435986
72.01,55.860070637512635,16.14992936248737
68.89,72.99887377922732,-4.1088737792273236
29.72,39.4488635953399,-9.728863595339902
70.47,66.70376055222394,3.7662394477760586
70.58,79.24941013928915,-8.669410139289155
62.02,68.68838106474166,-6.668381064741659
56.31,66.88013942023888,-10.570139420238874
58.38,47.58846920407282,10.79153079592718
77.88,64.57467099666673,13.30532900333327
58.28,49.11573795947981,9.164262040520192
63.12,58.80517921070931,4.314820789290685
53.47,57.679478405717084,-4.2094784057170855
41.21,46.930350958987475,-5.720350958987474
39.03,46.46256782872255,-7.432567828722547
88.91,75.73859698271109,13.17140301728891
86.43,74.62589952039096,11.804100479609048
71.69,70.30477028573789,1.3852297142621097
86.5,72.43660979981586,14.063390200184145
60.89,62.40498443905952,-1.5149844390595177
78.47,75.35925615182957,3.1107438481704293
51.15,37.4614806499325,13.688519350067502
73.36,79.49243721124013,-6.132437211240131
55.71,44.93510549969827,10.774894500301734
51.89,54.55909097458286,-2.6690909745828577
68.69,65.28117410742071,3.408825892579287
40.94,45.59061329046886,-4.650613290468861
24.08,46.67082786249115,-22.590827862491153
66.34,57.883312018920705,8.456687981079298
58.65,62.323978290864744,-3.6739782908647456
58.67,61.22272820028095,-2.5527282002809457
55.82,49.61257607345367,6.207423926546333
56.93,43.88892140871155,13.041078591288446
61.64,54.78751299179007,6.852487008209934
82.21,68.65068275045367,13.559317249546325
89.05,83.13084895064549,5.919151049354511
57.43,54.67334768253307,2.75665231746693
24.65,37.8326383240238,-13.182638324023799
53.0,49.90813085409004,3.0918691459099605
49.18,51.68033150134259,-2.5003315013425933
71.13,67.57131509336193,3.5586849066380637
42.76,55.74274341195331,-12.982743411953315
73.53,76.67728786429579,-3.147287864295791
83.0,71.02933381330901,11.970666186690991
77.77,60.26841033164256,17.501589668357433
63.13,66.70570406093303,-3.5757040609330275
79.0,79.92033210139131,-0.9203321013913097
49.0,55.260228537783746,-6.260228537783746
62.2,56.86584070430644,5.33415929569356
43.73,40.507690569926474,3.2223094300735227
33.21,50.485608539275226,-17.275608539275225
53.16,57.30539835082254,-4.145398350822546
60.59,61.89678912026737,-1.3067891202673678
49.87,55.80004720145821,-5.9300472014582155
79.54,75.70104152018997,3.8389584798100316
50.14,71.34027934855959,-21.20027934855959
77.02,68.23104488022467,8.788955119775324
40.84,57.98910345724186,-17.149103457241857
48.44,57.690867254134254,-9.250867254134256
62.76,61.89198257694815,0.868017423051846
77.41,76.80765427167552,0.6023457283244795
59.5,70.51864177216673,-11.018641772166731
31.03,53.25186968496824,-22.22186968496824
74.93,58.212736227614734,16.717263772385273
85.84,76.32068197411502,9.519318025884985
55.88,55.50480367051792,0.3751963294820797
40.59,42.734477886553705,-2.1444778865537018
57.25,60.230982072623064,-2.980982072623064
75.94,70.66308664392929,5.2769133560707076
64.5,63.09268213224799,1.4073178677520133
64.14,64.52413418911966,-0.38413418911966346
81.79,63.737652592388464,18.052347407611542
43.2,35.627817112122216,7.572182887877787
85.75,85.67675250708756,0.07324749291244359
69.17,59.34424570926483,9.82575429073517
40.17,45.05205599606709,-4.882055996067088
60.72,73.67519626189336,-12.955196261893363
88.22,87.14848914600684,1.0715108539931606
56.71,58.85986625438843,-2.149866254388428
74.42,67.87222562249401,6.547774377505988
58.41,49.85240118965097,8.557598810349027
23.64,47.7282883274431,-24.088288327443102
73.59,59.636177095403205,13.953822904596798
78.32,82.31964092968882,-3.999640929688823
63.87,61.714053829625925,2.1559461703740723
59.92,46.33601774586595,13.58398225413405
67.29,45.910885655128425,21.37911434487158
88.92,81.23133894971264,7.688661050287365
32.46,34.96698937432234,-2.5069893743223375
55.88,54.66139240687473,1.2186075931252702
68.5,49.82026543503904,18.67973456496096
61.99,60.845244535385056,1.1447554646149456
69.01,66.27164412759421,2.7383558724057906
66.17,54.5588572530036,11.6111427469964
42.4,49.05521072280236,-6.655210722802359
70.46,62.6994056724727,7.7605943275272935
73.49,76.42770958414269,-2.937709584142695
90.38,75.81694902997921,14.563050970020782
42.06,53.70738746482805,-11.64738746482805
62.88,57.982591539127334,4.8974084608726685
67.94,78.43558338908429,-10.495583389084288
35.5,68.7453690130781,-33.245369013078104
76.5,73.14178007754083,3.3582199224591704
81.36,73.34584404813641,8.014155951863586
55.1,43.7131826409423,11.386817359057702
79.67,61.12088824682501,18.54911175317499
54.1,54.753804718984526,-0.6538047189845244
62.08,56.70389470350604,5.376105296493961
49.69,51.0395120118258,-1.3495120118258015
69.59,72.48281458795472,-2.8928145879547174
80.68,88.19868092571264,-7.51868092571263
54.1,61.50681387649377,-7.406813876493771
54.01,56.37293826240861,-2.362938262408612
80.28,73.05022112690486,7.229778873095142
94.29,85.70403433406493,8.585965665935078
44.57,38.57444358314961,5.995556416850391
50.35,53.13179013264201,-2.7817901326420085
51.32,54.04195969937346,-2.721959699373457
68.27,63.056791457009616,5.21320854299038
82.63,82.76229219825535,-0.13229219825535665
81.68,89.38942726641957,-7.709427266419567
70.89,71.5041960588646,-0.6141960588645929
77.33,67.48203440635824,9.84796559364176
72.41,70.29876825497162,2.111231745028377
39.71,48.27768529619107,-8.567685296191073
67.88,58.068045484298445,9.81195451570155
41.49,52.20003710691534,-10.710037106915337
24.94,51.776767036120276,-26.836767036120275
71.51,71.73926916998676,-0.2292691699867504
72.81,60.44263020867548,12.36736979132452
70.55,67.61617411176857,2.933825888231425
63.42,67.33640904365552,-3.91640904365552
70.23,68.47840994011052,1.7515900598894802
76.37,75.07486669998961,1.2951333000103915
37.45,45.81522937764665,-8.36522937764665
64.2,59.28812249341975,4.911877506580254
86.35,71.14903765421252,15.200962345787474
58.86,72.82214277008565,-13.962142770085649
77.77,67.07178606836283,10.69821393163717
74.64,68.07321704987655,6.566782950123454
28.74,46.61837279716003,-17.87837279716003
51.98,52.98913383387147,-1.0091338338714735
60.09,54.46251074166697,5.627489258333036
51.77,49.024034900931426,2.7459650990685773
65.21,67.0666336580254,-1.8566336580254017
53.64,61.63831351748558,-7.9983135174855775
79.51,69.94663064157464,9.563369358425362
90.36,82.92700072847147,7.43299927152853
57.73,59.54573726396228,-1.8157372639622835
53.55,51.63028810583392,1.9197118941660776
52.08,54.95852763855723,-2.8785276385572303
64.32,48.88580347263714,15.43419652736285
41.62,46.225417439875216,-4.605417439875218
94.42,65.71900561366246,28.70099438633754
92.88,85.04942739782572,7.830572602174271
37.16,36.25774986107735,0.9022501389226463
71.27,68.8811248369694,2.3888751630305904
79.89,67.84138826689333,12.048611733106668
84.69,84.20660226926692,0.4833977307330741
64.99,55.06547103371747,9.924528966282523
69.44,61.43723766623186,8.002762333768139
73.06,74.40550919072344,-1.3455091907234333
43.06,55.88885734440925,-12.82885734440925
49.05,38.40818680933573,10.641813190664266
69.64,69.21012231724828,0.429877682751723
46.64,47.62321601232953,-0.9832160123295282
60.92,62.429357706684414,-1.509357706684412
42.82,44.293177413863525,-1.4731774138635245
83.96,75.89387965302926,8.066120346970735
60.92,56.651817351077916,4.268182648922085
71.28,64.34485920766883,6.935140792331168
85.34,82.82891254552045,2.5110874544795507
67.29,58.50359308894928,8.786406911050726
78.22,81.5475744710161,-3.3275744710161064
22.8,26.29520711001398,-3.495207110013979
93.72,75.71832211880245,18.00167788119755
57.41,65.7490268420543,-8.33902684205431
63.93,68.747496757356,-4.817496757356004
49.74,53.0739709902625,-3.3339709902625003
71.74,67.82051859237292,3.9194814076270745
78.24,82.1468551903541,-3.9068551903541078
49.76,48.00541514434654,1.7545848556534551
57.06,68.67874115878463,-11.61874115878463
60.88,62.64704636838932,-1.767046368389316
58.75,61.93051939716902,-3.1805193971690215
88.19,81.19413079000049,6.995869209999512
61.34,61.85874616403566,-0.5187461640356545
71.63,71.98101889040994,-0.3510188904099465
47.42,52.10816749462769,-4.688167494627692
44.91,55.12708060205949,-10.217080602059497
54.68,68.36655125957442,-13.686551259574422
47.81,47.85790317235023,-0.047903172350224565
40.11,47.80727281966462,-7.697272819664619
63.39,66.97994207729735,-3.5899420772973514
66.02,52.07298141844897,13.947018581551028
20.92,30.240443671451825,-9.320443671451823
65.96,66.34906225812185,-0.3890622581218537
72.15,68.02688577681329,4.123114223186718
73.71,61.99352022437819,11.716479775621806
50.44,52.6614426583999,-2.2214426583999014
69.56,74.71776977416668,-5.157769774166681
69.29,68.06091634817759,1.229083651822421
42.9,46.58154525241794,-3.6815452524179406
60.24,55.49508770761445,4.74491229238555
51.93,56.06883976537622,-4.138839765376218
73.28,68.00737215517776,5.272627844822239
67.87,70.08446329189442,-2.2144632918944183
63.25,68.747758183734,-5.497758183734007
91.78,84.30895252224097,7.471047477759029
52.08,49.60056559354338,2.479434406456619
63.72,61.60993899709795,2.11006100290205
65.01,60.86013827134974,4.149861728650265
75.04,67.75081408874122,7.289185911258784
73.25,81.67299782349373,-8.42299782349373
23.65,37.04600629542278,-13.39600629542278
68.7,69.61890947650534,-0.918909476505334
97.25,67.685159501755,29.564840498245005
79.39,65.16748647840019,14.222513521599808
55.65,52.272827172042895,3.3771728279571036
60.07,62.81865129483301,-2.74865129483301
65.04,74.9179748355492,-9.877974835549196
53.55,61.37410141427065,-7.82410141427065
36.79,48.27597068312732,-11.48597068312732
56.72,52.75159054965281,3.9684094503471883
89.39,91.5220721615915,-2.132072161591495
69.9,63.837068444789935,6.062931555210071
86.14,78.70714168958467,7.432858310415327
74.65,68.72683408752572,5.923165912474289
65.98,54.99421703699427,10.985782963005732
38.65,49.05074121090075,-10.400741210900755
72.52,70.24435134987209,2.2756486501279056
69.95,78.46451660554784,-8.51451660554784
45.54,44.73143061217878,0.8085693878212226
57.74,66.48333841617455,-8.743338416174545
59.54,73.86513223321577,-14.325132233215776
42.7,45.41110319599618,-2.7111031959961807
37.7,42.57535934607074,-4.875359346070738
16.2,23.521623328098812,-7.321623328098813
52.47,53.08187660417433,-0.6118766041743342
66.89,74.34979357437186,-7.459793574371858
42.54,43.02364234462736,-0.4836423446273628
46.92,46.67231948334922,0.2476805166507816
83.4,68.42314745388815,14.976852546111857
52.05,59.540873671719694,-7.490873671719697
36.16,46.866590020756725,-10.706590020756728
68.09,73.96671158209865,-5.87671158209865
39.11,48.805972425542464,-9.695972425542465
53.9,47.67961754257694,6.220382457423057
64.7,69.03214277305472,-4.332142773054713
66.48,55.40740744763684,11.072592552363162
46.86,49.95143364759237,-3.0914336475923676
61.28,63.60697070587257,-2.3269707058725686
74.28,64.39420654412446,9.885793455875543
82.5,86.60684077916883,-4.106840779168834
73.95,70.84845114539536,3.101548854604644
41.46,49.337168340156836,-7.877168340156835
59.62,60.869055692284384,-1.2490556922843865
68.88,62.12198190380111,6.758018096198889
41.61,43.43679386790121,-1.826793867901209
60.84,62.19118317783061,-1.351183177830606
55.8,61.56719005440936,-5.767190054409362
64.79,61.072007897640304,3.717992102359702
70.45,64.29392481947636,6.1560751805236436
60.04,67.52404628158568,-7.484046281585684
81.01,73.11099038513272,7.899009614867282
60.45,48.12482019585313,12.32517980414687
53.38,50.728205611538186,2.6517943884618163
68.96,64.71802172344597,4.241978276554022
81.46,78.47857125434584,2.9814287456541564
34.18,41.20656899280212,-7.026568992802119
68.04,63.93579642178735,4.104203578212655
86.85,72.62908561706664,14.220914382933358
40.1,40.779025936376584,-0.6790259363765827
62.09,65.1790603863176,-3.0890603863175983
69.32,59.09755906549583,10.222440934504164
86.73,86.40281965284068,0.3271803471593273
79.33,69.6604365921125,9.669563407887495
79.0,70.2892697577284,8.710730242271595
56.64,48.94660528129238,7.693394718707623
77.06,53.49469686970455,23.565303130295455
77.31,72.6884893087643,4.621510691235699
61.22,65.13145448016031,-3.911454480160316
66.14,72.57688795819763,-6.43688795819763
36.63,47.37016969852738,-10.740169698527374
89.03,80.77098980170537,8.259010198294632
88.04,83.38987388819355,4.650126111806458
51.48,57.070025753366245,-5.590025753366248
66.68,74.60872529655921,-7.928725296559207
92.08,82.0618243371877,10.018175662812297
38.99,45.810903890398215,-6.820903890398213
46.37,46.299937390673314,0.0700626093266834
73.22,74.0878470198697,-0.8678470198696999
51.0,60.538884746996516,-9.538884746996516
41.85,50.743643740755566,-8.893643740755564
48.51,63.007028308829206,-14.497028308829208
58.81,65.20358887040433,-6.393588870404329
38.2,44.14956998080919,-5.949569980809187
63.14,84.46929037458577,-21.329290374585767
79.59,74.38506041576345,5.204939584236556
86.08,78.66114331347949,7.418856686520513
79.56,80.93990059619074,-1.379900596190737
60.59,71.2050486234392,-10.615048623439193
59.51,62.211681041064146,-2.7016810410641483
71.27,73.96599213440227,-2.6959921344022746
69.6,66.7230931287395,2.8769068712604877
74.83,67.36797156589829,7.462028434101711
66.37,73.30651283855424,-6.936512838554236
65.89,68.4419957580165,-2.5519957580165027
58.12,42.380784310466495,15.739215689533502
53.08,52.89860003777023,0.18139996222976862
46.85,71.46522763498773,-24.615227634987725
79.19,64.01827545585593,15.17172454414407
96.49,76.75672986810575,19.733270131894244
59.87,64.17229777571866,-4.302297775718664
43.51,44.32288763124396,-0.8128876312439601
84.29,77.9252102629094,6.364789737090604
44.73,63.64045618547663,-18.910456185476633
63.91,70.7162922485497,-6.80629224854971
85.55,79.00914792351213,6.540852076487866
72.37,87.00721562681625,-14.637215626816243
58.74,46.80310477945616,11.936895220543839
66.75,73.48314644065792,-6.733146440657919
51.94,48.173306165831725,3.7666938341682723
70.62,61.56292700550984,9.057072994490163
58.52,61.70540413803142,-3.1854041380314158
51.94,62.82589405063892,-10.885894050638925
32.39,35.76344906760264,-3.3734490676026425
70.41,67.07943217523484,3.3305678247651542
72.14,54.44649432188131,17.69350567811869
61.69,63.48857789592129,-1.7985778959212908
61.61,57.687283282961836,3.9227167170381634
33.97,50.78567932490145,-16.815679324901453
44.01,56.5885268326643,-12.578526832664302
42.84,65.80197527087587,-22.961975270875868
92.48,77.82054789455391,14.659452105446093
59.28,58.10578932114245,1.1742106788575484
53.36,54.262728658052545,-0.9027286580525455
88.7,76.54807516402796,12.15192483597204
100.0,98.92128337221195,1.0787166277880544
76.75,65.46286320895754,11.287136791042457
77.75,81.82329654055427,-4.073296540554267
68.4,66.32697419973569,2.0730258002643183
20.94,41.438503414693606,-20.498503414693605
55.68,66.36625339921353,-10.686253399213534
62.22,65.74511204764993,-3.5251120476499267
72.68,81.04456965974086,-8.364569659740852
77.62,77.39798310398241,0.22201689601759256
100.0,83.1828131001399,16.817186899860104
55.17,60.35394069363765,-5.183940693637645
55.42,61.05304176055778,-5.633041760557781
53.3,49.890327138425405,3.4096728615745917
56.84,63.27635051634879,-6.436350516348789
83.59,73.34587081705259,10.244129182947418
56.18,73.72284485098805,-17.542844850988054
50.48,65.92781619043159,-15.447816190431588
31.47,55.790067026607076,-24.320067026607077
31.56,51.99771651438619,-20.437716514386192
70.06,82.2452109640849,-12.185210964084902
63.81,69.18518465648263,-5.375184656482631
61.79,61.31309273973363,0.47690726026637265
70.26,79.13652480116895,-8.87652480116894
72.27,58.53113896467586,13.738861035324135
50.28,45.56075736841523,4.71924263158477
76.56,78.4470457971418,-1.8870457971417949
44.28,52.552643596478525,-8.272643596478524
68.64,65.67472789378205,2.9652721062179523
37.85,49.51860855474404,-11.66860855474404
47.92,47.72347527341968,0.19652472658032138
23.85,45.41225467242404,-21.56225467242404
40.11,48.84700232419554,-8.737002324195544
78.56,76.72260628809009,1.837393711909911
72.78,65.98855889950819,6.791441100491809
55.11,49.82929302935042,5.280706970649582
55.46,63.723123970207794,-8.263123970207793
58.85,49.80966076095669,9.040339239043313
97.34,84.22848428847085,13.111515711529151
74.29,63.609016420064854,10.680983579935152
50.92,50.73812853281203,0.18187146718797464
50.73,62.4501979800915,-11.720197980091505
57.97,46.11374950870719,11.856250491292812
60.14,50.56884009758537,9.571159902414628
48.84,45.72363116040583,3.1163688395941733
52.96,59.3981208405928,-6.438120840592802
56.07,58.71866245588059,-2.64866245588059
59.61,49.23211789325968,10.377882106740323
76.28,82.7323301702946,-6.452330170294601
70.64,83.49210478879334,-12.85210478879334
70.44,62.91612503051854,7.523874969481454
95.08,88.07295866760727,7.007041332392731
78.07,64.81744940055553,13.252550599444461
32.62,50.69171035757847,-18.071710357578475
46.42,60.125934331246604,-13.705934331246603
42.85,49.27027507023744,-6.420275070237437
53.87,55.018412489718195,-1.148412489718197
63.65,56.16754819927209,7.482451800727908
77.3,66.13458202170956,11.165417978290435
80.78,69.35524169983785,11.424758300162154
70.72,59.083900346204786,11.636099653795213
86.29,77.22990623048484,9.060093769515163
20.81,35.7015548224006,-14.891554822400604
49.68,55.105405006901364,-5.425405006901364
59.66,64.06312766286867,-4.40312766286867
73.88,91.0453560831474,-17.1653560831474
63.41,45.0949210416571,18.315078958342895
56.42,66.41081229905159,-9.990812299051584
47.79,49.84096249954842,-2.050962499548419
80.57,79.47479484427672,1.0952051557232778
66.45,56.50714383017064,9.942856169829362
81.97,79.63131231224514,2.338687687754856
100.0,91.82844253621622,8.171557463783785
71.82,70.46546530171526,1.3545346982847377
64.86,52.238376348290615,12.621623651709385
58.02,61.3317331619136,-3.311733161913594
57.99,64.30032306609255,-6.310323066092543
39.58,48.35582370015431,-8.775823700154312
60.89,68.41715980746412,-7.527159807464116
58.88,64.10646031424557,-5.226460314245564
72.49,71.05009368198861,1.4399063180113814
72.44,64.42771752487127,8.012282475128728
82.83,65.73783841517522,17.09216158482478
75.76,60.96056205975639,14.799437940243614
72.25,53.79726671117314,18.452733288826863
67.04,62.04264490455076,4.997355095449244
69.31,77.36494721208841,-8.054947212088408
55.49,70.04265753432128,-14.552657534321277
69.05,71.29213313380762,-2.242133133807627
71.18,71.63385836269536,-0.45385836269535673
81.24,64.81182444497813,16.428175555021866
57.18,69.65278843630338,-12.472788436303382
57.22,62.271327707536344,-5.051327707536345
76.91,79.43802257540025,-2.528022575400257
75.28,72.4888959572534,2.7911040427465963
33.78,44.14285154382022,-10.36285154382022
67.89,76.30681543931443,-8.416815439314433
37.73,37.474873365145115,0.2551266348548822
61.9,67.92899422149634,-6.02899422149634
43.99,50.48346734373004,-6.493467343730039
37.87,41.80293157707501,-3.93293157707501
61.06,63.81623715997482,-2.756237159974816
93.69,85.03946141929869,8.650538580701308
67.25,73.64758436399056,-6.3975843639905605
33.72,47.5385234946357,-13.818523494635699
67.69,63.00867721509769,4.6813227849023065
41.16,39.57305977895308,1.5869402210469161
81.29,76.48385126593976,4.806148734060244
59.42,53.61759744632696,5.802402553673041
47.16,53.79811892469577,-6.638118924695775
26.33,32.91737255272755,-6.587372552727551
81.2,85.33023476316781,-4.130234763167806
43.16,42.4664723262331,0.6935276737668943
63.7,60.624060539748065,3.075939460251938
67.77,74.4763309213305,-6.706330921330505
58.64,58.861882347262316,-0.2218823472623157
59.19,56.0503649897566,3.1396350102433956
59.4,52.633662430336585,6.766337569663413
72.45,71.60509300019164,0.8449069998083587
53.46,59.28023047911812,-5.820230479118116
53.38,64.52852016192926,-11.148520161929262
64.57,57.54754243855095,7.022457561449045
82.48,70.04446379562114,12.435536204378863
54.46,63.73525966319771,-9.275259663197708
68.25,57.207217096567994,11.042782903432006
58.5,51.996299525949695,6.503700474050305
58.96,48.989596812491804,9.970403187508197
77.3,76.03780433957283,1.2621956604271674
51.74,64.57537338910842,-12.835373389108419
67.62,58.388056228257796,9.231943771742209
35.22,53.50081681835097,-18.28081681835097
77.13,89.98115104192689,-12.851151041926897
48.98,50.103730879959386,-1.123730879959389
44.88,47.90895698934592,-3.0289569893459145
75.0,72.83627426484068,2.1637257351593178
71.21,69.12958286153189,2.080417138468107
58.97,43.3373923139183,15.632607686081698
50.46,52.28215747886786,-1.822157478867858
71.85,47.57976499472344,24.270235005276554
62.2,58.577535689033546,3.622464310966457
64.57,53.54579166910717,11.024208330892826
43.15,54.872044136819724,-11.722044136819726
80.31,74.2666876549935,6.043312345006498
73.22,71.64714259689804,1.5728574031019633
59.87,57.3757156881081,2.494284311891896
51.33,56.519512570439566,-5.189512570439568
53.22,39.897862945645976,13.322137054354023
57.06,59.4261426147566,-2.3661426147565976
60.12,61.88093214662051,-1.7609321466205117
58.93,50.42504794882941,8.50495205117059
34.79,46.98875578202881,-12.198755782028812
60.96,69.49916487281992,-8.539164872819917
59.2,50.53962223718173,8.660377762818271
96.67,86.52407165205507,10.145928347944931
73.63,60.230448256749625,13.39955174325037
87.39,95.74020879600961,-8.35020879600961
66.68,69.15919866245888,-2.47919866245887
100.0,94.95936554867522,5.040634451324777
37.56,46.77801153724615,-9.218011537246149
66.54,70.19503547308524,-3.655035473085235
60.5,53.30866227406465,7.191337725935348
90.04,62.59030730707111,27.4496926929289
56.96,52.54291919222262,4.417080807777381
55.44,66.19380313826436,-10.75380313826436
74.96,71.46216825818436,3.497831741815631
64.98,69.69634014241832,-4.716340142418318
65.78,67.77501524809051,-1.9950152480905103
54.18,60.12895141967202,-5.948951419672021
60.05,74.5238775392667,-14.47387753926671
44.7,45.60395910498243,-0.9039591049824267
54.45,53.897076464548014,0.5529235354519884
30.6,34.986971135328446,-4.386971135328444
62.38,55.28151841425278,7.098481585747223
70.91,64.31174912726884,6.598250872731157
45.29,43.812237807300896,1.4777621926991031
37.66,39.008113889596046,-1.3481138895960498
41.0,50.72568737075739,-9.725687370757392
56.06,59.6640669773737,-3.604066977373698
73.13,73.49318840551207,-0.36318840551207643
65.71,66.86163704160815,-1.1516370416081543
83.13,71.54880733323401,11.581192666765986
53.68,53.32807571379784,0.35192428620216276
62.61,65.34075944904639,-2.7307594490463885
37.68,46.01805370146883,-8.33805370146883
70.01,71.75654140439585,-1.7465414043958418
46.56,60.828398248004184,-14.268398248004182
57.81,45.707166903722495,12.102833096277507
86.7,78.2418228394175,8.458177160582508
78.02,84.21592770130134,-6.195927701301343
51.83,50.12620517869159,1.7037948213084064
64.16,62.109731163023,2.050268836976997
97.34,83.83776615644786,13.502233843552148
69.97,67.43911632743595,2.5308836725640447
76.83,62.741395114792084,14.088604885207914
63.28,52.39246472419935,10.887535275800651
46.4,50.57597338555588,-4.175973385555885
57.66,61.54564646150189,-3.885646461501892
31.09,44.86704509151206,-13.777045091512061
28.83,48.64541378830061,-19.81541378830061
65.38,69.02837160690466,-3.648371606904661
87.5,81.31043929254693,6.189560707453069
70.92,70.64717273939624,0.27282726060376206
45.09,44.50131040914865,0.5886895908513523
43.79,60.20859567902705,-16.41859567902705
62.86,63.78920805333724,-0.9292080533372413
42.61,52.71614323539933,-10.10614323539933
84.5,82.88768994466122,1.6123100553387815
81.54,77.23282474325678,4.307175256743221
71.16,66.0916843633646,5.06831563663539
52.71,46.81872457743975,5.891275422560248
49.54,48.433142583705276,1.106857416294723
63.37,59.111935938600524,4.258064061399473
32.38,47.90092844263912,-15.520928442639118
91.61,77.88161133636726,13.728388663632742
70.18,72.2196050652795,-2.0396050652794884
77.4,64.04923363853855,13.350766361461453
52.09,60.13993697512543,-8.049936975125426
93.19,84.46101519775932,8.728984802240674
46.31,38.908794273886926,7.401205726113076
63.24,67.99016573973606,-4.750165739736055
61.6,68.51559507013327,-6.915595070133271
42.57,50.60450147140088,-8.03450147140088
76.27,75.79754276636653,0.47245723363346315
71.53,66.55264465858579,4.97735534141421
76.14,71.32059250914295,4.819407490857046
100.0,88.17484908397363,11.825150916026374
47.24,43.01863804900823,4.221361950991771
59.93,64.48765899752507,-4.557658997525074
61.65,63.73059032779974,-2.08059032779974
63.16,42.59034060479026,20.569659395209733
68.84,61.44504605040093,7.394953949599071
68.44,54.49492186613273,13.94507813386727
56.95,57.852234809818086,-0.9022348098180828
54.59,67.03464660792804,-12.444646607928036
68.18,61.73143895569829,6.448561044301719
38.59,61.15580841840953,-22.565808418409524
47.05,55.55416087340516,-8.504160873405162
77.36,76.11102426528034,1.2489757347196644
56.4,64.58542471692142,-8.185424716921425
50.23,49.62442417941231,0.6055758205876884
61.9,63.61332014740976,-1.7133201474097604
57.92,51.495628156962965,6.4243718430370365
68.02,70.98395790608569,-2.963957906085696
68.97,64.84518829732592,4.12481170267408
51.25,50.68100777729119,0.5689922227088076
68.78,73.66872347295624,-4.888723472956244
80.07,72.17525643901102,7.894743560988971
57.01,52.78910455319334,4.220895446806658
47.28,56.730229667275566,-9.450229667275565
47.1,53.79927110889696,-6.6992711088969585
71.25,61.196318612810046,10.053681387189954
67.3,57.83747990807993,9.46252009192007
52.15,46.738283751361415,5.411716248638584
48.26,47.788920819989194,0.47107918001080407
41.84,47.935094598525836,-6.095094598525833
78.86,78.89011215743298,-0.030112157432981235
64.45,61.66697507165242,2.7830249283475794
69.5,68.82903276095286,0.670967239047144
49.8,57.31772173564141,-7.517721735641416
57.22,65.40562598384174,-8.185625983841746
77.28,76.27394756761737,1.0060524323826314
74.72,77.47712475658915,-2.7571247565891497
65.69,74.65064587182447,-8.960645871824468
73.54,75.66577135100391,-2.1257713510039054
50.41,66.6601344747606,-16.2501344747606
50.04,58.522018602659486,-8.482018602659487
87.12,82.21318866101008,4.906811338989925
87.98,70.14972160691133,17.830278393088676
44.37,46.130440339553864,-1.7604403395538668
51.18,54.447215418395295,-3.2672154183952955
74.35,57.78558826925403,16.564411730745967
68.07,57.564670784752934,10.505329215247059
54.81,58.762609471505286,-3.9526094715052835
16.23,40.04075915093389,-23.810759150933887
73.91,72.27148367736905,1.6385163226309487
69.74,69.46404974653598,0.2759502534640177
48.28,49.43730222677271,-1.1573022267727069
69.7,63.7470835904214,5.952916409578606
62.73,71.65912793567688,-8.929127935676881
60.6,48.78390889478694,11.816091105213061
56.95,57.696353960864315,-0.7463539608643117
71.02,61.970254411323005,9.049745588676991
53.52,54.813657277569284,-1.293657277569281
57.92,54.48377478209691,3.436225217903093
50.96,48.77748774762553,2.1825122523744724
47.46,51.79111492015377,-4.331114920153766
64.8,64.8448215839222,-0.04482158392220015
41.1,37.74397678363104,3.3560232163689605
79.09,70.57952514704851,8.51047485295149
57.72,61.791330938294564,-4.071330938294565
64.8,63.2318778170323,1.5681221829676986
75.07,79.45880731780544,-4.388807317805444
50.08,54.97734115606565,-4.89734115606565
61.94,68.45205688374912,-6.512056883749125
62.75,66.1232211556517,-3.3732211556517058
40.75,53.997341624975384,-13.247341624975384
69.7,68.64824810032489,1.0517518996751107
79.35,70.6193160713157,8.7306839286843
72.87,73.61852388584482,-0.7485238858448184
51.23,48.400235613617326,2.8297643863826707
86.64,71.56380278556549,15.076197214434515
35.96,51.154320377854766,-15.194320377854766
79.67,88.09942103432044,-8.429421034320441
62.67,59.322982387448754,3.347017612551248
72.68,67.90469054562159,4.775309454378416
66.84,65.67755711493105,1.1624428850689554
62.65,57.66945893190113,4.980541068098866
76.43,67.52749250266226,8.902507497337751
39.95,60.947079967546024,-20.99707996754602
35.33,44.999800910359184,-9.669800910359186
45.52,47.85845782077858,-2.3384578207785793
41.7,48.912672806859675,-7.212672806859672
42.3,44.96700519756506,-2.667005197565061
88.75,82.80048773964252,5.94951226035748
73.16,71.49146662185271,1.6685333781472877
41.82,55.4487044286201,-13.628704428620097
100.0,76.0455371213893,23.9544628786107
80.82,75.12360768989974,5.696392310100251
24.87,37.293656930369146,-12.423656930369145
69.4,69.31329365103193,0.08670634896807883
85.39,76.6558048298966,8.734195170103405
35.04,49.21302233733712,-14.173022337337123
93.39,78.85573436433943,14.534265635660574
89.69,85.97146314768247,3.718536852317527
62.18,65.8310077964482,-3.651007796448205
72.96,68.29585167421486,4.664148325785135
56.07,56.57548213786093,-0.5054821378609304
32.61,30.62364633370742,1.9863536662925796
71.81,81.95283542725805,-10.14283542725805
88.93,82.86951777715997,6.060482222840037
68.03,52.71466418440616,15.31533581559384
67.84,50.79003149987853,17.049968500121473
67.08,72.33779451660168,-5.2577945166016775
58.76,49.539584338799905,9.220415661200093
58.99,57.40123129207119,1.5887687079288142
63.02,56.089061945832775,6.930938054167228
56.92,49.27137217406169,7.648627825938313
61.97,64.59336390274363,-2.623363902743634
72.22,66.89009536506688,5.329904634933115
77.82,66.17253071327686,11.647469286723137
70.18,62.596124205632826,7.583875794367181
57.1,56.16830643351579,0.9316935664842134
77.03,73.13735224777655,3.8926477522234535
93.83,81.53977380177163,12.290226198228368
64.03,70.03017644182269,-6.000176441822688
70.84,68.89885008718355,1.9411499128164564
77.05,76.52815520208367,0.5218447979163301
76.72,80.74958549126298,-4.029585491262978
60.73,56.33510475723307,4.394895242766928
51.39,62.18827514669817,-10.798275146698167
53.86,48.39195819991202,5.468041800087981
36.83,53.62858000611526,-16.79858000611526
83.7,85.2373577156673,-1.537357715667298
56.98,63.46313842606066,-6.483138426060663
64.27,50.585743206199645,13.684256793800351
62.14,51.57811515083357,10.561884849166432
67.09,51.612525992729836,15.477474007270168
79.09,70.6988947888034,8.391105211196603
63.71,75.82342512938176,-12.11342512938176
66.07,54.15808249515167,11.911917504848326
56.31,53.90491555036623,2.405084449633769
46.83,43.92973031435573,2.9002696856442682
83.36,79.63427234148878,3.725727658511218
77.44,69.51867388574189,7.9213261142581075
95.68,92.80891751600977,2.871082483990236
71.71,64.79375848938535,6.91624151061464
82.92,82.26577778154335,0.6542222184566526
75.57,80.4482944747971,-4.8782944747971015
73.43,76.23108219050224,-2.8010821905022283
80.82,73.96500671480342,6.854993285196571
58.4,54.16808792402995,4.231912075970051
62.87,65.01901428833816,-2.149014288338158
61.72,58.04657016970773,3.673429830292271
77.94,66.19323978765641,11.746760212343588
90.38,78.94521379304707,11.434786206952921
94.51,80.26194177398091,14.248058226019097
61.29,69.675597342543,-8.385597342543
77.14,81.09843493526394,-3.958434935263938
60.56,50.247010875349005,10.312989124650997
23.38,44.00413887521445,-20.624138875214452
47.88,64.11969330508558,-16.239693305085574
63.76,64.92271278519193,-1.1627127851919354
60.64,67.45019950881228,-6.810199508812275
78.88,72.91981430985416,5.960185690145835
71.38,74.6782204341498,-3.2982204341497976
90.41,88.16477512584454,2.245224874155454
70.99,78.85779380111788,-7.867793801117884
57.21,59.87830285238395,-2.6683028523839525
71.47,81.33109800920647,-9.861098009206472
78.07,81.69620854809071,-3.626208548090716
72.67,74.62646221272841,-1.956462212728411
63.22,56.54535396505299,6.67464603494701
59.89,57.74273421085664,2.1472657891433613
80.49,79.44203322605777,1.0479667739422212
72.8,77.74184491107576,-4.941844911075762
29.8,47.621204636650845,-17.821204636650844
64.72,71.24549170080806,-6.525491700808061
65.82,72.25264557566845,-6.4326455756684595
50.27,61.673808978383924,-11.403808978383921
61.36,65.18761338425377,-3.827613384253766
85.35,68.0506297994776,17.29937020052239
67.64,72.87669149870541,-5.236691498705412
53.33,67.25829000391602,-13.928290003916018
51.38,54.250849832165336,-2.8708498321653337
63.74,65.94581220475857,-2.2058122047585655
70.74,66.16953471916052,4.570465280839471
93.6,78.43575620570847,15.164243794291522
100.0,92.69322226615567,7.306777733844328
67.39,66.02388674937366,1.3661132506263414
37.95,50.751284369805845,-12.801284369805842
48.68,52.05737008276579,-3.3773700827657933
56.56,72.69542253752684,-16.135422537526836
70.06,72.65584843637323,-2.595848436373231
30.25,46.01200690683119,-15.76200690683119
32.09,36.376101139646316,-4.286101139646313
36.63,31.12187768258787,5.508122317412134
51.24,62.37341799145825,-11.133417991458245
43.35,57.10629550240389,-13.756295502403887
71.35,72.56856393619081,-1.2185639361908187
60.85,56.88646529766623,3.9635347023337744
93.01,73.06673567691162,19.943264323088385
59.46,62.526625665421065,-3.066625665421064
88.55,84.28636624703806,4.263633752961937
48.15,59.23089234719446,-11.080892347194464
48.28,56.305585305613064,-8.025585305613063
60.43,57.81497147980139,2.6150285201986065
72.01,60.42165314901215,11.588346850987854
53.64,48.87123126446298,4.768768735537023
48.25,47.14612432757561,1.1038756724243868
44.78,46.62950068814032,-1.849500688140317
59.01,53.669118781871425,5.3408812181285725
56.5,65.3156245455297,-8.815624545529701
55.54,40.89162029793054,14.648379702069462
93.83,87.37463976626249,6.455360233737508
77.66,86.56660320434753,-8.906603204347533
65.07,64.11728266313423,0.95271733686576
100.0,88.31589591342382,11.684104086576184
47.33,49.7249664176945,-2.394966417694505
66.17,76.51912145895581,-10.349121458955807
81.5,72.0810256871496,9.418974312850395
86.15,80.99959826959261,5.1504017304073955
53.82,53.47505540152959,0.3449445984704127
47.53,56.63662728045027,-9.106627280450269
50.19,51.741066134898574,-1.5510661348985764
28.99,33.63468852934505,-4.64468852934505
35.7,45.611032769605494,-9.911032769605491
61.75,62.92763796642193,-1.1776379664219334
58.69,45.9691883680895,12.7208116319105
49.9,53.65620502527515,-3.7562050252751504
64.31,73.05463162954656,-8.74463162954656
52.15,59.09744568302383,-6.94744568302383
82.03,56.396211472119866,25.633788527880135
58.2,54.76829453938286,3.4317054606171453
54.25,56.04961991123539,-1.7996199112353892
48.16,61.09607594826383,-12.936075948263834
54.31,47.30879282352908,7.0012071764709205
45.1,29.069335738759836,16.030664261240165
47.23,46.685689079814686,0.5443109201853105
58.34,44.83587834847037,13.504121651529637
47.97,43.81256234133306,4.157437658666936
66.05,51.17464754479019,14.875352455209807
53.74,50.54974799025539,3.1902520097446114
27.36,38.35491304539458,-10.994913045394583
88.28,64.0693369389475,24.2106630610525
48.71,53.41405321054154,-4.704053210541538
64.13,58.60174928116923,5.528250718830762
78.39,75.1838983464341,3.206101653565895
72.31,79.02236525357267,-6.7123652535726706
74.25,65.65231842104123,8.59768157895877
73.97,70.71592921322969,3.2540707867703134
85.26,85.56126374917474,-0.30126374917473697
46.77,53.670118081675746,-6.900118081675743
75.19,67.50152253380097,7.688477466199032
37.67,48.13618611677497,-10.46618611677497
67.12,56.144880707867735,10.97511929213227
65.48,69.25014507152831,-3.7701450715283045
70.03,53.35925818663368,16.67074181336632
78.24,76.58375806225024,1.6562419377497548
66.53,58.56771842484869,7.962281575151309
51.44,50.24538492122305,1.1946150787769483
40.78,44.85863687458003,-4.078636874580027
66.85,58.30263634786347,8.547363652136525
59.85,75.5156022174146,-15.665602217414595
77.42,76.79017067388375,0.6298293261162513
49.95,54.185266264750126,-4.235266264750123
75.81,66.41426887500148,9.39573112499852
65.51,56.908306842668196,8.601693157331809
63.96,80.60376957471432,-16.64376957471432
55.06,58.09690399183721,-3.0369039918372067
49.41,52.983204468277364,-3.5732044682773676
80.7,78.21277886692631,2.487221133073689
27.27,38.4167728501053,-11.146772850105304
63.97,71.0022112813477,-7.032211281347699
91.58,77.22757725361019,14.352422746389806
71.87,75.51256458490666,-3.6425645849066512
48.93,59.44696241910326,-10.516962419103258
52.75,55.628068739191924,-2.8780687391919244
67.79,61.86352469059287,5.926475309407138
62.11,66.18254510545285,-4.072545105452846
41.23,52.33651931936446,-11.106519319364466
91.81,82.25098300172685,9.559016998273151
56.41,56.14474543574615,0.2652545642538442
76.09,75.85045313397566,0.23954686602434094
76.54,74.02414168656267,2.5158583134373345
54.17,60.84009361317182,-6.670093613171815
67.37,63.614534975443455,3.7554650245565497
41.97,36.00472582352639,5.965274176473606
47.7,68.40317219317812,-20.70317219317812
43.11,42.264559771129356,0.8454402288706433
64.46,62.159257423636056,2.3007425763639375
56.04,56.06174946404788,-0.02174946404787903
31.1,51.650861177136896,-20.550861177136895
65.4,62.63377913472184,2.7662208652781644
97.22,75.95984047757341,21.26015952242659
69.27,70.85323726794458,-1.5832372679445825
45.19,58.84379685185904,-13.653796851859042
60.98,57.253783453137906,3.7262165468620907
66.69,72.42536830852748,-5.735368308527484
64.91,65.45916164646994,-0.5491616464699405
59.19,65.86957442091098,-6.679574420910981
62.9,66.77495316393399,-3.874953163933988
51.08,44.06151447891249,7.018485521087506
57.1,52.835107539456686,4.264892460543315
73.38,77.87365550231667,-4.49365550231667
61.99,68.63625819469986,-6.646258194699861
45.7,55.08299256249121,-9.382992562491204
48.53,67.03831852505101,-18.50831852505101
70.27,58.148459884884815,12.121540115115181
85.51,85.44023598410395,0.0697640158960553
37.48,46.774411577796506,-9.29441157779651
70.96,82.29219286863986,-11.332192868639865
46.57,54.784247548184986,-8.214247548184986
100.0,83.1079839088616,16.8920160911384
69.56,68.07572623048381,1.484273769516193
54.84,52.94304193062553,1.8969580693744703
72.17,65.5435172760533,6.626482723946708
38.82,45.076956047084686,-6.256956047084685
75.44,79.24688499001215,-3.8068849900121506
53.2,49.434466586112755,3.7655334138872476
42.45,45.42482823193208,-2.9748282319320793
42.9,54.865863277323356,-11.965863277323358
59.23,57.27389225429294,1.9561077457070581
58.38,58.19199959247326,0.18800040752674363
46.99,48.616391340640575,-1.6263913406405734
60.94,58.7627807657942,2.1772192342058005
82.26,68.15708559533245,14.102914404667558
54.35,56.899256773299314,-2.5492567732993123
62.77,73.14106560938289,-10.371065609382889
68.56,57.776423162069925,10.783576837930077
36.29,49.31010432762479,-13.020104327624793
77.4,68.61256411858062,8.787435881419384
57.05,63.90073494060019,-6.850734940600191
76.83,70.89635510829277,5.933644891707232
68.23,61.76066513892784,6.469334861072163
92.14,86.72377113618876,5.4162288638112415
81.57,86.4717537037732,-4.90175370377321
98.58,85.04283447631103,13.53716552368897
61.18,53.55262047816142,7.627379521838577
53.08,55.00445199013112,-1.924451990131125
69.5,58.30200476235631,11.197995237643688
48.35,44.928577564359585,3.421422435640416
29.37,26.71898845140114,2.6510115485988592
64.93,56.89924795464326,8.03075204535675
78.31,81.74445090971457,-3.4344509097145703
48.63,62.309953640514074,-13.679953640514071
37.93,51.527199822487134,-13.597199822487134
66.79,53.871383143188766,12.91861685681124
69.26,64.00226704490863,5.25773295509137
57.57,65.4138922011477,-7.843892201147703
57.12,55.087181579917825,2.0328184200821724
44.42,45.51545192739055,-1.095451927390549
47.46,58.0665419220471,-10.6065419220471
53.57,54.451829867596246,-0.8818298675962453
49.46,43.78513964308569,5.674860356914309
56.51,51.586932770633084,4.923067229366914
50.57,61.33906432634886,-10.769064326348861
57.39,56.988501473792745,0.4014985262072557
55.9,61.82406338559449,-5.9240633855944935
81.11,84.41782223623503,-3.307822236235026
77.25,74.6245143077636,2.6254856922363956
49.37,51.4153374155549,-2.0453374155549042
71.51,61.472680347833325,10.03731965216668
75.26,76.51657270317094,-1.2565727031709315
62.73,53.87683737117148,8.853162628828514
89.06,64.7959196258459,24.264080374154105
58.71,66.5332021837161,-7.8232021837160985
70.52,62.26500505942125,8.254994940578747
52.22,44.87943395364601,7.340566046353992
38.72,57.10173979921832,-18.381739799218323
61.21,58.05279359420832,3.1572064057916833
81.21,68.81109197776627,12.398908022233726
43.94,50.62516062041071,-6.685160620410713
66.66,65.69986802218217,0.9601319778178237
63.51,64.12978751497137,-0.619787514971371
44.89,41.66148000985892,3.2285199901410806
46.17,40.622117655188525,5.547882344811477
90.27,74.17422819171983,16.095771808280162
28.89,29.316633245738675,-0.42663324573867456
46.43,40.76478884975421,5.6652111502457885
73.96,71.93261772701041,2.027382272989584
57.97,61.395772681334606,-3.4257726813346068
62.94,63.71667189834845,-0.7766718983484537
74.42,68.48596050943387,5.9340394905661356
78.36,81.57465636471305,-3.2146563647130506
45.6,51.24185754270147,-5.641857542701466
76.11,62.630835593723134,13.479164406276865
68.18,63.90653283088155,4.2734671691184545
19.47,38.73019768188651,-19.26019768188651
55.12,52.043077503036706,3.0769224969632916
66.87,65.70735578301553,1.162644216984475
57.66,70.16189988816824,-12.50189988816824
78.06,77.78430340398752,0.2756965960124802
31.93,44.415757145646594,-12.485757145646595
88.15,67.0793248585027,21.070675141497304
54.39,49.35932863705457,5.030671362945434
69.55,81.05364549138991,-11.503645491389918
57.41,59.848089780125065,-2.4380897801250683
69.62,49.91325417471803,19.706745825281978
82.52,78.28707198732596,4.232928012674037
69.42,62.53842844952756,6.881571550472444
54.55,63.5938724210904,-9.043872421090406
60.89,66.17759633823661,-5.287596338236611
74.51,72.73510918240706,1.7748908175929472
48.39,52.68698742212524,-4.296987422125241
61.28,52.94464046875576,8.335359531244244
57.55,63.211979044878476,-5.661979044878478
80.94,65.369666038654,15.570333961345995
35.51,32.20586643793293,3.304133562067065
72.11,71.94734188081303,0.16265811918697182
61.89,54.00743798439046,7.882562015609544
69.12,67.15704902684789,1.9629509731521182
55.99,61.14391600737029,-5.1539160073702845
60.97,56.07891406705817,4.891085932941827
45.8,37.290614138090504,8.509385861909493
64.74,55.57638990192032,9.163610098079673
66.71,64.74132692563121,1.9686730743687804
37.26,40.268061794803536,-3.008061794803538
37.27,52.743213638427854,-15.47321363842785
72.72,70.8195966462063,1.900403353793692
74.7,74.82759570290098,-0.127595702900976
84.93,77.93776161107755,6.992238388922459
19.41,44.123590724134644,-24.713590724134644
60.3,58.59528599707528,1.7047140029247174
47.38,59.616149857395186,-12.236149857395183
81.86,66.37294065266653,15.48705934733347
60.49,68.74588985414906,-8.255889854149054
46.29,61.79436588673489,-15.504365886734888
29.9,27.454735918656976,2.445264081343023
59.49,65.23224815838516,-5.742248158385159
36.62,50.899535547519314,-14.279535547519316
63.78,63.912558949852354,-0.13255894985235273
51.2,54.82353080566123,-3.6235308056612254
53.03,52.57590038926099,0.4540996107390143
35.34,36.95043340894728,-1.61043340894728
55.53,49.35445313698902,6.175546863010979
41.14,50.94141015361664,-9.801410153616636
44.07,52.30531734326497,-8.235317343264967
75.05,77.01559366655144,-1.9655936665514417
55.03,58.49313094192944,-3.4631309419294354
86.93,94.48166329506962,-7.551663295069616
67.95,60.17043462007552,7.779565379924485
70.14,76.02038940779867,-5.880389407798674
64.82,68.93380074259339,-4.113800742593398
35.74,49.73793516202943,-13.997935162029428
32.07,58.71472446410404,-26.644724464104037
38.71,49.51220255815481,-10.80220255815481
42.49,46.796419397085195,-4.306419397085193
90.09,77.26573712842008,12.824262871579919
57.18,67.916410484933,-10.736410484932996
37.38,46.332534709918086,-8.952534709918083
60.6,62.47652302494398,-1.8765230249439782
15.93,30.57820887988561,-14.648208879885612
43.28,51.19303855290013,-7.913038552900126
73.26,75.94341509121112,-2.683415091211117
48.15,45.53040215605867,2.619597843941328
88.19,83.35256978614638,4.837430213853622
61.29,63.5735744867419,-2.283574486741898
71.62,75.18522988751988,-3.5652298875198767
64.04,77.01004448744828,-12.970044487448277
63.93,58.55014164072289,5.379858359277108
61.52,79.15479527032102,-17.634795270321014
72.0,77.59589772886015,-5.595897728860152
59.78,70.10149858442601,-10.32149858442601
58.87,59.33851783990647,-0.46851783990647533
79.29,93.41599092601429,-14.125990926014282
63.32,57.742159657157075,5.577840342842926
60.87,47.81666247943631,13.053337520563687
60.74,66.74727602306962,-6.007276023069615
52.42,74.15651760309066,-21.73651760309066
35.72,35.19788273229495,0.522117267705049
78.99,73.84612303043814,5.143876969561859
47.59,44.51844098818215,3.071559011817854
28.31,41.976829787636916,-13.666829787636917
48.92,62.41882248912326,-13.498822489123256
42.61,50.439876612324255,-7.829876612324256
42.56,54.59536818722812,-12.035368187228116
70.81,60.95966343446747,9.85033656553253
54.79,48.995644318354934,5.794355681645065
32.56,37.13966886659993,-4.579668866599931
63.04,58.64491664041071,4.395083359589286
36.06,44.17786623703955,-8.11786623703955
67.45,69.25787040820762,-1.80787040820762
51.79,56.5086168390692,-4.718616839069199
88.69,87.47231535200119,1.2176846479988086
74.22,75.6181738897122,-1.3981738897121971
37.46,48.6652873219248,-11.2052873219248
55.15,48.445135903279976,6.704864096720023
69.05,69.58925501733115,-0.5392550173311577
62.15,62.86288527598778,-0.7128852759877802
100.0,74.49301864810003,25.506981351899967
73.81,70.80184648375001,3.0081535162499904
75.0,66.07918407758454,8.920815922415457
82.24,73.46605992474163,8.773940075258366
71.23,78.7037915278272,-7.473791527827203
74.34,64.99236065779506,9.347639342204943
60.53,66.7026420627218,-6.172642062721792
56.46,55.4425815788109,1.0174184211890989
41.79,55.71800978385496,-13.92800978385496
58.54,53.11593185868569,5.424068141314308
82.77,85.04575102521866,-2.2757510252186677
62.1,60.04296491043991,2.057035089560088
73.06,71.24311646637913,1.8168835336208673
84.6,67.90799481969394,16.692005180306055
43.12,49.61886871428529,-6.498868714285294
35.48,36.50558263175493,-1.0255826317549364
53.38,58.39125297365683,-5.0112529736568305
51.94,53.422194831594716,-1.4821948315947182
54.4,45.43722366166629,8.962776338333711
83.55,78.63402059153995,4.915979408460046
55.44,70.68679692665484,-15.246796926654838
80.9,54.37658446608238,26.52341553391763
51.27,61.812624999776325,-10.542624999776322
93.98,81.90139616160168,12.078603838398323
58.79,67.24106779456766,-8.451067794567656
73.99,61.63646184707893,12.353538152921068
80.42,80.22755681704805,0.19244318295194773
77.23,64.45087673724636,12.779123262753643
62.82,52.42500348753344,10.394996512466562
32.64,42.58134896437614,-9.94134896437614
50.79,38.32005306175335,12.46994693824665
82.62,71.13847578132025,11.481524218679752
47.1,49.154849468843864,-2.0548494688438623
74.82,86.45511777727268,-11.635117777272683
70.17,57.523158399190066,12.646841600809935
58.71,58.84986009702933,-0.13986009702932733
62.11,60.228959961389634,1.8810400386103652
66.76,72.1654385325907,-5.4054385325906935
64.42,56.90781143028903,7.512188569710972
76.88,68.02895536890433,8.851044631095661
72.97,65.41873175504081,7.551268244959189
81.4,81.6510795190782,-0.25107951907818915
44.17,55.3276829617065,-11.157682961706499
61.47,46.21530043264498,15.254699567355019
67.47,66.97205330921953,0.4979466907804664
64.16,51.32693430195209,12.833065698047903
100.0,95.11160042638396,4.8883995736160415
35.8,46.68001764559521,-10.88001764559521
72.75,71.91887324604915,0.8311267539508549
81.08,64.68539936285238,16.39460063714762
33.63,38.43861903220831,-4.8086190322083056
78.14,69.37423088487462,8.76576911512538
70.13,92.26317968517701,-22.133179685177012
47.66,52.06313851934178,-4.4031385193417805
58.13,63.19092642064293,-5.060926420642929
54.83,64.44330251893233,-9.61330251893233
67.36,47.4756954579199,19.884304542080102
24.03,27.57716532037081,-3.5471653203708087
71.59,61.65330568601469,9.936694313985313
52.75,50.257824216680426,2.492175783319574
64.3,67.5454646300214,-3.2454646300214023
74.54,73.0591835046538,1.480816495346204
74.45,71.41399424629856,3.0360057537014455
76.96,74.70944480488696,2.250555195113037
72.14,59.47199221239073,12.66800778760927
70.56,68.1960904868704,2.363909513129599
57.2,51.64626703074287,5.553732969257133
53.71,58.49671073853478,-4.786710738534779
66.75,56.19194777248282,10.55805222751718
67.33,75.76040173873213,-8.43040173873213
78.65,72.25131971072703,6.398680289272974
49.5,47.35843211319161,2.1415678868083887
45.6,50.19601000239944,-4.596010002399439
48.42,55.62090723532753,-7.200907235327527
56.02,60.77169364778314,-4.751693647783135
46.72,57.443506922977114,-10.723506922977116
36.5,36.80004827732972,-0.30004827732972217
56.49,55.59819240567077,0.8918075943292294
86.23,90.10567727265467,-3.87567727265467
76.6,73.21333877435069,3.3866612256493056
85.91,84.03694000231991,1.8730599976800875
78.51,66.73136678739866,11.778633212601349
69.66,59.92798443686513,9.732015563134865
60.05,54.0827058382132,5.967294161786796
71.27,68.00698382957076,3.263016170429239
86.27,65.51169961277736,20.758300387222633
70.27,74.76381599874871,-4.493815998748715
66.0,67.60929364091217,-1.6092936409121705
64.82,59.046258388009626,5.773741611990367
69.85,60.68224043364627,9.167759566353723
52.33,51.73309455800305,0.5969054419969453
52.92,56.8109218298388,-3.8909218298387955
59.93,53.17217194483635,6.75782805516365
77.53,77.23115696682552,0.298843033174478
65.45,67.65737066996624,-2.207370669966238
79.54,79.56965920184895,-0.02965920184894344
92.89,74.76822624061043,18.12177375938957
71.46,81.81401607843131,-10.354016078431314
86.69,80.25029807372478,6.4397019262752195
66.04,54.42886058096844,11.611139419031566
67.89,71.16628437068489,-3.276284370684891
43.73,60.44248512532132,-16.712485125321322
87.31,73.28919717609838,14.020802823901619
61.65,61.57477055139375,0.07522944860625103
77.42,61.68676931187021,15.733230688129794
35.99,41.804848386808594,-5.814848386808592
73.04,61.180601063459804,11.859398936540202
56.2,70.68369455861854,-14.483694558618538
53.59,49.80843875228689,3.781561247713114
78.58,78.64110640644205,-0.06110640644205034
58.81,58.76037536367733,0.04962463632266889
68.19,70.0445008153243,-1.8545008153243003
93.82,86.76086476462606,7.05913523537393
38.69,54.16041457234435,-15.470414572344353
37.48,52.342995981452425,-14.862995981452428
73.47,66.58627642592758,6.88372357407242
73.46,75.75099300126543,-2.2909930012654343
49.66,57.92009582229909,-8.260095822299093
63.22,58.43485652178372,4.785143478216277
44.41,53.0757879214244,-8.665787921424403
47.58,38.946214611418476,8.633785388581522
72.97,72.08670678577326,0.8832932142267396
84.61,62.8526484195153,21.757351580484702
60.24,74.88959447574565,-14.649594475745651
65.49,59.219538214541885,6.27046178545811
53.77,58.27519438619411,-4.5051943861941055
60.74,64.29239062389674,-3.552390623896734
55.93,62.098462798374534,-6.168462798374534
49.2,62.48344374048069,-13.283443740480685
70.07,69.75706322720933,0.312936772790664
81.05,79.45056329179668,1.5994367082033136
52.96,62.99765533619789,-10.037655336197886
35.72,38.6083532393378,-2.8883532393378033
69.37,73.32231388533184,-3.952313885331833
52.95,46.49664517203072,6.453354827969285
66.43,62.49382105897129,3.9361789410287145
89.78,72.96279362997646,16.81720637002354
66.73,72.42442924032791,-5.694429240327906
63.96,52.51783469394912,11.442165306050882
82.9,86.65175782582381,-3.751757825823802
54.98,52.858960134578965,2.1210398654210323
46.9,43.91619066029021,2.9838093397097865
76.58,70.39022133448381,6.189778665516187
30.67,37.676150225272664,-7.006150225272663
87.9,69.74430445320219,18.155695546797816
36.75,39.00869349449628,-2.2586934944962778
43.53,44.321763683675016,-0.7917636836750148
77.57,69.67787996451268,7.892120035487309
33.26,28.743623963033496,4.516376036966502
59.67,72.67231138178765,-13.00231138178765
48.78,54.98717717686682,-6.207177176866821
19.64,26.500857846687026,-6.860857846687026
31.56,32.792526553352275,-1.232526553352276
74.72,73.27589205457424,1.4441079454257562
56.2,54.47558435081741,1.7244156491825962
82.49,70.78900867426246,11.700991325737533
88.83,70.56805510198322,18.26194489801678
76.38,75.83101876270167,0.5489812372983209
68.41,71.49943978174949,-3.0894397817494905
78.6,73.77780559694135,4.822194403058646
89.68,89.8067517047425,-0.12675170474248887
34.82,44.41305467859978,-9.593054678599778
70.34,58.31855651789225,12.021443482107756
26.01,53.006532522771515,-26.996532522771513
43.59,58.06271590855765,-14.472715908557646
54.57,49.325622647476926,5.244377352523074
31.55,35.87492853204189,-4.324928532041891
70.91,54.61682673077372,16.29317326922628
64.33,49.27362361369596,15.056376386304038
65.68,58.137238551582136,7.54276144841787
68.39,66.718877192315,1.6711228076849949
62.55,64.16356596012199,-1.6135659601219885
63.03,55.63819255680303,7.391807443196974
53.46,73.06407048628314,-19.604070486283142
61.9,53.972348083202206,7.927651916797792
77.59,68.96261631490884,8.62738368509116
44.59,43.92815600970254,0.6618439902974629
77.49,75.06738050034281,2.4226194996571877
88.1,70.89610500797714,17.203894992022853
41.65,42.01460894782884,-0.3646089478288417
37.66,35.262093028608966,2.3979069713910306
68.2,73.37193556379916,-5.171935563799153
63.64,51.62629553439428,12.01370446560572
62.75,59.17851784371365,3.5714821562863506
58.92,69.06481930182447,-10.14481930182447
69.48,54.474682524719626,15.005317475280378
66.09,61.15283512183161,4.937164878168396
63.49,63.59370459736809,-0.10370459736808613
77.53,74.4016942788123,3.128305721187701
77.96,77.37999100620604,0.5800089937939532
65.11,65.208264266771,-0.09826426677099676
50.67,51.96482005136091,-1.294820051360908
90.34,77.26379109460676,13.076208905393244
79.74,69.80488135550591,9.935118644494082
55.43,58.246154670733695,-2.8161546707336953
66.03,63.025195421005684,3.0048045789943174
46.47,42.845581210936345,3.624418789063654
67.15,69.24729774971446,-2.097297749714457
68.35,69.49789548393808,-1.1478954839380862
70.56,54.10142541805481,16.458574581945193
67.84,56.542707871700635,11.297292128299368
46.13,50.551679206184865,-4.421679206184862
99.07,91.41794557375854,7.652054426241449
44.79,46.21456571232068,-1.4245657123206783
57.87,70.34816752234416,-12.478167522344158
58.24,58.7463058469391,-0.5063058469390995
57.35,64.26746308305682,-6.917463083056823
85.42,93.81549667298337,-8.39549667298337
54.23,55.655501598980585,-1.4255015989805884
67.51,67.75983191460789,-0.24983191460788134
97.39,90.27159247278247,7.118407527217528
54.37,51.74494605924893,2.625053940751066
63.73,66.7331092130582,-3.0031092130582024
75.28,66.50413733932879,8.775862660671208
25.11,37.16603751393977,-12.05603751393977
72.63,88.48100619772048,-15.85100619772048
45.83,54.760194119492965,-8.930194119492967
68.91,68.47909224578247,0.4309077542175288
77.71,70.70062868517165,7.009371314828343
75.98,73.44655584798451,2.533444152015491
38.63,49.87868995871909,-11.24868995871909
74.47,64.95458028959531,9.515419710404686
49.18,48.81685913907194,0.36314086092806264
62.5,79.71874264128799,-17.21874264128799
56.32,63.35379900181351,-7.033799001813513
53.24,56.661884285369034,-3.421884285369032
83.21,65.06656187492109,18.1434381250789
57.28,52.62128352714464,4.65871647285536
65.7,59.724177177678996,5.975822822321007
70.85,56.14540043755208,14.704599562447918
68.93,58.68398879484366,10.24601120515635
73.49,74.81429677953446,-1.324296779534464
56.57,47.467591896504146,9.102408103495854
55.31,62.012304064851264,-6.702304064851262
66.21,59.05766549448533,7.152334505514666
56.47,60.76629902811721,-4.296299028117211
36.97,48.570654896466124,-11.600654896466125
68.66,63.08213913278903,5.5778608672109655
46.77,48.66231175868941,-1.8923117586894094
45.81,46.96976852692802,-1.1597685269280191
63.1,61.87361238616468,1.2263876138353211
39.38,44.094567329253266,-4.7145673292532635
47.04,48.996580163150405,-1.9565801631504058
89.52,85.6233064427076,3.8966935572923944
13.85,32.83537964119938,-18.98537964119938
38.29,61.317559856143156,-23.027559856143156
68.92,57.36518678822538,11.554813211774622
60.47,54.457670590528814,6.012329409471185
73.83,67.1119176996232,6.718082300376793
55.16,58.67518951501473,-3.5151895150147325
80.01,80.83533120534597,-0.8253312053459609
77.53,83.64458840354756,-6.1145884035475575
43.97,48.237875292839014,-4.267875292839015
40.86,44.01415852271421,-3.154158522714212
73.31,72.49215366571882,0.8178463342811852
72.52,59.60299783488426,12.917002165115733
55.24,57.92273462496297,-2.6827346249629684
72.13,70.79401338030293,1.3359866196970671
57.72,74.81418395908177,-17.094183959081775
44.39,44.7519632254172,-0.36196322541719894
66.61,65.87036003040181,0.739639969598187
62.08,63.20762889740771,-1.1276288974077104
73.52,77.414554549897,-3.894554549897009
71.78,67.17480021297466,4.605199787025342
63.4,37.11060158881039,26.28939841118961
16.8,32.68714892244157,-15.887148922441572
68.77,57.3340553733765,11.435944626623495
88.46,77.11094910162653,11.349050898373463
62.79,67.17312235290083,-4.383122352900834
68.35,81.62327439855277,-13.273274398552772
67.52,62.53142460994978,4.988575390050215
46.92,56.27144258228076,-9.351442582280761
69.37,62.97512893315677,6.394871066843237
26.21,41.50977521955292,-15.29977521955292
49.62,62.3003086749427,-12.680308674942701
71.29,77.66836107733988,-6.378361077339875
46.97,53.23007954142383,-6.260079541423828
70.28,67.03929206927093,3.240707930729073
97.92,69.43355989330747,28.486440106692527
47.49,50.69835528592921,-3.2083552859292084
56.26,62.1914352416915,-5.931435241691503
28.73,36.049103711400285,-7.319103711400285
75.83,67.63782810058666,8.192171899413339
47.5,48.28406213706353,-0.784062137063529
74.59,69.69776172356966,4.892238276430348
55.11,57.1325297190604,-2.022529719060401
42.92,42.01755759887669,0.9024424011233094
66.97,56.99815742878645,9.97184257121355
71.5,62.01786153209444,9.482138467905557
41.12,47.08951578882265,-5.969515788822655
43.7,55.654930103662025,-11.954930103662022
44.04,44.56290009472373,-0.522900094723731
13.65,27.03694174213847,-13.38694174213847
36.17,51.127353215694484,-14.957353215694482
89.32,79.92809027945721,9.391909720542785
74.01,82.93329377423048,-8.923293774230473
37.37,44.21791022406448,-6.847910224064485
62.62,67.61370066039788,-4.993700660397884
39.86,46.30452268730816,-6.444522687308158
52.89,63.65639645406601,-10.766396454066012
49.96,52.20763656015955,-2.247636560159549
47.96,66.44685154354957,-18.48685154354957
54.92,62.22665738267927,-7.306657382679269
41.19,51.08461027275557,-9.894610272755571
68.2,72.53947248681675,-4.339472486816746
45.4,57.83709823869106,-12.437098238691064
78.42,70.70615848582428,7.713841514175726
86.27,73.41459928225622,12.855400717743777
100.0,98.10186276138514,1.898137238614865
94.7,75.97424012328143,18.72575987671857
61.93,70.67617787580673,-8.74617787580673
38.61,37.74180173799375,0.8681982620062527
56.67,65.4632865174755,-8.793286517475494
62.3,71.07452250499134,-8.774522504991339
91.24,76.87618869734014,14.363811302659855
71.32,76.36956070374818,-5.049560703748185
47.51,56.30472330377262,-8.79472330377262
77.22,68.10489499614127,9.11510500385873
52.93,60.65127472766528,-7.721274727665282
57.43,66.55632978055372,-9.126329780553725
77.27,77.82589878711654,-0.555898787116547
47.79,52.40885822145236,-4.6188582214523635
53.19,71.2670764833146,-18.0770764833146
65.3,50.42206903912205,14.877930960877947
59.92,46.71857740637554,13.201422593624464
60.42,54.95576126538825,5.4642387346117545
59.41,60.95066444614043,-1.5406644461404326
27.31,38.781094198752754,-11.471094198752755
71.74,71.68470397690783,0.05529602309216841
74.98,62.37553349310343,12.604466506896571
63.93,53.458300276015244,10.471699723984756
62.77,49.39768916818103,13.372310831818972
35.7,39.439803502765955,-3.7398035027659517
62.3,66.50060115941983,-4.200601159419833
50.44,59.360596214540585,-8.920596214540588
57.86,57.94609182765635,-0.08609182765635381
65.9,52.38146194104638,13.518538058953624
61.39,67.68745768193273,-6.297457681932727
47.37,53.574625362698185,-6.204625362698188
34.52,47.885806486605134,-13.36580648660513
73.91,58.96548990340503,14.944510096594968
40.27,35.953862640435865,4.316137359564138
33.92,54.64665314338325,-20.726653143383245
54.33,59.479189654867334,-5.149189654867335
57.04,55.44397074384884,1.5960292561511622
64.1,60.66214749930251,3.437852500697481
69.96,73.486257576594,-3.5262575765940056
68.11,60.18309912920295,7.9269008707970485
57.81,58.440954250753634,-0.6309542507536321
77.72,65.42323695573504,12.296763044264964
82.71,85.46725051666854,-2.757250516668549
94.05,70.21010591624757,23.839894083752426
29.54,26.702101507855488,2.837898492144511
74.24,78.18629477649964,-3.9462947764996414
91.3,84.52075484058973,6.779245159410266
62.08,60.72932420571803,1.350675794281969
54.11,58.826422150546485,-4.716422150546485
66.5,60.61707313187249,5.882926868127512
90.26,77.69220098137104,12.56779901862896
34.07,41.10242343525838,-7.03242343525838
62.91,62.414814461180214,0.4951855388197828
76.46,72.40773527911412,4.052264720885873
98.06,85.45676946690254,12.60323053309746
81.42,85.3785991481249,-3.958599148124904
53.78,54.856255378199045,-1.0762553781990434
71.08,64.49147947358338,6.588520526416616
60.33,54.54257122689298,5.787428773107017
71.13,76.6332669629761,-5.503266962976099
88.81,77.1436904826984,11.666309517301599
74.16,64.60589906305756,9.554100936942433
67.46,59.5426980460488,7.9173019539511955
58.21,49.09760463141628,9.11239536858372
45.35,50.218310758629556,-4.868310758629555
24.36,37.03689063546806,-12.676890635468062
49.79,52.4866979613983,-2.6966979613983
74.53,67.94899543273468,6.581004567265325
66.78,56.48632923616063,10.293670763839373
66.08,61.710111002524016,4.369888997475982
57.03,44.617900775295254,12.412099224704747
57.11,65.51893723238427,-8.408937232384275
56.95,47.13956695291122,9.810433047088786
71.26,59.07212689867035,12.187873101329657
70.21,63.07153665412603,7.138463345873966
49.88,55.404368481116855,-5.524368481116852
53.07,50.739911530709634,2.3300884692903665
66.2,65.9807458145231,0.219254185476899
61.2,63.54929161126935,-2.3492916112693507
38.79,50.84071440118586,-12.050714401185864
56.61,47.20667105885339,9.403328941146611
53.89,48.763903552842805,5.126096447157195
57.74,46.84267079260749,10.89732920739251
51.55,43.21644886344126,8.33355113655874
51.37,53.64484479217333,-2.274844792173333
58.3,59.57598384389603,-1.2759838438960358
63.54,67.88180518174535,-4.34180518174535
36.04,52.387853459915476,-16.347853459915477
67.56,73.90166237080024,-6.341662370800236
64.44,71.64204320242476,-7.202043202424761
57.33,48.90308476185539,8.426915238144609
58.66,53.228719172293914,5.4312808277060824
84.6,68.82715790894238,15.772842091057612
74.8,85.80165289531374,-11.00165289531374
80.56,81.87062338511252,-1.310623385112521
71.45,73.50339420537539,-2.0533942053753833
74.98,66.46283992625072,8.517160073749281
62.56,83.32474675203721,-20.76474675203721
52.82,66.11960814497223,-13.299608144972233
57.06,67.51974368258111,-10.459743682581106
74.56,81.52514822165143,-6.965148221651432
91.66,90.96086058375788,0.6991394162421187
71.43,69.78984424138345,1.640155758616558
64.03,68.66534551019251,-4.635345510192508
69.4,69.54924502343081,-0.14924502343080803
81.75,84.74723788607868,-2.997237886078679
74.28,72.52514931617691,1.7548506838230935
71.33,64.67662179347211,6.65337820652789
34.94,46.027258765272926,-11.087258765272928
63.96,56.44996235954309,7.510037640456908
23.15,43.15277072677358,-20.002770726773583
67.59,65.67938957610997,1.9106104238900343
64.15,69.83596487491778,-5.685964874917772
51.23,43.945363529594864,7.2846364704051325
58.95,70.21613562877646,-11.266135628776453
60.74,60.16097166890136,0.579028331098641
50.98,54.53239136286099,-3.5523913628609947
46.72,48.687585709931255,-1.9675857099312566
39.16,59.15272453857612,-19.992724538576127
80.35,76.06221543230927,4.287784567690721
38.33,46.90505400316058,-8.57505400316058
63.06,66.86675549650282,-3.8067554965028165
59.5,67.62633129508136,-8.126331295081357
52.09,60.35635721293841,-8.26635721293841
33.76,46.41402343976908,-12.654023439769084
78.85,83.64875653958629,-4.798756539586293
70.29,85.9575460085297,-15.667546008529698
71.75,62.123293320857975,9.626706679142025
29.04,37.3128927227991,-8.2728927227991
90.53,85.93786950336438,4.592130496635619
55.72,56.103776568666916,-0.38377656866691723
71.12,73.88818706133095,-2.7681870613309485
62.93,61.23617949386356,1.69382050613644
60.44,60.080301889290205,0.3596981107097932
72.88,75.93557213313797,-3.0555721331379715
55.28,45.241992471566434,10.038007528433567
58.67,50.52855020905566,8.141449790944343
53.75,50.67342458142762,3.076575418572382
49.17,54.875351956430784,-5.705351956430782
86.83,76.97072084447998,9.859279155520014
54.19,61.2735063898229,-7.083506389822901
56.22,51.98126723709859,4.238732762901407
58.86,60.31719967238372,-1.457199672383723
90.47,76.15402041390107,14.315979586098933
74.13,75.52290516952924,-1.392905169529243
48.14,55.163075216854075,-7.023075216854075
49.21,74.33309590802108,-25.123095908021078
82.84,90.77280411126121,-7.9328041112612055
69.73,64.02451915596191,5.705480844038092
53.08,65.83457378481336,-12.75457378481336
64.55,67.83607209329001,-3.2860720932900165
41.97,63.189203275687596,-21.219203275687597
92.27,83.27732418873323,8.992675811266764
58.08,68.65901224941938,-10.579012249419378
72.27,69.43342116377653,2.8365788362234667
77.3,87.31306411042384,-10.01306411042384
42.55,48.620566112997636,-6.070566112997639
77.96,80.97546706306575,-3.0154670630657563
56.18,50.349658721191176,5.830341278808824
83.54,76.21602308836103,7.3239769116389795
74.98,52.97291261215058,22.007087387849424
18.31,36.75378135942402,-18.44378135942402
70.52,62.71724299400933,7.802757005990664
76.9,68.68135667097837,8.218643329021631
73.31,64.92127903827308,8.388720961726918
91.23,92.87375479606898,-1.6437547960689756
56.21,68.71313357560784,-12.50313357560784
92.26,82.5599573775915,9.700042622408503
54.52,57.05355557936303,-2.533555579363025
69.13,64.06170143980793,5.068298560192062
53.59,62.97698561776708,-9.386985617767074
82.33,78.87738940407893,3.4526105959210724
80.48,67.0654906318426,13.414509368157411
75.72,64.14674536065634,11.57325463934366
71.91,67.26067359173128,4.6493264082687205
87.82,81.5767177841356,6.243282215864397
67.18,78.90188943619022,-11.72188943619021
45.9,61.814432715835004,-15.914432715835005
48.09,56.17269618143581,-8.082696181435807
69.59,80.65486772080824,-11.064867720808238
90.01,68.01003396478731,21.999966035212694
53.3,52.65879036983718,0.6412096301628196
72.7,77.60732195612849,-4.907321956128484
74.95,76.31668936136816,-1.3666893613681594
31.91,41.094523022331344,-9.184523022331344
61.87,55.575937856940556,6.294062143059442
45.0,56.02169135400899,-11.021691354008993
59.59,52.44093194914575,7.149068050854254
55.94,61.58129849317087,-5.641298493170872
38.67,38.60492330531315,0.06507669468685151
53.31,48.939977014566,4.370022985434005
83.07,87.29781103845255,-4.227811038452558
62.01,56.95785928460664,5.052140715393357
70.71,65.29104819379592,5.418951806204078
69.85,59.73847897685601,10.111521023143986
75.88,70.97700175365576,4.902998246344239
82.07,88.48661025062968,-6.416610250629688
57.64,60.24959736994723,-2.609597369947231
80.52,86.00587807140745,-5.4858780714074555
82.62,76.56567450643128,6.054325493568726
65.84,53.25263577349259,12.587364226507411
52.58,57.28207196070306,-4.7020719607030586
89.4,80.58544377949717,8.814556220502837
36.23,63.67805289088636,-27.448052890886366
63.54,67.0909649632913,-3.5509649632912996
59.69,61.765918209195256,-2.075918209195258
84.16,87.41061598015807,-3.2506159801580736
51.21,43.88178970483848,7.328210295161519
65.57,65.67302458138485,-0.10302458138485804
47.35,59.298717673521985,-11.948717673521983
62.11,58.91593404017211,3.1940659598278884
55.79,56.595317394803786,-0.8053173948037866
29.78,48.52293164740602,-18.742931647406017
67.8,60.871766380968346,6.928233619031651
88.21,82.35651270094064,5.853487299059353
76.27,83.44271170462943,-7.172711704629435
29.89,29.763059874106073,0.12694012589392756
40.34,54.326167384030946,-13.986167384030942
64.25,55.058732408673436,9.191267591326564
86.9,72.33536334376183,14.564636656238179
73.94,66.48734101616026,7.45265898383974
65.59,65.79779216306545,-0.20779216306544868
65.72,64.92359949084467,0.7964005091553332
78.45,55.98119930846123,22.468800691538775
42.56,48.97657514218533,-6.41657514218533
70.05,61.80683771728013,8.243162282719865
67.62,69.93563070155489,-2.3156307015548805
69.76,62.39646170099946,7.363538299000545
60.43,57.55465398305015,2.875346016949848
73.34,75.57789103911347,-2.237891039113464
62.16,48.583545065405076,13.57645493459492
69.19,65.9280212415783,3.261978758421691
90.21,80.1884651861731,10.02153481382689
68.54,65.67032810767492,2.869671892325087
38.92,55.073237468919984,-16.153237468919983
6.28,28.516280328806122,-22.23628032880612
71.75,73.23726378942357,-1.4872637894235652
79.89,79.74669325689209,0.1433067431079138
87.07,70.90909800414678,16.16090199585321
53.84,64.8988276030162,-11.058827603016198
93.15,86.12934041669935,7.020659583300656
80.52,82.24293828136825,-1.7229382813682577
50.98,62.65076941996718,-11.670769419967186
51.73,65.38821911135318,-13.658219111353183
76.87,66.77730073778443,10.092699262215575
76.93,70.41512359347583,6.514876406524181
39.07,27.244899264046214,11.825100735953786
42.61,42.37306785782877,0.23693214217122716
80.35,67.54326592724654,12.806734072753457
66.64,74.79321352388077,-8.153213523880765
70.26,70.30375329949878,-0.04375329949877482
74.83,73.95917071380153,0.8708292861984717
93.6,81.51500617699362,12.084993823006371
70.73,65.94514691035963,4.784853089640379
75.37,74.99192674296849,0.3780732570315166
52.56,59.849543878835,-7.289543878834998
77.8,74.57110420720389,3.2288957927961093
66.96,69.35833437948669,-2.3983343794866983
45.15,43.18271625675853,1.9672837432414667
43.45,53.46229243524871,-10.01229243524871
66.81,61.31005209263193,5.499947907368075
31.56,47.018845253040084,-15.458845253040085
100.0,96.01151604250032,3.9884839574996818
54.3,62.899192752456614,-8.599192752456617
53.07,53.768581778241035,-0.6985817782410351
89.22,77.4267335678553,11.793266432144705
78.77,69.76152017428485,9.008479825715142
26.04,26.88661829702168,-0.8466182970216813
84.24,74.45454916689535,9.785450833104647
68.29,59.448729814342414,8.841270185657592
83.55,80.26612276903046,3.283877230969537
54.3,57.01165690461094,-2.7116569046109404
45.77,60.92742608520269,-15.157426085202687
76.05,73.9711881512005,2.0788118487995035
53.32,60.564053300297324,-7.244053300297324
75.61,76.47276329633752,-0.8627632963375191
50.91,48.364460792849464,2.545539207150533
60.99,54.76083392472652,6.229166075273483
74.81,72.15964650855075,2.650353491449252
37.01,58.96201112809606,-21.95201112809606
88.06,69.91080441795386,18.149195582046147
53.43,40.02624318368146,13.403756816318541
73.73,78.40765314538092,-4.677653145380916
60.14,67.10359814362708,-6.963598143627081
77.25,67.19984566706,10.050154332939996
75.56,61.199202475359854,14.360797524640148
46.45,65.04168220416763,-18.591682204167626
27.51,39.80163180137345,-12.291631801373452
54.54,56.23972448808973,-1.6997244880897284
57.72,48.23250870306795,9.487491296932049
53.18,47.045327998608236,6.134672001391763
62.13,73.45152563960194,-11.321525639601937
91.69,74.9953131162153,16.694686883784698
63.68,80.63934074006401,-16.959340740064015
60.42,53.93563471004161,6.48436528995839
45.62,42.29891547027515,3.3210845297248497
60.48,49.41565873397114,11.064341266028855
49.55,56.20837464328732,-6.658374643287324
60.36,58.98667404742519,1.3733259525748096
49.82,57.382326481034546,-7.562326481034546
50.34,63.92800272077349,-13.588002720773488
50.87,38.35079707400631,12.519202925993689
37.8,51.411027175984266,-13.611027175984269
69.81,52.60112222833865,17.20887777166135
78.88,67.91480552300943,10.965194476990561
82.57,79.5215638762797,3.0484361237202933
71.3,73.1438670509808,-1.8438670509808048
61.15,57.78123279305181,3.368767206948192
58.41,52.806049033307275,5.603950966692722
77.44,60.873597491716,16.566402508284
60.31,51.20453920451334,9.105460795486664
65.44,64.09295413519703,1.3470458648029648
73.45,56.3484917643021,17.1015082356979
62.73,70.0126820283985,-7.282682028398504
74.69,82.44256050245988,-7.752560502459886
56.29,44.819966164285034,11.470033835714965
43.32,56.52694956821957,-13.20694956821957
54.26,61.607295629321065,-7.347295629321067
78.02,76.44187968685186,1.5781203131481334
79.0,63.641144412855404,15.358855587144596
72.03,68.33019642822325,3.699803571776755
55.64,62.899533879158405,-7.259533879158404
62.99,62.66832648154655,0.3216735184534514
77.47,73.72665230870518,3.743347691294815
58.77,67.49470188098189,-8.72470188098189
66.47,69.20264801939042,-2.7326480193904246
51.82,59.695875988906444,-7.875875988906444
57.75,76.25452241471343,-18.504522414713435
83.75,78.37214735950971,5.377852640490289
46.67,44.95839717824193,1.7116028217580705
48.57,55.86266835930468,-7.2926683593046775
60.71,52.411084953854576,8.298915046145424
56.22,54.125144773236194,2.094855226763805
40.73,53.11214660205377,-12.382146602053773
37.66,40.56727712411795,-2.907277124117954
64.88,67.88273577322371,-3.002735773223719
77.36,79.7918691716288,-2.4318691716288043
60.67,58.71160601374668,1.95839398625332
48.19,64.42052034915137,-16.230520349151377
33.47,38.97192456600837,-5.50192456600837
78.22,77.21873382009184,1.001266179908157
62.22,49.318688829031856,12.901311170968143
41.07,52.5726369426833,-11.502636942683303
61.17,56.35067132670144,4.819328673298564
33.13,32.688167620238275,0.4418323797617276
63.74,52.18005695971417,11.55994304028583
40.07,47.69199439211127,-7.621994392111269
67.33,61.205904005454876,6.124095994545122
60.24,67.23130549368001,-6.991305493680009
73.07,62.048950559949766,11.021049440050227
49.41,47.063478000788635,2.3465219992113617
57.87,55.72332581667235,2.1466741833276473
57.39,51.17738980701251,6.212610192987491
67.44,63.49982566549957,3.9401743345004263
51.61,65.55071188251534,-13.940711882515345
45.98,59.81597257975523,-13.835972579755236
57.9,74.73970378808936,-16.83970378808936
58.15,62.33664209487798,-4.186642094877982
85.97,86.72978863704132,-0.7597886370413249
46.62,41.800012719243945,4.819987280756052
67.74,58.90829350250698,8.831706497493016
38.27,55.00356404643932,-16.73356404643932
63.35,57.82317340490664,5.526826595093361
58.05,64.81367871216247,-6.7636787121624735
70.71,83.35729508172894,-12.647295081728942
70.9,67.16702505299027,3.732974947009737
61.84,73.03776822810444,-11.197768228104437
62.22,59.77612916200954,2.4438708379904597
65.33,63.319115655828355,2.010884344171643
87.66,76.84227246858971,10.817727531410284
89.88,72.80412098913955,17.075879010860447
62.51,66.81782691983184,-4.307826919831847
44.89,49.771258760307134,-4.881258760307134
59.41,53.74915644457403,5.66084355542597
63.26,75.74741248249022,-12.487412482490221
26.13,35.91001098878831,-9.780010988788309
78.28,61.05821144353894,17.221788556461064
58.82,62.44196578056548,-3.621965780565482
89.93,76.63253281802275,13.297467181977254
45.71,63.096882870748566,-17.386882870748565
42.59,39.32644575610659,3.2635542438934166
52.77,55.729072304702676,-2.959072304702673
58.96,59.02447978776004,-0.06447978776004248
67.62,59.002377717740195,8.61762228225981
74.7,70.67958165817585,4.020418341824154
51.95,57.57327005233862,-5.6232700523386185
63.2,67.29173694043723,-4.0917369404372295
80.37,81.53805944379002,-1.168059443790014
31.92,42.46354602749054,-10.543546027490535
81.24,79.5821078817483,1.657892118251695
79.09,74.9652395644394,4.124760435560603
60.02,54.19484158853005,5.82515841146995
70.42,68.77443034428069,1.6455696557193136
28.99,36.73983130822921,-7.749831308229215
50.18,44.86790929348336,5.312090706516642
39.47,47.50949074541831,-8.039490745418313
54.0,55.414436901290905,-1.4144369012909053
71.91,70.47739846402165,1.4326015359783497
50.12,58.23841360445832,-8.118413604458325
41.09,47.69179319460486,-6.601793194604859
60.48,70.4476027627353,-9.967602762735304
51.45,67.8151958230394,-16.3651958230394
61.16,64.75315164591531,-3.593151645915313
34.35,42.99572389335642,-8.645723893356418
42.76,55.9881540141702,-13.228154014170201
81.33,77.33848529850184,3.9915147014981613
66.21,55.81709564717597,10.392904352824026
73.39,60.0874021572929,13.302597842707101
57.53,65.83741541392907,-8.307415413929064
81.86,87.7584586684967,-5.898458668496701
72.76,66.60724335583153,6.152756644168477
44.82,56.21725723261277,-11.397257232612773
60.25,68.00987359920006,-7.759873599200063
76.8,62.223236708674214,14.576763291325783
40.51,45.52012525042244,-5.0101252504224405
71.89,70.84606782433603,1.0439321756639686
67.62,71.34583538687437,-3.7258353868743654
75.73,73.67958943364194,2.0504105663580674
42.55,45.632274851848344,-3.0822748518483465
92.82,67.77342659219926,25.046573407800736
89.79,82.6462058564013,7.143794143598711
52.78,72.34491919235873,-19.56491919235873
61.47,53.12847880438908,8.341521195610916
37.41,42.026503841036295,-4.616503841036298
57.51,60.29685335763072,-2.7868533576307186
70.77,61.47168884649564,9.298311153504358
78.08,85.54087282038275,-7.460872820382747
43.36,55.380769313819954,-12.020769313819955
50.24,53.54336874502966,-3.3033687450296583
46.58,38.10918115481507,8.47081884518493
73.47,74.56675307269504,-1.0967530726950372
64.13,59.59061415207918,4.539385847920812
87.13,88.1848774226314,-1.0548774226314066
67.1,70.94492249945435,-3.8449224994543556
62.86,66.22762268914427,-3.3676226891442695
70.62,63.8739761657294,6.746023834270602
60.98,64.99066857119496,-4.010668571194962
47.05,66.25308002762543,-19.203080027625433
34.03,44.57801835077033,-10.548018350770327
54.45,62.216544686862015,-7.766544686862012
58.66,64.81576244828587,-6.15576244828587
76.37,56.89799616439591,19.47200383560409
67.97,53.35242249761766,14.617577502382339
63.85,49.909144711728395,13.940855288271607
29.07,41.060089989473084,-11.990089989473084
52.61,48.409272736140224,4.2007272638597755
81.73,66.16778611030443,15.56221388969557
96.23,86.93696336540316,9.293036634596845
34.87,53.3585971859265,-18.4885971859265
73.96,85.30898719480203,-11.348987194802035
55.91,42.758736074542455,13.151263925457542
89.11,84.5833189449946,4.5266810550053975
63.18,53.14552905336285,10.03447094663715
81.68,69.66592205363814,12.014077946361866
86.46,74.51364369613543,11.946356303864562
63.23,71.13658788073143,-7.906587880731429
74.26,65.44314175168782,8.816858248312187
100.0,97.15122475307582,2.848775246924177
34.75,45.50225771544348,-10.752257715443477
62.67,62.96579446164971,-0.2957944616497059
69.52,67.49085125180788,2.0291487481921138
43.5,52.19363422289118,-8.693634222891177
87.49,79.0598172786066,8.430182721393393
43.22,41.66061482025294,1.5593851797470606
45.97,42.439785213392625,3.530214786607374
80.58,72.82578108724394,7.754218912756059
71.68,61.29327254690443,10.386727453095574
74.46,66.13188017435313,8.328119825646866
34.74,55.70671832425392,-20.966718324253918
54.22,55.4019781950732,-1.1819781950731993
53.25,59.36081122327844,-6.110811223278439
50.28,41.480107889177226,8.799892110822775
79.31,88.11885021621754,-8.808850216217536
37.35,48.489690078944435,-11.139690078944433
83.3,74.22978113414422,9.070218865855779
59.02,66.42510196829863,-7.405101968298631
54.48,58.83393321060673,-4.353933210606733
51.04,49.53679697361241,1.5032030263875882
25.97,32.37288683931581,-6.402886839315812
67.7,65.94184419611838,1.7581558038816212
26.92,51.92922894952454,-25.00922894952454
50.43,52.69232859769505,-2.2623285976950527
59.56,65.85608735877604,-6.296087358776035
69.4,72.60225091554896,-3.2022509155489587
46.57,58.35149880084001,-11.781498800840012
78.71,73.72154845029614,4.9884515497038535
57.69,50.43658762632303,7.253412373676966
37.45,42.35046929060443,-4.900469290604427
68.26,60.69061752476935,7.569382475230654
65.34,69.0598628235876,-3.71986282358759
71.47,71.1139131224734,0.35608687752659307
37.58,43.60066908007219,-6.020669080072189
69.58,62.29585247688608,7.284147523113916
47.26,51.267339429288505,-4.007339429288507
36.72,42.566449741543586,-5.846449741543587
62.12,62.176017242002935,-0.05601724200293745
64.04,71.36031383770064,-7.320313837700638
68.72,76.3169392399769,-7.596939239976905
87.46,69.13722599369179,18.322774006308208
52.04,51.91850877008301,0.12149122991699102
76.39,70.66222877063551,5.7277712293644925
83.09,91.60495197082574,-8.514951970825734
78.71,63.34299376397379,15.367006236026207
36.24,39.715380275122286,-3.4753802751222835
58.1,77.77147166135619,-19.671471661356186
63.31,66.35052772434203,-3.0405277243420272
57.63,64.83058123973929,-7.200581239739286
57.82,53.400551861499764,4.419448138500236
47.05,50.245844475305404,-3.1958444753054067
44.84,44.107779048735516,0.7322209512644875
55.86,54.201334486765525,1.6586655132344745
55.52,55.132149266919164,0.38785073308083895
81.98,75.34153938710558,6.63846061289442
59.06,61.36288584457784,-2.302885844577837
64.19,56.99051662588549,7.199483374114507
53.53,56.66913816329367,-3.1391381632936657
55.11,52.33326905935629,2.7767309406437093
36.02,42.43209484904259,-6.412094849042589
57.88,69.46264409039142,-11.582644090391419
84.11,79.22786545625317,4.8821345437468295
44.66,60.05151824107075,-15.391518241070756
37.04,31.067497158660228,5.972502841339772
60.96,61.26187547007229,-0.30187547007228943
67.31,60.99910554422547,6.31089445577453
74.62,59.85937337702009,14.760626622979913
99.52,92.72000616480562,6.799993835194371
43.88,40.72010329457656,3.159896705423442
49.18,45.43988822910825,3.740111770891751
75.77,69.61269705658233,6.157302943417662
86.71,88.35820794806389,-1.6482079480638987
53.51,59.78343409880577,-6.273434098805772
37.43,43.894329824855504,-6.464329824855504
61.23,63.31307471350671,-2.0830747135067114
77.84,84.48521197813258,-6.645211978132579
36.1,43.13287727815912,-7.03287727815912
25.74,45.564624667741974,-19.824624667741976
51.01,63.53544185154795,-12.525441851547953
61.75,80.8146900115343,-19.064690011534296
53.46,51.0046839326444,2.4553160673556036
64.69,57.66302034745269,7.026979652547311
62.21,68.69953930026429,-6.4895393002642905
57.98,62.306330365582156,-4.326330365582159
79.11,67.36992008203913,11.74007991796087
78.98,79.95104185055732,-0.9710418505573131
69.42,76.23342390326033,-6.813423903260329
85.44,81.15533615017546,4.28466384982454
68.57,69.30303717142066,-0.733037171420662
45.96,55.6107091489833,-9.650709148983296
59.44,71.59636107099413,-12.156361070994137
53.77,55.18580826735963,-1.4158082673596297
50.67,60.74584720622089,-10.075847206220885
44.66,39.28513024632827,5.3748697536717245
72.42,68.2655462987975,4.154453701202499
73.89,74.84704343399238,-0.9570434339923821
57.24,46.70779715796901,10.53220284203099
54.25,59.98906728379735,-5.739067283797347
43.19,32.13620405636831,11.053795943631691
66.21,67.34874607766871,-1.1387460776687135
45.84,53.842152141096214,-8.00215214109621
40.69,45.5956930065792,-4.905693006579199
69.17,69.75208088179758,-0.5820808817975802
78.31,75.47845791006716,2.8315420899328387
68.01,71.85678425644386,-3.846784256443854
53.02,57.28000282244702,-4.260002822447014
73.71,89.01532792774356,-15.305327927743562
82.29,66.97850877338513,15.311491226614876
39.99,59.36764228916833,-19.377642289168328
44.83,53.12837083536553,-8.298370835365532
57.53,56.057066785691674,1.472933214308327
62.75,61.63385001364278,1.1161499863572217
48.25,60.29172425967741,-12.041724259677409
67.23,65.50033552701615,1.7296644729838562
15.65,39.99196402183024,-24.341964021830243
75.94,62.45841702581655,13.481582974183446
57.29,66.65247771502769,-9.362477715027687
62.38,54.05842470657454,8.321575293425461
75.03,66.99818680690689,8.031813193093114
94.16,85.66295330731873,8.497046692681266
62.69,67.3530398063614,-4.663039806361397
41.09,54.11775860780398,-13.027758607803975
38.37,47.12019765668496,-8.75019765668496
50.26,36.293069153264234,13.966930846735764
47.99,41.62762902503349,6.36237097496651
29.22,52.8497450733041,-23.6297450733041
97.06,73.52616548460855,23.533834515391447
45.31,58.021100941792625,-12.711100941792623
84.43,78.65001802191179,5.779981978088216
39.85,56.12046730356183,-16.27046730356183
70.72,86.35283982125429,-15.632839821254294
60.92,57.45485693827396,3.465143061726039
54.86,55.08975928465398,-0.22975928465398
75.83,73.12138368768149,2.7086163123185116
31.06,45.428707607557826,-14.368707607557827
57.87,71.16883361806507,-13.298833618065068
62.9,61.46946788065575,1.4305321193442495
61.02,49.033018749560256,11.986981250439747
60.56,74.5604438338995,-14.000443833899496
37.22,40.84077071446528,-3.62077071446528
56.57,63.007054978535166,-6.437054978535166
49.63,55.52261171169418,-5.89261171169418
34.76,64.0325244379059,-29.272524437905908
74.04,63.11871147058984,10.92128852941017
53.04,57.34498929032242,-4.304989290322418
65.51,74.68924533252027,-9.179245332520267
75.54,78.02667955470838,-2.486679554708374
74.82,61.71297409484981,13.10702590515018
66.08,74.62973888819174,-8.54973888819174
53.64,47.02321218889305,6.616787811106953
68.65,78.40868518994846,-9.758685189948451
79.44,75.09179209700314,4.348207902996862
44.72,53.12599862893303,-8.405998628933034
71.13,62.43568797057037,8.694312029429625
86.0,78.52846184235337,7.471538157646634
41.01,58.0988184978655,-17.088818497865503
48.4,49.42300315433895,-1.0230031543389515
39.52,42.575559092550094,-3.055559092550091
54.31,55.79598027067032,-1.4859802706703178
70.52,59.00224388483242,11.517756115167579
36.26,46.768013835016866,-10.508013835016868
62.76,61.41924385187902,1.340756148120981
83.83,61.90161003922669,21.92838996077331
51.33,44.634172230517464,6.695827769482534
89.02,73.60819995909425,15.411800040905746
68.95,63.22492765976207,5.725072340237929
53.87,60.440465876975395,-6.570465876975398
100.0,84.5969500747512,15.403049925248794
59.62,64.41412727846622,-4.794127278466227
56.27,64.51912115716983,-8.249121157169832
48.29,43.451414889250636,4.838585110749364
63.21,64.92555285801306,-1.7155528580130621
58.66,56.937737273549395,1.7222627264506016
61.96,63.31824327575124,-1.3582432757512422
76.62,82.98948825871678,-6.369488258716771
44.98,64.59052656540929,-19.610526565409295
70.2,73.31530796208474,-3.115307962084742
54.52,69.42579818347112,-14.905798183471113
61.01,56.41210779353267,4.597892206467328
54.38,50.687759812757356,3.6922401872426462
39.05,48.64959837585369,-9.599598375853695
34.07,47.58547811848656,-13.515478118486563
64.58,74.32319033401997,-9.743190334019971
70.31,77.04844985848224,-6.738449858482241
79.45,67.45879791348662,11.991202086513383
60.52,52.24609883193091,8.273901168069095
28.29,36.98717431825094,-8.697174318250944
58.31,74.84852650113348,-16.538526501133475
62.14,65.69016457809614,-3.550164578096144
72.68,75.20480171227734,-2.5248017122773376
56.34,53.05257796177541,3.287422038224591
56.61,54.8420581673198,1.7679418326802008
44.81,50.153886467123634,-5.343886467123632
55.87,54.93767455823689,0.9323254417631048
78.56,81.74955810856996,-3.1895581085699547
60.22,48.90594376648135,11.314056233518649
84.62,70.58110496028905,14.038895039710951
64.36,66.44437803380134,-2.084378033801343
65.99,69.66292023795536,-3.672920237955367
64.28,58.161397075173845,6.118602924826156
34.16,62.17500853493518,-28.015008534935184
76.31,66.99014066504641,9.319859334953591
68.18,60.291191337202186,7.888808662797821
76.26,77.9641706545171,-1.7041706545170996
52.77,55.33041091605092,-2.5604109160509196
63.04,78.69551174626929,-15.65551174626929
64.76,68.00386211139424,-3.243862111394236
32.12,28.833861462607604,3.286138537392393
41.78,57.649927384452845,-15.869927384452843
86.14,79.71912184602789,6.420878153972112
51.83,63.833133171132125,-12.003133171132127
72.73,53.13767486047655,19.592325139523453
39.27,51.427855594756636,-12.157855594756633
50.69,49.169669779777756,1.5203302202222417
72.01,74.37471238413232,-2.364712384132318
57.35,56.799039502241506,0.5509604977584956
57.83,65.00961721772194,-7.17961721772194
70.79,69.42782772627697,1.3621722737230328
42.48,68.66732846523686,-26.187328465236867
65.81,64.9544871195034,0.8555128804966046
61.63,67.60485915206557,-5.974859152065569
53.32,44.337920515819455,8.982079484180545
65.21,70.35576643318059,-5.145766433180597
21.13,34.44008239977845,-13.310082399778448
65.01,62.12395016223333,2.8860498377666772
81.27,67.43628137461494,13.83371862538506
53.66,60.00102404497546,-6.3410240449754625
39.76,54.675078791687426,-14.915078791687428
53.45,48.30047387208036,5.149526127919643
62.73,60.743019415018814,1.9869805849811826
58.76,68.04199071417528,-9.281990714175286
76.09,72.29653435575665,3.793465644243355
49.21,52.92623554550982,-3.716235545509818
32.43,41.32598274628169,-8.895982746281689
73.25,64.21082371461945,9.039176285380549
66.7,72.73137916097387,-6.03137916097387
35.25,45.577376662743724,-10.327376662743724
52.55,45.92837903020434,6.621620969795657
36.97,41.24465797050991,-4.274657970509914
70.08,65.04170968196372,5.038290318036275
42.07,46.82386125204912,-4.75386125204912
88.23,70.02224320724387,18.20775679275613
61.27,55.05806275200372,6.211937247996282
85.82,82.46870524603551,3.3512947539644813
55.25,52.748353833572466,2.501646166427534
46.63,50.960658928688076,-4.330658928688074
60.95,48.99875648553159,11.951243514468416
49.35,59.45154680913599,-10.10154680913599
97.16,90.76124209801709,6.398757901982904
70.18,65.1029130236311,5.0770869763689035
35.36,48.00464454885569,-12.644644548855688
78.98,77.3951949447441,1.5848050552558988
98.15,94.78818564864515,3.3618143513548517
58.13,63.56519709097769,-5.435197090977688
50.28,47.87926704699851,2.4007329530014943
36.72,25.667482545778622,11.052517454221377
53.04,53.67364754199825,-0.6336475419982506
71.51,58.71848671754958,12.791513282450424
51.56,60.00396727343532,-8.44396727343532
76.17,79.9380669698772,-3.7680669698771965
43.62,59.8424738533433,-16.222473853343303
52.76,51.489807323857356,1.270192676142642
56.42,55.913603535264286,0.5063964647357153
55.45,64.46689617267145,-9.016896172671451
61.96,55.58328372273478,6.376716277265224
82.91,75.02398321073261,7.886016789267387
65.49,53.32117496405639,12.168825035943605
100.0,92.79318486488557,7.206815135114425
65.48,59.196720651145185,6.283279348854819
100.0,85.73150867906318,14.268491320936818
67.08,71.03606230244901,-3.9560623024490127
50.06,58.66032808895872,-8.600328088958719
69.34,74.37495381987375,-5.034953819873749
78.66,79.99373485799914,-1.333734857999147
74.59,74.31628507142871,0.27371492857129454
71.14,66.68316758217412,4.456832417825879
49.19,65.66260293920716,-16.472602939207164
33.23,46.48716760643785,-13.257167606437854
43.95,51.708086716953254,-7.758086716953251
67.21,72.742013932967,-5.532013932967004
38.84,50.34431614405759,-11.50431614405759
67.36,87.45579564168509,-20.095795641685086
83.32,77.61008909287727,5.709910907122719
58.37,43.00571149407761,15.364288505922389
36.58,31.771269924041093,4.808730075958906
57.32,61.948737278975464,-4.628737278975464
54.63,40.423833737068804,14.206166262931198
67.87,68.2099690272633,-0.3399690272632938
80.53,75.7510319624999,4.778968037500107
69.14,81.21657249780216,-12.076572497802161
38.07,42.07305987481229,-4.003059874812287
62.62,59.35441190118141,3.26558809881859
39.58,50.19609397821471,-10.616093978214714
49.36,51.244954724344844,-1.8849547243448441
67.38,65.382187119387,1.9978128806129973
71.46,77.53139494891599,-6.071394948915994
79.89,72.98342219448492,6.906577805515084
64.43,62.67787303727848,1.7521269627215261
29.55,51.348982001156756,-21.798982001156755
54.52,53.46910994836761,1.0508900516323934
78.29,73.10805579487517,5.181944205124836
62.25,68.52402590920005,-6.2740259092000485
52.56,53.063621247311026,-0.503621247311024
79.74,76.71316376347606,3.026836236523934
74.15,74.09921525231636,0.050784747683650266
56.23,59.41561884252414,-3.1856188425241427
74.34,68.20507897432603,6.134921025673975
35.65,43.37303419691331,-7.723034196913311
45.21,52.10758704842857,-6.897587048428569
66.91,77.50507332021188,-10.595073320211881
52.66,68.44560730633518,-15.78560730633518
32.38,32.23544267733664,0.14455732266335986
65.74,64.29710039885654,1.442899601143452
75.82,69.04552420929318,6.774475790706816
57.48,57.35235718319565,0.12764281680434664
76.21,72.16975591584685,4.040244084153144
81.18,82.4940951611561,-1.3140951611560894
74.99,69.17596079306243,5.814039206937565
73.84,69.89681061428912,3.9431893857108804
57.97,55.49455422386087,2.475445776139132
62.41,72.11939044417929,-9.709390444179292
56.29,60.88027294267057,-4.590272942670573
63.92,66.77534813851089,-2.855348138510891
67.17,59.32170898909179,7.848291010908213
78.32,83.61867301630643,-5.298673016306438
66.89,57.259782537138925,9.630217462861076
59.47,58.74046301080592,0.7295369891940808
32.58,36.32590059041379,-3.7459005904137896
82.95,71.87974072431446,11.070259275685544
63.19,64.78539272148944,-1.5953927214894463
61.95,58.460853150405555,3.489146849594448
57.63,59.55775897208835,-1.9277589720883483
60.2,61.012219521898274,-0.8122195218982711
88.11,91.34623176456071,-3.2362317645607135
50.86,63.31179121100521,-12.451791211005208
79.99,71.46987522209595,8.520124777904044
78.52,80.08177463140919,-1.5617746314091931
66.33,51.40536403047254,14.924635969527458
72.44,63.82640848541838,8.613591514581614
78.29,70.58827018004366,7.701729819956341
46.4,46.07612960564326,0.3238703943567387
71.95,60.64221302719078,11.307786972809225
59.85,63.43349949425609,-3.5834994942560883
88.23,76.36870599773022,11.861294002269787
60.13,60.82834756474931,-0.6983475647493051
57.75,62.031802807845686,-4.281802807845686
73.96,62.98508133627926,10.974918663720736
61.7,63.2402316015239,-1.5402316015238995
65.98,67.66385529917824,-1.6838552991782336
55.11,59.936971136534055,-4.8269711365340555
58.43,53.117838917126576,5.312161082873423
86.56,79.62385077744528,6.936149222554718
56.57,81.33077010832709,-24.760770108327087
53.12,57.57478836391979,-4.454788363919789
43.13,48.211527399328446,-5.0815273993284436
40.38,46.77575441492847,-6.395754414928469
84.45,66.11150862071084,18.338491379289167
81.08,58.64702063197994,22.432979368020057
74.15,73.67738140201729,0.47261859798271644
49.06,65.28505917639411,-16.22505917639411
63.59,61.91354119027518,1.6764588097248208
53.59,46.0745750117935,7.5154249882065045
60.53,64.10544742447328,-3.575447424473282
51.32,51.01793024816104,0.3020697518389568
73.23,64.41642525294492,8.813574747055085
66.31,62.365998747333634,3.944001252666368
52.69,45.71168568390902,6.97831431609098
44.32,49.93008936732473,-5.610089367324733
55.38,52.37270486860823,3.0072951313917713
53.54,55.12371370274587,-1.583713702745868
63.79,56.74615768777869,7.043842312221308
89.2,86.3366533960357,2.8633466039643025
55.98,64.6743324693351,-8.694332469335102
62.51,70.65672231930155,-8.146722319301553
64.73,68.35458349540677,-3.6245834954067675
37.14,38.677315774509076,-1.537315774509075
51.06,36.81632862912655,14.24367137087345
44.08,65.47134605440489,-21.39134605440489
51.51,60.44654944687405,-8.936549446874054
59.16,66.88126979264408,-7.72126979264408
56.41,69.22079852059593,-12.810798520595938
52.78,53.770757665445906,-0.9907576654459049
41.02,44.48104224291784,-3.4610422429178342
35.02,39.05807488274897,-4.038074882748965
49.01,43.028311123148725,5.981688876851273
96.74,87.70400151515605,9.035998484843944
70.12,65.08939534254559,5.030604657454418
67.2,68.86936727194971,-1.6693672719497101
69.38,73.6179488395182,-4.237948839518211
47.08,44.19343062296488,2.8865693770351157
77.03,70.52473518253957,6.505264817460429
53.91,40.003104778375366,13.90689522162463
83.67,89.06989120346631,-5.399891203466311
56.65,57.651699797918226,-1.0016997979182278
54.3,50.98585781645474,3.3141421835452576
82.67,74.89065835172003,7.779341648279967
62.9,55.3327204689201,7.5672795310798975
59.05,65.23121838311735,-6.181218383117354
87.22,72.45558405727404,14.764415942725961
56.16,55.01681703478187,1.1431829652181236
55.47,53.05088853776242,2.4191114622375807
87.82,80.52720047922254,7.29279952077745
29.86,34.74535616572399,-4.885356165723991
64.49,67.68201137265788,-3.1920113726578876
89.18,75.36576143778173,13.814238562218279
56.88,60.33819376644677,-3.458193766446769
65.76,75.11936136869782,-9.359361368697819
75.4,66.14465674564025,9.255343254359758
94.04,74.46969713919007,19.57030286080993
62.08,61.59295152658586,0.48704847341414137
51.73,49.189807054455926,2.540192945544071
50.1,46.24108288515415,3.858917114845852
60.18,72.60757621783654,-12.427576217836538
57.58,50.69992232695699,6.8800776730430115
85.24,87.1536646483437,-1.9136646483437119
70.03,77.12686430002354,-7.09686430002354
65.2,57.7151063966947,7.484893603305302
80.08,67.9246451057111,12.155354894288905
42.85,46.775134088369555,-3.9251340883695534
65.62,74.7377768126488,-9.117776812648799
74.76,73.52503437806925,1.2349656219307548
76.77,71.19730058468807,5.572699415311931
20.53,41.01559382867198,-20.48559382867198
69.22,64.85047392282463,4.369526077175365
37.27,52.883393998302886,-15.613393998302882
65.25,67.76329442825133,-2.513294428251328
58.15,61.04865041581036,-2.8986504158103585
43.45,47.868023623978026,-4.418023623978023
68.16,58.59400529818281,9.56599470181719
60.8,72.65990374358421,-11.859903743584212
70.0,64.57778882706283,5.422211172937168
74.2,71.01971139320686,3.180288606793141
52.1,51.88943812954716,0.21056187045284247
82.43,79.79402156565804,2.6359784343419648
51.79,59.13575122079284,-7.345751220792842
83.76,73.01795767765977,10.74204232234024
64.82,38.283676092101175,26.53632390789882
52.9,57.57101806369646,-4.671018063696458
58.28,61.97070449532252,-3.690704495322521
70.06,63.875656919777086,6.1843430802229165
74.27,65.91231709937588,8.357682900624113
52.88,56.284088198330984,-3.4040881983309816
31.77,36.624903626031184,-4.854903626031184
82.65,76.44047773392228,6.209522266077727
61.56,61.49685756434391,0.0631424356560899
65.37,67.2114428027018,-1.841442802701792
41.16,54.982505691167994,-13.822505691167997
62.72,62.10146915901671,0.6185308409832899
59.91,69.44560862268344,-9.53560862268344
57.95,70.14211275215325,-12.19211275215325
57.86,64.74014583094056,-6.880145830940563
84.76,80.1653855519818,4.594614448018206
66.66,44.828415752339374,21.831584247660622
49.11,65.565363948573,-16.455363948572995
54.89,61.03990291328006,-6.149902913280059
58.31,56.326160927498,1.9838390725020005
21.34,50.994671418768775,-29.654671418768775
50.68,50.2055415126761,0.4744584873239006
52.25,50.91798331824726,1.3320166817527408
82.64,64.7315919506356,17.908408049364397
71.13,67.06296543448272,4.067034565517275
66.92,62.529366227463825,4.390633772536177
79.17,76.85405672533408,2.3159432746659263
73.17,76.73328797505197,-3.5632879750519635
68.17,69.76140500853403,-1.591405008534025
33.64,44.25732289052763,-10.617322890527632
68.69,64.69511337526349,3.994886624736509
37.37,52.30648344687438,-14.936483446874384
55.26,60.55899938083809,-5.29899938083809
87.06,81.24328468114065,5.816715318859352
51.12,61.61928481480195,-10.499284814801953
70.58,64.44819737953857,6.131802620461428
60.72,52.54343178021752,8.176568219782482
53.99,63.108931171362975,-9.118931171362973
76.43,75.1908756130382,1.2391243869618052
68.68,57.70577759946442,10.974222400535588
62.43,69.14697981712695,-6.716979817126948
55.84,58.60960693994912,-2.7696069399491137
56.15,73.17398751194021,-17.023987511940213
81.52,68.18035762245832,13.33964237754168
75.16,71.8708029925953,3.2891970074046952
33.58,40.723288721871356,-7.143288721871357
82.15,69.8403159036585,12.309684096341499
75.05,75.02719479597063,0.022805204029367587
73.87,67.67664087984524,6.193359120154767
60.38,60.284380055057504,0.09561994494249859
64.03,60.8725618394069,3.1574381605931023
68.43,80.39422480375086,-11.964224803750852
37.81,29.07125003143831,8.738749968561692
58.23,61.4563733792799,-3.226373379279906
87.48,84.28401808712482,3.195981912875183
37.64,56.53933888320816,-18.89933888320816
73.62,65.04410781746162,8.575892182538382
51.0,52.017967360867594,-1.017967360867594
59.18,68.03586797905403,-8.855867979054032
42.48,37.28501795355965,5.1949820464403444
68.25,59.4741242176356,8.775875782364402
66.82,72.41049336681375,-5.59049336681376
55.34,59.61115471911149,-4.271154719111486
60.91,59.63646501640185,1.2735349835981467
29.89,34.36653755311334,-4.476537553113339
58.54,57.18180812557386,1.35819187442614
53.4,52.10325150933452,1.296748490665479
59.99,51.20430477559732,8.78569522440268
61.98,60.69190143285057,1.2880985671494258
64.76,72.80047871909191,-8.040478719091908
41.73,51.85610461533454,-10.12610461533454
70.24,58.90600899205849,11.333991007941506
59.59,55.45405282516747,4.1359471748325305
32.14,42.92515351878861,-10.785153518788611
80.58,58.136384742903715,22.443615257096283
100.0,75.84679497797738,24.153205022022618
48.0,37.68687870369358,10.31312129630642
62.45,59.932423968674705,2.517576031325298
76.58,71.36772804749928,5.212271952500714
58.15,73.60817956200762,-15.458179562007622
65.86,55.93190211376597,9.928097886234028
68.13,79.19497762316506,-11.064977623165063
53.37,60.8201767518693,-7.4501767518693
38.75,35.16057378560027,3.5894262143997295
29.96,21.618688621115353,8.341311378884647
63.19,63.664222599780885,-0.4742225997808873
92.38,72.43142386624478,19.94857613375521
83.38,90.49724627555361,-7.117246275553612
67.03,73.01436562369396,-5.984365623693961
66.33,52.55172227201641,13.778277727983586
77.4,75.08833355197233,2.3116664480276796
43.89,49.07269989238709,-5.182699892387092
48.39,54.640516586083606,-6.250516586083606
49.16,47.094103405144914,2.065896594855083
45.98,53.26590747873505,-7.285907478735055
67.71,55.37921098049467,12.330789019505325
70.18,68.73876382513849,1.4412361748615155
38.26,47.34702502962806,-9.087025029628059
67.91,76.85314973391762,-8.943149733917622
63.14,76.76554145655352,-13.62554145655352
50.03,48.780262839392904,1.249737160607097
81.82,85.7625213482786,-3.9425213482786035
55.35,67.25836647229418,-11.908366472294183
87.27,91.96440392414621,-4.694403924146215
72.65,55.08658711652916,17.563412883470846
61.03,64.29644307535648,-3.2664430753564773
62.66,58.7174571658726,3.9425428341273943
45.67,46.65113588691252,-0.9811358869125186
41.37,46.25996684795614,-4.889966847956146
51.3,60.04058735076146,-8.740587350761466
53.96,53.50519826750632,0.45480173249367795
53.84,67.12400293489492,-13.284002934894914
100.0,94.282760707896,5.717239292103997
65.23,48.87675852310812,16.35324147689188
65.9,66.9991455793359,-1.0991455793358966
89.37,69.49139753620284,19.878602463797165
59.2,67.25017676298933,-8.050176762989324
70.71,79.34889483379202,-8.638894833792023
66.53,65.370865638989,1.1591343610109988
77.21,74.76104750550272,2.448952494497277
76.29,71.54834860731793,4.741651392682073
36.7,28.527005862122177,8.172994137877826
54.47,53.59689570962359,0.8731042903764106
67.81,61.23767008642018,6.572329913579821
79.41,70.27540488337822,9.134595116621782
58.11,68.34520292774161,-10.23520292774161
54.33,56.58990499142616,-2.2599049914261613
56.32,63.42208599341434,-7.102085993414342
59.43,57.801083829148205,1.6289161708517952
62.63,52.489790779024794,10.140209220975208
71.12,67.84135062866075,3.278649371339256
55.53,57.92544653090765,-2.3954465309076483
55.03,65.6817522032134,-10.651752203213405
58.15,60.332693610599314,-2.1826936105993155
67.5,59.31593679165861,8.184063208341392
65.33,63.68180792055742,1.6481920794425804
72.6,66.89180013366422,5.708199866335775
45.66,51.04453603885952,-5.3845360388595225
25.52,46.48713973904281,-20.96713973904281
73.2,67.79320346403213,5.406796535967871
65.55,62.880630639139014,2.6693693608609834
56.98,68.5614822111396,-11.581482211139608
67.44,45.155332835479086,22.28466716452091
61.46,70.62061361892096,-9.160613618920955
52.1,55.721754950023715,-3.621754950023714
93.62,67.90370542537985,25.71629457462015
56.13,55.16834192544185,0.9616580745581516
79.57,85.66482892946622,-6.094828929466232
61.58,60.13702662311377,1.4429733768862292
92.43,82.82273507368853,9.607264926311473
59.59,48.991856017320536,10.598143982679467
77.08,74.36981239526442,2.71018760473558
61.2,71.1092209982392,-9.909220998239192
58.84,60.09746241579228,-1.2574624157922756
65.63,78.80807306508318,-13.178073065083183
61.28,54.60733031502096,6.6726696849790414
49.8,42.08391608214416,7.7160839178558405
61.6,68.87189970022293,-7.271899700222924
25.23,47.48350747457407,-22.253507474574068
68.16,80.61548609666679,-12.455486096666789
42.33,42.37917657750688,-0.0491765775068842
58.78,58.10282818692946,0.6771718130705437
50.29,50.355630532203286,-0.0656305322032864
91.13,81.65586559068463,9.474134409315369
78.2,82.74086119813691,-4.540861198136909
53.85,54.706553894805374,-0.8565538948053728
48.99,64.19376820421756,-15.20376820421756
59.48,53.3461038183473,6.133896181652695
75.77,77.6597191420239,-1.8897191420239068
81.83,70.20173398497143,11.628266015028572
61.59,67.97091204090164,-6.380912040901634
72.39,59.59540097882365,12.794599021176353
58.8,57.37036882326712,1.429631176732876
89.0,76.95565617149113,12.044343828508872
39.93,63.75443846078302,-23.82443846078302
66.2,70.2369076025377,-4.0369076025376955
71.61,75.07357058245432,-3.4635705824543237
76.94,63.03481885472391,13.905181145276089
75.92,61.31985877420495,14.60014122579505
78.18,71.67844229778564,6.50155770221437
73.23,61.83621519105916,11.393784808940843
71.17,83.53213939572125,-12.362139395721243
71.39,66.84958566581437,4.540414334185627
51.73,57.600671190029786,-5.870671190029789
41.62,53.16264933519646,-11.542649335196465
49.94,53.39986487670253,-3.4598648767025324
66.88,77.48544957518625,-10.605449575186256
63.64,54.878016485489944,8.761983514510057
31.55,52.86946775628621,-21.319467756286212
62.74,56.87445630582317,5.865543694176829
56.89,62.844329396855976,-5.954329396855975
87.29,87.54398647845122,-0.2539864784512105
51.38,53.26075428497637,-1.8807542849763692
77.26,70.35022785108069,6.909772148919316
90.34,74.01987193045959,16.320128069540417
45.4,65.3137131214568,-19.9137131214568
62.82,60.98333893918671,1.8366610608132916
73.44,61.429807032876774,12.010192967123224
85.28,81.4345739847209,3.845426015279102
63.19,64.22234057305243,-1.032340573052437
56.99,63.9466826521746,-6.9566826521745995
68.24,78.77136744519446,-10.531367445194462
71.14,67.99958146397596,3.1404185360240433
86.44,80.1798264693349,6.260173530665099
77.87,76.9847008289885,0.8852991710115106
56.78,56.507987043422084,0.27201295657791746
87.33,83.77044043335935,3.559559566640644
83.03,84.32912785274355,-1.2991278527435526
49.55,63.03292463238114,-13.482924632381142
61.92,54.48986650135943,7.430133498640572
51.54,59.82355284030235,-8.283552840302349
53.9,52.79021585795675,1.109784142043246
41.87,46.41777234831558,-4.547772348315583
59.5,59.019854049990414,0.48014595000958593
78.68,66.78346801161987,11.896531988380133
85.2,60.61694909284576,24.583050907154245
28.93,60.87435253695764,-31.944352536957638
51.03,47.87725794819041,3.1527420518095894
80.19,81.7404140486542,-1.5504140486542042
49.17,51.09501732615306,-1.9250173261530605
86.27,75.01478355888938,11.255216441110619
64.3,65.12326884171057,-0.823268841710572
80.85,59.63478646420592,21.21521353579407
78.4,77.74752439657094,0.6524756034290675
63.74,68.93959101606576,-5.19959101606576
49.08,55.51036696334748,-6.430366963347481
66.73,70.18151878110345,-3.451518781103445
67.7,60.8478027782582,6.852197221741804
83.83,86.95371821740267,-3.1237182174026685
72.72,61.242812538707966,11.477187461292033
71.45,59.47033981505658,11.97966018494342
81.6,80.57627593587851,1.023724064121481
79.84,81.90996015929917,-2.069960159299171
52.25,55.8081229914036,-3.5581229914036
71.44,65.76426539478577,5.675734605214231
80.67,82.09364021201176,-1.4236402120117617
37.98,43.66262846099254,-5.682628460992547
26.61,45.80403703785194,-19.194037037851942
35.1,34.746589377663845,0.35341062233615617
65.3,57.450551213787264,7.849448786212733
52.24,59.50863948867848,-7.268639488678481
65.95,76.1879745208815,-10.237974520881494
48.8,36.853076137372376,11.94692386262762
64.95,36.33034314527998,28.61965685472002
69.01,66.61575863435112,2.394241365648881
47.82,55.913331912839695,-8.093331912839695
66.96,65.04704880111596,1.9129511988840306
100.0,87.60527615469479,12.394723845305208
98.31,83.73846368846931,14.571536311530693
81.4,77.20223644968543,4.197763550314576
49.8,57.82653162468269,-8.02653162468269
58.07,66.17097630239117,-8.100976302391167
62.14,47.368095329878734,14.771904670121266
60.25,59.12201698514885,1.1279830148511465
75.16,59.39086262012095,15.769137379879048
72.03,64.97870321082603,7.051296789173975
99.22,83.0800582921277,16.139941707872296
48.56,61.792555208573035,-13.232555208573032
61.82,53.798961496103836,8.021038503896165
66.18,70.28444714644465,-4.104447146444642
49.82,52.089891316902175,-2.269891316902175
76.64,67.13455217924364,9.505447820756359
82.37,70.77251973677696,11.597480263223048
100.0,90.42120711489581,9.578792885104193
16.93,33.36674074617433,-16.43674074617433
73.84,71.22560329886811,2.614396701131895
62.12,57.9687920477991,4.151207952200899
77.3,74.24057204016836,3.0594279598316376
75.15,72.74812080263908,2.401879197360927
62.45,58.90528365066225,3.5447163493377545
57.57,73.31825247872928,-15.748252478729277
36.81,54.08199540245997,-17.271995402459964
56.24,56.3765612345556,-0.1365612345556002
59.26,62.01462987257884,-2.754629872578839
63.11,68.22280819189928,-5.112808191899276
62.03,58.37863337197392,3.651366628026082
95.05,74.40266029401113,20.64733970598887
82.8,64.68481917203846,18.115180827961538
46.76,53.206997479121064,-6.446997479121066
61.49,59.55123132577179,1.9387686742282142
39.22,47.13839992249496,-7.918399922494963
99.48,93.23694233923517,6.243057660764833
75.99,80.60195743200433,-4.611957432004331
51.71,54.5015798563529,-2.7915798563528966
37.29,43.26498794860534,-5.974987948605339
41.87,43.10450013564901,-1.2345001356490144
74.13,79.9043747031414,-5.7743747031414046
69.36,68.38298392245811,0.9770160775418901
60.94,55.09946815383244,5.840531846167558
69.5,68.17904759411859,1.320952405881414
50.09,59.54787623534242,-9.457876235342418
61.28,63.067074060301785,-1.7870740603017836
63.19,55.69687838446855,7.49312161553145
49.42,55.42485874399476,-6.00485874399476
75.7,75.7364949316626,-0.036494931662602426
43.68,50.51598810834027,-6.835988108340267
73.76,71.73063790606466,2.0293620939353474
76.4,75.5170333750331,0.8829666249669117
72.82,71.90742320723008,0.9125767927699115
51.47,61.45499579850172,-9.984995798501721
52.81,61.41762302957458,-8.607623029574576
38.0,51.36128374257759,-13.36128374257759
56.66,69.8442399938975,-13.184239993897506
35.62,45.22273128562074,-9.602731285620742
69.99,58.528253142134176,11.461746857865819
67.19,53.01084749762239,14.179152502377605
34.64,39.823161199395486,-5.183161199395485
58.05,64.24442424973364,-6.194424249733643
54.65,53.066353235302444,1.583646764697555
64.33,66.10334572007265,-1.7733457200726548
45.33,64.73307784167521,-19.403077841675213
62.81,67.11103694565386,-4.301036945653863
62.21,55.708726633192654,6.501273366807347
51.45,57.38792489690566,-5.937924896905656
55.33,41.30780818805426,14.022191811945738
58.72,63.204688486222715,-4.484688486222716
48.6,40.81236613790761,7.787633862092392
67.77,66.64897555780104,1.1210244421989586
50.04,66.5407777883927,-16.500777788392703
60.18,56.52195545718871,3.6580445428112895
40.16,41.88695564419919,-1.7269556441991938
66.15,66.8145931520422,-0.664593152042201
80.2,85.87690600095911,-5.676906000959107
68.7,77.05919953473087,-8.359199534730863
63.34,62.28236880098655,1.05763119901345
45.58,58.13111389243739,-12.551113892437392
73.84,51.19252275728426,22.647477242715745
63.62,74.09680707655592,-10.476807076555922
87.32,57.39272222373735,29.927277776262642
73.4,64.85550226031745,8.544497739682555
46.71,60.18031353640251,-13.470313536402507
66.32,48.91484573594238,17.405154264057614
40.98,71.28924896987932,-30.309248969879327
68.42,61.36521613900527,7.054783860994732
39.17,34.18310010332868,4.986899896671325
67.03,50.98869987944188,16.04130012055812
75.76,73.3141031817738,2.4458968182262026
35.7,57.560528239618776,-21.860528239618773
61.67,57.81532919370023,3.8546708062997723
58.75,54.46928018566324,4.280719814336763
45.54,54.20867623076591,-8.66867623076591
68.14,66.75317356084092,1.3868264391590799
45.3,48.41541640058143,-3.115416400581431
33.42,42.80217502106438,-9.382175021064377
52.09,58.35915456627573,-6.2691545662757235
65.67,56.16323835719187,9.50676164280813
49.94,59.65978610255032,-9.719786102550323
68.1,65.91656914092484,2.183430859075159
75.38,72.23539167571057,3.144608324289422
53.86,52.715012448788634,1.144987551211365
60.55,71.01833165099619,-10.468331650996191
65.91,61.345380016179355,4.564619983820641
59.4,63.32244083648908,-3.9224408364890806
68.92,61.81127538617494,7.108724613825061
90.99,68.73026988493265,22.25973011506734
71.66,69.56137019153505,2.098629808464949
61.61,67.46059841862174,-5.850598418621743
68.23,61.249477905889016,6.980522094110988
47.24,57.42107162114035,-10.181071621140347
32.24,46.83196820738987,-14.591968207389868
35.81,40.75754499731297,-4.947544997312967
73.23,58.319826267791534,14.91017373220847
85.17,83.17264112670428,1.997358873295724
51.03,44.33971460703526,6.690285392964739
86.96,88.30171736797162,-1.3417173679716257
51.64,58.804113317351344,-7.164113317351344
70.84,69.34686675900262,1.4931332409973805
48.92,46.02150221564632,2.8984977843536797
48.35,58.388322128634094,-10.038322128634093
84.65,70.5535253249859,14.096474675014107
65.44,71.38193994237857,-5.941939942378568
79.8,80.1006241160493,-0.30062411604930617
41.85,54.67507631910427,-12.82507631910427
74.74,79.95040843149619,-5.210408431496191
73.8,67.3077584227746,6.4922415772254
50.22,52.411690932914965,-2.191690932914966
53.56,60.43084567167171,-6.8708456716717095
56.33,64.73231918996824,-8.402319189968239
53.07,46.6915403094189,6.378459690581103
70.02,68.34182588965582,1.6781741103441732
55.92,58.959741516013636,-3.0397415160136347
63.82,70.95537718445296,-7.135377184452956
61.29,53.73492224708522,7.555077752914777
61.69,57.70537936275979,3.984620637240205
48.43,56.08049297380994,-7.650492973809939
43.22,61.61801295177325,-18.398012951773254
62.36,60.9868040538795,1.3731959461204966
57.37,54.21473944883299,3.155260551167011
45.69,47.60996080862471,-1.9199608086247153
43.76,46.11932801667067,-2.3593280166706734
47.14,54.88677650659309,-7.746776506593086
50.15,55.59141165971676,-5.441411659716763
47.69,40.31604868574248,7.373951314257518
59.67,62.622443049599994,-2.9524430495999923
58.73,60.97846367859993,-2.248463678599933
48.54,57.41730060487591,-8.877300604875913
49.24,79.36468062422574,-30.12468062422574
57.85,64.59727587629527,-6.747275876295269
30.54,37.648287649717815,-7.108287649717816
45.89,51.51747448779195,-5.62747448779195
67.26,86.71042093503405,-19.450420935034046
44.99,46.867017752648856,-1.8770177526488538
41.94,51.23277506992204,-9.292775069922044
64.55,70.5766328594351,-6.026632859435097
46.65,40.71339490136317,5.936605098636825
26.35,45.61661499364236,-19.266614993642357
85.48,78.30607564873802,7.173924351261988
81.14,74.12685211901868,7.013147880981322
60.6,80.48920376770154,-19.889203767701538
91.13,99.39406072378985,-8.264060723789854
58.36,50.82409081263504,7.5359091873649575
51.52,63.755181870409444,-12.235181870409441
35.68,34.65427976287416,1.0257202371258387
60.99,67.11154735009646,-6.121547350096456
63.07,59.662846473647896,3.4071535263521042
40.4,67.19466662606364,-26.794666626063638
54.3,63.27739447236024,-8.977394472360245
70.12,74.01425626200694,-3.894256262006934
49.86,71.26702653861743,-21.40702653861743
52.23,59.49006655941831,-7.260066559418313
59.64,60.605844140317515,-0.9658441403175146
62.89,67.16504207967618,-4.275042079676183
62.04,71.23402294594361,-9.194022945943608
61.09,61.54244822432638,-0.45244822432637477
60.3,58.67129600922171,1.628703990778284
24.5,26.580955089291376,-2.0809550892913755
58.59,74.05825215450695,-15.468252154506942
69.98,68.39216451208732,1.5878354879126846
44.81,43.637204211955364,1.1727957880446382
59.77,52.01931980130742,7.750680198692585
51.75,59.351057171601774,-7.601057171601774
49.72,56.262558175849435,-6.542558175849436
59.23,45.62548652880138,13.604513471198615
48.62,64.69801489332464,-16.078014893324642
61.8,68.1594898474438,-6.359489847443797
68.28,66.07575064226896,2.204249357731044
70.58,72.29898305804764,-1.718983058047641
70.67,64.31509703348337,6.354902966516633
62.65,61.891027162877215,0.7589728371227835
36.34,35.12694346032807,1.213056539671932
50.88,61.46148497859496,-10.581484978594958
64.09,62.169033413127394,1.9209665868726091
64.45,69.24022169691574,-4.7902216969157365
64.36,73.91888377698426,-9.55888377698426
47.64,48.536801438439525,-0.8968014384395246
75.84,69.6198577967068,6.220142203293207
44.33,42.711935080217245,1.6180649197827535
84.16,75.5304647611515,8.62953523884849
46.2,49.401466679952705,-3.201466679952702
97.04,71.96617821941017,25.07382178058984
30.07,41.37507454447216,-11.305074544472163
89.78,72.83676340309634,16.94323659690366
81.28,81.40367607593063,-0.12367607593063212
71.61,68.96023801606088,2.649761983939115
47.71,60.79622737855784,-13.086227378557837
37.1,41.10759457798004,-4.007594577980036
49.66,53.015925825473346,-3.3559258254733493
48.17,45.15070531821133,3.019294681788672
57.67,57.438492249810345,0.23150775018965675
49.52,71.57813955694469,-22.05813955694469
66.11,75.99131730742684,-9.88131730742684
65.37,66.88785955903727,-1.5178595590372623
62.19,57.02395121619958,5.16604878380042
60.1,62.0427493990174,-1.9427493990174014
71.13,65.41446527638861,5.715534723611384
50.39,40.123531400684186,10.266468599315814
91.22,79.94868924246262,11.271310757537378
56.43,54.79699283197484,1.6330071680251592
75.5,66.29794628368687,9.20205371631313
48.22,39.10400496290741,9.115995037092588
55.61,52.97798097908468,2.6320190209153225
80.28,84.61259262683551,-4.332592626835506
80.12,73.71197395067668,6.408026049323325
24.9,45.843679221448355,-20.943679221448356
89.49,90.83161102225642,-1.34161102225643
52.95,54.25187175015544,-1.3018717501554349
52.0,53.23155210360691,-1.2315521036069086
60.08,70.03354146220556,-9.953541462205564
55.09,55.634012645552126,-0.5440126455521224
65.78,63.296149840573044,2.4838501594269573
73.7,71.78486984195438,1.9151301580456277
73.44,76.76921600123137,-3.329216001231373
65.78,70.50052701207046,-4.7205270120704625
65.64,66.89339582144714,-1.2533958214471426
59.41,61.95221582256712,-2.5422158225671225
41.2,57.233269578870754,-16.03326957887075
27.61,33.26987872007216,-5.659878720072157
61.05,65.18048149143358,-4.130481491433585
55.05,53.55197110317403,1.4980288968259643
57.6,51.83023825098476,5.769761749015238
73.81,67.28690671323126,6.5230932867687415
59.82,63.302222425477,-3.482222425476998
64.91,62.247302210099825,2.6626977899001716
98.78,74.98525006279684,23.794749937203164
68.44,65.3533612461105,3.0866387538895026
68.53,74.95430315449826,-6.424303154498261
62.77,66.32322151101357,-3.553221511013568
89.73,83.54375544658004,6.186244553419968
58.47,55.3319121179719,3.1380878820280955
67.03,65.35088151985947,1.6791184801405308
80.54,84.33399154783656,-3.793991547836555
82.25,72.81433405227352,9.435665947726477
55.43,68.11275779898224,-12.682757798982244
47.87,53.46215476950006,-5.592154769500063
26.43,47.12439805744269,-20.69439805744269
22.35,35.80849216332583,-13.458492163325829
40.62,54.36019643480101,-13.740196434801014
55.29,48.69298235445271,6.5970176455472895
45.91,50.95179815314928,-5.04179815314928
66.35,63.42604837343335,2.923951626566641
31.17,34.25388369841416,-3.083883698414155
50.99,51.24333781724332,-0.2533378172433203
49.35,57.1976308086337,-7.847630808633696
66.27,64.90491740278513,1.3650825972148652
65.02,64.77740785265749,0.24259214734250634
51.38,53.409253072454355,-2.0292530724543525
86.75,77.57769014506866,9.172309854931342
72.42,74.58302939686317,-2.163029396863166
64.13,67.24538617770493,-3.1153861777049343
61.23,59.22585626241857,2.0041437375814297
48.58,37.7059855471052,10.874014452894798
69.05,67.62577392598801,1.4242260740119832
31.98,40.87996904251222,-8.899969042512222
48.85,62.7222309762902,-13.872230976290197
61.42,71.45468360059124,-10.034683600591237
58.57,43.333246101568704,15.236753898431296
70.14,65.01578702476661,5.124212975233391
58.62,68.4913579023412,-9.87135790234121
72.39,72.30516987964779,0.08483012035220838
72.39,66.4848186368916,5.905181363108397
63.87,67.74707013111458,-3.8770701311145856
77.15,77.05245688779914,0.0975431122008672
44.14,50.68557609735673,-6.545576097356729
49.76,53.642935803200885,-3.882935803200887
44.66,44.09644808946759,0.5635519105324036
42.89,48.32907793054148,-5.43907793054148
97.61,65.60611367459465,32.00388632540535
56.65,54.62257634272603,2.027423657273971
70.87,63.20784440589207,7.6621555941079365
63.09,49.32204181191878,13.767958188081224
76.61,66.37028124563194,10.239718754368056
82.67,78.12224431541702,4.547755684582981
32.95,38.85230788442265,-5.9023078844226475
55.37,54.196330513388354,1.1736694866116437
42.6,52.27738343487447,-9.677383434874471
34.42,37.81639810846034,-3.396398108460339
69.28,85.12659228945051,-15.846592289450513
56.78,50.78853021749948,5.991469782500523
56.08,47.780093185607875,8.299906814392124
57.34,50.55257001635706,6.787429983642944
58.43,56.1590746909993,2.2709253090007024
54.62,69.22753639738997,-14.607536397389971
75.32,58.38691953716349,16.9330804628365
71.09,75.92093223980754,-4.830932239807538
48.22,46.32680348926386,1.8931965107361393
49.59,57.87609808796778,-8.28609808796778
54.37,58.944381099408716,-4.574381099408718
40.74,52.06602733831283,-11.326027338312826
52.13,61.39115197695537,-9.261151976955368
73.7,59.97668444544292,13.723315554557082
55.49,55.54076577235728,-0.050765772357280525
56.04,57.36166720830683,-1.3216672083068275
99.31,84.24438419846972,15.065615801530285
53.25,63.81751080809837,-10.567510808098369
49.71,42.93359234979551,6.77640765020449
47.9,41.49103358828373,6.408966411716271
74.46,68.90471599608965,5.555284003910344
73.93,63.5502247589748,10.379775241025207
66.1,64.15276875833374,1.947231241666259
77.48,62.481173230961076,14.998826769038928
56.53,57.635370289949066,-1.1053702899490645
89.94,80.87005006341562,9.06994993658438
78.27,59.06050274881508,19.209497251184914
92.12,74.02064482757224,18.099355172427764
70.97,56.052635446234405,14.917364553765594
61.91,48.53465453625551,13.375345463744488
61.4,69.3556953250384,-7.955695325038398
24.52,42.57466547736835,-18.05466547736835
45.17,61.4534018704745,-16.2834018704745
71.62,69.25756458461858,2.3624354153814267
49.26,50.06588203812883,-0.8058820381288285
50.78,51.51372495507403,-0.733724955074031
52.8,52.34061349087112,0.45938650912887624
74.94,70.92115555717685,4.018844442823152
62.53,67.38398109019298,-4.853981090192974
81.2,82.65668587434922,-1.456685874349219
65.29,60.28842312842528,5.001576871574727
50.29,39.93736567273626,10.352634327263736
61.64,63.204563367471174,-1.5645633674711732
80.02,85.30474702058358,-5.2847470205835805
53.47,84.01738186559878,-30.54738186559878
81.28,67.53883782100169,13.741162178998309
64.11,63.91824618986033,0.19175381013967296
51.55,61.671862397938355,-10.121862397938358
69.37,80.09044151377196,-10.72044151377196
57.83,66.22846673259056,-8.398466732590563
70.37,53.384196807269085,16.98580319273092
81.02,79.66913464943585,1.350865350564149
85.33,92.59545823315996,-7.265458233159961
76.27,66.02649820312504,10.243501796874952
63.05,62.89655738065549,0.15344261934450998
68.24,72.68005145402827,-4.4400514540282785
73.46,76.15305632126888,-2.693056321268884
69.63,56.577560968317414,13.052439031682582
53.18,71.93361771648692,-18.75361771648692
46.68,57.60516501828677,-10.92516501828677
39.41,52.29693176623303,-12.886931766233033
49.46,57.10482103649562,-7.644821036495621
67.02,60.711084051919514,6.308915948080482
39.82,41.44206827051406,-1.6220682705140632
56.71,60.980653003516295,-4.270653003516294
60.72,68.7335332710963,-8.013533271096307
86.7,73.05713536971261,13.642864630287391
66.78,71.4245332790237,-4.644533279023705
64.69,67.85892576900119,-3.1689257690011914
61.37,61.69493734459092,-0.3249373445909214
27.87,38.68413272997534,-10.814132729975338
69.02,67.61818466849323,1.4018153315067678
76.75,71.91119335574733,4.838806644252671
80.35,70.21087456722849,10.139125432771507
44.98,42.650984628885205,2.3290153711147923
53.29,57.68253131616971,-4.392531316169709
68.52,66.26534793357645,2.254652066423546
88.97,73.367859916413,15.602140083587003
92.11,89.69567094929187,2.414329050708133
67.03,55.525845928213144,11.504154071786857
89.7,60.286694622230065,29.413305377769937
56.09,66.9665023169506,-10.876502316950592
63.88,66.62987026345127,-2.749870263451264
39.85,47.77302146433872,-7.923021464338717
75.26,75.19626657558699,0.06373342441301588
72.21,80.36957924885893,-8.159579248858932
70.51,67.88292688579632,2.6270731142036823
65.82,73.85600852134863,-8.036008521348634
35.5,50.719150350982346,-15.219150350982346
52.5,53.32828707459293,-0.8282870745929287
14.05,29.313104305089155,-15.263104305089154
79.21,66.4221576672198,12.787842332780187
83.57,49.32469337458516,34.245306625414834
73.44,55.37273188749644,18.067268112503555
78.08,82.84741846385757,-4.767418463857567
56.06,49.584809401747165,6.475190598252837
40.0,53.89176096903798,-13.891760969037982
70.03,75.43203628159961,-5.402036281599607
71.23,77.99587018382887,-6.765870183828866
83.45,72.83797896198854,10.612021038011463
43.36,43.80296378233336,-0.44296378233335787
74.16,54.455719258055055,19.70428074194494
62.22,55.56598100398135,6.6540189960186495
47.37,51.08875603675929,-3.718756036759295
68.11,72.21186913209615,-4.101869132096155
52.8,52.13293772457845,0.66706227542155
58.41,70.94590908796613,-12.535909087966132
60.48,49.770475105388215,10.709524894611782
86.46,79.08820812013396,7.371791879866038
80.85,75.64571342985496,5.20428657014503
67.29,71.94804519364814,-4.658045193648135
72.22,69.12986965032569,3.090130349674311
79.29,73.68102811796822,5.608971882031781
76.66,76.5981689915905,0.06183100840949862
47.81,43.45385551138082,4.356144488619179
81.97,70.77749776518647,11.192502234813531
57.8,54.48051702301717,3.319482976982826
54.71,64.38739216041519,-9.677392160415188
75.2,78.89049197304988,-3.6904919730498733
77.14,83.26044004248398,-6.1204400424839775
54.89,50.243206718331614,4.646793281668387
49.25,51.317033507213715,-2.067033507213715
60.8,70.58830701931595,-9.788307019315951
50.6,41.68806411323491,8.911935886765093
79.43,80.06810790113252,-0.6381079011325141
64.53,53.08541550339436,11.444584496605643
47.18,45.43375482879132,1.7462451712086775
74.76,63.22096545910568,11.539034540894328
71.65,55.32160796655745,16.328392033442555
63.18,72.21732759058784,-9.037327590587843
70.21,53.94386441948199,16.266135580518004
88.69,77.1017087808878,11.588291219112193
84.66,79.90407594665685,4.755924053343151
57.87,70.5745816574254,-12.7045816574254
51.51,42.33894024477463,9.171059755225365
62.6,62.728698574445794,-0.12869857444579225
89.08,86.10813968297009,2.9718603170299076
72.55,65.06515702107336,7.484842978926636
48.7,53.8743195189278,-5.1743195189277955
47.15,38.07069669697491,9.079303303025085
55.8,62.67124639046399,-6.871246390463995
46.98,51.783907478647016,-4.8039074786470195
56.62,41.4422236203395,15.1777763796605
45.1,48.409311356663096,-3.3093113566630947
72.46,62.38802742062993,10.071972579370062
64.89,60.9261966966154,3.9638033033846014
38.54,42.53796196592197,-3.9979619659219736
81.24,68.58522245673761,12.654777543262384
73.98,69.4275152424152,4.552484757584807
92.5,67.66904434330506,24.83095565669494
43.91,50.62212066523343,-6.712120665233435
64.41,60.96044288465785,3.449557115342145
37.01,47.59507234698084,-10.585072346980844
72.61,77.01798512483519,-4.407985124835193
33.5,61.49748164945552,-27.997481649455523
51.23,66.60623968813721,-15.376239688137211
58.07,58.389563974234335,-0.3195639742343346
50.74,57.939092803796704,-7.199092803796702
51.07,59.2461357327667,-8.176135732766703
44.57,58.75846859463227,-14.188468594632269
60.26,50.99765418598044,9.262345814019561
45.4,52.22816305632271,-6.828163056322708
57.21,51.97759099922284,5.23240900077716
72.71,62.12516327532129,10.584836724678702
58.51,56.07880670612472,2.4311932938752747
45.48,49.59907454549339,-4.11907454549339
67.47,52.138163339731896,15.331836660268102
66.23,78.64755909137565,-12.41755909137565
42.2,36.07192400086167,6.128075999138332
67.34,58.880127815926414,8.459872184073589
56.48,53.80907982660673,2.67092017339327
82.08,66.3511012782968,15.728898721703203
67.79,58.8389832366697,8.951016763330308
54.25,73.45182133008606,-19.201821330086062
62.19,65.69418731220001,-3.504187312200017
58.95,53.75674344248507,5.193256557514935
86.55,76.66487737748838,9.885122622511616
84.01,81.60938329478482,2.400616705215185
77.12,75.4998474453196,1.620152554680402
37.51,38.034840713650176,-0.5248407136501783
68.47,75.6695351767747,-7.1995351767747024
54.33,55.548037559217924,-1.218037559217926
60.77,59.35865467961998,1.411345320380022
57.76,50.962498137545346,6.797501862454652
53.94,50.08992551766521,3.85007448233479
13.93,39.512082396304045,-25.582082396304045
62.33,70.08208271996949,-7.7520827199694935
72.75,72.55103083809907,0.1989691619009335
74.25,70.18768030681566,4.062319693184335
69.11,71.59605248193881,-2.4860524819388132
55.07,33.67938541358745,21.390614586412553
73.32,66.38702246811634,6.932977531883651
43.8,56.89527333849424,-13.095273338494245
66.07,68.52030284265858,-2.450302842658587
69.94,66.61439581220498,3.3256041877950224
69.91,58.23573551837199,11.674264481628008
100.0,84.29916250794923,15.700837492050766
63.95,58.408129675366624,5.541870324633379
55.4,61.83415525775297,-6.43415525775297
77.65,69.11908083107387,8.530919168926133
95.15,68.96878184423022,26.181218155769784
74.99,56.33630396638074,18.653696033619255
64.36,69.83885851330365,-5.478858513303649
66.53,68.63982552567592,-2.109825525675916
93.75,77.02869182591166,16.721308174088335
46.22,47.07880681548915,-0.858806815489153
90.36,91.80705936417537,-1.4470593641753737
65.31,67.26402199715261,-1.9540219971526085
58.04,58.1618370362251,-0.12183703622510222
66.09,76.1605179783875,-10.0705179783875
93.07,85.25797608934995,7.812023910650041
64.54,72.96966357754746,-8.429663577547458
71.35,83.93918641523508,-12.58918641523509
64.89,67.45126368137515,-2.561263681375152
58.6,48.64919863301403,9.95080136698597
56.82,61.30717606999795,-4.48717606999795
84.35,80.73535623852177,3.61464376147822
66.49,63.48033456578265,3.0096654342173466
62.97,63.98348665454691,-1.0134866545469094
60.65,54.06128016565592,6.588719834344076
74.93,68.95961745062755,5.970382549372459
79.74,61.357711791227544,18.38228820877245
72.26,73.64889430872067,-1.3888943087206655
39.03,33.01861433341457,6.011385666585433
61.98,61.429044337200764,0.5509556627992325
94.82,70.97859636829425,23.841403631705745
59.06,52.506893843347605,6.553106156652397
81.49,71.4091195389772,10.0808804610228
49.22,57.72359434510969,-8.50359434510969
71.95,71.76524976959722,0.18475023040278415
59.33,54.04050824907639,5.2894917509236095
52.66,58.06009111072916,-5.400091110729164
73.82,63.834270194736256,9.985729805263738
92.18,69.42488966931893,22.755110330681077
64.79,70.36776869203379,-5.577768692033786
74.26,53.56559353912478,20.69440646087523
79.07,71.47724892350152,7.592751076498473
66.78,69.8128642706874,-3.032864270687398
60.31,61.97264753129281,-1.662647531292805
49.98,51.29347347158126,-1.3134734715812613
52.56,47.6241872923133,4.935812707686701
57.22,55.0567271173478,2.163272882652201
44.37,48.975888452689055,-4.605888452689058
67.49,68.49501690496948,-1.0050169049694802
94.66,72.19578119186394,22.464218808136053
87.22,72.8221148382126,14.3978851617874
49.88,37.14393572572586,12.736064274274142
67.96,67.76169602971437,0.19830397028562174
50.33,55.06102626319065,-4.73102626319065
82.92,69.53336341595254,13.386636584047466
59.51,62.41370407439933,-2.9037040743993288
80.79,66.54420863209755,14.245791367902456
70.0,74.96287160848213,-4.962871608482132
43.28,57.44316458786049,-14.163164587860486
56.92,52.0362662766128,4.883733723387202
73.44,69.49878123904156,3.941218760958435
44.56,43.257074773417905,1.3029252265820972
91.29,68.8365652051615,22.4534347948385
99.29,90.19235238669174,9.097647613308268
71.96,72.51930269148781,-0.5593026914878152
65.78,63.95222625541973,1.82777374458027
59.71,64.70468604175721,-4.9946860417572125
76.11,61.684170780852064,14.425829219147936
57.55,70.18044597250379,-12.630445972503793
42.64,48.29148376917334,-5.651483769173339
45.19,49.53362601868986,-4.343626018689861
47.44,55.118606196279615,-7.678606196279617
63.09,74.58253935946838,-11.492539359468381
82.25,80.4840087428528,1.7659912571472063
58.86,59.37177711925823,-0.5117771192582339
48.44,58.97422345414548,-10.534223454145483
63.9,56.325885785983566,7.574114214016433
50.4,48.18580652389775,2.2141934761022455
56.67,60.7581978674058,-4.088197867405796
48.33,60.1997955406453,-11.869795540645299
75.72,73.13073547006532,2.589264529934681
61.51,61.419719775007906,0.09028022499209243
50.54,54.83881857178596,-4.298818571785958
94.44,88.02039010566668,6.41960989433332
88.63,95.01375110755663,-6.383751107556634
100.0,86.45195699327917,13.548043006720832
58.14,56.694398744670245,1.4456012553297555
78.97,62.02473149301384,16.94526850698616
49.22,60.05186145132401,-10.83186145132401
60.17,61.00727268035888,-0.837272680358879
52.74,57.644238706074205,-4.904238706074203
64.97,50.9165732367616,14.053426763238399
87.15,71.56616261981547,15.583837380184534
51.21,46.27617374227916,4.933826257720838
32.13,40.950808035620526,-8.820808035620523
83.62,58.44023192747322,25.179768072526784
59.61,68.14762784676117,-8.537627846761168
47.25,38.74389029578764,8.506109704212363
55.36,63.93005867653568,-8.57005867653568
54.19,51.30562462364909,2.88437537635091
71.05,76.92722395018298,-5.87722395018298
72.6,67.71287702748035,4.887122972519649
54.45,43.68560212237796,10.764397877622045
72.54,56.36825686644359,16.17174313355642
37.89,46.51593812827916,-8.62593812827916
73.75,65.49016622328811,8.259833776711886
63.79,64.63274360987411,-0.8427436098741126
50.99,67.13989948158778,-16.149899481587774
67.98,78.36558494042015,-10.385584940420145
51.43,61.76324228371786,-10.333242283717858
59.74,67.80327706928226,-8.063277069282258
44.15,59.822679197828656,-15.672679197828657
75.46,77.9521557283754,-2.4921557283754083
62.75,50.696562816906145,12.053437183093855
60.24,54.22995653341526,6.01004346658474
72.06,60.1893918768632,11.870608123136805
99.64,80.11188363763962,19.52811636236038
65.37,45.92747877081448,19.442521229185523
52.8,67.31753970529299,-14.51753970529299
78.82,64.08985861607026,14.730141383929734
38.97,55.13009199043529,-16.16009199043529
49.98,44.83466712662325,5.145332873376745
75.88,81.88527064744356,-6.005270647443567
55.42,58.997090611436015,-3.577090611436013
57.14,54.57447856936576,2.5655214306342415
69.53,60.176374903980836,9.353625096019165
43.77,49.123550358619234,-5.353550358619231
46.66,56.10947210248935,-9.449472102489352
61.24,62.24126765744694,-1.0012676574469381
83.31,82.50513876183545,0.8048612381645484
72.27,74.3563666018634,-2.0863666018634035
77.39,70.6196330364715,6.770366963528502
41.4,43.61510000441618,-2.215100004416179
71.62,65.29139303378344,6.328606966216569
41.32,52.48541281353453,-11.16541281353453
74.79,75.89428164370008,-1.1042816437000766
67.08,57.737957221978796,9.342042778021202
53.89,73.42855943844411,-19.53855943844411
29.13,36.22589485164447,-7.09589485164447
77.85,59.27884625079562,18.571153749204377
88.56,75.79627103281584,12.763728967184164
44.1,45.58976787053848,-1.4897678705384791
80.86,81.81930239463112,-0.9593023946311234
72.73,78.2512823738684,-5.521282373868402
60.59,58.5790596776539,2.0109403223461015
62.54,69.55918830685528,-7.019188306855277
34.55,36.420561520272216,-1.8705615202722186
46.09,55.32741596184807,-9.237415961848065
49.9,44.04466518042425,5.855334819575745
52.38,60.8907041549732,-8.510704154973197
47.47,50.116075320233556,-2.6460753202335567
77.22,69.86348031073263,7.3565196892673725
53.55,52.52447817745126,1.0255218225487397
58.69,56.3172088272451,2.3727911727548943
62.32,64.08396429044298,-1.7639642904429778
70.68,74.29630100880183,-3.616301008801827
40.95,52.769540631374724,-11.819540631374721
85.58,79.6303707045271,5.949629295472903
37.86,47.302407687896334,-9.442407687896335
40.51,49.13042908924123,-8.620429089241235
66.48,69.30781056004238,-2.82781056004238
55.91,51.28357393467562,4.626426065324374
99.63,76.07358061687516,23.556419383124833
36.17,42.19724658723404,-6.027246587234039
47.64,48.17198120802177,-0.5319812080217687
68.08,77.23543543166163,-9.15543543166163
47.81,56.29164468014225,-8.481644680142246
72.82,69.15308082422143,3.6669191757785597
69.59,64.99294886042398,4.597051139576024
51.73,56.389648378625886,-4.659648378625889
68.12,54.91218299791104,13.207817002088966
57.04,54.63260989283636,2.4073901071636357
48.72,51.39722828595781,-2.67722828595781
59.21,59.726500831524234,-0.5165008315242332
55.86,60.3498359326359,-4.4898359326358985
53.02,46.066409578983716,6.953590421016287
78.61,71.1914791356078,7.4185208643921925
60.57,75.28373093637764,-14.713730936377637
65.03,61.60826364292197,3.421736357078032
69.78,81.64250983720206,-11.862509837202055
48.0,58.57814914748214,-10.578149147482137
71.01,64.39221156818066,6.617788431819349
41.49,44.19772587605748,-2.7077258760574807
30.13,43.90310458559426,-13.773104585594258
81.03,61.93988986984978,19.090110130150222
38.88,41.73557269114956,-2.855572691149554
47.22,39.492609529146044,7.727390470853955
84.72,84.45902979656003,0.26097020343996746
74.38,62.41965869376296,11.960341306237034
61.23,40.34500660282086,20.884993397179137
52.4,59.138193856241664,-6.738193856241665
69.88,59.80464271935048,10.075357280649513
80.56,75.78760624938205,4.772393750617951
35.02,46.303715542964554,-11.28371554296455
50.49,62.04623608392462,-11.556236083924617
100.0,92.1173906202366,7.8826093797633945
48.24,44.359719307730145,3.8802806922698565
46.97,51.454894041254185,-4.4848940412541864
71.16,77.68355074603352,-6.523550746033521
44.5,60.62345719872571,-16.12345719872571
69.87,75.39848105588513,-5.528481055885123
64.11,68.2346898043933,-4.124689804393299
61.13,61.5984403864969,-0.46844038649689423
63.55,61.72795357431602,1.822046425683979
72.45,85.41717962177184,-12.967179621771834
82.09,71.25037818385128,10.839621816148721
76.74,77.77929016158467,-1.039290161584674
42.81,54.379064280983705,-11.569064280983703
69.5,56.45150099389367,13.048499006106333
43.45,47.79648060633047,-4.346480606330466
60.29,58.649981066259784,1.6400189337402153
73.55,73.85414595909306,-0.30414595909306286
74.16,70.09689589461219,4.063104105387808
66.3,66.83397925660509,-0.5339792566050932
74.88,56.45826202411603,18.421737975883964
60.19,41.611197450432876,18.578802549567122
41.44,60.02223527304537,-18.58223527304537
61.06,72.74594108278006,-11.685941082780062
64.71,49.99248709811172,14.717512901888277
48.6,60.10666559399148,-11.506665593991478
52.58,63.82792440721993,-11.247924407219934
56.56,64.09021796030676,-7.530217960306757
80.1,61.44687631176024,18.653123688239752
66.34,65.14272105482686,1.1972789451731387
74.0,66.26950938400248,7.730490615997525
46.04,42.77845073388148,3.2615492661185215
67.55,68.52424608813405,-0.974246088134052
57.44,62.08105316474338,-4.641053164743383
66.25,62.141546097039736,4.108453902960264
49.19,69.72999154113216,-20.539991541132167
53.59,74.64176166870485,-21.05176166870484
42.6,42.264505540397984,0.3354944596020175
59.37,80.05026106110115,-20.680261061101156
74.16,77.31078142792103,-3.150781427921032
74.48,73.69758927393835,0.7824107260616557
61.71,51.604206506983154,10.105793493016847
81.28,78.94883604273248,2.3311639572675205
48.7,49.388232248547695,-0.6882322485476919
54.02,48.17176180365283,5.848238196347175
70.2,65.22426418146608,4.97573581853392
83.48,84.27070780103894,-0.7907078010389341
67.75,65.80454292593576,1.9454570740642367
54.33,68.72416723490181,-14.394167234901815
54.5,70.47196040282279,-15.971960402822788
49.01,53.517458259710025,-4.5074582597100274
81.92,76.98398013887117,4.936019861128827
76.94,70.27654176206191,6.663458237938087
84.25,77.44798479404118,6.802015205958824
65.21,49.92885322683818,15.281146773161815
66.77,62.226042275681095,4.543957724318901
71.96,66.31830175937847,5.641698240621523
37.07,40.07006979168105,-3.0000697916810495
60.53,63.308158502319124,-2.7781585023191226
73.53,68.66506080181993,4.864939198180068
76.1,72.98625226954974,3.1137477304502568
52.35,59.1183418067012,-6.768341806701201
52.72,62.5247172748611,-9.804717274861105
57.35,50.81629101164236,6.533708988357638
75.72,66.63380858212938,9.086191417870623
62.9,70.88485318939952,-7.984853189399523
71.93,72.29778413476043,-0.36778413476042715
48.16,55.099148815803595,-6.939148815803598
77.74,65.49617073545069,12.243829264549305
81.39,83.94445934921602,-2.5544593492160175
62.84,63.76305332422751,-0.9230533242275101
73.29,69.57702299118507,3.7129770088149314
35.5,42.146327103202296,-6.646327103202296
96.49,85.80937008718932,10.680629912810673
65.67,58.62435338798411,7.045646612015894
56.57,71.6257516856775,-15.0557516856775
55.39,44.705819939860696,10.684180060139305
62.92,68.1589986771645,-5.238998677164503
91.12,82.87578711223759,8.244212887762416
41.1,41.10549631732298,-0.005496317322979394
29.17,37.46900531955304,-8.29900531955304
61.84,63.95660066472878,-2.1166006647287787
74.78,76.20782284330849,-1.4278228433084905
60.2,65.9276709022037,-5.727670902203698
82.35,71.14006433145363,11.209935668546365
48.04,42.951339971772654,5.088660028227345
67.27,59.40142374919583,7.868576250804168
77.3,82.34140561886596,-5.041405618865966
44.52,53.84278028515136,-9.32278028515136
61.69,52.55083285226084,9.139167147739158
58.34,54.63246473990964,3.70753526009036
59.75,69.03095500822873,-9.28095500822873
68.91,68.68618041889606,0.22381958110393896
33.62,43.567889446614835,-9.947889446614838
9.74,39.17066415802476,-29.43066415802476
42.73,60.04399940341454,-17.31399940341454
66.95,68.34991503213504,-1.3999150321350413
60.61,73.86048439902481,-13.250484399024813
52.49,45.00153052973046,7.488469470269543
71.02,78.64331834204383,-7.623318342043831
65.15,68.68084369990706,-3.5308436999070523
50.58,56.799292741359565,-6.219292741359567
87.11,84.80510307791148,2.304896922088517
38.6,50.39887343367255,-11.798873433672547
34.2,41.515011324994425,-7.315011324994423
49.32,52.76590884173715,-3.4459088417371504
68.87,77.94112870732006,-9.071128707320057
78.95,65.85875903387142,13.09124096612858
70.61,63.27107679699984,7.3389232030001565
73.09,78.82055125453954,-5.7305512545395345
60.53,48.35351987199062,12.17648012800938
55.08,57.82481044812992,-2.7448104481299183
60.24,63.08067052853534,-2.840670528535341
66.68,60.61772688968376,6.062273110316248
53.18,60.93919594742866,-7.759195947428658
83.08,81.59389543859446,1.48610456140554
67.93,65.33284911476991,2.597150885230093
56.97,59.75374322124749,-2.783743221247491
52.78,62.91844341731224,-10.138443417312239
51.02,70.81250126290682,-19.792501262906818
73.65,65.25568063314459,8.394319366855413
56.01,64.37021464361784,-8.360214643617844
55.2,56.58192065214987,-1.3819206521498657
60.06,58.40626237380015,1.6537376261998489
89.03,76.33562774932176,12.694372250678242
58.92,72.04905360591779,-13.12905360591779
83.46,79.59734116119549,3.8626588388045064
42.73,47.23189971960057,-4.501899719600573
64.42,72.22466225800267,-7.804662258002665
65.21,75.73762728039945,-10.527627280399457
46.81,62.33481169621855,-15.52481169621855
97.29,86.23259268274369,11.05740731725632
75.39,65.26665295981087,10.123347040189131
65.69,55.27289681228814,10.41710318771186
45.02,59.55468818866318,-14.534688188663175
52.95,52.03984471373679,0.9101552862632118
46.78,35.937591644150025,10.842408355849976
49.01,45.76825825289486,3.241741747105138
51.9,54.96164050306172,-3.0616405030617244
60.03,58.79341828114987,1.2365817188501325
52.04,45.8356906452668,6.204309354733198
74.31,71.40300994611574,2.9069900538842575
40.44,47.54915754083413,-7.109157540834133
79.47,61.24589779929702,18.22410220070298
41.75,41.92906740835088,-0.17906740835088186
37.05,54.52635355655536,-17.47635355655536
52.89,64.5813904049865,-11.691390404986493
82.42,68.69078052445539,13.72921947554461
62.35,63.25060036782017,-0.900600367820168
65.66,65.39628353895868,0.2637164610413123
45.01,55.43168720205782,-10.421687202057825
73.37,76.47205354258506,-3.102053542585054
86.44,86.4503372765697,-0.010337276569700293
60.68,56.597978730857754,4.0820212691422455
77.45,85.86878411299959,-8.418784112999589
60.02,57.03190771563334,2.9880922843666653
46.05,57.683861320797185,-11.633861320797187
54.38,49.34154567104973,5.038454328950273
84.3,65.85386347247592,18.446136527524075
72.16,77.99148480479708,-5.8314848047970855
66.17,58.210169826987666,7.959830173012335
47.72,59.08935652492369,-11.369356524923688
74.43,75.76593519639306,-1.3359351963930521
65.8,67.53785341243675,-1.737853412436749
61.97,66.72936326858543,-4.759363268585432
71.12,58.21499574624755,12.905004253752452
100.0,90.91405777739561,9.085942222604388
74.04,82.9031348227697,-8.863134822769695
49.8,43.63496606058374,6.165033939416254
33.4,46.40402398296613,-13.004023982966132
79.82,71.70439916782753,8.115600832172461
70.26,70.5608227527409,-0.3008227527408991
43.17,43.1813693802349,-0.011369380234896198
27.01,48.64249164263409,-21.63249164263409
61.86,68.17412808572118,-6.31412808572118
72.81,73.9151684633237,-1.1051684633236931
80.05,66.07822810243216,13.971771897567834
45.48,44.574348179154306,0.9056518208456907
51.38,59.46965110152403,-8.089651101524026
71.04,67.07153402154682,3.9684659784531817
83.4,87.2377934496751,-3.8377934496750896
51.87,61.46980017900582,-9.599800179005825
59.86,62.18104142631876,-2.3210414263187573
45.64,47.52794002227071,-1.887940022270712
69.32,61.67784566853713,7.642154331462862
86.35,87.21703882116957,-0.8670388211695723
36.4,47.134297862077844,-10.734297862077845
51.58,60.956322663634886,-9.376322663634888
75.6,66.10717565550188,9.492824344498118
100.0,86.38557884099964,13.614421159000358
43.0,42.528483393593525,0.47151660640647464
45.28,55.608313628475535,-10.328313628475534
75.41,80.27535268872946,-4.865352688729459
62.34,76.23380617233295,-13.893806172332944
64.29,43.55798030796623,20.732019692033774
75.51,69.442085898655,6.067914101345011
60.74,71.41114628119108,-10.671146281191078
68.38,56.20121121002427,12.178788789975727
70.78,66.45918562319491,4.320814376805089
17.59,35.89275901978035,-18.30275901978035
60.69,67.38825386214363,-6.6982538621436305
60.82,69.1480300145741,-8.328030014574104
60.56,54.13846396987782,6.4215360301221835
65.31,70.0718429605404,-4.761842960540392
71.87,66.26197347063898,5.608026529361027
68.14,65.44668701821205,2.6933129817879546
61.36,65.86674716140398,-4.506747161403979
60.1,69.96465801973753,-9.864658019737526
66.92,70.76664003661354,-3.846640036613536
70.92,66.5005495150343,4.419450484965708
66.76,57.71760870205222,9.042391297947788
64.21,62.63435309206957,1.5756469079304267
31.37,36.758666704468915,-5.388666704468914
45.74,49.0167524317025,-3.276752431702498
88.33,83.27376021296297,5.056239787037029
45.66,46.634037561120245,-0.9740375611202481
64.84,59.47776621260321,5.3622337873967965
91.66,80.90901281669896,10.750987183301035
90.85,89.75103160027089,1.0989683997291024
56.46,49.88920474457388,6.57079525542612
52.54,54.577634492862245,-2.037634492862246
77.92,67.94301612813717,9.976983871862828
79.06,67.48145138988922,11.578548610110786
24.69,46.25758673230666,-21.567586732306662
55.02,61.361258744704,-6.341258744704
45.81,53.51969688214146,-7.709696882141458
63.19,64.14543873119901,-0.9554387311990098
52.7,57.35011826390308,-4.6501182639030745
54.26,63.89741214933973,-9.637412149339731
47.54,53.80463716413044,-6.264637164130441
81.35,67.18269903354863,14.167300966451364
82.58,54.908308284513204,27.671691715486794
58.76,59.214437749701126,-0.45443774970112827
65.67,74.08169138786823,-8.411691387868231
50.74,57.850438910887334,-7.110438910887332
77.08,64.274957169854,12.805042830145993
49.45,53.1446197258402,-3.694619725840198
64.11,57.854521714948234,6.255478285051765
68.53,78.59191420312429,-10.061914203124289
49.97,50.424823717227966,-0.454823717227967
75.55,61.08620243650257,14.46379756349743
98.01,86.82815094398106,11.181849056018947
42.71,53.415686381018055,-10.705686381018054
27.51,35.314068660318355,-7.804068660318354
46.49,58.83546963379182,-12.345469633791815
63.52,57.15445265269498,6.365547347305025
56.0,64.13674159499621,-8.13674159499621
73.41,66.32937004755878,7.080629952441214
58.62,58.09006096769059,0.5299390323094073
82.41,70.28821832334442,12.121781676655573
82.65,80.5900949618708,2.0599050381292017
58.5,70.61651923420295,-12.116519234202954
69.19,72.27391850522523,-3.0839185052252276
54.76,57.56631767090029,-2.8063176709002917
93.06,83.34550012578482,9.714499874215178
26.69,37.88247305944602,-11.19247305944602
57.28,58.26261414423775,-0.9826141442377505
64.02,60.27938083424249,3.740619165757508
69.38,73.32425441917674,-3.944254419176744
65.85,62.14091814831928,3.7090818516807147
49.08,71.23459479912316,-22.15459479912316
29.14,43.314379165447676,-14.174379165447675
68.24,66.02526415138294,2.214735848617053
54.56,59.792168572772,-5.232168572771997
77.15,80.24334782031096,-3.093347820310953
28.24,38.10524818905896,-9.865248189058963
61.15,62.03780756689016,-0.8878075668901602
37.95,49.133784082720936,-11.183784082720933
73.32,78.83104516464346,-5.511045164643463
78.23,75.71853035892543,2.5114696410745694
81.46,60.92423282106035,20.535767178939643
74.61,66.44242851257412,8.167571487425874
83.05,80.17881978534375,2.871180214656249
68.15,64.62666079716605,3.5233392028339523
21.63,34.466135283827214,-12.836135283827215
94.13,79.09630776692582,15.033692233074177
62.89,47.4078433592056,15.4821566407944
86.64,81.40041314257238,5.239586857427625
51.98,51.98049092431325,-0.0004909243132544816
75.15,66.42181585403479,8.728184145965216
51.49,58.47551331750063,-6.985513317500626
42.81,48.24076922883506,-5.430769228835061
71.72,76.55900240419862,-4.839002404198624
53.18,54.74808231285104,-1.5680823128510397
44.76,44.90653539097088,-0.14653539097088242
64.53,71.19992205640423,-6.669922056404232
43.28,59.229182917945415,-15.949182917945414
63.67,70.16645834146804,-6.496458341468042
60.65,54.6623744900854,5.987625509914601
46.81,58.14769155822658,-11.337691558226581
56.77,52.93953834855535,3.830461651444651
76.67,63.02145654738366,13.648543452616344
100.0,81.88065862727308,18.11934137272692
28.32,28.179926094077622,0.14007390592237812
56.35,52.28566792679031,4.064332073209691
61.45,61.410282941102246,0.03971705889775734
73.53,63.381435912874466,10.148564087125536
38.63,50.464391238651906,-11.834391238651904
72.79,71.33057338087328,1.4594266191267309
72.52,66.46967162763217,6.050328372367829
60.63,60.7000029781286,-0.07000297812859912
56.26,65.75355972389687,-9.493559723896873
61.07,69.1618615459857,-8.0918615459857
72.14,65.4377527468583,6.7022472531417066
85.95,77.48249551487515,8.467504485124849
87.82,86.39918822393636,1.4208117760636298
60.97,50.17742359010681,10.792576409893186
61.91,62.16937339040532,-0.25937339040532237
62.09,42.99747329299637,19.092526707003636
64.3,58.0553690846248,6.244630915375197
45.51,51.93187740478259,-6.421877404782592
81.41,74.16313584895457,7.246864151045429
67.48,58.51125142619839,8.968748573801612
45.0,50.615835152848504,-5.615835152848504
56.89,60.84842640100402,-3.9584264010040187
83.53,86.40786612802036,-2.877866128020358
68.49,61.873612760964626,6.616387239035369
62.42,47.58650507283227,14.833494927167735
69.71,61.96180830878476,7.748191691215233
57.45,72.2718632594705,-14.821863259470504
62.34,76.89742403382269,-14.557424033822684
67.85,75.60502448380954,-7.7550244838095495
60.08,67.89284559116027,-7.8128455911602686
87.73,79.56962683944862,8.160373160551387
25.57,43.50231401541964,-17.932314015419642
51.37,65.4101036307172,-14.040103630717205
68.34,62.26464680475105,6.075353195248951
65.75,67.46085473847103,-1.7108547384710278
64.48,60.54105010533913,3.9389498946608725
57.86,53.38791036309696,4.472089636903043
71.33,64.6563274688276,6.6736725311724
73.3,64.80919711578925,8.490802884210751
43.83,56.52278792628195,-12.692787926281952
100.0,94.61427536923985,5.385724630760151
78.72,75.72299054503655,2.9970094549634467
56.62,52.61190573511346,4.008094264886537
72.68,78.81752587472822,-6.137525874728212
36.65,41.49791198168836,-4.8479119816883625
48.41,53.29290275039999,-4.882902750399992
77.16,71.68467468957692,5.475325310423074
70.33,57.74961252179833,12.580387478201665
48.81,65.21132239224532,-16.40132239224532
95.97,91.7983115354902,4.171688464509799
51.78,54.276991646327836,-2.496991646327835
53.9,46.02318359401783,7.876816405982169
57.7,63.36507596429372,-5.66507596429372
75.88,81.91366776699252,-6.033667766992522
38.11,48.995659364860124,-10.885659364860125
59.58,47.32344743763068,12.256552562369315
49.26,56.29786482573379,-7.0378648257337915
18.15,26.44661528698764,-8.296615286987642
63.67,68.9016471517844,-5.231647151784401
56.2,60.598199660832385,-4.398199660832383
56.97,53.139100843636,3.830899156363998
44.01,38.53734542833938,5.47265457166062
77.75,71.19571417255436,6.554285827445639
70.55,48.827035126765374,21.722964873234623
57.46,52.84523979245641,4.61476020754359
70.26,83.33094988297192,-13.070949882971917
62.07,63.78874847306835,-1.7187484730683522
40.41,51.84322597808717,-11.433225978087172
71.38,74.45863308934472,-3.07863308934472
65.37,64.71661359997789,0.6533864000221143
48.55,45.893318474562186,2.6566815254378113
69.47,81.20256666121617,-11.732566661216168
48.94,63.56690951253589,-14.626909512535889
79.52,65.19573719225058,14.32426280774942
86.64,91.31845767455398,-4.678457674553982
85.4,78.5435400646112,6.856459935388813
100.0,97.20299358318572,2.797006416814284
42.28,48.781172486539845,-6.5011724865398435
82.14,69.81956985692187,12.320430143078127
75.93,70.29028531787368,5.639714682126325
50.41,58.67236435236057,-8.26236435236057
57.74,60.544381211245756,-2.8043812112457545
60.05,61.82779042013771,-1.7777904201377126
60.39,63.57642814858944,-3.1864281485894423
45.6,48.06234900482788,-2.462349004827878
85.1,89.41987893802194,-4.319878938021944
74.12,77.7470077686649,-3.627007768664896
74.83,69.88885849459136,4.941141505408638
85.38,72.60541809727458,12.774581902725416
72.5,65.09918892538843,7.400811074611568
63.41,51.317664598413856,12.09233540158614
58.24,49.12760911362891,9.112390886371095
44.16,40.46806883929301,3.691931160706986
58.59,68.15692012594572,-9.566920125945714
59.79,37.38948492505709,22.40051507494291
58.13,63.09418327501579,-4.964183275015785
80.36,72.62960958456597,7.73039041543403
71.78,66.16194724375693,5.618052756243074
36.73,43.48341841277587,-6.753418412775872
60.86,56.59714704161655,4.262852958383448
90.84,76.89840608911473,13.941593910885274
57.32,43.69185614989744,13.62814385010256
75.32,85.4117470515989,-10.091747051598901
79.36,67.852245288713,11.507754711287006
57.37,65.89254572566783,-8.522545725667833
42.05,49.57722655589096,-7.527226555890962
71.45,73.92845567443152,-2.4784556744315154
76.45,63.45672600113654,12.993273998863465
39.94,51.20780653325464,-11.267806533254642
61.98,67.56421062050255,-5.584210620502553
52.72,59.0050358442365,-6.2850358442365035
56.53,48.63341939827469,7.8965806017253115
67.76,62.77561635608839,4.984383643911613
63.31,50.214024417881504,13.095975582118498
73.93,74.76207349275835,-0.8320734927583402
49.98,51.84726975543114,-1.8672697554311455
99.85,93.26738377057494,6.5826162294250565
35.92,37.70084335073026,-1.7808433507302581
68.18,72.84305222585867,-4.663052225858664
51.69,57.07616094731697,-5.386160947316974
93.19,69.75000629715271,23.43999370284729
79.9,75.05243618529987,4.847563814700138
52.36,67.90368105176306,-15.543681051763059
56.67,46.459566439285226,10.210433560714776
100.0,90.61461263361268,9.38538736638732
57.74,64.97899092002741,-7.238990920027412
41.52,47.55073523265437,-6.030735232654365
79.26,65.44586717417586,13.814132825824146
45.39,53.759121637483105,-8.369121637483104
48.37,54.31414572992707,-5.944145729927072
68.05,67.41604781093429,0.6339521890657096
71.48,74.17959480289963,-2.6995948028996253
73.08,77.29275969683944,-4.212759696839441
47.96,48.20984079068074,-0.24984079068073584
43.89,53.9133339502878,-10.0233339502878
89.65,80.16543297460925,9.48456702539076
49.36,37.3425179706388,12.017482029361197
56.21,49.33202462002898,6.877975379971019
58.2,60.05704673803682,-1.8570467380368143
65.41,75.45536347177575,-10.045363471775758
56.48,54.17964398694721,2.3003560130527845
70.78,70.54807822154395,0.231921778456055
92.07,75.10148633755132,16.96851366244867
84.49,77.86244656892173,6.627553431078269
35.13,41.69254410642924,-6.562544106429236
54.14,64.40915323127852,-10.269153231278523
50.07,57.743060319278506,-7.673060319278505
50.25,73.8426011448367,-23.592601144836706
20.59,39.403371814863235,-18.813371814863235
80.35,71.0917696100589,9.25823038994109
76.47,69.81105448780264,6.658945512197363
38.54,41.617300890940946,-3.077300890940947
45.59,52.40674338481636,-6.8167433848163554
39.51,37.54101320570395,1.9689867942960504
61.29,55.954829511182695,5.335170488817305
53.4,52.795561108672075,0.6044388913279235
53.22,49.327331464845045,3.8926685351549537
79.89,85.58490525647761,-5.694905256477611
72.23,60.95700142867432,11.272998571325687
92.14,69.24609617501571,22.893903824984292
58.54,69.3568861142672,-10.816886114267199
49.25,64.90987285007554,-15.659872850075544
67.97,65.27233463179147,2.6976653682085328
57.19,51.23507599165417,5.954924008345827
44.88,57.38770563001839,-12.507705630018386
57.75,57.87696649446898,-0.12696649446898078
55.54,73.50901341683591,-17.969013416835914
68.64,68.34235396980414,0.2976460301958639
64.15,62.30934112342445,1.840658876575553
67.54,73.37853883702948,-5.838538837029475
56.07,52.6422375766946,3.4277624233054027
34.13,35.39351570509024,-1.263515705090235
100.0,86.8816216893024,13.118378310697594
27.25,43.10996154838096,-15.859961548380959
88.61,92.76064971381614,-4.1506497138161365
38.45,42.840456302018495,-4.390456302018492
26.66,46.23479385812686,-19.574793858126856
59.92,60.56682859262798,-0.6468285926279762
43.32,46.088612823034126,-2.7686128230341254
52.44,47.470514518091385,4.969485481908613
76.1,80.34856622079796,-4.248566220797969
79.17,68.8192631743376,10.350736825662395
73.53,62.38047992808302,11.149520071916982
61.29,59.747096772179944,1.5429032278200552
60.87,55.650361121190656,5.2196388788093415
81.53,75.76556758274242,5.764432417257581
43.52,52.96769010695474,-9.447690106954738
61.7,54.085407106990594,7.614592893009409
68.15,67.29754119915097,0.8524588008490355
42.65,57.408242749050146,-14.758242749050147
68.56,64.41419802600299,4.14580197399701
73.28,58.558127729994624,14.721872270005377
42.05,44.74740045093509,-2.697400450935092
42.01,46.33149143909579,-4.321491439095794
78.49,75.86071265871588,2.629287341284112
55.43,61.487870718013085,-6.057870718013085
65.1,69.80003215372588,-4.700032153725886
40.79,60.80423249067857,-20.014232490678573
62.87,60.976096737481846,1.893903262518151
100.0,73.8946496610289,26.105350338971107
46.15,43.31942903560936,2.8305709643906383
98.98,86.9522106453144,12.02778935468561
48.61,52.16228937891312,-3.552289378913123
46.1,55.503754058030744,-9.403754058030742
58.36,66.5803051444125,-8.220305144412507
68.01,69.39786649287136,-1.3878664928713533
55.25,57.408401786721896,-2.158401786721896
61.83,74.78852180977124,-12.958521809771241
39.43,30.254661812893644,9.175338187106355
61.89,64.1789885713808,-2.2889885713807985
58.86,56.874097815402834,1.9859021845971654
100.0,82.11542345587706,17.884576544122936
43.68,57.20308832544843,-13.523088325448427
65.0,65.49801491601531,-0.49801491601530756
84.44,81.6054773142496,2.8345226857504002
62.3,64.84847715321108,-2.5484771532110813
60.28,67.69309553489428,-7.413095534894282
100.0,88.75924719606385,11.240752803936147
43.07,43.508773186216416,-0.4387731862164159
36.33,54.38038752298359,-18.05038752298359
47.26,54.805167469613686,-7.545167469613688
71.26,53.11907516651612,18.140924833483886
83.09,71.51527547258335,11.574724527416649
57.62,52.741401191140255,4.878598808859742
63.21,43.16324404495633,20.046755955043672
91.42,64.54244554315618,26.877554456843825
75.27,69.46283720307609,5.807162796923905
76.97,74.59321081821108,2.376789181788922
82.04,74.61799390865312,7.422006091346887
61.65,66.12803532785614,-4.478035327856141
75.23,73.17565559667278,2.054344403327221
72.72,56.17855854459772,16.54144145540228
69.49,69.17318410750786,0.31681589249213005
54.6,51.45776130021365,3.142238699786354
52.33,43.46315543101208,8.866844568987915
50.9,54.26362765300021,-3.363627653000215
79.49,65.70544454816763,13.784555451832361
62.18,60.10236719412402,2.0776328058759788
65.44,67.79550559055504,-2.3555055905550404
60.03,65.3957264524296,-5.365726452429598
64.56,83.06771885661017,-18.50771885661017
62.76,60.541651419990075,2.2183485800099234
38.69,46.64829543646151,-7.958295436461512
63.32,61.503644207703466,1.8163557922965339
73.23,66.04411368026607,7.185886319733939
44.99,44.82889413222326,0.1611058677767403
69.88,79.66970556662207,-9.789705566622075
94.87,79.27250867172553,15.597491328274472
49.78,63.0797879444572,-13.2997879444572
50.25,38.12761518871088,12.122384811289123
39.84,57.471067217191646,-17.631067217191642
62.23,60.83731296690337,1.3926870330966281
71.33,79.83020148816797,-8.500201488167974
72.32,61.8202863254827,10.499713674517295
67.8,58.78364561248755,9.01635438751245
40.81,49.01434431365616,-8.204344313656158
66.65,82.786216776279,-16.136216776279
57.99,49.94694617006869,8.04305382993131
57.39,64.06355632815453,-6.6735563281545325
58.23,60.420237110502796,-2.1902371105027996
62.34,52.79781020948313,9.542189790516872
70.44,67.80205590481661,2.6379440951833857
38.19,41.76278850941885,-3.5727885094188494
66.92,62.1795750043661,4.7404249956339015
82.85,71.66449578633863,11.18550421366136
72.18,76.90865438862426,-4.72865438862425
56.53,59.3779652860125,-2.8479652860124958
78.36,82.09742145057707,-3.7374214505770738
48.95,58.681048187897254,-9.731048187897251
70.27,75.35042448548337,-5.080424485483377
56.44,50.01690897152233,6.423091028477671
66.52,61.14752507049526,5.372474929504733
61.56,63.33097297414109,-1.7709729741410882
49.73,63.00754674786959,-13.277546747869593
52.21,60.803903619699405,-8.593903619699404
56.87,51.84235473447455,5.02764526552545
72.97,69.6087586630589,3.361241336941106
71.7,88.99849374181285,-17.298493741812848
67.51,60.56842854624389,6.941571453756119
74.79,75.6673866864879,-0.8773866864878954
55.06,50.467461757841875,4.592538242158128
79.63,76.05022629802865,3.579773701971348
64.33,71.53619614586364,-7.206196145863643
76.06,69.22452274839758,6.835477251602427
53.38,50.89290897085685,2.4870910291431514
60.19,42.92571216752116,17.264287832478836
35.75,35.41701243889476,0.3329875611052415
55.98,54.19535384917435,1.784646150825644
83.78,83.14899065951835,0.6310093404816541
37.34,52.93912671756661,-15.599126717566605
53.44,53.27398721757835,0.16601278242164597
46.1,58.23080142389727,-12.130801423897267
61.84,59.651443330618896,2.188556669381107
62.94,61.708060036049034,1.231939963950964
90.79,83.24337337399196,7.546626626008049
66.46,56.55281760785474,9.907182392145252
59.76,71.40308339936843,-11.643083399368429
46.47,63.825946921144265,-17.355946921144266
53.36,52.18780181431745,1.1721981856825465
22.6,34.238137122745655,-11.638137122745654
59.08,73.9498709824604,-14.869870982460398
65.74,65.2682372766644,0.4717627233356012
71.33,76.51912227605538,-5.189122276055386
70.67,69.20017827929391,1.4698217207060935
87.85,86.8867123292059,0.9632876707940881
57.55,61.335259299373426,-3.785259299373429
86.71,74.97660703685703,11.733392963142961
55.99,51.77151774491762,4.218482255082385
70.52,70.53571272094742,-0.01571272094741971
54.69,55.71381673572441,-1.0238167357244095
65.22,67.40295608097398,-2.1829560809739803
63.76,62.10620948577555,1.653790514224447
43.42,51.31245180292812,-7.892451802928122
61.42,52.769572217363816,8.650427782636186
68.7,61.80442190456486,6.895578095435141
23.04,38.8675324501641,-15.8275324501641
76.99,80.11431722068266,-3.12431722068267
61.52,52.764566752995286,8.755433247004717
69.22,75.19222678750117,-5.972226787501171
63.41,64.25484639836922,-0.8448463983692278
86.2,85.52574856099807,0.6742514390019352
24.75,41.511642661817696,-16.761642661817696
71.75,73.80817003920666,-2.058170039206658
67.02,53.892626604539956,13.12737339546004
74.26,73.28538650141351,0.9746134985864927
38.71,67.26174312141922,-28.551743121419214
70.82,71.69569704043055,-0.875697040430552
63.45,66.99619363712341,-3.546193637123409
70.45,62.76752621698958,7.682473783010423
58.83,48.96053926483683,9.869460735163166
84.72,82.6866129275361,2.0333870724638956
60.94,52.53761795321731,8.40238204678269
51.28,38.12988494515516,13.15011505484484
73.61,75.80375451506816,-2.1937545150681643
80.76,70.7812325861917,9.9787674138083
60.76,47.31016389848452,13.44983610151548
98.54,79.51095840745391,19.029041592546093
78.68,74.97295923489472,3.7070407651052903
82.02,69.33392285722925,12.686077142770742
58.51,52.64797056368695,5.862029436313051
57.39,56.12915835753641,1.260841642463589
52.82,70.26308518841883,-17.443085188418827
60.18,71.84156364823815,-11.66156364823815
78.19,71.42435802019078,6.765641979809217
80.11,82.32018712464517,-2.2101871246451736
69.79,62.82367699014658,6.966323009853426
88.01,73.42367687901508,14.586323120984929
50.15,53.974045447622466,-3.824045447622467
22.46,29.22367960698298,-6.763679606982979
64.05,67.48796783661365,-3.4379678366136517
79.69,83.15715176423184,-3.4671517642318435
36.03,33.682783655517966,2.3472163444820353
76.67,65.59091271017199,11.07908728982801
72.93,63.85131082544124,9.078689174558768
48.12,38.13670157383703,9.983298426162968
59.78,57.750622516858485,2.0293774831415163
42.22,57.87446340125169,-15.65446340125169
46.6,50.799810494305014,-4.199810494305012
82.38,60.792115000267096,21.5878849997329
25.84,23.96919826761371,1.8708017323862904
68.42,61.51335689935034,6.90664310064966
82.59,74.12106907048677,8.468930929513235
73.52,66.59386470422115,6.926135295778849
76.19,71.01805099231038,5.171949007689619
63.86,69.84622302655816,-5.986223026558164
70.65,64.6369155733493,6.013084426650707
40.77,37.274335389874004,3.495664610125999
59.74,52.30691053521519,7.433089464784814
53.52,50.07070245974327,3.4492975402567296
28.95,35.09421485451036,-6.144214854510363
88.26,82.12993671888036,6.1300632811196465
53.81,66.45725224745236,-12.647252247452357
50.39,50.32189859371125,0.06810140628874706
58.58,69.37552102553,-10.795521025530007
76.61,66.7420853679338,9.867914632066203
66.42,62.33776352116502,4.082236478834979
70.57,61.799802709222206,8.770197290777787
63.58,56.65605268352564,6.9239473164743615
58.55,60.34562881805054,-1.7956288180505453
66.02,59.96401978746098,6.055980212539019
39.89,40.29296804678685,-0.40296804678684595
33.07,43.4258156251059,-10.355815625105897
62.57,69.59209904269035,-7.02209904269035
35.8,39.452089918688635,-3.652089918688638
31.86,38.565217382536346,-6.705217382536347
67.93,86.233854832608,-18.303854832607996
74.45,62.242378477714134,12.20762152228587
64.45,72.24768873942325,-7.797688739423251
82.21,86.29339834991964,-4.083398349919648
42.88,56.660805319645135,-13.780805319645133
82.77,57.52327680813744,25.246723191862557
47.1,55.713782970022116,-8.613782970022115
75.66,56.26700530780216,19.39299469219784
70.02,70.97086677871538,-0.9508667787153797
67.77,73.75596201776386,-5.9859620177638675
62.49,59.79071951927637,2.6992804807236297
52.67,60.953913279343254,-8.283913279343253
58.14,66.02379910950683,-7.883799109506825
76.97,66.94788797871504,10.022112021284954
42.51,40.04166457076269,2.4683354292373068
64.82,50.637754404630094,14.1822455953699
47.17,60.01123852202091,-12.841238522020909
66.51,64.98891831107099,1.5210816889290157
54.92,46.22842746119004,8.691572538809964
74.11,67.75930426094976,6.350695739050238
17.09,26.792716444375586,-9.702716444375586
46.01,47.617923919391494,-1.6079239193914958
54.46,57.457889127669574,-2.9978891276695734
68.32,60.219896834702716,8.100103165297277
65.27,66.78000706661382,-1.5100070666138237
37.08,55.59118354557175,-18.511183545571754
53.31,60.741449258086966,-7.431449258086964
46.23,47.47146320765603,-1.2414632076560324
60.25,52.7737635069844,7.476236493015598
90.42,88.69935138107583,1.720648618924173
47.97,67.01718407701885,-19.047184077018855
53.84,51.1025577550303,2.7374422449697065
45.59,32.64775349549043,12.942246504509576
73.51,64.71718447706306,8.792815522936948
56.46,45.61726230037059,10.84273769962941
80.75,78.76780136037186,1.9821986396281375
72.42,82.55212639675649,-10.13212639675649
74.36,71.0551817944384,3.3048182055616024
81.23,85.16826281565487,-3.9382628156548662
42.41,64.14268106572565,-21.732681065725657
18.64,35.957375943026,-17.317375943026
60.52,65.82567725892193,-5.305677258921925
68.85,64.11525570795853,4.734744292041469
73.19,69.3061497372256,3.883850262774402
69.81,70.97366829649958,-1.16366829649958
60.81,57.91137047457722,2.898629525422784
27.53,25.806321561131412,1.723678438868589
44.59,53.3562957987956,-8.766295798795596
75.55,71.93917971053015,3.6108202894698422
66.44,62.51807140147348,3.92192859852652
62.31,71.4247947552856,-9.114794755285601
42.9,56.535122077021754,-13.635122077021755
72.95,72.84872434452207,0.10127565547793438
62.69,50.715546517876156,11.974453482123842
87.96,85.82828443169691,2.131715568303079
61.57,53.82568441891585,7.744315581084152
68.32,79.51406655812401,-11.194066558124021
72.88,65.43824866547607,7.441751334523929
56.33,63.89873057116584,-7.568730571165844
54.96,44.13433910183483,10.825660898165168
46.39,58.237295178851575,-11.847295178851574
62.77,75.67320089205141,-12.903200892051409
1.56,30.269722096501418,-28.70972209650142
83.54,85.09255598649379,-1.5525559864937861
61.74,69.00802673215905,-7.268026732159051
65.85,67.03158446467462,-1.1815844646746285
67.44,78.72819822184033,-11.288198221840332
54.54,55.555244407215916,-1.015244407215917
90.39,83.24187882078812,7.148121179211884
63.55,62.118497273420665,1.4315027265793319
77.52,62.76063400548611,14.759365994513885
58.51,54.60243438694699,3.907565613053009
65.56,55.654611892706605,9.905388107293398
35.07,42.92250616887651,-7.852506168876509
73.29,66.31936854098856,6.970631459011443
59.5,68.34651290697028,-8.846512906970275
66.96,75.60002552359245,-8.640025523592456
79.32,83.06078347652218,-3.740783476522182
51.91,53.756373775576584,-1.8463737755765877
63.41,58.852085457751066,4.5579145422489304
86.59,75.86821944353466,10.721780556465347
42.03,66.02920471233824,-23.99920471233824
54.8,66.90467788190371,-12.104677881903712
67.29,62.865620768049794,4.424379231950212
84.78,73.88503348282532,10.89496651717468
63.13,48.27989608744066,14.85010391255934
36.93,40.05469663513444,-3.124696635134441
77.56,75.36250285250271,2.1974971474972875
65.21,57.53649284971574,7.673507150284252
76.23,73.86533241601818,2.364667583981827
87.75,75.50986423346104,12.240135766538955
60.23,64.06826327015999,-3.8382632701599917
51.29,51.47968089826582,-0.18968089826582002
72.16,67.80544309362816,4.35455690637184
58.92,67.24833527336669,-8.32833527336669
44.3,57.622017412514424,-13.322017412514427
61.88,59.22300422415938,2.6569957758406204
69.24,70.53477384630855,-1.2947738463085585
89.7,80.76197913158242,8.938020868417581
66.53,61.98662666248516,4.5433733375148435
32.93,60.40843043197657,-27.47843043197657
64.84,61.82270450021552,3.017295499784481
79.76,68.09194034238257,11.668059657617434
72.07,66.09777080713846,5.972229192861533
40.7,45.69396544620821,-4.9939654462082075
81.16,87.41392005183141,-6.253920051831415
56.97,70.35629669612429,-13.38629669612429
72.6,79.38387842614135,-6.7838784261413565
64.95,72.71439189523781,-7.764391895237807
68.96,74.28047807559412,-5.320478075594124
85.9,85.13120499671585,0.7687950032841542
76.04,79.17879761865657,-3.138797618656568
39.27,42.22090812570109,-2.9509081257010834
67.74,78.68415885899165,-10.944158858991656
49.78,61.807493478812475,-12.027493478812474
48.88,58.9191536456809,-10.039153645680898
47.39,51.707269025588104,-4.317269025588104
100.0,87.1334717837268,12.866528216273196
63.53,65.68157022202875,-2.1515702220287523
69.56,67.79400103507072,1.765998964929281
45.12,57.277011040922865,-12.157011040922868
84.23,78.28898630967409,5.941013690325917
84.79,76.1472170277682,8.6427829722318
67.26,46.37157157340886,20.888428426591148
49.88,46.613576897662995,3.266423102337008
59.77,64.66306300380971,-4.893063003809708
69.38,55.50454278279158,13.875457217208414
51.04,54.12143483939817,-3.0814348393981703
33.57,50.39730464880138,-16.82730464880138
64.14,57.81938167067615,6.32061832932385
66.62,74.95580299210172,-8.33580299210172
38.72,58.193342996946235,-19.473342996946236
27.29,41.06466899135635,-13.77466899135635
65.17,59.01827834853085,6.151721651469153
46.16,56.34160487080633,-10.181604870806332
45.0,53.78417280855763,-8.784172808557628
49.01,63.18537384101839,-14.175373841018391
62.29,58.43674213005818,3.853257869941821
56.79,56.46621524875773,0.3237847512422718
56.05,62.131126266927545,-6.081126266927548
75.46,69.72034801820631,5.739651981793685
68.01,69.5259372747091,-1.5159372747090885
89.3,89.39322876821544,-0.09322876821543957
69.98,76.61513004894053,-6.635130048940525
58.84,60.08119373251995,-1.241193732519946
57.04,62.07273715848116,-5.0327371584811615
72.18,82.12024014168078,-9.940240141680775
62.47,69.56570524153382,-7.095705241533821
47.96,58.20139830973405,-10.241398309734052
44.06,47.19259025812802,-3.132590258128019
44.86,51.67957236479931,-6.819572364799313
67.12,56.74549130739342,10.374508692606582
66.11,66.75505754051458,-0.6450575405145855
68.39,74.86078208572177,-6.4707820857217655
75.65,77.85428411385674,-2.2042841138567297
69.3,77.06553623964625,-7.765536239646252
32.18,51.152418407658516,-18.972418407658516
60.67,57.6776955168253,2.992304483174699
75.79,64.68222027834237,11.107779721657636
100.0,85.98180513933767,14.018194860662334
67.12,63.26483879531664,3.8551612046833625
53.6,52.345650067081344,1.2543499329186574
34.17,62.56303796308706,-28.39303796308706
50.19,59.223923104217036,-9.033923104217038
55.58,61.64877175567098,-6.06877175567098
59.85,65.75991629852132,-5.909916298521317
40.35,44.47356265464806,-4.123562654648062
69.01,68.30346245346529,0.7065375465347188
72.48,63.29749273474239,9.182507265257613
68.57,75.91973381142459,-7.349733811424599
88.29,73.7982972532096,14.49170274679041
60.3,55.84618058185021,4.453819418149784
49.09,50.737688321714245,-1.6476883217142415
60.86,65.42019092991339,-4.560190929913389
96.36,79.69562520472431,16.66437479527569
37.12,37.78057312209752,-0.6605731220975244
84.31,86.25232295939084,-1.942322959390836
28.92,37.61535987383459,-8.69535987383459
92.06,80.58137708052699,11.478622919473011
71.71,69.54641208876556,2.16358791123443
47.15,46.96037596106627,0.18962403893372937
53.8,49.94114290734888,3.858857092651114
79.97,66.94004015412068,13.029959845879318
73.92,67.74927675116922,6.170723248830782
29.86,27.732469493875207,2.127530506124792
50.45,61.80519509914685,-11.355195099146847
62.87,61.04456971657532,1.82543028342468
50.71,58.99658069545763,-8.28658069545763
65.34,72.23350849969349,-6.893508499693482
73.41,75.02050139334222,-1.6105013933422185
87.6,80.97881194654333,6.621188053456663
54.94,65.7653682702627,-10.8253682702627
73.36,56.38222793966612,16.977772060333876
70.57,75.22661741034341,-4.656617410343415
65.41,69.76636098468158,-4.3563609846815865
52.57,46.349604366317855,6.220395633682145
56.07,56.56361671885983,-0.49361671885982616
65.16,61.39855308386309,3.7614469161369044
94.07,71.72304688652869,22.3469531134713
53.57,59.404067789678095,-5.834067789678095
58.85,44.997193345007176,13.852806654992825
59.7,65.99219006569541,-6.292190065695408
54.32,54.07869968502373,0.24130031497627158
77.14,91.43685917112215,-14.29685917112215
56.93,47.56483180891975,9.365168191080251
71.24,62.46839285857582,8.771607141424177
61.82,65.65595426886527,-3.8359542688652724
87.08,80.93544835992654,6.144551640073459
55.68,64.4166169154788,-8.736616915478798
76.74,76.88706674411688,-0.14706674411688425
100.0,100.43194840904216,-0.4319484090421639
36.73,43.0529272463716,-6.322927246371606
89.42,82.11266169583926,7.307338304160737
70.41,63.183627592834924,7.226372407165073
61.08,62.487852805066446,-1.4078528050664474
57.8,63.18449762412997,-5.3844976241299705
34.19,36.36291824006525,-2.1729182400652505
61.23,51.5841606796784,9.645839320321599
68.3,71.39500782723515,-3.0950078272351504
27.63,36.4130357461586,-8.7830357461586
44.55,44.11048702449931,0.4395129755006906
61.04,46.78090905248543,14.259090947514572
65.19,68.68999005660473,-3.49999005660473
54.62,48.5970982451775,6.022901754822499
61.52,55.090595878348516,6.429404121651487
54.74,57.69528033522112,-2.9552803352211185
61.56,56.45136689243636,5.108633107563641
52.35,50.04954931857937,2.300450681420628
39.92,46.31904047307981,-6.399040473079808
59.09,65.08369578248355,-5.993695782483542
72.31,63.065615922369894,9.244384077630109
86.51,81.65518519725062,4.854814802749388
72.41,79.5358406987258,-7.12584069872581
62.51,65.35952419916947,-2.8495241991694726
55.9,67.99288143385338,-12.092881433853385
50.11,56.88015687853809,-6.770156878538089
48.99,45.154953902932135,3.835046097067867
72.18,65.18544973063364,6.994550269366371
69.42,78.20600749059403,-8.78600749059403
61.3,53.90667926292801,7.3933207370719884
83.79,84.15010905916725,-0.3601090591672431
50.52,48.26602184970197,2.253978150298032
71.72,50.039762557458786,21.680237442541213
77.1,79.35910415276513,-2.2591041527651328
79.09,78.30824003632391,0.7817599636760946
54.5,53.46993335656832,1.030066643431681
70.18,65.79842007068827,4.381579929311741
42.8,56.22697280119238,-13.426972801192385
73.81,75.56566581678335,-1.755665816783349
50.73,46.75128589628017,3.978714103719824
48.92,58.874017027669794,-9.954017027669792
84.7,65.34298696532183,19.357013034678175
63.33,75.73802475369429,-12.408024753694292
78.27,74.91817228411219,3.351827715887808
54.51,67.58146397380602,-13.071463973806026
43.54,49.56273923391885,-6.022739233918848
33.45,49.0974918327197,-15.647491832719695
64.9,60.18249743396544,4.717502566034568
45.96,53.33463257649339,-7.37463257649339
65.25,59.52519239752967,5.724807602470328
42.02,44.80690084505169,-2.78690084505169
73.54,75.21283644313309,-1.6728364431330789
44.17,55.569127842865264,-11.399127842865262
77.08,60.470359580583725,16.609640419416273
85.05,78.51404788886173,6.535952111138272
73.25,69.20153055279484,4.048469447205164
47.44,52.40659059474418,-4.966590594744183
71.61,59.06816146909471,12.541838530905288
43.54,49.25174301892575,-5.711743018925752
65.58,73.89805695299322,-8.318056952993217
55.9,57.67392490036969,-1.7739249003696926
80.94,67.61921523829967,13.320784761700324
52.09,47.78122677829395,4.308773221706055
40.95,29.264776861612535,11.685223138387467
57.63,63.218643022387255,-5.588643022387252
67.78,72.72310386864307,-4.943103868643064
57.63,63.986428518491394,-6.356428518491391
59.8,54.304551413302846,5.495448586697151
46.33,56.467181091519954,-10.137181091519956
74.36,75.11258362451056,-0.7525836245105637
70.24,55.48151544464995,14.758484555350044
65.39,69.48011570273056,-4.090115702730557
51.73,55.072412147084734,-3.3424121470847368
39.73,50.82272142287691,-11.092721422876913
82.38,63.01418205073226,19.365817949267736
65.3,53.26922658662072,12.03077341337928
53.74,58.93718507411584,-5.197185074115836
53.84,58.467748273729946,-4.627748273729942
50.27,63.35146869057413,-13.081468690574127
64.29,57.59508430080312,6.6949156991968835
67.16,43.94139620828642,23.218603791713576
83.77,74.75166444267111,9.018335557328882
47.23,41.002272536708524,6.2277274632914725
60.4,55.636559158995844,4.763440841004154
68.81,54.26651851304818,14.54348148695182
40.46,45.580072739131495,-5.120072739131494
56.67,50.88771941121931,5.782280588780694
56.18,55.73636221417952,0.44363778582047786
59.97,53.19107811218787,6.778921887812132
70.62,73.23424140568596,-2.6142414056859593
57.0,63.82534553176239,-6.8253455317623875
80.9,86.24768960643404,-5.347689606434031
70.05,75.84045122459088,-5.790451224590882
52.76,55.12882546622528,-2.3688254662252817
32.98,44.38331377005422,-11.403313770054226
76.34,68.97338029479606,7.366619705203945
62.06,58.650335527767425,3.4096644722325777
52.57,54.16528079577194,-1.5952807957719415
86.55,82.03850191780737,4.511498082192631
47.57,48.70043976899912,-1.1304397689991177
71.13,65.97350549045841,5.156494509541588
49.89,60.105873264741916,-10.215873264741916
72.14,53.762893126675,18.377106873324998
84.26,62.73137580540344,21.528624194596567
72.45,83.68166634563983,-11.231666345639823
85.4,81.31423235201737,4.085767647982635
45.91,65.02322458282492,-19.113224582824927
86.99,82.99990162534728,3.9900983746527174
58.28,55.56555029387193,2.7144497061280717
64.23,61.907877775430556,2.3221222245694477
61.44,65.34852205631212,-3.9085220563121226
61.24,65.26359288846945,-4.0235928884694445
73.49,84.34896482538583,-10.85896482538584
59.13,60.02824306232223,-0.89824306232223
71.62,71.37324370643503,0.24675629356497097
39.38,44.81489781192677,-5.434897811926767
58.61,63.14538966933116,-4.53538966933116
75.68,66.52921580494102,9.15078419505899
44.72,57.22199976172974,-12.501999761729742
37.81,41.81382527174056,-4.00382527174056
51.25,66.87536046946637,-15.625360469466372
77.84,66.91869943466433,10.92130056533567
61.92,58.9297183649984,2.990281635001601
22.82,23.63564077639426,-0.815640776394261
35.84,38.542007065715104,-2.702007065715101
91.57,84.11111227140832,7.458887728591677
54.78,46.399227347894964,8.380772652105037
44.97,40.49310873309802,4.47689126690198
45.29,50.47356381983896,-5.183563819838959
71.94,72.16317986886547,-0.22317986886547203
59.07,63.10414033203315,-4.034140332033147
33.97,41.08761069855185,-7.11761069855185
64.82,64.95629347104834,-0.13629347104834721
52.0,60.52496793024109,-8.52496793024109
54.08,50.8761064253585,3.203893574641498
88.34,79.97731100900528,8.362688990994727
80.49,75.74269625049227,4.747303749507722
67.59,64.68803140992037,2.9019685900796333
85.36,86.1661473234994,-0.8061473234994025
74.77,73.28551317019567,1.4844868298043252
73.16,64.09340545081946,9.066594549180536
35.59,45.519943170134354,-9.92994317013435
55.75,58.63166716734453,-2.8816671673445313
91.2,76.33203126564204,14.867968734357959
38.79,37.552704576520206,1.237295423479793
62.01,60.149851015145515,1.860148984854483
75.64,71.44614414508276,4.1938558549172456
73.75,73.88204479739498,-0.13204479739498254
79.82,72.2312374243939,7.588762575606097
58.68,52.67062566232947,6.009374337670529
81.16,72.73825511801941,8.421744881980587
59.11,57.412886624872876,1.697113375127124
69.55,74.05581989434556,-4.505819894345564
81.5,77.51365877310519,3.986341226894808
61.47,54.19553948943941,7.274460510560587
50.58,51.00727052183798,-0.42727052183798264
88.21,76.34591248624767,11.864087513752324
49.31,53.14416904371637,-3.834169043716365
63.78,71.3538246071277,-7.573824607127705
41.59,40.053676325553376,1.5363236744466278
52.74,58.71028022302455,-5.970280223024545
70.2,56.04767225854554,14.152327741454464
48.21,52.78319726916903,-4.573197269169029
65.36,54.392189514192545,10.967810485807455
78.15,71.93505624096893,6.2149437590310725
94.67,77.46823146905494,17.20176853094506
39.31,41.732900413362586,-2.4229004133625835
75.75,72.8234952818356,2.926504718164395
49.21,41.28444949136467,7.925550508635332
78.57,77.62579153936322,0.9442084606367729
39.43,44.94042581737942,-5.510425817379421
58.09,52.678100059499265,5.411899940500739
57.84,52.49633958131264,5.343660418687364
42.9,46.24081639127062,-3.3408163912706215
60.23,73.69532883207711,-13.465328832077113
76.9,72.32662333667318,4.573376663326826
78.45,74.1972273000014,4.2527726999986015
45.78,51.031150756075114,-5.251150756075113
71.24,69.4599256529402,1.780074347059795
50.86,70.87216941321331,-20.012169413213314
80.13,78.30167156294121,1.8283284370587864
27.85,40.93981011168593,-13.089810111685928
72.61,71.38151478758199,1.2284852124180077
80.74,84.40750454889411,-3.667504548894115
45.24,53.04483393206052,-7.804833932060518
76.78,84.6115103878538,-7.831510387853797
48.36,45.71738859860358,2.6426114013964224
40.79,59.69354251342848,-18.903542513428484
57.08,57.8121232010204,-0.7321232010204
34.42,38.47202094181027,-4.0520209418102695
69.0,74.25484419426553,-5.25484419426553
67.2,66.04897463642081,1.151025363579194
52.3,46.72706233957481,5.57293766042519
84.58,77.96551117407911,6.614488825920887
39.37,50.36611644676057,-10.996116446760574
60.3,61.74488599104573,-1.4448859910457301
72.94,66.64148853353686,6.29851146646314
90.99,78.80656270746121,12.183437292538784
72.08,83.79335603600585,-11.713356036005848
77.35,75.72910328686804,1.6208967131319554
63.56,61.66073884317461,1.8992611568253892
45.35,58.15650965618879,-12.806509656188787
62.92,56.63442750805354,6.285572491946461
54.09,43.37395992485829,10.716040075141713
70.47,66.96054324245874,3.5094567575412583
48.11,55.934250676585656,-7.824250676585656
80.2,60.69000720133178,19.509992798668222
54.0,55.87175481002611,-1.8717548100261112
53.96,63.24430185968833,-9.284301859688327
42.81,60.25367060848394,-17.443670608483934
75.02,70.50913239898911,4.510867601010887
45.55,41.84707893641313,3.7029210635868637
66.49,61.59404697130656,4.895953028693434
80.9,81.57498893195695,-0.6749889319569462
56.94,49.921609547472826,7.018390452527171
76.31,67.31300794553486,8.996992054465139
76.1,64.30505399984715,11.794946000152848
81.44,71.96349011792202,9.476509882077977
44.14,46.809364116839646,-2.6693641168396454
61.42,78.84867559624854,-17.42867559624854
68.63,71.53982709433312,-2.9098270943331244
35.08,46.10074886755637,-11.020748867556371
55.55,56.40766709073271,-0.8576670907327113
38.24,52.278985878086765,-14.038985878086763
76.35,77.59365453793765,-1.2436545379376582
55.43,68.19844123466558,-12.76844123466558
76.62,68.48612981005861,8.13387018994139
78.37,77.31894441976564,1.0510555802343617
59.35,62.65181037645119,-3.3018103764511864
71.83,62.205592159064345,9.624407840935653
71.49,59.26701686730546,12.222983132694537
80.61,80.27559241639388,0.3344075836061222
60.2,61.128039924878,-0.928039924878
53.96,45.81877826335947,8.141221736640532
79.47,68.91793950775944,10.552060492240557
49.15,47.640042271721306,1.5099577282786925
60.61,52.417970433016336,8.192029566983663
71.3,81.21771905974019,-9.917719059740193
89.64,78.10386783032855,11.536132169671447
37.73,44.08166540460846,-6.351665404608461
46.29,63.710495084229976,-17.420495084229977
69.18,72.37611496321824,-3.1961149632182355
73.0,70.19602086611015,2.803979133889854
75.98,56.74070864489017,19.239291355109835
51.5,61.530068311484264,-10.030068311484264
90.73,89.64099074258762,1.0890092574123855
89.68,86.996170941737,2.683829058263001
39.56,34.86523124013255,4.694768759867451
65.11,67.34048260439401,-2.2304826043940125
74.8,60.60081618428433,14.19918381571567
44.17,58.710460666412956,-14.540460666412955
59.25,52.062014986008975,7.187985013991025
100.0,95.95022067883377,4.049779321166227
65.55,50.20636184429036,15.343638155709634
73.99,73.28878777971563,0.7012122202843614
73.93,61.672476426735294,12.257523573264713
65.5,65.42617145814992,0.07382854185007659
57.57,52.63861331544156,4.93138668455844
79.93,65.48663543109832,14.443364568901686
64.66,72.62459860345433,-7.964598603454334
30.86,42.619322691196274,-11.759322691196274
61.63,52.39397930165001,9.23602069834999
100.0,98.66650408277658,1.3334959172234164
61.8,58.842442452600075,2.9575575473999223
33.55,57.090570249223255,-23.540570249223258
34.3,40.19532869064154,-5.895328690641541
73.67,64.3203847503796,9.349615249620399
76.52,74.27229566975784,2.2477043302421578
70.7,72.56382262834407,-1.8638226283440673
61.38,65.66301663357893,-4.2830166335789315
67.08,60.7750500349891,6.304949965010898
58.21,49.73618853265964,8.473811467340362
73.84,74.21479768505732,-0.3747976850573167
54.41,43.11448811703248,11.295511882967517
50.97,48.26604748777416,2.7039525122258397
78.36,76.47241859606488,1.8875814039351155
59.2,46.12888922258266,13.071110777417346
89.22,88.5198180714612,0.7001819285387967
56.99,63.135178609872284,-6.145178609872282
68.19,70.78741375014374,-2.597413750143744
38.49,54.64664772460467,-16.156647724604667
59.82,67.54509223465126,-7.725092234651264
70.4,63.67856271689739,6.721437283102617
50.11,51.51393937776496,-1.4039393777649636
51.94,55.49808663683787,-3.5580866368378707
35.7,29.805324366013146,5.894675633986857
57.26,67.96821517958811,-10.708215179588116
80.21,81.93494290532114,-1.724942905321143
100.0,94.24597063677417,5.7540293632258255
82.58,80.52550805759236,2.054491942407637
82.24,81.19060364418486,1.0493963558151336
78.27,75.88452575936272,2.3854742406372793
84.13,71.4341498328463,12.695850167153694
66.86,64.66180715900084,2.1981928409991554
61.7,60.13786791961535,1.5621320803846501
67.34,72.51092457996116,-5.170924579961152
88.98,76.66410996007961,12.31589003992039
55.65,47.92449001384168,7.725509986158322
92.64,86.00450487715494,6.635495122845057
69.24,73.50757271531472,-4.267572715314728
59.88,60.39591273157643,-0.515912731576428
39.23,51.844374511248134,-12.614374511248137
53.01,42.3344125517425,10.675587448257495
72.52,72.28286997647197,0.23713002352802448
57.94,70.21900251642374,-12.279002516423745
94.01,91.21281914720892,2.7971808527910866
68.49,64.40964875537203,4.080351244627963
40.43,55.9456868860153,-15.515686886015303
62.69,57.07894866981893,5.61105133018107
35.71,36.408829802443854,-0.6988298024438535
46.13,34.867644140345696,11.262355859654306
61.25,60.02960961083551,1.2203903891644927
55.25,47.119093722708236,8.130906277291764
58.54,61.48100903286437,-2.941009032864372
61.23,69.31915815104912,-8.089158151049126
97.74,90.78917559295951,6.950824407040486
74.27,79.26147257256673,-4.991472572566735
72.83,64.20648878297467,8.623511217025325
68.94,64.2064491774551,4.733550822544899
83.38,71.55947255509783,11.820527444902169
67.42,78.96144393851446,-11.541443938514462
69.12,68.40876534445064,0.7112346555493616
73.3,78.27084708880497,-4.970847088804973
70.39,69.61072692048023,0.7792730795197684
55.74,67.2942749290984,-11.554274929098405
54.58,65.4013762878463,-10.821376287846306
65.43,75.03101135596218,-9.601011355962171
71.02,84.11677363072862,-13.09677363072862
68.83,72.36034029046796,-3.5303402904679615
41.1,45.96423772049074,-4.864237720490742
45.96,56.03046848922438,-10.070468489224382
57.09,63.804442318759115,-6.714442318759112
37.38,46.87724080312701,-9.497240803127006
79.98,70.6499383605961,9.330061639403908
62.82,61.95575674063265,0.864243259367349
43.59,60.01486743769925,-16.42486743769925
76.59,77.65059407675886,-1.0605940767588606
56.9,48.47722266788229,8.422777332117711
45.49,39.534334112559606,5.9556658874403965
59.72,66.0606596501842,-6.340659650184207
57.73,61.42024450880133,-3.690244508801335
64.79,69.07065698805164,-4.280656988051632
73.23,75.96206716851945,-2.7320671685194498
82.73,75.71385324839544,7.016146751604566
44.05,49.56291799681566,-5.512917996815666
71.93,63.214454025359515,8.715545974640492
44.45,53.1300757861806,-8.680075786180595
61.71,56.009213112470135,5.7007868875298655
87.75,92.33050898664754,-4.580508986647544
43.4,51.12328197767267,-7.72328197767267
52.68,72.37740080653103,-19.69740080653103
77.33,73.75457450101733,3.5754254989826677
36.87,46.3200384274354,-9.450038427435402
22.62,31.73559642801465,-9.115596428014648
69.56,65.45472061005225,4.1052793899477535
53.41,70.63739892050143,-17.22739892050143
87.44,79.4986080606888,7.9413919393112025
73.17,79.53991384259692,-6.369913842596915
55.98,62.088290077948216,-6.108290077948219
77.88,75.25220402802975,2.6277959719702437
73.91,69.40526201547854,4.504737984521455
51.95,52.014593349718574,-0.06459334971857089
54.89,53.47828012783111,1.411719872168888
36.27,47.1738714018445,-10.903871401844498
20.76,27.26370722037275,-6.50370722037275
98.66,93.00114508312384,5.658854916876152
74.59,69.28109555864357,5.308904441356432
62.35,76.9742007845881,-14.624200784588105
45.3,47.631493795852684,-2.331493795852687
79.84,75.48874418866106,4.351255811338945
91.26,73.30597044120698,17.954029558793025
40.85,56.76617509290141,-15.916175092901412
56.84,46.884640547934886,9.955359452065117
66.58,69.45463083117724,-2.8746308311772424
55.07,54.957250626886925,0.11274937311307554
41.16,46.51089087309493,-5.350890873094933
60.15,65.13824886784393,-4.988248867843929
57.2,76.37415667103389,-19.174156671033884
56.29,69.21238503073818,-12.922385030738177
44.39,52.946114724630284,-8.556114724630284
55.92,59.421307545221566,-3.5013075452215645
59.24,62.05794752057242,-2.8179475205724174
58.69,64.5580316106654,-5.868031610665398
48.28,44.0620560665983,4.217943933401699
40.33,43.37861587928601,-3.048615879286011
80.92,84.27603949669013,-3.35603949669013
35.51,44.62802761161105,-9.118027611611055
59.36,72.60721886785707,-13.247218867857072
53.51,54.13066605417294,-0.6206660541729434
73.51,67.46116475175445,6.0488352482455525
44.72,50.39847990963466,-5.67847990963466
52.02,57.97957543741345,-5.959575437413449
41.69,52.666784377026715,-10.976784377026718
45.9,53.19842563395868,-7.298425633958679
82.27,71.10442303192168,11.165576968078312
67.51,79.7891170955705,-12.279117095570498
61.26,78.68559868170011,-17.425598681700116
63.45,72.12938738322242,-8.67938738322242
89.86,87.35628612171044,2.5037138782895596
62.77,61.595816907846334,1.174183092153669
53.76,57.18547742848499,-3.4254774284849887
80.27,65.07320065997095,15.196799340029045
39.48,38.84085029472314,0.6391497052768571
33.48,55.04480246826318,-21.56480246826318
32.25,42.540089766890645,-10.290089766890645
59.38,75.92975298609348,-16.549752986093473
43.79,66.99006349436661,-23.20006349436661
63.28,66.48413903122737,-3.2041390312273705
64.79,59.235662028589466,5.55433797141054
70.92,63.94393236224736,6.976067637752642
77.98,75.7301582473011,2.2498417526988987
61.64,60.54221980844846,1.0977801915515428
50.9,62.58194370970553,-11.681943709705529
70.74,61.17521767734642,9.564782322653578
88.18,91.94244304068543,-3.762443040685426
61.03,58.72531641474343,2.3046835852565692
40.62,29.26009545567052,11.359904544329478
47.59,58.95982527410971,-11.369825274109708
86.59,78.69437115847417,7.895628841525834
94.61,89.16111426546705,5.448885734532951
83.66,70.64895168553147,13.011048314468525
81.79,67.4533053961732,14.3366946038268
50.95,60.122813086518654,-9.172813086518651
89.06,92.14984528776633,-3.089845287766323
60.01,60.17271396207558,-0.16271396207558553
60.63,54.45392970457108,6.1760702954289215
74.8,77.70864882697092,-2.908648826970918
19.92,46.6924937017732,-26.7724937017732
68.13,70.63495889716772,-2.5049588971677252
62.67,62.89142995369834,-0.2214299536983404
59.23,68.7448426522669,-9.5148426522669
62.4,63.767430363859255,-1.3674303638592562
43.73,48.7811469138109,-5.0511469138109035
66.96,52.862352848583825,14.097647151416169
62.88,60.54765808964935,2.3323419103506495
44.19,53.86917372279738,-9.67917372279738
46.03,47.63670614240361,-1.6067061424036098
34.11,48.76416987126184,-14.654169871261843
59.36,68.26299955016258,-8.902999550162576
72.24,78.08505243496617,-5.845052434966178
35.5,55.187694737021445,-19.687694737021445
77.99,77.1553469477352,0.8346530522647981
29.8,43.06450185181632,-13.264501851816316
60.38,49.15675561772812,11.22324438227188
60.41,54.9497151411537,5.460284858846293
25.2,31.90075221810714,-6.700752218107141
43.96,49.72243785467179,-5.762437854671788
74.28,69.19280126299897,5.087198737001032
70.16,53.65890920074713,16.501090799252864
94.17,90.67752670410947,3.492473295890534
54.76,64.98493798723756,-10.22493798723756
100.0,94.42944681011781,5.57055318988219
27.92,31.39756658497604,-3.4775665849760387
36.85,43.42208822310976,-6.572088223109759
52.81,56.576562592568386,-3.766562592568384
61.83,64.32364271271939,-2.4936427127193923
67.8,50.89706441126224,16.902935588737755
76.72,63.07615774197913,13.643842258020868
46.82,52.65353550436636,-5.83353550436636
51.07,62.06601273569195,-10.996012735691949
49.54,64.29190116881308,-14.751901168813085
41.03,32.62636050310789,8.403639496892112
59.08,64.53208312193773,-5.452083121937733
64.35,64.04633787092983,0.30366212907016177
43.12,46.45044348595359,-3.3304434859535945
65.8,72.71329967754869,-6.913299677548693
34.11,44.50544507058789,-10.39544507058789
98.15,83.57197081643776,14.57802918356225
58.9,52.716817811251055,6.183182188748944
73.91,72.02734073671859,1.8826592632814112
49.66,53.51713026175549,-3.8571302617554934
66.43,55.81357761581825,10.61642238418176
79.31,77.87876007160243,1.4312399283975736
53.25,48.68869287614252,4.561307123857482
77.07,63.60834248558071,13.461657514419286
62.57,70.65985976350498,-8.089859763504982
68.98,67.83690393197493,1.1430960680250735
77.24,76.12178953448313,1.1182104655168672
46.41,55.72280450812905,-9.312804508129055
42.34,42.39713388733931,-0.05713388733930458
65.41,53.53932379712956,11.870676202870435
68.48,72.86336383887597,-4.383363838875965
68.73,69.34619866942647,-0.616198669426467
59.04,50.04598725428945,8.994012745710549
63.21,50.185016223782924,13.024983776217077
82.13,72.60134327895466,9.528656721045337
54.87,59.48292287592489,-4.612922875924895
44.28,44.711756193851734,-0.4317561938517329
58.11,52.62811367965422,5.4818863203457795
91.36,84.3174197157898,7.042580284210203
55.27,53.758399973934274,1.5116000260657287
58.2,64.47158747671314,-6.271587476713137
66.17,52.18562205587917,13.98437794412083
51.11,51.8060720533207,-0.6960720533206981
64.44,59.12819557607534,5.311804423924656
88.44,83.03686785421934,5.40313214578066
61.01,58.13263408994287,2.8773659100571294
46.89,50.997113188899895,-4.107113188899895
56.94,63.474224378233856,-6.5342243782338585
79.82,64.50484283048512,15.315157169514876
72.12,64.14166033890666,7.978339661093344
60.92,72.51724894893495,-11.597248948934947
73.63,68.95432489956858,4.67567510043142
56.91,48.34486896225333,8.565131037746667
48.78,64.38028428441251,-15.60028428441251
93.55,75.65095031046735,17.899049689532646
54.14,62.72991923786834,-8.589919237868337
62.35,67.94463032135383,-5.594630321353826
60.78,61.02029020152086,-0.24029020152085678
49.36,53.20782972592609,-3.84782972592609
44.95,64.38506050521077,-19.43506050521077
53.77,40.95247593895765,12.817524061042356
62.25,61.574670065452246,0.6753299345477544
46.47,55.702837386508605,-9.232837386508606
55.19,67.84820330011118,-12.658203300111182
67.35,69.49172157542291,-2.1417215754229204
52.98,69.03185730361544,-16.051857303615442
46.06,45.047602798325144,1.0123972016748581
67.81,62.83611646957476,4.9738835304252405
74.65,78.19780747377138,-3.547807473771371
52.63,56.39024917901488,-3.7602491790148775
70.36,80.14624813974733,-9.786248139747329
70.27,64.92913144166526,5.3408685583347335
71.71,79.6660276641396,-7.9560276641396115
53.88,43.54143209372047,10.338567906279529
43.47,47.102197971895585,-3.632197971895586
94.79,89.31822224903507,5.471777750964932
64.85,62.66343230888083,2.1865676911191656
56.69,67.77878666306069,-11.088786663060688
100.0,87.56018038707847,12.439819612921525
41.95,55.50332429088105,-13.553324290881044
55.93,46.38558742409208,9.54441257590792
78.63,75.84521950925561,2.7847804907443816
58.67,59.08998876701025,-0.41998876701024557
69.1,66.14351505899866,2.956484941001335
63.16,62.38764794334335,0.7723520566566435
49.02,44.04978404771753,4.970215952282473
62.89,74.36172391698999,-11.471723916989987
75.39,75.6115154798205,-0.22151547982049635
41.06,46.57281992795689,-5.51281992795689
77.52,67.0441153777908,10.475884622209193
31.09,41.26285906314863,-10.172859063148632
61.86,70.33836153941415,-8.478361539414152
40.48,52.02098070584035,-11.540980705840354
28.76,46.479979117063195,-17.719979117063193
53.97,51.664442802208264,2.3055571977917353
52.59,45.7734412591281,6.816558740871905
73.01,72.1497907132484,0.860209286751612
55.98,61.32721053825739,-5.347210538257393
60.19,48.01332617592701,12.176673824072985
68.27,77.39665918624496,-9.126659186244964
50.29,55.953520214235304,-5.663520214235305
54.58,51.755419447078864,2.824580552921134
64.79,69.09871854810204,-4.308718548102036
60.72,68.60689367560833,-7.886893675608334
73.45,72.44995768785012,1.000042312149887
57.52,52.45735223491864,5.0626477650813655
59.14,62.67610474726237,-3.536104747262371
70.98,66.92167842852263,4.058321571477379
40.94,34.844378974855175,6.095621025144823
13.72,27.7781963590383,-14.0581963590383
80.02,69.76435472890378,10.255645271096213
43.0,58.34336203281694,-15.343362032816941
64.32,58.503407296043996,5.8165927039559975
63.11,69.59315421098938,-6.483154210989383
57.03,50.95548794846409,6.074512051535912
22.27,44.508858967860505,-22.238858967860505
84.88,78.59098847048014,6.289011529519854
48.24,48.29542637517111,-0.055426375171109044
77.96,82.82739829184365,-4.8673982918436565
47.02,48.41387492288708,-1.393874922887079
72.94,67.72039433978982,5.219605660210178
72.55,50.03907456109208,22.51092543890792
58.82,61.3009471469404,-2.4809471469404016
67.01,74.13971628915247,-7.129716289152469
67.5,56.27368065966007,11.226319340339927
92.17,97.51687761311317,-5.346877613113165
70.34,63.54682141463088,6.793178585369127
68.46,63.35099178596098,5.109008214039015
57.68,70.3242149807223,-12.644214980722303
57.31,59.695753189067084,-2.3857531890670813
56.11,65.83639073009539,-9.726390730095389
61.59,69.642820326338,-8.052820326337994
60.43,59.77867822929711,0.6513217707028929
59.22,57.579185708677876,1.6408142913221226
53.46,65.15403124345792,-11.694031243457921
86.22,79.00639974618832,7.213600253811677
88.34,81.46078948403765,6.879210515962356
66.53,64.01057027657882,2.519429723421183
100.0,85.34148723579678,14.658512764203223
47.47,51.88169470493008,-4.411694704930078
61.03,52.341979429359625,8.688020570640376
56.11,72.25909414480039,-16.149094144800387
55.49,54.026099058078636,1.4639009419213664
81.8,85.13966475091738,-3.339664750917379
80.88,72.12339658223688,8.756603417763117
53.69,58.46884426084337,-4.778844260843371
58.23,52.88469200041768,5.345307999582317
71.19,76.19317380743904,-5.00317380743904
84.48,75.05549171211617,9.424508287883839
69.67,65.4812087233736,4.188791276626404
62.01,59.169615508310095,2.8403844916899033
69.7,65.79899915814997,3.901000841850035
48.93,52.69541752788917,-3.76541752788917
63.61,59.25952508426478,4.350474915735219
46.63,54.0827363242915,-7.4527363242915
57.35,60.58046905300617,-3.2304690530061677
59.53,62.94865224960657,-3.4186522496065663
68.47,52.99780140285623,15.472198597143766
53.24,53.61288483215525,-0.3728848321552505
67.95,57.10218671924419,10.847813280755815
78.51,78.9113385700784,-0.40133857007839424
80.94,68.97873547365707,11.96126452634293
58.39,60.61834122654329,-2.228341226543293
47.66,53.73053264663612,-6.070532646636124
45.95,53.417504339624756,-7.467504339624753
44.02,59.36901200301272,-15.349012003012717
47.91,63.40694287266723,-15.496942872667233
51.57,51.74159880269871,-0.17159880269871053
73.37,71.76550730514381,1.6044926948561908
53.22,57.042321911997014,-3.8223219119970153
49.48,56.54578277117327,-7.065782771173275
53.19,59.70823739277912,-6.51823739277912
56.69,53.29458356647533,3.395416433524666
54.46,64.05245021248886,-9.592450212488863
62.57,72.82544735628353,-10.255447356283533
88.86,71.4234410405874,17.436558959412594
48.25,40.698586498299775,7.551413501700225
84.07,79.37852793989833,4.69147206010166
62.0,67.44302686038598,-5.443026860385984
59.2,68.8087964875378,-9.608796487537802
56.1,55.71825113233508,0.3817488676649248
50.78,51.612985410673375,-0.8329854106733734
47.44,61.18121618809759,-13.741216188097596
41.24,56.70240881390698,-15.462408813906976
94.39,96.1198243935159,-1.729824393515898
67.85,62.92787122409231,4.922128775907687
55.16,60.084087190082336,-4.924087190082339
65.93,61.63459765950748,4.2954023404925294
81.6,80.28505623147163,1.3149437685283658
40.58,53.5677402959744,-12.987740295974405
59.73,69.34162387823218,-9.611623878232187
59.95,51.04990565511528,8.900094344884721
71.63,76.87737193537606,-5.247371935376066
70.87,69.30329609899293,1.5667039010070738
67.26,70.41197673194272,-3.1519767319427103
60.67,58.27509434323347,2.3949056567665323
47.77,49.15853007721185,-1.388530077211847
89.56,71.34778691194826,18.21221308805174
62.37,61.293208192483306,1.0767918075166918
67.08,59.063534183193994,8.016465816806004
88.73,82.57536778509157,6.154632214908432
54.02,55.82125507103484,-1.8012550710348378
57.17,61.81963855173513,-4.64963855173513
81.85,71.30491503400346,10.545084965996537
61.03,64.97318088487457,-3.9431808848745646
69.35,74.48401644400668,-5.13401644400669
71.69,77.34255944636232,-5.652559446362318
60.06,55.171047294885156,4.888952705114846
66.6,70.44446475157582,-3.8444647515758277
70.36,60.047534154775114,10.312465845224885
80.79,69.80177392841172,10.988226071588286
66.0,57.718332559622574,8.281667440377426
68.12,69.94952370127315,-1.8295237012731462
73.38,73.20056752549614,0.17943247450385513
23.0,36.034989842326034,-13.034989842326034
68.57,52.5129745635888,16.057025436411195
79.17,79.9476445033774,-0.7776445033774024
21.74,29.915317383299467,-8.175317383299468
50.04,64.9652821771439,-14.925282177143906
68.27,72.7579865459615,-4.487986545961505
70.11,53.230972542834564,16.879027457165435
87.8,90.63271617216024,-2.8327161721602465
54.32,46.740652523138166,7.579347476861834
70.66,74.75937718825521,-4.099377188255218
56.03,55.678477192455844,0.351522807544157
91.68,83.57419921048131,8.105800789518696
77.47,73.89946217854815,3.5705378214518504
82.69,74.46592780039822,8.224072199601778
53.07,56.68155328862175,-3.6115532886217494
33.33,43.10025644074158,-9.770256440741584
84.53,79.9376184502506,4.592381549749405
17.42,50.105263557891696,-32.685263557891695
72.06,78.67194844885509,-6.611948448855088
38.15,57.27613771850362,-19.12613771850362
45.75,44.898256573835944,0.851743426164056
66.5,73.84264956040987,-7.342649560409868
47.71,55.5647027441721,-7.854702744172101
64.12,68.2202859453412,-4.100285945341199
55.2,56.060398320453864,-0.8603983204538608
78.45,70.90316751756816,7.546832482431839
67.24,72.09359419304297,-4.85359419304298
69.27,68.68063081766482,0.5893691823351759
56.07,62.24359713825563,-6.17359713825563
95.73,81.88287893394629,13.847121066053717
67.65,65.02123195006324,2.6287680499367667
48.96,51.421525909261376,-2.4615259092613755
48.76,50.88922749763607,-2.129227497636073
67.27,66.43055600423894,0.8394439957610587
59.14,66.94308294723842,-7.803082947238423
64.25,68.06319562874363,-3.813195628743628
54.54,63.706509403650195,-9.166509403650196
67.97,62.90356515991111,5.066434840088888
100.0,97.79616911863113,2.203830881368873
60.02,69.46883315817773,-9.448833158177727
51.53,71.64565067481871,-20.11565067481871
73.29,68.2040676097738,5.085932390226205
48.25,50.82927375029074,-2.5792737502907386
35.66,48.3801901360158,-12.720190136015802
45.53,45.7094825225319,-0.17948252253189878
40.32,52.09310810649951,-11.773108106499507
68.71,72.05774495650181,-3.3477449565018134
75.88,56.98346819608354,18.896531803916453
71.74,58.40096618751097,13.339033812489028
60.88,69.48590589482062,-8.605905894820616
72.76,77.37536537150373,-4.615365371503728
68.22,58.99586500183372,9.224134998166278
65.4,59.870164873773376,5.529835126226629
70.85,65.19793201119114,5.652067988808852
66.35,55.24896586329405,11.101034136705941
68.74,59.58015145899254,9.159848541007456
63.49,72.06297602938088,-8.572976029380875
62.74,70.16951355134509,-7.429513551345089
88.91,80.11580353144683,8.794196468553167
59.44,75.71745438537364,-16.277454385373645
57.04,58.90184150473804,-1.8618415047380381
75.36,76.56478979468936,-1.2047897946893613
58.94,59.75699596584058,-0.816995965840583
67.33,73.97452360724219,-6.644523607242192
29.63,43.286290680785854,-13.656290680785855
58.53,50.76433479050605,7.765665209493953
50.36,46.37324824339945,3.9867517566005475
82.56,70.96480710142434,11.595192898575661
62.05,55.84922901549162,6.200770984508374
58.25,55.70159425295216,2.5484057470478376
43.77,43.95716782371091,-0.187167823710908
38.63,59.73515106288752,-21.105151062887515
52.97,61.61841805381191,-8.648418053811909
78.37,72.70555443889172,5.6644455611082805
50.26,55.691346646645314,-5.431346646645316
62.64,65.16497196813827,-2.5249719681382743
63.8,61.951234889118666,1.848765110881331
72.63,61.64277598917433,10.987224010825663
72.61,53.2013174956719,19.408682504328098
66.85,60.24612469263106,6.603875307368938
62.36,66.59764044453702,-4.237640444537021
84.57,86.60060762638999,-2.030607626389994
64.51,54.9439738318536,9.566026168146408
58.75,61.485218580571264,-2.7352185805712637
73.83,72.31006353069263,1.5199364693073676
75.5,76.71502420319433,-1.2150242031943321
75.46,66.4109981788724,9.04900182112759
56.24,61.73542735989634,-5.49542735989634
56.08,70.97526359057369,-14.895263590573691
33.71,38.23804792335201,-4.528047923352013
77.59,75.62371502457218,1.9662849754278255
75.9,70.19806682984627,5.701933170153737
28.54,51.435782407220636,-22.895782407220636
81.73,70.82988116506618,10.90011883493382
51.1,57.8723375034942,-6.7723375034941995
54.49,51.78356949993299,2.7064305000670146
66.97,70.81998712873796,-3.849987128737965
66.95,65.49376715615642,1.4562328438435799
50.97,52.9715635097526,-2.0015635097526
60.38,69.28916790840813,-8.90916790840813
55.38,66.54485910588997,-11.164859105889967
82.72,79.62922934932706,3.090770650672937
61.53,54.64513014957189,6.88486985042811
38.44,50.5302577707343,-12.090257770734304
56.66,57.45028978022003,-0.7902897802200357
54.75,44.6511110699041,10.098888930095903
59.88,63.77663325113787,-3.896633251137871
75.09,60.83884313064529,14.251156869354716
31.35,53.993225368540934,-22.643225368540932
43.55,43.156677778350364,0.39332222164963326
82.4,60.132546254146234,22.26745374585377
87.15,93.73900240485482,-6.58900240485481
34.39,41.460062827590136,-7.070062827590135
73.59,54.83342682027074,18.756573179729266
48.56,46.9539991759044,1.6060008240956023
57.03,54.36069334706805,2.669306652931951
52.7,59.0155246491119,-6.3155246491119
45.65,43.818771239005066,1.8312287609949323
72.58,61.29610794189393,11.283892058106069
61.79,57.538559263732644,4.251440736267355
55.21,46.908276807059394,8.301723192940607
53.15,53.596250823488354,-0.44625082348835576
82.55,78.57922139985878,3.970778600141216
58.69,69.79228146914093,-11.102281469140934
57.09,49.149361616198895,7.940638383801108
56.1,59.77612285024518,-3.6761228502451786
65.42,63.972048245961716,1.4479517540382858
56.06,66.42917004399034,-10.369170043990337
56.07,62.83330684191765,-6.763306841917647
64.15,58.24547532765196,5.904524672348046
37.42,36.591214611998595,0.8287853880014069
67.34,62.41774845688861,4.922251543111393
75.77,70.90428587790393,4.865714122096065
65.57,62.19084708273417,3.37915291726582
69.8,65.31384723933819,4.48615276066181
62.94,57.84296697136237,5.097033028637625
59.91,59.80659761916383,0.10340238083616526
75.32,61.847617803025216,13.472382196974777
55.59,48.235157788613,7.354842211387002
65.52,62.51788766050559,3.0021123394944027
43.24,46.20982885804864,-2.9698288580486363
54.61,50.67036475306595,3.9396352469340528
67.01,66.53863997293888,0.4713600270611238
69.42,71.1526302521151,-1.7326302521151007
34.48,52.15080498778229,-17.67080498778229
93.36,85.17294463526795,8.187055364732046
41.49,62.214305409083565,-20.724305409083563
80.2,69.6033970991118,10.5966029008882
49.36,63.99687990151351,-14.63687990151351
49.48,46.76769880202647,2.712301197973524
32.86,56.394654304043286,-23.534654304043286
68.17,69.72741014607229,-1.5574101460722858
87.18,84.29333865533414,2.8866613446658675
67.44,70.86368554403991,-3.4236855440399125
10.98,30.66033390465928,-19.68033390465928
69.87,73.76320250064154,-3.893202500641536
49.83,48.16311388041423,1.6668861195857687
67.38,58.78445724368169,8.595542756318302
53.02,44.706787300525015,8.313212699474988
59.66,57.23572969499631,2.424270305003688
57.74,53.98730117645743,3.7526988235425733
70.56,58.62945975350132,11.93054024649868
58.71,60.014706567653676,-1.3047065676536747
63.2,59.296763485304254,3.903236514695749
72.92,69.97590834407032,2.9440916559296824
74.59,76.6101940213748,-2.0201940213747918
67.66,58.720164437110554,8.939835562889442
47.56,54.36201595205243,-6.802015952052429
66.31,65.76130334787638,0.5486966521236241
52.05,55.00568207989624,-2.955682079896242
51.2,61.402334945204224,-10.202334945204221
66.39,47.903930894227244,18.486069105772756
55.89,61.40772653749797,-5.517726537497971
65.48,70.72085412735471,-5.240854127354709
39.47,49.773476490891596,-10.303476490891597
84.4,77.47833319876098,6.921666801239027
42.33,50.976740521350365,-8.646740521350367
64.87,64.87531638469326,-0.005316384693259124
63.42,70.25954247197575,-6.839542471975747
63.23,58.93594316504186,4.294056834958134
58.04,53.25550130436031,4.784498695639691
75.02,70.54631792545766,4.473682074542339
58.19,54.32542221291666,3.864577787083334
68.44,55.969832808702,12.470167191297996
54.96,55.70192608818183,-0.7419260881818275
59.18,62.12376575978417,-2.9437657597841707
97.59,82.33130444135446,15.258695558645542
77.15,78.69571681089533,-1.5457168108953283
83.25,80.1946801603886,3.0553198396114
81.4,85.29470968811138,-3.8947096881113765
98.64,91.58090767290543,7.059092327094575
74.47,82.14871774256585,-7.678717742565851
58.14,46.43167629774395,11.708323702256052
62.52,63.14970232825077,-0.6297023282507652
76.2,80.38283977486518,-4.1828397748651724
45.74,53.93871039798773,-8.198710397987725
57.73,58.061446211122856,-0.3314462111228593
55.06,68.89004909161679,-13.830049091616786
60.09,63.65432219847394,-3.5643221984739384
45.2,58.09444248732466,-12.89444248732466
69.52,56.32071140851917,13.199288591480823
57.85,55.40270694416242,2.4472930558375836
58.8,60.19461989502141,-1.394619895021414
46.96,42.6998606315972,4.260139368402804
77.01,73.43877434584907,3.571225654150936
67.02,61.20032712232463,5.819672877675366
55.14,64.14349742896187,-9.003497428961865
73.58,62.47665287519024,11.103347124809758
42.25,36.83282746239691,5.4171725376030935
75.94,69.26947071476576,6.670529285234238
39.17,43.56185568231019,-4.391855682310187
71.34,71.48872202301516,-0.14872202301515358
70.29,65.26401126563503,5.025988734364972
71.59,76.13421168316863,-4.544211683168626
61.88,71.16844969755529,-9.288449697555286
39.07,53.115735171999674,-14.045735171999674
81.5,67.57870317284039,13.921296827159608
58.93,70.06984224806051,-11.13984224806051
85.38,80.68350931384869,4.696490686151307
44.81,51.55727683072642,-6.74727683072642
47.6,56.53646900939708,-8.93646900939708
91.26,72.55512448447145,18.704875515528556
73.77,60.36329542999871,13.406704570001288
63.57,60.52736630631301,3.0426336936869873
69.02,71.71528878744328,-2.695288787443289
63.54,60.464652422798366,3.075347577201633
50.09,49.26283082124054,0.8271691787594619
68.5,72.36411279928119,-3.8641127992811874
53.41,53.035335552938506,0.37466444706149105
49.88,52.37021176723131,-2.490211767231308
46.17,75.40663005110372,-29.236630051103717
58.02,61.22958756893819,-3.20958756893819
82.91,79.20241242339563,3.707587576604368
51.97,55.25258662037851,-3.2825866203785097
59.74,68.31271850960745,-8.572718509607448
46.28,60.54810061278869,-14.268100612788686
61.84,67.99439572286872,-6.154395722868713
70.26,61.14727499897591,9.112725001024096
43.48,60.88045475266301,-17.400454752663016
50.62,54.647315403584685,-4.027315403584687
52.1,48.88423993714309,3.2157600628569085
54.14,66.60640156410014,-12.466401564100138
42.22,49.27928588098494,-7.059285880984945
65.72,50.08548709910173,15.634512900898272
37.91,58.900893732856474,-20.990893732856478
74.42,69.1832015060526,5.236798493947404
63.92,70.814207107078,-6.894207107078003
49.26,43.042758904758,6.217241095241995
71.93,68.67558019032124,3.2544198096787653
77.88,71.963131014002,5.9168689859979935
27.83,40.10821553797214,-12.278215537972144
24.05,31.66573131515585,-7.615731315155848
29.03,44.77560294246568,-15.74560294246568
89.66,72.75276181186122,16.907238188138777
75.25,71.88038686660889,3.3696131333911126
55.67,59.12343450049293,-3.453434500492925
59.97,60.40965973728312,-0.43965973728312235
61.3,55.7621385116958,5.537861488304195
48.66,62.892347299857235,-14.232347299857238
58.68,58.383691614356366,0.29630838564363415
28.6,41.62057597753955,-13.02057597753955
76.55,60.560515502729125,15.989484497270873
41.03,53.412958381481275,-12.382958381481274
51.32,57.2921092192788,-5.972109219278799
55.99,59.692141951344276,-3.7021419513442737
47.16,61.112806138508084,-13.952806138508087
39.47,48.28416756554117,-8.814167565541169
71.77,56.369937137052624,15.400062862947372
47.61,62.86404100851356,-15.25404100851356
31.08,28.03409275097334,3.0459072490266585
82.71,76.82338678079755,5.886613219202445
47.21,58.725390011693996,-11.515390011693995
86.46,65.53178430056552,20.928215699434475
67.19,64.33060695245094,2.8593930475490623
75.9,82.82547364731259,-6.925473647312586
58.39,58.79919136015383,-0.4091913601538266
62.37,56.333680128366225,6.036319871633772
42.17,54.30117531626666,-12.131175316266656
54.1,52.96164277214842,1.1383572278515786
43.21,53.262404019309194,-10.052404019309193
47.46,42.66272073903753,4.797279260962469
73.6,67.20761811490517,6.392381885094821
44.63,47.99833099967893,-3.368330999678925
47.24,52.774755443495465,-5.534755443495463
94.56,81.66727704965837,12.892722950341636
71.26,67.44052594807773,3.8194740519222705
50.0,56.87863421182313,-6.878634211823133
56.44,58.507467999367165,-2.0674679993671674
39.45,48.2554721059476,-8.805472105947594
57.57,67.37479446810435,-9.804794468104355
89.81,76.87375907898735,12.936240921012654
82.73,85.07887362561662,-2.348873625616619
55.65,64.21071648439062,-8.560716484390618
65.01,54.43489599707808,10.575104002921925
69.5,62.02498699569665,7.475013004303349
70.2,61.11652015002187,9.083479849978133
70.85,64.97167001855853,5.878329981441468
73.49,72.33608381150607,1.1539161884939233
48.7,67.40739865556186,-18.70739865556186
43.37,42.56441794993836,0.8055820500616377
55.88,60.51861757475463,-4.638617574754626
50.9,57.76496010864804,-6.864960108648042
49.65,51.83609654186019,-2.186096541860188
91.2,72.51282570992409,18.687174290075916
69.59,54.74311851287553,14.84688148712447
39.57,50.89204867523933,-11.32204867523933
60.57,56.163778006050414,4.406221993949586
67.03,63.06342061669119,3.9665793833088117
46.53,52.74278121675683,-6.212781216756831
49.66,50.616179888117244,-0.9561798881172479
45.9,61.49882377939054,-15.598823779390543
67.34,80.21379069663693,-12.87379069663693
45.85,48.41230235790015,-2.562302357900151
62.76,59.71997817804106,3.0400218219589377
54.14,57.577298979848635,-3.4372989798486344
54.9,68.55635065432242,-13.656350654322416
65.03,65.15853270050374,-0.12853270050374022
33.49,38.887557126705566,-5.397557126705564
58.54,56.152352917758854,2.387647082241145
78.9,79.5084885868084,-0.6084885868083916
91.79,93.77881563194677,-1.988815631946764
42.69,39.355682421306525,3.3343175786934722
41.26,66.02080998425107,-24.760809984251075
74.1,71.99073843352032,2.109261566479674
84.42,83.1543086683085,1.2656913316914995
65.07,64.80674210005199,0.26325789994800175
98.74,88.1685997135025,10.571400286497493
62.92,65.0343990557749,-2.1143990557748964
64.19,54.43234124091727,9.75765875908273
85.77,66.01953538364836,19.750464616351636
47.68,61.97866045431833,-14.29866045431833
61.43,63.042672966421385,-1.6126729664213855
69.38,45.287789549132185,24.09221045086781
33.56,34.148926907539284,-0.5889269075392818
59.02,60.07287699130628,-1.0528769913062774
54.02,59.463522418419615,-5.443522418419612
85.22,75.47429044578311,9.745709554216887
56.83,55.631514123702644,1.1984858762973545
51.7,33.48658771398531,18.213412286014695
67.25,62.02050507424429,5.229494925755709
55.01,51.67493981009757,3.3350601899024284
69.05,70.19380439659811,-1.1438043965981137
67.98,67.66446511743892,0.31553488256108153
26.2,36.322452867450366,-10.122452867450367
66.07,50.78972064238053,15.280279357619463
48.8,47.04687597571264,1.7531240242873594
68.82,63.270106055031754,5.54989394496824
74.33,57.68407339528917,16.64592660471083
69.05,77.12729850396639,-8.07729850396639
84.26,56.706366250271124,27.55363374972888
91.48,80.57256182867748,10.907438171322525
66.61,73.21047395914971,-6.60047395914971
63.52,66.409971208377,-2.8899712083769984
52.42,49.54531739925757,2.8746826007424318
59.72,66.48015210210139,-6.760152102101387
76.89,72.29155381917826,4.598446180821739
87.45,80.26715765346796,7.182842346532041
38.52,56.02405629892927,-17.504056298929264
58.76,66.9435219751438,-8.183521975143798
78.88,83.70842445985254,-4.828424459852542
75.19,72.56398935181012,2.626010648189876
76.11,77.92533754648903,-1.8153375464890331
65.18,60.24757050201881,4.932429497981197
57.37,54.76224218176498,2.607757818235015
63.43,77.01749148686407,-13.587491486864074
80.48,69.67560261610453,10.804397383895477
47.53,44.20166350063108,3.3283364993689233
24.97,43.006361373868835,-18.036361373868836
84.14,69.52965440829568,14.610345591704316
52.7,41.687725510940425,11.012274489059578
61.52,68.69472712295213,-7.1747271229521274
53.95,67.66403209615578,-13.714032096155776
66.75,62.70415170109983,4.045848298900168
82.72,68.2382298605332,14.481770139466803
65.67,64.57008391986331,1.099916080136694
58.44,71.75000537758514,-13.310005377585142
76.59,58.1912534354574,18.398746564542606
57.63,58.700431936416045,-1.0704319364160426
67.16,66.18910584949997,0.9708941505000297
63.34,63.13842320439872,0.20157679560128372
58.6,65.29559577707715,-6.695595777077152
47.65,50.30296815556454,-2.652968155564544
62.8,47.980248626415786,14.81975137358421
48.54,42.43190259445066,6.108097405549337
60.0,56.836092116446245,3.1639078835537546
74.92,67.24283409130132,7.677165908698683
55.44,46.571113312656564,8.868886687343434
44.52,55.352624732798276,-10.832624732798273
54.13,53.72754890661634,0.4024510933836609
45.49,48.24649744663083,-2.7564974466308314
58.88,57.20523932919254,1.6747606708074656
95.92,87.03253968097727,8.887460319022736
62.75,54.56154522268361,8.188454777316387
47.19,39.93939002319343,7.250609976806565
58.18,60.54765646960121,-2.367656469601208
41.92,33.455933578320185,8.464066421679817
73.72,62.138919509109414,11.581080490890585
100.0,93.62261528610125,6.377384713898749
49.07,47.24856585947972,1.8214341405202816
39.37,59.67735509617861,-20.30735509617861
68.09,67.6682937967357,0.4217062032643071
67.97,47.83719285571434,20.132807144285657
65.6,62.80672318870939,2.7932768112906032
63.8,52.73161602899541,11.068383971004586
60.74,74.1519553112794,-13.411955311279392
90.04,75.39937119742622,14.640628802573787
50.85,62.93264255899263,-12.082642558992632
82.95,82.06012585945393,0.8898741405460697
32.17,51.10663921311589,-18.93663921311589
31.29,46.511548959682095,-15.221548959682096
79.14,78.07580310123797,1.0641968987620345
75.33,74.52404573590027,0.805954264099725
81.57,74.70156563798689,6.8684343620131045
92.67,72.23269059244971,20.437309407550288
71.82,74.47999087008259,-2.659990870082595
78.86,70.77329288706805,8.086707112931947
72.71,56.26419311618033,16.445806883819664
79.33,72.0368961231777,7.2931038768223
87.31,77.21362693536473,10.096373064635273
89.52,71.29546932511545,18.224530674884548
46.54,51.16959647177658,-4.62959647177658
51.19,68.57862429841852,-17.38862429841852
53.38,47.30022311074449,6.079776889255513
66.13,60.250147155464234,5.879852844535762
41.37,48.57772420909759,-7.2077242090975915
62.86,53.11544872784127,9.74455127215873
89.89,72.82811488932255,17.06188511067745
50.73,60.14009931023319,-9.410099310233193
51.91,54.80711836382658,-2.8971183638265856
45.02,37.62280919596526,7.397190804034743
46.86,59.77844393646026,-12.918443936460264
48.11,49.93421535084714,-1.8242153508471404
66.99,55.3412146175676,11.648785382432393
35.23,46.09838809138503,-10.868388091385036
63.93,70.50619975281313,-6.576199752813132
61.63,71.56912489602898,-9.939124896028979
36.93,36.8655409020435,0.06445909795650095
47.21,56.97405676743825,-9.764056767438248
45.36,55.594776211417724,-10.234776211417724
91.12,77.03829790993525,14.081702090064752
44.05,51.20929832453669,-7.159298324536692
60.67,66.55330940874025,-5.883309408740246
77.16,71.99713769092352,5.162862309076473
35.34,53.497948570888056,-18.157948570888053
54.95,65.27025469391245,-10.320254693912446
56.5,50.39781259394534,6.102187406054661
69.49,72.44410746803464,-2.9541074680346497
86.03,87.54995548802135,-1.5199554880213526
53.05,51.05670275183582,1.9932972481641755
25.98,33.06650049778851,-7.08650049778851
68.35,56.384304985763606,11.965695014236388
80.91,74.46366711156958,6.446332888430419
70.65,59.27487388601324,11.375126113986767
93.25,72.12531589719936,21.124684102800643
68.79,68.99202374136414,-0.2020237413641297
47.53,44.77332123146016,2.7566787685398424
83.12,59.862211749232216,23.25778825076779
66.25,55.95485740408247,10.295142595917532
68.58,59.767315950915005,8.812684049084993
72.45,56.080680574835505,16.3693194251645
65.71,64.88009540544162,0.8299045945583714
55.23,50.07574152231897,5.154258477681026
74.7,57.088856306961304,17.6111436930387
84.86,89.06420958973662,-4.204209589736621
38.8,43.89030928571658,-5.090309285716586
53.54,64.07697527861646,-10.53697527861646
36.33,45.895879494895894,-9.565879494895896
59.85,63.954059310449345,-4.104059310449344
27.63,36.8810385087877,-9.251038508787698
56.15,56.38101325985974,-0.23101325985974341
43.05,38.69744852809993,4.352551471900064
79.59,65.65923467816374,13.930765321836262
57.93,54.39792193411357,3.532078065886431
81.39,68.50638236147154,12.883617638528463
62.63,68.13748584872522,-5.507485848725217
78.77,78.04266830855835,0.7273316914416483
77.88,70.05775594386424,7.822244056135759
68.92,67.92288092206843,0.997119077931572
65.31,59.017432884875,6.292567115125003
41.33,40.26270965696458,1.0672903430354168
69.37,62.135277232953214,7.23472276704679
74.29,90.08298421095046,-15.79298421095045
52.48,51.99493404856403,0.4850659514359634
58.2,57.720484024557514,0.4795159754424887
47.95,56.85677975158922,-8.90677975158922
61.02,62.12584284885155,-1.1058428488515446
59.78,51.453728147469654,8.326271852530347
60.67,69.60061904350229,-8.93061904350229
47.68,59.48808647759008,-11.80808647759008
28.1,37.00479259453366,-8.90479259453366
58.33,55.98713026749613,2.342869732503871
61.08,57.41621544096971,3.66378455903029
47.61,47.71033078662991,-0.10033078662991102
79.36,84.15155287079553,-4.7915528707955275
59.13,63.151316220173605,-4.021316220173603
40.6,46.54308944511697,-5.943089445116968
74.47,69.53385662357056,4.936143376429442
50.13,52.93460502923437,-2.8046050292343665
54.76,55.26432503302516,-0.504325033025161
60.88,68.04393730971525,-7.163937309715244
45.34,53.51439221136906,-8.17439221136906
47.37,55.54182776994327,-8.17182776994327
57.63,58.91272547862911,-1.2827254786291107
69.73,64.08914895884605,5.640851041153951
82.0,89.319457193628,-7.319457193627997
61.08,62.720325111035415,-1.6403251110354162
56.39,44.40145057267604,11.98854942732396
89.81,82.41461846622063,7.395381533779371
66.02,66.67011200165496,-0.6501120016549606
39.83,33.379478531752355,6.4505214682476435
32.82,50.107964687398564,-17.287964687398564
28.6,32.538388663763584,-3.9383886637635825
62.21,64.38740651337766,-2.1774065133776546
77.7,74.537004497288,3.1629955027120076
30.09,32.84560318062859,-2.7556031806285937
79.8,62.62832504859707,17.171674951402927
38.51,55.46090277853418,-16.95090277853418
69.01,68.27587850503065,0.734121494969358
85.4,82.56524834214036,2.8347516578596412
80.13,82.98409952920015,-2.8540995292001554
77.32,78.69312525946489,-1.3731252594648993
53.89,58.05585520242899,-4.165855202428986
64.53,66.10646869770139,-1.5764686977013866
80.46,74.93300657071593,5.526993429284062
67.46,48.34986515204674,19.110134847953255
78.34,70.62770431097773,7.71229568902227
73.45,69.45958110555756,3.990418894442442
64.82,71.24292571881487,-6.422925718814881
90.65,78.19515946375954,12.454840536240468
76.22,65.54454062286051,10.67545937713949
49.37,60.6479553107992,-11.2779553107992
32.91,41.50497649926756,-8.594976499267567
54.73,51.78185806523343,2.948141934766568
71.01,73.31593282035364,-2.3059328203536325
36.11,52.494891347973784,-16.384891347973785
84.39,77.64290862281007,6.747091377189932
59.74,58.61977528285881,1.1202247171411912
54.1,54.9427959490845,-0.842795949084497
60.08,77.02308727337729,-16.943087273377287
59.27,55.17097818487238,4.099021815127621
49.93,58.813286974631666,-8.883286974631666
57.78,69.16797070544143,-11.387970705441433
33.73,47.63191404630043,-13.901914046300433
69.4,75.5029706177245,-6.102970617724495
45.38,51.14641552755589,-5.7664155275558855
59.56,64.04907232001469,-4.489072320014685
79.3,69.01248212122029,10.28751787877971
64.51,68.35949321301304,-3.8494932130130337
79.92,76.33304065293831,3.5869593470616934
70.96,76.23758013328772,-5.277580133287728
65.1,64.07415229829752,1.0258477017024745
72.04,50.42614997521347,21.613850024786537
78.75,74.3103610474208,4.439638952579202
100.0,82.65920713217267,17.340792867827332
37.98,42.93926727206556,-4.95926727206556
69.96,77.43870842651134,-7.478708426511346
85.18,78.83563921318041,6.344360786819593
46.56,56.36563146994029,-9.805631469940288
83.36,78.26815344978031,5.091846550219685
56.99,60.565880936663916,-3.575880936663914
74.87,69.42966090530525,5.44033909469475
43.96,47.83962759153088,-3.879627591530877
75.63,65.97610463816858,9.653895361831417
72.36,54.82928887284285,17.530711127157147
71.58,59.78603121243544,11.793968787564559
58.95,70.02933074834552,-11.079330748345512
48.88,58.33161778754369,-9.45161778754369
59.77,61.032041336923534,-1.2620413369235308
66.97,62.84357523582871,4.12642476417129
100.0,89.34031857120925,10.659681428790748
66.44,57.64006183207626,8.799938167923735
63.49,83.39396615514468,-19.90396615514468
64.78,78.71211987975884,-13.932119879758844
66.79,69.40663069847294,-2.6166306984729317
83.92,76.97564257000171,6.944357429998291
84.3,63.720236763097354,20.579763236902643
71.74,71.23407036457806,0.5059296354219356
40.0,46.60012115983772,-6.60012115983772
68.21,66.27926268729375,1.930737312706242
37.14,35.58417936010006,1.5558206398999417
41.9,47.20809432637515,-5.308094326375148
59.75,59.916338066218074,-0.16633806621807423
49.74,58.628319312692675,-8.888319312692673
77.1,55.01444901441851,22.085550985581484
68.12,69.0326041735454,-0.9126041735453896
61.33,64.74818259866578,-3.41818259866578
69.59,71.28493379246873,-1.6949337924687313
61.66,57.78040739259597,3.879592607404028
49.92,51.779691719115675,-1.8596917191156734
55.71,69.44129043241242,-13.731290432412415
62.33,63.0790331688903,-0.7490331688902998
60.31,59.71996746091489,0.5900325390851151
48.97,64.66935205140628,-15.69935205140628
70.12,63.84933664728495,6.270663352715054
66.55,54.377330880078105,12.172669119921892
71.77,69.96298717378875,1.807012826211249
53.61,47.20805047298937,6.401949527010629
70.33,65.10506171428182,5.224938285718181
75.89,72.19944585651915,3.6905541434808526
84.16,86.57180641016893,-2.4118064101689356
39.24,43.838150720518776,-4.598150720518774
47.28,47.46981332785396,-0.18981332785396177
71.29,64.55206163727557,6.737938362724435
69.17,67.5467592548728,1.6232407451272053
42.49,53.12884461466493,-10.638844614664926
67.55,53.29778482705143,14.252215172948567
67.96,71.32987600330783,-3.369876003307837
56.01,49.85107935447029,6.1589206455297045
28.42,46.14575599934797,-17.725755999347967
64.74,68.90615068297119,-4.1661506829711925
36.29,44.29427740065512,-8.00427740065512
36.97,29.817863480345736,7.152136519654263
54.67,59.44857753822706,-4.778577538227061
75.85,65.56108276153141,10.288917238468585
73.06,75.09098107270874,-2.030981072708741
60.82,60.99541610530984,-0.17541610530984286
59.06,56.61679151221751,2.443208487782492
56.88,65.90372273735326,-9.02372273735326
65.52,76.17786106700298,-10.657861067002983
53.02,60.41580759308268,-7.395807593082679
46.31,47.74582227745335,-1.4358222774533473
55.95,50.88862359303683,5.06137640696317
68.23,69.74041030749025,-1.5104103074902469
65.94,51.048743036611526,14.891256963388471
75.06,68.99637089464333,6.063629105356668
45.57,54.202491390925715,-8.632491390925715
85.2,77.72528735515908,7.4747126448409205
71.02,76.84575811149581,-5.825758111495816
74.74,64.5506680897792,10.189331910220801
78.6,74.1432260699179,4.456773930082093
49.94,59.768971712781195,-9.828971712781197
44.51,72.69173163374172,-28.181731633741727
77.81,74.19959916523035,3.6104008347696492
88.93,75.53375513521237,13.396244864787633
50.36,55.32483727349817,-4.964837273498169
57.15,49.876949660343826,7.273050339656173
48.01,64.67925590450079,-16.669255904500794
52.8,54.290465635630966,-1.4904656356309687
46.11,63.97303691307191,-17.86303691307191
61.02,64.76803224874286,-3.7480322487428523
48.78,54.39557765353238,-5.615577653532377
79.35,68.24312198593853,11.106878014061465
47.6,56.32013333683457,-8.720133336834571
56.75,61.221660286278365,-4.4716602862783645
51.81,47.926819029787815,3.8831809702121873
49.68,57.925317188815846,-8.245317188815847
77.88,80.24051222464144,-2.3605122246414396
87.08,73.20943851362398,13.870561486376019
50.02,49.61212275514379,0.40787724485621624
49.14,63.95822270131594,-14.818222701315939
68.75,70.33904670940963,-1.5890467094096294
65.25,68.9900225841374,-3.7400225841374066
48.89,49.642607637659395,-0.7526076376593949
71.24,58.68512528522703,12.554874714772964
65.63,65.04234464991642,0.5876553500835797
54.31,42.73854557147952,11.571454428520482
30.04,40.41421767822589,-10.37421767822589
40.47,49.167288731551565,-8.697288731551566
46.58,48.30896141950203,-1.7289614195020349
73.28,76.19897328738936,-2.9189732873893632
50.86,65.1923575257821,-14.3323575257821
68.98,78.9966523469208,-10.016652346920793
38.53,41.79681691822688,-3.26681691822688
68.48,76.33457517066797,-7.854575170667971
52.74,52.03614546799762,0.7038545320023815
31.34,48.67616342971746,-17.336163429717462
33.75,38.51201597390714,-4.76201597390714
46.7,55.95435211618464,-9.254352116184634
85.88,71.49753762365468,14.382462376345316
65.29,70.61307244595298,-5.323072445952974
84.48,73.04707187692914,11.432928123070866
73.28,74.71795878795895,-1.437958787958948
47.99,56.44618851774738,-8.456188517747378
75.45,76.58208253235811,-1.1320825323581118
85.17,77.99422660946266,7.175773390537344
58.0,59.451854785789315,-1.4518547857893154
74.96,61.98934994071809,12.970650059281901
69.03,77.03147438448738,-8.00147438448738
52.9,62.20637963372969,-9.30637963372969
59.93,49.171862431954544,10.758137568045456
54.81,59.42220524288287,-4.612205242882865
83.5,72.45621022742428,11.043789772575721
69.03,82.48725470186163,-13.457254701861629
64.82,54.83140062905091,9.988599370949082
37.02,53.52902767080349,-16.509027670803484
55.45,51.49642034514208,3.9535796548579256
58.79,55.72267853495438,3.067321465045616
65.21,68.59049964174115,-3.380499641741153
57.89,54.516663046651495,3.373336953348506
82.97,78.65348561615819,4.316514383841806
56.17,55.3059035085447,0.8640964914552995
60.57,63.03275166594227,-2.462751665942271
60.57,58.81518267347194,1.7548173265280624
97.87,91.70176699156306,6.1682330084369426
68.65,70.9575302755305,-2.307530275530496
48.23,66.15231837097905,-17.92231837097905
89.13,79.4090521367638,9.72094786323619
55.5,51.12299028576877,4.377009714231228
84.16,67.17762240195741,16.98237759804259
74.25,69.44666046582805,4.803339534171954
72.4,78.3388291774362,-5.93882917743619
48.06,50.0884061279653,-2.0284061279652974
64.68,62.7730209738017,1.9069790261983073
62.98,54.081065125897894,8.898934874102103
73.39,62.60496475286431,10.785035247135689
67.9,57.910597290270935,9.98940270972907
62.0,58.251697031370206,3.748302968629794
77.55,67.42243436243459,10.12756563756541
76.25,71.82851943513742,4.421480564862577
57.29,53.241845756082974,4.0481542439170255
20.32,34.719434178428145,-14.399434178428145
57.2,62.446550831936726,-5.246550831936723
78.68,78.40308166049685,0.2769183395031547
62.37,66.47862847623867,-4.108628476238671
57.4,45.856906740552226,11.543093259447772
70.98,51.85329238977885,19.126707610221153
52.07,55.93654992355648,-3.8665499235564766
44.17,47.31080716804644,-3.140807168046436
59.15,61.96830050834325,-2.818300508343249
81.14,65.50308829052969,15.636911709470311
74.64,65.36439356613582,9.275606433864183
58.61,70.9184979152018,-12.308497915201798
73.27,68.37443870636491,4.895561293635083
52.59,55.596687350174946,-3.0066873501749427
33.89,45.661427325604386,-11.771427325604385
72.94,80.43608839961816,-7.496088399618159
66.83,64.42071004886701,2.4092899511329904
87.24,92.1023132714267,-4.8623132714267
51.05,43.77388071468572,7.27611928531428
48.91,53.338653039529284,-4.428653039529287
46.75,51.948167471493534,-5.198167471493534
66.73,56.15592760220992,10.574072397790083
73.67,86.35939092385185,-12.689390923851846
48.87,53.22171193831917,-4.35171193831917
42.29,42.824109360812926,-0.534109360812927
51.52,47.922072653427556,3.5979273465724475
76.96,87.2821763701778,-10.3221763701778
54.09,48.28413831619799,5.805861683802014
42.36,45.91344598364511,-3.553445983645112
85.42,77.79794678959617,7.622053210403834
38.02,53.98420158003148,-15.964201580031478
48.13,41.344097563850745,6.785902436149257
78.36,72.42131044306954,5.938689556930456
45.67,45.74638438769867,-0.07638438769866696
65.04,61.72096536847799,3.3190346315220154
49.75,45.2687212971566,4.481278702843397
47.38,43.81248061708552,3.567519382914483
32.47,39.768646426549765,-7.298646426549766
49.52,55.30823504646306,-5.788235046463058
53.81,64.19057442605884,-10.380574426058843
70.4,65.80384945872626,4.596150541273744
87.58,86.15706668056797,1.4229333194320333
70.47,85.72133851989697,-15.251338519896976
69.33,70.6803749448402,-1.3503749448401976
63.04,49.66271292013573,13.377287079864267
60.83,71.82620645152774,-10.99620645152774
69.61,70.76948695601845,-1.1594869560184549
42.35,47.60200319663892,-5.252003196638917
59.9,63.39536608462874,-3.495366084628742
71.89,60.640847861377175,11.249152138622826
41.41,56.61791673396058,-15.20791673396058
55.58,49.741060383972744,5.838939616027254
66.33,76.1851624582564,-9.855162458256402
48.34,61.72127975779263,-13.381279757792626
40.99,50.62564048842292,-9.635640488422915
56.01,53.02958350403143,2.9804164959685693
63.74,56.44098644871949,7.29901355128051
54.14,70.65506980844397,-16.515069808443968
59.98,63.296418832898375,-3.3164188328983784
66.51,57.51164926549342,8.998350734506587
91.11,73.56758150291624,17.54241849708376
51.55,60.095138242825925,-8.545138242825928
70.5,57.83274238055307,12.667257619446929
65.01,69.24508258254887,-4.23508258254887
76.84,77.04833973735985,-0.20833973735985012
52.03,58.19518881097577,-6.165188810975771
68.29,60.66255677033586,7.627443229664145
53.48,51.063681830308724,2.416318169691273
57.19,69.46670788127797,-12.276707881277972
63.21,65.44982768464196,-2.239827684641959
71.54,70.00598550241196,1.5340144975880463
61.82,61.27067777472499,0.549322225275013
77.56,68.69156241768381,8.86843758231619
47.71,51.468755168534734,-3.7587551685347336
42.6,41.101127233670546,1.4988727663294554
52.4,63.10889672428018,-10.70889672428018
82.38,63.51700568833281,18.862994311667187
83.65,84.09842139429554,-0.4484213942955364
64.9,62.97205116127542,1.927948838724589
41.94,52.33342648003424,-10.393426480034243
81.2,66.66122500966905,14.53877499033095
57.82,55.791198951655154,2.028801048344846
37.5,47.521120047010115,-10.021120047010115
72.64,67.80775922591087,4.832240774089129
43.57,50.65473365170185,-7.084733651701846
43.93,50.67921530555591,-6.749215305555907
94.53,82.70252781668779,11.82747218331221
65.42,62.205379199548396,3.2146208004516055
82.19,77.17081622246533,5.019183777534664
68.99,78.26000193379745,-9.27000193379746
52.0,49.817778031421064,2.1822219685789364
81.15,76.7396425721941,4.410357427805906
50.02,52.418885958487095,-2.3988859584870923
48.71,60.27929988951882,-11.569299889518817
82.75,88.79108304503508,-6.04108304503508
85.18,82.80655024563511,2.3734497543648985
71.66,66.4972723126257,5.1627276873743
100.0,88.28624161474599,11.71375838525401
64.08,52.05011080753376,12.029889192466236
80.08,73.87209883900117,6.20790116099883
43.02,40.944633594652565,2.075366405347438
82.13,81.88324485959751,0.24675514040248459
62.54,61.4326763371984,1.1073236628015977
61.25,65.68651113145083,-4.436511131450828
68.32,66.58465064690299,1.735349353097007
62.37,56.05250410219143,6.31749589780857
40.7,48.689548078871766,-7.989548078871763
35.05,62.95428677348349,-27.90428677348349
62.51,75.407794024393,-12.897794024393
48.86,48.33483855704056,0.5251614429594369
48.97,56.434992273787444,-7.464992273787445
100.0,85.46205163861985,14.537948361380145
39.33,48.798636868946595,-9.468636868946597
74.22,66.7501417923619,7.469858207638097
45.51,54.59213811511931,-9.082138115119314
62.98,50.91878469942565,12.061215300574347
51.71,67.16805458331206,-15.458054583312055
75.82,63.024966876780724,12.79503312321927
79.2,66.59389687186645,12.606103128133554
69.2,71.48291391409852,-2.282913914098515
70.51,71.02349437614055,-0.5134943761405424
56.3,62.00714166347593,-5.70714166347593
76.77,75.22988542363495,1.540114576365042
37.1,59.775544242150694,-22.675544242150693
50.37,52.9018189694632,-2.5318189694632025
44.11,53.71060730617136,-9.600607306171362
69.74,65.68429878902757,4.05570121097243
80.21,77.54407490962444,2.665925090375552
60.63,65.63918105121803,-5.009181051218029
63.36,61.38226386688996,1.9777361331100423
57.81,55.67618397693013,2.133816023069869
57.57,75.48850274243065,-17.918502742430654
53.59,49.08795009530749,4.502049904692512
63.29,67.33541828877425,-4.0454182887742505
32.95,45.10803107743578,-12.15803107743578
56.98,46.01903115153399,10.96096884846601
85.69,70.77479202598558,14.915207974014422
54.23,58.92270156629341,-4.692701566293415
58.12,58.44455681066128,-0.32455681066128506
62.54,67.71618210607997,-5.17618210607997
63.23,79.13622211869992,-15.906222118699922
62.1,49.74982182119881,12.350178178801194
57.35,63.606142136728735,-6.256142136728734
44.72,52.08473127328891,-7.3647312732889105
43.13,60.26218421060202,-17.13218421060202
68.36,66.35200501788616,2.0079949821138428
73.69,68.80046756542473,4.889532434575273
57.71,59.10803607391695,-1.3980360739169484
65.98,57.59389800409882,8.386101995901186
75.68,71.51161689184728,4.1683831081527245
80.04,72.6233523423156,7.416647657684408
52.14,57.2434936872314,-5.103493687231399
61.5,61.81966811029095,-0.319668110290948
67.68,63.93562683700519,3.744373162994819
36.38,44.75924226609,-8.379242266089996
82.3,79.34772750972361,2.9522724902763855
59.25,60.7667827970839,-1.5167827970838985
83.89,75.34227256918321,8.547727430816792
73.25,74.9383506687121,-1.6883506687121042
67.83,72.65442361807945,-4.82442361807945
70.74,68.09394139556827,2.6460586044317296
47.7,51.64131710708965,-3.9413171070896453
48.27,38.43734938345835,9.832650616541656
60.36,41.776303294352104,18.583696705647895
45.94,47.664484246041134,-1.7244842460411363
90.53,84.2269111600019,6.303088839998097
62.31,55.82613888064952,6.483861119350479
53.32,63.82431385234387,-10.50431385234387
48.12,42.40461998176995,5.71538001823005
70.78,61.33955215807,9.440447841930002
82.01,66.76461702257535,15.245382977424654
68.72,58.05550708097604,10.664492919023957
39.57,47.48370884656356,-7.9137088465635586
92.2,81.48309264440292,10.716907355597087
43.29,55.22583203585316,-11.93583203585316
41.38,63.41396045628114,-22.033960456281136
77.02,67.87766470118211,9.142335298817883
83.78,81.92099364304393,1.8590063569560726
32.04,41.20819952438105,-9.168199524381052
65.32,65.01741531710195,0.3025846828980434
65.8,60.98696147565957,4.813038524340428
60.02,60.70475006153552,-0.6847500615355173
74.25,63.22012376573755,11.029876234262453
72.46,67.6068838673656,4.853116132634398
57.2,60.04312175178425,-2.8431217517842455
72.0,81.50014103552108,-9.500141035521082
61.08,59.86079605214087,1.2192039478591283
75.01,73.60256696417444,1.4074330358255622
80.34,76.01626092804695,4.323739071953057
56.78,61.27357236402445,-4.493572364024452
55.09,66.67631277400966,-11.586312774009656
73.31,59.65470072536636,13.655299274633641
63.82,61.85590258278802,1.9640974172119812
73.12,72.44064445444599,0.6793555455540172
71.3,72.98919275867111,-1.689192758671112
67.97,59.774706911029234,8.195293088970764
93.3,80.92760204679696,12.372397953203034
90.29,71.07588427982276,19.214115720177247
99.44,92.1902640520748,7.249735947925203
58.98,56.35554714340189,2.6244528565981042
64.2,83.42164258646332,-19.221642586463318
56.54,53.23685437625751,3.3031456237424877
55.1,81.40226037715675,-26.30226037715675
51.42,46.06667343068534,5.35332656931466
67.68,56.82697134856761,10.853028651432396
65.59,67.25091043601728,-1.660910436017275
79.28,62.25125685700198,17.028743142998024
48.32,42.00109271057161,6.318907289428388
82.53,76.50558114276075,6.0244188572392545
38.51,62.95302662366206,-24.443026623662064
58.45,44.85973262825964,13.59026737174036
59.98,57.49334374118646,2.4866562588135395
50.84,54.638192194592,-3.798192194591998
63.14,67.58520554162304,-4.445205541623039
49.17,42.404543613883334,6.765456386116668
59.33,66.49739333278823,-7.167393332788237
58.82,48.562546871655634,10.257453128344366
65.97,83.59245157022639,-17.62245157022639
66.01,67.93052812747443,-1.9205281274744266
71.38,60.88030471456964,10.499695285430356
81.98,69.52049387085991,12.459506129140095
59.71,65.21307617856232,-5.503076178562317
36.52,41.8308867278359,-5.3108867278359
62.66,62.94829891369718,-0.28829891369718297
48.03,47.3613981011943,0.6686018988057043
46.82,56.69315716944884,-9.873157169448838
53.24,54.11453889487507,-0.8745388948750659
47.15,64.25623004444309,-17.106230044443087
51.58,43.89044262082642,7.6895573791735785
82.73,83.99716077633128,-1.2671607763312807
45.0,52.58429742118068,-7.584297421180679
63.48,56.2002576672751,7.279742332724894
74.33,56.493780636838785,17.836219363161213
75.53,71.33715325309869,4.19284674690131
51.32,52.98836877199974,-1.668368771999738
64.52,66.70121192735506,-2.181211927355065
60.38,57.860235770372306,2.5197642296276967
76.97,72.8658557204168,4.1041442795831955
56.81,61.37910282725729,-4.569102827257289
90.04,89.65416495049998,0.3858350495000309
80.37,81.1660339345545,-0.7960339345545009
61.19,55.34223900325269,5.847760996747304
53.39,56.12033629686582,-2.730336296865822
49.65,66.38273554630669,-16.732735546306692
64.38,59.53276141285133,4.8472385871486665
57.0,62.599747548180616,-5.599747548180616
68.97,69.09122202422442,-0.12122202422442285
77.44,68.65230640599562,8.78769359400438
73.19,75.70284549096444,-2.5128454909644375
54.07,59.62498679078468,-5.554986790784682
75.87,66.5476420951541,9.322357904845902
47.94,51.53051897304722,-3.5905189730472244
60.35,65.06792535492542,-4.71792535492542
26.42,41.57136994823392,-15.15136994823392
60.29,51.14334242095577,9.14665757904423
77.85,81.76380331985479,-3.913803319854793
58.51,74.43965781566938,-15.92965781566938
76.01,74.9879815587613,1.0220184412387
42.76,49.40907097843142,-6.649070978431425
74.72,64.233837949245,10.486162050754999
62.61,63.400270782545846,-0.7902707825458464
87.55,76.70350378061555,10.846496219384449
69.6,76.99369302299328,-7.39369302299329
90.42,84.36610167662865,6.053898323371357
81.32,72.42950689558708,8.890493104412911
82.91,75.6823156060312,7.227684393968801
50.16,52.633450746774166,-2.4734507467741693
88.23,77.90568393284569,10.324316067154314
78.75,78.42584538505626,0.3241546149437369
40.02,44.514100164663205,-4.494100164663202
46.66,50.672504706205395,-4.012504706205398
33.5,49.57645545695739,-16.07645545695739
51.92,65.83489425219607,-13.914894252196063
65.28,69.52115056622955,-4.24115056622955
71.92,68.17533328470044,3.7446667152995587
32.59,38.21302607556054,-5.623026075560539
42.06,60.22702045396934,-18.167020453969336
58.08,59.0634249968415,-0.9834249968414994
32.03,38.603370026942585,-6.573370026942584
81.73,88.4051704771888,-6.6751704771888
84.28,82.56364009793249,1.7163599020675093
40.65,60.376070328909854,-19.726070328909856
46.08,52.62617398814893,-6.546173988148929
66.18,68.19009185326709,-2.0100918532670846
71.85,71.81129972461466,0.038700275385338045
24.59,34.97746049334713,-10.387460493347131
72.78,65.32747698815548,7.452523011844519
88.76,65.0835830011074,23.676416998892606
58.07,51.94776734641263,6.122232653587368
77.66,68.79667351559291,8.863326484407082
44.65,59.02648183606378,-14.376481836063782
55.29,57.36607621482211,-2.076076214822109
48.51,49.27446063998589,-0.7644606399858915
77.7,66.6476876276132,11.052312372386808
21.68,36.46299164836392,-14.782991648363918
49.29,48.13368305497011,1.1563169450298858
34.65,44.128071524560944,-9.478071524560946
43.05,39.436890207445636,3.6131097925543614
52.01,65.95314751284458,-13.943147512844583
28.51,40.02155445885082,-11.51155445885082
90.24,76.68596683211499,13.55403316788501
74.81,67.09234843104348,7.717651568956526
45.18,44.648953631769345,0.5310463682306548
92.15,72.20463107328197,19.945368926718032
54.37,43.12151590171097,11.248484098289026
56.64,44.82012764425741,11.81987235574259
53.1,42.016172603284055,11.083827396715947
54.02,45.6742906995521,8.3457093004479
63.97,68.28457811937355,-4.31457811937355
55.6,58.60458053962463,-3.0045805396246266
83.28,57.09904488922498,26.180955110775024
49.82,46.56052062373902,3.259479376260977
53.13,61.83283996651527,-8.70283996651527
64.38,66.29825482848578,-1.9182548284857859
52.08,55.33096760364319,-3.25096760364319
90.73,79.171072213015,11.55892778698501
69.71,65.4113431299534,4.2986568700465995
47.14,47.951562464163025,-0.8115624641630248
78.94,67.90579132218008,11.034208677819919
47.83,48.82458572627535,-0.9945857262753535
69.26,67.83380990571958,1.4261900942804289
60.03,64.9993324157492,-4.969332415749193
63.8,46.22726078155364,17.572739218446358
62.67,68.16325608680731,-5.493256086807307
61.2,58.89435365847189,2.30564634152811
59.27,69.4303580229434,-10.160358022943392
60.43,56.797204503996724,3.6327954960032756
62.36,50.70755073183779,11.652449268162208
55.72,63.22201783348719,-7.502017833487194
51.94,66.63856534818534,-14.69856534818534
44.23,45.8558994376612,-1.6258994376612037
79.16,87.96996937468982,-8.809969374689828
91.84,86.1599580160627,5.680041983937301
60.41,74.66967187068097,-14.259671870680975
58.94,58.43987539342516,0.5001246065748362
71.98,73.26024946544591,-1.2802494654459053
31.97,44.910787207720325,-12.940787207720327
46.1,31.665510977783764,14.434489022216237
55.92,68.01413320481265,-12.09413320481265
78.99,72.24009711690451,6.749902883095487
75.2,70.82449647720134,4.375503522798667
88.74,87.8880223276668,0.8519776723331915
83.4,80.28739465631843,3.1126053436815795
58.41,63.07388029160213,-4.663880291602133
75.77,71.78250739630111,3.9874926036988825
73.12,73.39557664321273,-0.27557664321273023
48.8,43.39311930935647,5.406880690643526
79.61,77.58310570435358,2.0268942956464144
67.01,75.01059196579226,-8.000591965792253
49.37,48.278876081576485,1.0911239184235129
54.65,68.10295891156424,-13.452958911564245
65.93,60.78634265372708,5.143657346272924
51.42,54.26653790686345,-2.846537906863446
31.43,46.16522776072715,-14.735227760727149
49.79,50.25695692342436,-0.46695692342436246
85.56,74.38686057017242,11.173139429827586
95.53,87.88423516904564,7.645764830954363
48.89,53.947525831962956,-5.0575258319629555
66.48,61.35162100231384,5.128378997686163
70.38,64.40144264342302,5.978557356576971
81.59,68.72413184790739,12.865868152092617
70.41,65.71680808401761,4.693191915982382
60.11,64.60038209666236,-4.490382096662358
49.67,45.572229406304125,4.097770593695877
47.1,59.75768346915142,-12.657683469151415
80.54,75.95465254208817,4.585347457911837
84.12,66.11900094445767,18.000999055542337
41.88,43.17642488679796,-1.2964248867979578
70.37,66.51737676566302,3.8526232343369884
32.46,44.44197078529337,-11.98197078529337
61.15,61.84379401869309,-0.6937940186930902
82.63,78.08322513562187,4.546774864378122
49.65,50.91176111111441,-1.26176111111441
55.14,54.00031400768194,1.1396859923180571
83.21,67.72355793984939,15.486442060150608
86.75,96.75671917064687,-10.006719170646875
41.03,52.1873856284908,-11.1573856284908
72.49,69.76161807631576,2.728381923684239
47.36,47.99432564043504,-0.634325640435037
70.93,63.20813748345247,7.721862516547539
49.66,49.44985720398578,0.21014279601421748
63.7,46.5264706971261,17.173529302873902
58.2,53.206754400107705,4.9932455998922975
68.71,67.15432547816124,1.5556745218387533
87.52,85.57118164233994,1.948818357660059
46.61,43.201056083767774,3.408943916232225
75.32,66.27274415319027,9.047255846809719
48.0,62.82248152296419,-14.822481522964189
56.68,57.82190614308047,-1.141906143080469
61.84,59.621261187640734,2.2187388123592697
56.84,52.051232470230694,4.788767529769309
45.19,52.86263793165248,-7.672637931652481
46.14,40.32546268882528,5.814537311174718
62.96,66.46986503034523,-3.5098650303452317
78.38,59.12767650690738,19.252323493092618
57.04,55.04750874904364,1.9924912509563626
65.7,52.72213048464497,12.977869515355032
60.16,57.73490925433396,2.42509074566604
59.15,49.953081700070946,9.196918299929052
50.84,54.41383886721177,-3.5738388672117694
77.45,74.54979846853648,2.900201531463523
53.34,62.4998250362945,-9.1598250362945
59.28,58.35995234968347,0.9200476503165333
50.37,55.15694409465726,-4.786944094657265
25.66,36.68264949183166,-11.022649491831661
34.08,38.14686755318254,-4.06686755318254
26.75,36.377529622232025,-9.627529622232025
77.37,59.87322389529017,17.496776104709838
55.21,57.99961921315747,-2.789619213157472
43.95,41.563220666442696,2.386779333557307
86.27,88.10075110803002,-1.8307511080300287
52.8,38.88455942590175,13.915440574098248
47.34,55.88033237925914,-8.540332379259134
58.24,59.73953465775291,-1.4995346577529105
47.53,47.395661881089765,0.13433811891023595
78.26,68.60227246283984,9.65772753716017
46.53,50.62007529332713,-4.090075293327132
47.93,51.717253302820424,-3.7872533028204245
99.31,81.47686978240517,17.833130217594828
78.94,74.43218603665396,4.507813963346038
72.02,56.51785843794731,15.502141562052685
52.42,52.24886914212359,0.17113085787641324
72.14,53.564917438318886,18.575082561681114
59.74,48.4616744499736,11.278325550026402
67.8,66.63540017323643,1.1645998267635633
56.35,57.77716042522233,-1.4271604252223256
69.76,73.01104912397112,-3.2510491239711143
78.77,81.28399110798901,-2.513991107989014
72.2,75.45101504084585,-3.251015040845843
62.34,71.60836705691979,-9.268367056919786
79.34,74.50521906473655,4.834780935263453
59.95,61.924887947818235,-1.9748879478182317
69.31,71.13973162925993,-1.8297316292599248
73.57,69.72335155520176,3.846648444798234
45.84,37.80341222375106,8.036587776248943
56.99,41.819860977403174,15.170139022596828
100.0,94.36357833234507,5.636421667654929
50.67,51.24354262587547,-0.5735426258754686
48.41,56.54725074118412,-8.137250741184126
98.13,86.56922840859316,11.560771591406834
78.62,64.47561952193831,14.144380478061692
75.79,76.40561150375763,-0.61561150375762
68.86,78.37386307165976,-9.513863071659756
67.55,74.62984357703782,-7.0798435770378205
72.51,77.43628659601944,-4.9262865960194375
64.36,57.355864061975396,7.0041359380246035
72.3,71.36152731984319,0.9384726801568064
61.24,68.04727181402994,-6.807271814029939
49.07,43.55035145732394,5.519648542676059
55.55,55.12272831222875,0.42727168777124547
73.94,84.43422250622677,-10.494222506226777
84.83,77.19438729184539,7.635612708154611
49.13,33.426047812064205,15.703952187935798
88.4,64.9070151610154,23.49298483898461
47.65,45.78616816367675,1.86383183632325
57.83,69.50545746488382,-11.67545746488382
63.59,68.61577824760516,-5.02577824760516
35.43,34.47930747641529,0.9506925235847064
64.97,65.21180355210065,-0.24180355210064874
64.0,74.46625879568742,-10.466258795687423
63.42,62.10333464563184,1.316665354368162
85.44,75.58120567810313,9.858794321896866
71.61,50.969048241188865,20.640951758811134
79.06,69.17955264386345,9.880447356136557
45.42,57.33416001041761,-11.91416001041761
75.25,83.50707867849262,-8.257078678492618
74.45,68.69892256210413,5.751077437895873
49.75,50.66211787338037,-0.9121178733803674
74.26,71.07308667980857,3.1869133201914366
71.09,65.1486538470453,5.941346152954708
78.95,60.88533348716083,18.064666512839175
67.3,65.10145057657658,2.1985494234234153
33.48,40.75749280352354,-7.277492803523543
40.98,45.256940241512034,-4.276940241512037
85.09,78.21038077691806,6.879619223081946
60.68,68.72092328250017,-8.040923282500167
41.98,51.67561528239789,-9.695615282397895
29.61,31.449543633098056,-1.8395436330980566
64.57,65.63585297556679,-1.0658529755667985
92.79,88.38799468103761,4.402005318962395
44.84,50.43924697957638,-5.599246979576378
86.97,83.77670865842045,3.1932913415795525
55.7,57.21559045602566,-1.515590456025656
33.81,35.923174806588655,-2.1131748065886526
51.95,49.982679208100045,1.967320791899958
100.0,85.48848713111455,14.511512868885447
89.67,85.95738487656449,3.712615123435512
46.39,50.880920660191286,-4.490920660191286
76.02,83.05184228146182,-7.03184228146182
52.38,61.3255805398101,-8.945580539810095
80.98,80.13320233288029,0.8467976671197164
55.93,51.55047493001255,4.3795250699874515
71.04,60.78908666182913,10.250913338170875
76.89,74.10202018957231,2.787979810427686
52.39,57.2384050367653,-4.8484050367653
57.29,60.51414307192797,-3.224143071927969
58.46,63.72086520475715,-5.2608652047571525
58.57,69.95575052256386,-11.38575052256386
64.03,64.42011392694548,-0.39011392694547453
32.09,48.44779306279512,-16.357793062795118
53.86,51.6393129694572,2.2206870305427984
60.08,61.43653576942347,-1.3565357694234734
79.3,77.91774848316001,1.382251516839986
68.56,66.97091062444383,1.5890893755561706
71.49,64.74734009155556,6.742659908444438
52.84,60.57573355508222,-7.73573355508222
73.56,53.316628105334,20.243371894666005
68.64,71.78341945566359,-3.14341945566359
52.82,57.12592416586212,-4.305924165862123
73.0,71.81432178676042,1.1856782132395836
73.73,71.42011569037,2.3098843096300072
38.47,42.61713747771423,-4.147137477714232
41.11,45.07640288194029,-3.96640288194029
52.44,52.2630289190803,0.17697108091969938
73.21,64.21976646003887,8.990233539961125
46.53,43.258031429622584,3.2719685703774175
60.46,70.165650796205,-9.705650796205
54.45,58.27706371721559,-3.8270637172155872
55.49,52.65171050147439,2.8382894985256115
61.88,58.90271298018033,2.97728701981967
25.32,25.16523482426018,0.15476517573981852
99.93,91.38927402608553,8.540725973914476
72.03,77.25652255668834,-5.226522556688337
59.5,71.41429336161312,-11.914293361613119
70.16,76.00428647668974,-5.844286476689746
57.15,55.519360337977474,1.6306396620225243
81.49,74.90740397744749,6.582596022552508
68.36,65.81219881606565,2.5478011839343537
60.77,60.28573716876657,0.48426283123342984
51.09,45.96400017602662,5.12599982397338
56.12,62.715842983579016,-6.595842983579018
70.14,65.30365720224181,4.836342797758192
52.35,60.724054336815946,-8.374054336815945
54.92,41.017484171683414,13.902515828316588
73.37,57.62648289449274,15.743517105507266
49.84,48.12452610788043,1.7154738921195758
64.57,56.853031822272385,7.716968177727608
75.97,68.80674406719776,7.163255932802244
55.48,54.38784636730729,1.0921536326927068
41.42,45.162229024097996,-3.7422290240979947
64.88,68.68359888034452,-3.8035988803445235
37.28,41.36254407111952,-4.082544071119521
66.82,61.794882855489824,5.025117144510169
78.59,73.46923118281534,5.120768817184668
74.81,60.093712391026315,14.716287608973687
54.82,51.9852749968953,2.834725003104701
84.32,83.06423147895887,1.2557685210411194
46.53,55.679879016653324,-9.149879016653323
70.43,64.229102524443,6.200897475557014
55.05,54.960871685109666,0.08912831489033124
44.16,44.74735409186665,-0.5873540918666507
42.8,59.55729082085983,-16.757290820859836
47.52,50.488871866199815,-2.9688718661998124
29.07,42.4772732938879,-13.407273293887897
75.56,75.71003330453385,-0.15003330453384933
64.93,54.63562957409557,10.29437042590444
72.35,67.72819806381,4.621801936189996
72.69,75.06998578753216,-2.3799857875321635
66.54,65.26335672135741,1.2766432786425952
53.66,62.424016478186175,-8.764016478186178
33.64,43.97657787259237,-10.336577872592372
56.6,55.77980709169778,0.8201929083022179
60.34,72.37465512271196,-12.034655122711953
51.27,48.63635120764501,2.6336487923549896
88.13,78.09303779780853,10.03696220219146
65.39,62.89305151309312,2.4969484869068808
65.36,70.47352196366204,-5.113521963662038
71.73,80.63594189316814,-8.905941893168134
40.21,48.98263455944809,-8.772634559448086
54.27,57.70620875163136,-3.436208751631355
75.28,64.19184472734935,11.088155272650653
47.63,48.343261422566705,-0.7132614225667027
96.5,84.0159940733983,12.484005926601697
64.78,63.679546227060385,1.1004537729396162
61.01,61.12828989010217,-0.11828989010216873
63.62,75.18005299911131,-11.560052999111313
75.1,62.85561119219136,12.244388807808633
49.4,43.05784679409516,6.342153205904836
62.3,58.9330008541584,3.3669991458415964
51.12,60.22172416793967,-9.101724167939672
46.89,58.57138224408445,-11.681382244084446
72.03,62.50926865869749,9.520731341302508
56.54,65.63404980715538,-9.094049807155379
58.6,72.44524186817547,-13.84524186817547
76.34,70.9947993966347,5.345200603365299
65.26,64.40252119531881,0.8574788046811932
79.32,73.88027979638308,5.439720203616915
55.67,57.75717469713934,-2.0871746971393392
61.43,63.39914878169488,-1.9691487816948836
55.51,70.17286019725802,-14.66286019725802
32.2,39.61678486664292,-7.416784866642914
42.16,54.65953115504059,-12.499531155040593
51.46,47.93027664528173,3.5297233547182714
69.46,56.08839594377532,13.371604056224676
61.63,58.538283161049065,3.091716838950937
59.29,52.163266678981394,7.126733321018605
55.81,57.32260678848444,-1.5126067884844403
80.01,69.2301192323025,10.779880767697506
58.06,60.57326839863528,-2.513268398635276
73.1,61.47397224386134,11.626027756138654
52.14,59.63633141397853,-7.496331413978531
47.1,47.18478991525153,-0.08478991525152679
59.32,56.01018399732122,3.3098160026787795
54.8,54.96689566423402,-0.16689566423402624
39.18,48.99658970769535,-9.81658970769535
72.2,56.47508125784068,15.724918742159325
58.14,69.36718580875821,-11.227185808758207
60.12,62.26960430977059,-2.149604309770595
80.72,63.774855121401714,16.945144878598285
60.09,62.80623333186174,-2.716233331861737
60.79,54.66406961199817,6.1259303880018265
72.01,61.88201978780712,10.127980212192888
52.62,60.57478678206913,-7.954786782069135
53.74,60.86413005376907,-7.124130053769065
82.91,69.97428249811063,12.935717501889371
58.64,53.97158426753624,4.668415732463764
77.57,72.00106495437446,5.568935045625537
74.18,79.68689122896393,-5.506891228963923
50.03,66.92846018753495,-16.89846018753495
98.35,90.26473712869249,8.085262871307506
86.01,81.07441314590801,4.935586854091994
63.15,52.91833292253855,10.231667077461445
69.96,55.622253368624065,14.337746631375929
52.72,57.45020484001018,-4.730204840010181
76.25,72.00162854067328,4.2483714593267194
55.75,60.44698830934263,-4.696988309342629
68.75,66.062514246376,2.687485753624003
61.66,51.225898245572175,10.434101754427822
80.73,73.26701146115347,7.462988538846531
71.62,66.08987582604362,5.530124173956381
52.43,53.29030094716164,-0.8603009471616403
54.31,47.31912856433437,6.990871435665632
52.53,44.34729286871186,8.18270713128814
81.52,71.01357453147743,10.506425468522565
42.6,56.47625542589084,-13.87625542589084
71.89,76.5209883399808,-4.630988339980803
41.62,43.03630015924982,-1.4163001592498219
67.4,71.38422425745041,-3.984224257450407
88.97,89.48633716176977,-0.5163371617697692
51.1,56.742258275407124,-5.642258275407123
59.94,56.265648684080816,3.674351315919182
55.27,48.73128137722438,6.538718622775626
74.62,68.28272778520137,6.337272214798631
50.69,52.39661347599723,-1.70661347599723
50.17,57.072293521033224,-6.902293521033222
59.4,62.343331585837824,-2.943331585837825
99.33,90.30141823259459,9.028581767405413
82.0,82.61917249029446,-0.61917249029446
33.34,36.100878942297705,-2.760878942297701
57.94,61.57469201242848,-3.6346920124284807
63.4,63.852769025299864,-0.4527690252998653
32.07,40.95569424927546,-8.88569424927546
48.88,58.00198448052846,-9.121984480528461
20.63,43.79930434896361,-23.16930434896361
57.86,51.753266770514394,6.106733229485606
55.39,71.50299502191747,-16.11299502191747
52.13,58.80039863634192,-6.670398636341915
26.63,44.669535792429656,-18.039535792429657
80.65,62.250389509126805,18.3996104908732
53.49,61.473590907526194,-7.983590907526192
61.58,67.3382279290229,-5.758227929022908
68.45,70.14337884803149,-1.693378848031486
51.04,53.11775059971185,-2.077750599711848
61.98,54.15658854800857,7.823411451991426
72.33,73.92935366013988,-1.599353660139883
80.9,73.81076782376378,7.089232176236223
48.97,52.200449627530986,-3.2304496275309873
68.23,75.37646532169596,-7.146465321695956
86.28,64.51073976189309,21.76926023810691
56.96,62.88183224547955,-5.92183224547955
28.24,43.4337745792324,-15.1937745792324
73.57,82.57424208046443,-9.004242080464437
72.72,73.27981000169311,-0.5598100016931085
60.14,56.557831554666066,3.5821684453339344
81.97,73.62889017232412,8.34110982767588
60.66,64.34167521729444,-3.6816752172944405
48.53,45.385380258605544,3.1446197413944574
49.78,52.61760884340091,-2.8376088434009077
72.77,75.3494261506884,-2.5794261506884055
81.26,76.24032833043623,5.0196716695637775
56.88,49.57510174213911,7.304898257860891
50.74,45.47438379552914,5.265616204470859
64.9,69.37870469521579,-4.478704695215782
58.31,62.851912701047794,-4.541912701047792
34.78,53.33937211741256,-18.559372117412558
61.23,66.85410311208084,-5.624103112080839
88.91,78.56948983381741,10.340510166182582
49.49,58.11439835228051,-8.624398352280508
40.38,46.87691945305469,-6.496919453054687
31.89,52.86455088951968,-20.974550889519676
87.13,80.30566294269563,6.824337057304362
70.19,67.331155804569,2.858844195431004
56.55,61.09081718200758,-4.540817182007579
47.14,61.505809485513,-14.365809485512997
55.51,63.31194098307319,-7.8019409830731945
66.06,63.96483741404141,2.0951625859585903
61.6,60.67239108988077,0.9276089101192326
100.0,91.58862226383687,8.411377736163132
54.53,65.16359158261105,-10.633591582611047
60.15,52.552748220090606,7.597251779909392
63.41,63.89743936621867,-0.48743936621867334
49.71,58.2737631047649,-8.563763104764902
93.81,86.07330375732708,7.73669624267292
67.27,73.83504992669086,-6.565049926690861
67.78,63.96302375747827,3.816976242521733
83.05,72.41107793763373,10.638922062366262
62.94,75.9965948666081,-13.056594866608108
69.28,78.22091255574666,-8.940912555746664
66.94,70.37985383525856,-3.4398538352585604
93.04,84.2023353231547,8.837664676845307
100.0,79.35456266965551,20.645437330344492
75.82,90.11672936502147,-14.296729365021477
21.71,38.318021539735,-16.608021539735
20.49,31.64363536231429,-11.15363536231429
48.46,56.73436361496377,-8.274363614963768
45.83,49.86440251038961,-4.0344025103896115
73.53,69.01955939265927,4.510440607340726
67.35,63.92756121001642,3.4224387899835733
79.87,79.77115942723222,0.09884057276778435
41.08,50.71222342399488,-9.63222342399488
98.84,96.6051600619385,2.234839938061498
67.34,72.25149883817579,-4.911498838175788
60.67,61.73612924231799,-1.0661292423179916
71.96,79.04672622754886,-7.086726227548866
60.95,64.58510320824718,-3.6351032082471733
87.54,75.29979563120133,12.240204368798672
71.53,66.18657093261658,5.3434290673834255
65.92,53.155890489799816,12.764109510200186
53.54,47.043798093817976,6.496201906182023
69.45,62.60859860324311,6.841401396756893
75.39,70.54442450093796,4.845575499062036
61.26,42.83981920100211,18.42018079899789
100.0,87.20669549339812,12.793304506601885
58.16,53.19001058721242,4.9699894127875766
34.13,41.69319034150586,-7.563190341505859
49.46,60.19176440281097,-10.731764402810967
87.3,74.94026787848948,12.359732121510518
53.77,55.96549509828558,-2.1954950982855763
54.79,51.335589937103585,3.4544100628964145
63.03,59.67133492967483,3.3586650703251735
44.19,51.460741825572256,-7.270741825572259
67.47,59.051048267164155,8.418951732835843
60.65,49.670581883406975,10.979418116593024
60.85,50.56288705363796,10.287112946362043
62.53,58.743417271244574,3.786582728755427
58.85,57.63729405155437,1.212705948445631
77.39,79.33255036679789,-1.9425503667978887
29.91,46.62641459033278,-16.71641459033278
84.14,73.13022166631345,11.009778333686555
80.59,79.37333509261002,1.2166649073899833
49.22,54.57603795255905,-5.356037952559049
52.56,57.50590584176063,-4.945905841760627
61.4,63.6145844879248,-2.214584487924803
59.9,57.263562562761486,2.636437437238513
67.4,74.81497986332589,-7.4149798633258825
23.9,34.56528618545961,-10.665286185459614
70.78,77.13450044001067,-6.354500440010668
67.94,61.180272866314034,6.7597271336859635
73.2,66.17884568415259,7.0211543158474115
46.19,49.99366358253951,-3.8036635825395138
66.73,64.79513085000447,1.934869149995535
83.58,76.17399842461471,7.4060015753852895
50.56,48.22363476683174,2.3363652331682587
53.01,49.366112430412365,3.6438875695876334
83.71,76.16271974994784,7.547280250052154
50.5,49.15912475176227,1.3408752482377295
63.41,72.35387592111603,-8.943875921116032
35.76,44.55198540120038,-8.791985401200385
42.66,57.7695500856813,-15.109550085681306
84.23,86.91489348799578,-2.6848934879957795
74.34,63.375418882826715,10.964581117173289
64.13,50.5067532989989,13.623246701001094
63.49,72.67317254366093,-9.183172543660923
52.85,67.19308977634483,-14.343089776344833
51.13,67.80495311732496,-16.674953117324954
77.19,66.19931650220182,10.990683497798173
43.82,55.29423541312355,-11.474235413123552
49.83,52.08865015712873,-2.2586501571287343
80.49,78.72283791799063,1.7671620820093636
84.69,74.2573699343127,10.432630065687292
62.55,54.97506612118222,7.574933878817774
65.21,61.33428212889956,3.8757178711004343
71.7,62.24530382081281,9.454696179187195
62.51,73.61238374086258,-11.102383740862585
37.46,49.07375791613594,-11.613757916135938
93.78,85.35569012365181,8.42430987634819
66.71,74.015126528367,-7.305126528367012
40.0,56.73597514226283,-16.73597514226283
66.01,69.0248546159428,-3.014854615942795
58.99,49.30406723068877,9.68593276931123
58.27,69.67158925701256,-11.401589257012553
80.5,74.50734583663451,5.992654163365486
60.68,60.547152148377585,0.1328478516224152
64.78,75.0451114895177,-10.265111489517693
76.67,70.43632714666147,6.233672853338533
35.85,48.6250620505647,-12.7750620505647
82.51,71.27468239924477,11.235317600755238
77.89,77.47172966516287,0.41827033483713194
75.99,76.87671870163597,-0.8867187016359708
57.96,60.8673694796184,-2.9073694796183958
57.63,67.72341666293403,-10.093416662934025
80.23,76.18093883647421,4.049061163525792
55.56,60.34028424463103,-4.7802842446310265
63.58,59.044861619149145,4.535138380850853
63.26,63.620953920126254,-0.3609539201262564
49.22,42.18634126864023,7.033658731359772
41.04,50.695568819695424,-9.655568819695425
66.16,72.07762076252003,-5.9176207625200306
81.87,74.69885410634097,7.17114589365903
33.61,52.002855863197944,-18.392855863197944
69.81,65.96006595433659,3.8499340456634172
62.51,62.943784944192466,-0.4337849441924675
59.17,51.830842351084804,7.339157648915197
58.05,66.80755998148608,-8.757559981486082
51.64,55.28965190737808,-3.649651907378079
74.58,64.48569875636713,10.09430124363287
59.16,71.86261555509836,-12.702615555098362
51.99,52.262149131735015,-0.2721491317350129
49.12,52.17546130153069,-3.0554613015306913
68.92,63.17016567677578,5.749834323224221
72.74,72.37890854065883,0.3610914593411678
68.26,63.88511046314808,4.374889536851924
71.19,59.89885027286968,11.291149727130318
55.72,62.81180182376168,-7.091801823761678
47.08,46.31335504435591,0.7666449556440895
60.85,58.26652894433954,2.5834710556604605
53.47,68.67025592252654,-15.200255922526537
69.21,70.03570585942953,-0.825705859429533
59.26,57.82890544846066,1.4310945515393385
53.95,46.5831509359442,7.366849064055806
38.15,39.85289227598238,-1.7028922759823786
87.36,80.42805834889256,6.9319416511074365
43.78,52.20172021339132,-8.421720213391318
63.43,62.4341401316925,0.9958598683074982
60.77,59.73849367296017,1.0315063270398355
17.6,30.999422711002392,-13.39942271100239
67.98,62.68132163052334,5.2986783694766615
97.71,85.99932521617885,11.710674783821148
44.83,60.4659340047238,-15.6359340047238
91.38,86.90292319896031,4.477076801039686
47.84,56.56633281977733,-8.726332819777326
42.65,58.85456479860225,-16.20456479860225
69.3,64.91676798365411,4.383232016345886
42.55,48.99619572353301,-6.446195723533016
54.74,65.82706032588574,-11.087060325885737
73.45,67.10349299108668,6.346507008913321
83.7,68.69303843382484,15.006961566175164
62.26,70.66680162014221,-8.406801620142211
66.08,66.85787595792846,-0.7778759579284582
49.23,65.33491457394052,-16.104914573940526
61.44,57.65714513870382,3.7828548612961796
76.99,68.52327299976261,8.466727000237384
62.03,63.94528781165959,-1.9152878116595886
80.09,80.61486684778872,-0.5248668477887151
42.23,42.56990936552578,-0.3399093655257843
57.52,61.76324884404485,-4.2432488440448495
61.08,57.81123247619962,3.2687675238003777
57.64,51.47484538222487,6.16515461777513
55.92,49.22849746051449,6.691502539485512
55.32,60.39949824786501,-5.079498247865011
64.99,55.83286118633113,9.157138813668865
43.25,52.05258428314628,-8.802584283146281
81.47,85.79083962022747,-4.320839620227474
62.37,68.49558097218244,-6.125580972182441
56.56,57.64026333768239,-1.0802633376823891
71.02,68.33083520043125,2.6891647995687435
69.75,80.51980475828265,-10.769804758282646
77.15,73.9224346044251,3.2275653955748993
61.05,69.4780999034574,-8.428099903457408
28.57,47.14926401381524,-18.57926401381524
38.03,61.16715224729752,-23.13715224729752
57.85,43.31576215846326,14.534237841536743
61.05,64.72405967637327,-3.6740596763732754
64.45,61.10387965806523,3.346120341934771
53.24,60.0084387485287,-6.768438748528695
65.88,65.77436913221386,0.1056308677861324
52.36,53.65667216089127,-1.2966721608912692
63.7,62.72144189601456,0.9785581039854421
73.15,74.71327568146374,-1.563275681463736
79.2,65.51803188382503,13.681968116174971
45.44,51.21907900336742,-5.779079003367421
37.2,43.001442858362545,-5.801442858362542
60.94,48.59629965110296,12.343700348897038
64.01,65.17469371368428,-1.1646937136842723
70.36,75.22354699759208,-4.863546997592081
79.74,67.45163813083855,12.288361869161449
68.17,60.94417383529802,7.225826164701985
87.54,76.82632133574106,10.71367866425895
59.63,64.24874933661422,-4.618749336614222
54.75,61.650000834391534,-6.900000834391534
37.68,44.97054516127418,-7.290545161274181
46.99,55.66018019739119,-8.67018019739119
66.89,50.661482644398696,16.228517355601305
68.73,54.54338743945444,14.186612560545562
94.33,84.85406312382646,9.475936876173535
63.06,65.51075690807234,-2.4507569080723357
45.13,50.57994207477696,-5.449942074776956
48.99,57.99610982118277,-9.006109821182768
50.23,47.22166170986754,3.008338290132457
85.16,74.80918634401547,10.350813655984524
60.71,62.92147634517631,-2.211476345176308
74.88,65.62615915651605,9.253840843483943
72.11,77.21478314853508,-5.104783148535077
21.88,54.28132237068259,-32.40132237068259
63.89,65.3586272842001,-1.468627284200096
33.5,46.01749069719011,-12.517490697190112
56.14,56.2120889139928,-0.07208891399280049
66.49,58.35159040250345,8.138409597496548
53.96,63.94879936356575,-9.988799363565747
39.34,47.891586730846946,-8.551586730846942
80.7,85.87744806335026,-5.177448063350255
87.87,86.91835851852098,0.9516414814790295
70.9,57.79316437949196,13.106835620508043
58.5,63.43455433961355,-4.934554339613548
43.88,39.79497913880709,4.085020861192909
49.73,51.98192624642269,-2.2519262464226912
65.45,64.31054431047501,1.1394556895249934
60.89,44.125759651656956,16.764240348343044
37.28,31.361862562242823,5.918137437757178
47.17,55.160762294763934,-7.9907622947639325
43.9,53.4435167170031,-9.5435167170031
72.83,76.9182380251578,-4.088238025157807
79.68,78.5758558354377,1.1041441645623138
57.41,58.812325686326446,-1.4023256863264493
50.19,71.08306500279339,-20.893065002793392
79.87,68.9193905258301,10.950609474169909
93.57,84.30528864257049,9.264711357429505
82.11,77.7499898338213,4.3600101661786965
71.2,65.80864107928846,5.391358920711539
82.09,70.74739766333805,11.342602336661955
46.37,48.72927492774167,-2.359274927741673
87.3,73.39344864421697,13.906551355783023
61.73,53.36488924464528,8.365110755354713
65.77,61.120338963510335,4.649661036489661
62.22,62.77343561658719,-0.5534356165871941
74.41,73.58822692448827,0.8217730755117287
100.0,85.47478707213347,14.525212927866534
66.71,69.38840830310642,-2.6784083031064227
63.2,75.80820047694161,-12.608200476941605
59.15,46.27290812817716,12.877091871822842
24.8,29.166907902805697,-4.366907902805696
42.4,50.40818225618999,-8.00818225618999
60.14,55.751024584872006,4.3889754151279945
62.46,61.66485164802077,0.7951483519792291
63.18,58.02045696156322,5.15954303843678
77.03,65.50134474141856,11.528655258581438
64.94,75.032861532106,-10.092861532106
54.47,49.19591141424973,5.27408858575027
58.83,62.08697974786253,-3.2569797478625304
65.18,76.34767856585185,-11.167678565851844
56.2,50.398304796510565,5.801695203489437
67.8,74.81484438249919,-7.0148443824991915
59.53,50.859740270573795,8.670259729426206
71.34,75.83341167374329,-4.493411673743282
69.82,64.5485472284402,5.271452771559794
63.47,72.63318249019295,-9.163182490192952
72.72,69.41279756333353,3.307202436666472
72.31,64.20555095229585,8.10444904770415
65.03,71.79680760919642,-6.7668076091964195
85.84,81.98902854181702,3.8509714581829826
50.79,51.09323006299694,-0.30323006299693844
70.58,74.67873858172419,-4.0987385817241915
69.66,66.66880218479173,2.9911978152082668
58.19,55.96955549568382,2.220444504316177
50.79,48.98528176514794,1.8047182348520607
57.97,57.577958003357665,0.39204199664233386
66.79,61.805181836552826,4.98481816344718
45.5,41.15923285754092,4.340767142459079
51.86,65.2505133282382,-13.3905133282382
74.22,73.56618875138258,0.6538112486174157
37.91,47.769031502116796,-9.8590315021168
74.24,76.58239962630492,-2.3423996263049247
48.99,50.625690609440085,-1.6356906094400827
73.02,74.440688561037,-1.4206885610370108
60.77,57.24116456787527,3.5288354321247297
46.48,50.425689762100696,-3.9456897621006988
63.25,61.72112453763939,1.5288754623606096
33.41,48.77925620413334,-15.369256204133343
48.68,51.5358276143179,-2.855827614317903
81.78,84.48010716822068,-2.7001071682206828
60.82,76.35926509304356,-15.53926509304356
69.82,69.2014895975963,0.6185104024037003
44.48,44.268119132820935,0.21188086717906174
71.1,63.272894338489124,7.8271056615108705
65.79,80.16886345608609,-14.37886345608608
66.68,52.54308597864133,14.136914021358677
56.4,54.85577783274099,1.544222167259008
28.87,36.60165341326817,-7.731653413268166
87.26,84.34525141571159,2.914748584288418
69.34,55.00794334255513,14.332056657444873
65.17,62.87189648493522,2.2981035150647813
40.58,61.41421955827268,-20.83421955827268
49.43,63.004356007007495,-13.574356007007495
55.24,61.14422533067456,-5.9042253306745565
77.18,72.22744568878547,4.952554311214541
57.3,58.08934049773555,-0.7893404977355516
18.93,37.11591287017812,-18.18591287017812
72.16,65.25936264404116,6.900637355958835
49.01,56.6650842426009,-7.6550842426009
55.23,56.74101702186184,-1.5110170218618464
70.16,64.05519581114284,6.104804188857159
63.25,74.68424270871053,-11.434242708710528
59.74,50.19019993765992,9.549800062340083
56.74,62.21431891361045,-5.474318913610446
73.48,74.61422541025954,-1.134225410259532
59.46,57.1160898479084,2.3439101520916026
58.91,61.569472536555566,-2.659472536555569
51.67,55.644671296517075,-3.974671296517073
41.52,54.05113921652641,-12.531139216526405
68.63,72.8098569750288,-4.179856975028798
49.75,45.18652084871302,4.563479151286977
93.68,85.31679447580933,8.363205524190676
76.32,61.36314086205774,14.956859137942253
43.87,53.025338293082946,-9.155338293082949
33.61,50.491181597528325,-16.881181597528325
55.84,47.17566596334708,8.664334036652924
53.32,52.02699987388924,1.293000126110762
58.86,64.26263332844553,-5.402633328445532
42.55,64.09019054037054,-21.540190540370546
40.81,58.236358425947756,-17.426358425947754
65.84,54.97322024686534,10.866779753134665
58.93,41.16070285786588,17.76929714213412
59.39,56.558535915432195,2.8314640845678056
64.27,71.46387107058099,-7.193871070580997
68.09,59.08697387908379,9.00302612091621
22.29,43.8872267005321,-21.597226700532104
72.47,79.03940046553957,-6.569400465539573
92.58,78.58221265765351,13.997787342346484
52.36,51.11965017225799,1.2403498277420084
76.36,67.70692249981859,8.65307750018141
67.19,60.01995858869839,7.170041411301611
72.7,69.41606516669258,3.283934833307427
89.75,84.5458881166743,5.2041118833256945
55.88,59.0506104962311,-3.170610496231099
49.97,49.137913180941446,0.8320868190585529
29.06,39.6117298787059,-10.551729878705903
78.3,86.99613951369172,-8.696139513691719
48.73,46.05607072427178,2.67392927572822
47.69,41.23005887383275,6.459941126167244
48.8,51.13049063611558,-2.3304906361155844
54.7,68.60845372946531,-13.908453729465307
66.19,49.48593518424015,16.70406481575985
90.86,80.21915041033252,10.640849589667482
64.43,73.5194623126897,-9.08946231268969
68.24,71.19533605774582,-2.955336057745825
82.91,68.39658984547916,14.513410154520841
53.49,55.21303324753401,-1.7230332475340049
84.69,79.84671185212827,4.843288147871732
44.91,56.03240352478248,-11.122403524782484
61.09,63.955200852303946,-2.8652008523039427
75.87,70.85999357880743,5.010006421192571
64.98,54.432503655694475,10.547496344305529
97.94,94.62187880596224,3.318121194037758
72.03,71.47534559957002,0.5546544004299818
43.96,57.06478431326439,-13.104784313264389
84.28,65.81889608878578,18.461103911214224
59.15,65.63063622026353,-6.480636220263527
61.62,71.20693432079632,-9.586934320796324
82.16,78.50992813572434,3.6500718642756596
78.89,78.18201786394646,0.7079821360535448
43.74,50.06684178322465,-6.326841783224651
33.43,44.69362730261573,-11.263627302615731
64.12,71.08603592858974,-6.966035928589733
57.55,47.713758177232876,9.836241822767121
60.04,51.602437430588324,8.437562569411675
48.74,52.04731363284505,-3.3073136328450445
72.83,62.66927805532346,10.160721944676538
47.1,41.42748944946302,5.672510550536984
49.44,56.3984846094173,-6.9584846094173045
58.94,51.01587238832121,7.924127611678784
60.24,58.59944233981294,1.6405576601870635
66.02,45.43749184248166,20.582508157518333
51.01,49.6659992712241,1.344000728775896
61.51,56.39477044959266,5.115229550407335
59.27,65.42733033317741,-6.157330333177406
53.6,56.25675657429724,-2.6567565742972405
54.46,54.835626140742185,-0.3756261407421846
59.43,59.79241415560459,-0.3624141556045899
70.46,70.08783764279605,0.37216235720394764
57.35,65.223273390242,-7.873273390241998
60.21,68.74943144484732,-8.539431444847317
81.16,70.66825007722564,10.49174992277436
73.42,71.5149337712663,1.905066228733702
53.19,56.59070550734422,-3.4007055073442203
62.42,54.66120204889462,7.758797951105379
61.47,57.721170817881315,3.7488291821186834
43.93,52.80573489193048,-8.875734891930477
69.56,57.014168366245535,12.545831633754467
38.35,56.955656578399484,-18.605656578399483
61.58,52.860602805176605,8.719397194823394
78.36,72.54291592457878,5.817084075421221
81.13,70.21176312776473,10.91823687223527
48.75,55.44467553678821,-6.6946755367882105
66.11,49.59412551252765,16.515874487472352
37.73,54.64790041647024,-16.917900416470246
57.05,66.02862097310869,-8.97862097310869
61.39,57.74601828128655,3.643981718713448
43.7,47.11050680209117,-3.41050680209117
44.78,52.54625179960262,-7.766251799602621
41.04,51.5584334238838,-10.518433423883799
68.82,65.82592887547756,2.994071124522435
61.36,60.26808094089823,1.0919190591017696
73.03,79.4667508385114,-6.436750838511401
72.23,72.73912189067376,-0.5091218906737538
72.81,64.92728384877796,7.882716151222041
64.71,70.0298756269146,-5.319875626914609
61.15,75.12571748682927,-13.975717486829275
68.87,69.5143538424889,-0.644353842488897
78.33,80.53879688769563,-2.2087968876956268
83.21,62.07943745022179,21.130562549778205
70.31,67.70219547749348,2.6078045225065267
66.71,64.54416997727262,2.165830022727377
29.42,45.850564715213885,-16.430564715213883
57.48,50.72664731118214,6.753352688817856
53.14,57.127942613717394,-3.9879426137173937
68.4,60.695538709241156,7.70446129075885
62.21,54.51854663491453,7.691453365085472
56.69,62.24235554129162,-5.552355541291625
72.33,69.51781172980155,2.8121882701984475
61.65,58.69035758098128,2.9596424190187207
62.49,79.74439351778,-17.254393517779995
80.04,77.14937608734431,2.8906239126556983
96.91,88.39166227402141,8.518337725978583
73.81,83.74555712031972,-9.935557120319714
80.55,76.22443369174039,4.32556630825961
82.66,83.33645728760163,-0.6764572876016359
53.59,50.31435951417743,3.2756404858225707
91.54,86.1913015240063,5.3486984759937
62.47,64.29545708588584,-1.8254570858858443
62.77,76.31105385637224,-13.541053856372237
69.91,71.25474189019369,-1.3447418901936885
66.53,71.58516088617192,-5.055160886171919
99.52,92.26458657940896,7.25541342059104
71.26,61.71101661180545,9.548983388194557
33.47,42.69367653563805,-9.223676535638049
60.69,73.57270330242198,-12.882703302421987
39.8,51.37475376550911,-11.574753765509115
59.67,56.181994809491556,3.4880051905084457
41.28,58.32427309152965,-17.044273091529647
28.87,36.06635844463118,-7.196358444631176
20.21,38.375726179972354,-18.165726179972353
48.46,50.382027626974214,-1.922027626974213
77.5,81.67983599855808,-4.179835998558076
51.08,59.61709555825684,-8.537095558256844
58.39,45.23814450770013,13.151855492299873
63.03,60.46526848029417,2.5647315197058305
79.85,76.31712531426383,3.532874685736161
43.85,64.73792409354009,-20.887924093540086
67.66,77.03109743500188,-9.371097435001886
48.4,42.070642083383966,6.329357916616033
32.41,37.17248802896032,-4.762488028960327
51.22,36.44782090177867,14.77217909822133
55.13,42.64254778442558,12.487452215574422
81.66,77.50605358251126,4.15394641748874
70.8,76.30163316336723,-5.501633163367231
44.23,41.95558985250073,2.2744101474992675
86.42,80.25057234486006,6.169427655139941
51.82,55.100614149229145,-3.2806141492291445
23.72,40.69172941362814,-16.97172941362814
58.58,61.61569693006185,-3.035696930061853
48.3,42.90170402470829,5.39829597529171
54.39,47.46750047555092,6.92249952444908
60.68,67.0600033874286,-6.380003387428594
60.8,62.734382523144426,-1.9343825231444285
58.38,60.281374750798946,-1.9013747507989436
56.36,63.88884993929061,-7.528849939290609
59.72,56.72773276537019,2.992267234629807
75.98,66.82804684338602,9.151953156613985
58.15,55.82218893098074,2.327811069019262
67.39,61.093281836402795,6.296718163597205
26.13,42.14239148865672,-16.01239148865672
34.65,64.53923292179698,-29.88923292179698
88.77,75.26869864950956,13.501301350490436
84.51,93.1307593214267,-8.62075932142669
69.34,70.23467651251272,-0.8946765125127172
51.14,57.40019122099558,-6.26019122099558
73.57,76.1103412463576,-2.540341246357613
48.67,36.69234580105741,11.977654198942595
40.02,49.49231182965599,-9.472311829655986
57.3,44.44173864399487,12.85826135600513
49.4,43.66082557805576,5.7391744219442415
74.6,71.24428452683696,3.3557154731630305
53.72,57.03711288525111,-3.317112885251113
47.52,58.24203990386697,-10.722039903866964
93.23,93.10937407846912,0.12062592153088758
38.04,47.234072775970105,-9.194072775970106
77.79,73.22391564100597,4.566084358994033
40.39,38.899063924386354,1.4909360756136465
37.15,36.64286272763778,0.5071372723622218
69.69,88.97407136290437,-19.28407136290437
72.57,72.10295860237373,0.46704139762626085
62.26,69.27598736287545,-7.015987362875457
30.16,34.27312103381301,-4.113121033813012
40.37,55.08137702091183,-14.711377020911833
26.95,36.37251291121573,-9.42251291121573
58.63,51.39230973238123,7.237690267618774
84.58,72.89662883959234,11.68337116040766
54.69,66.58619151949415,-11.896191519494153
79.54,74.58086245300692,4.959137546993091
72.29,79.38762825649626,-7.09762825649625
78.27,62.96452752040793,15.30547247959207
48.13,53.33990343939965,-5.209903439399646
68.61,65.77001463868595,2.8399853613140493
72.08,63.508767072975644,8.571232927024354
53.04,46.09120684414297,6.948793155857032
40.73,44.46553894320364,-3.735538943203643
42.57,47.244904378447835,-4.674904378447835
27.66,32.50910823432634,-4.849108234326341
58.5,63.62232229942844,-5.12232229942844
64.63,65.3943690751535,-0.7643690751535104
59.86,62.025149494280456,-2.165149494280456
83.45,73.65273802656117,9.797261973438836
74.52,61.36988293488926,13.150117065110734
49.63,57.93215272919372,-8.302152729193715
50.46,58.42656420497663,-7.966564204976628
66.59,45.01412752277046,21.575872477229545
66.98,67.34506306494494,-0.365063064944934
53.56,44.089431823538675,9.470568176461327
81.07,82.10239134496852,-1.0323913449685307
77.94,58.71922865327291,19.22077134672709
65.64,64.1996671306318,1.4403328693682056
52.02,62.22702441642933,-10.207024416429327
64.86,66.56418095693961,-1.7041809569396094
68.14,71.75129869415088,-3.611298694150875
66.47,69.55913311399814,-3.0891331139981446
75.57,76.15631337537738,-0.5863133753773866
68.99,70.47075765185987,-1.480757651859875
47.51,45.774867499338285,1.735132500661713
69.54,45.90526445767214,23.634735542327867
72.86,69.02943082554619,3.8305691744538137
85.68,75.9937706096494,9.686229390350604
66.5,74.70219248013672,-8.202192480136716
58.17,69.01157463582906,-10.841574635829062
68.03,72.96946338940825,-4.939463389408246
68.2,75.13312844493854,-6.933128444938532
62.41,61.97322315544365,0.43677684455634846
87.92,73.40394627090922,14.516053729090785
61.74,62.33372593042255,-0.5937259304225506
79.22,70.95696269662616,8.263037303373835
87.79,88.49237193911759,-0.7023719391175831
69.96,75.80639973011418,-5.846399730114186
76.52,71.4073053780758,5.1126946219241916
88.56,75.83102115641711,12.728978843582894
99.22,84.85470907868202,14.365290921317978
54.48,53.87927788020177,0.6007221197982275
41.34,56.863025621532316,-15.523025621532312
43.9,49.67908585290789,-5.77908585290789
60.26,53.08900841857642,7.1709915814235785
54.78,57.658632560213206,-2.8786325602132052
88.16,85.79435042017187,2.36564957982813
61.56,69.06453606735815,-7.504536067358146
49.9,48.76073805719293,1.1392619428070674
30.25,50.479313370201695,-20.229313370201695
60.46,58.59473200028388,1.8652679997161243
75.54,61.741061953575915,13.798938046424091
100.0,89.4195000823736,10.580499917626398
48.78,72.25544752861607,-23.475447528616073
46.67,40.84218619921668,5.827813800783325
88.86,79.05930913040234,9.80069086959766
86.19,85.16749431845115,1.02250568154885
73.91,72.05952211899368,1.850477881006313
52.69,53.75185800204657,-1.06185800204657
61.34,61.039199941997104,0.3008000580028991
61.77,60.27023970371883,1.499760296281174
59.78,65.62725159798515,-5.847251597985149
53.42,42.02328698840119,11.396713011598813
34.18,45.733507471042564,-11.553507471042565
70.67,73.90685190540285,-3.236851905402844
61.45,54.06510129547916,7.384898704520843
36.84,41.42496368464017,-4.584963684640165
67.18,80.98499758394715,-13.804997583947141
53.16,64.94453193481591,-11.784531934815917
62.27,63.73237267382806,-1.4623726738280567
61.23,60.40778998085642,0.8222100191435757
55.82,58.684703417879994,-2.864703417879994
57.11,50.9178467082526,6.1921532917474025
44.52,58.118610333831406,-13.598610333831402
100.0,81.99796483909167,18.002035160908335
53.78,56.874478018457005,-3.0944780184570035
57.15,59.26822162654488,-2.11822162654488
76.91,75.39562497377109,1.5143750262289046
41.91,43.94992949158928,-2.039929491589284
63.73,59.04946088623064,4.680539113769356
68.89,63.871710193634506,5.018289806365495
51.41,53.90587992607005,-2.495879926070053
61.9,62.46733602459537,-0.5673360245953702
40.24,52.989382053836025,-12.749382053836023
43.5,43.973348380634526,-0.4733483806345262
52.76,56.17110626276762,-3.4111062627676247
50.48,54.617529813300706,-4.137529813300709
80.68,66.1612518750178,14.51874812498221
73.26,82.84643706452576,-9.586437064525754
85.24,77.10295645667651,8.137043543323486
52.55,43.175168448670874,9.374831551329123
85.58,68.65851346291493,16.921486537085073
75.68,67.18725324602005,8.492746753979958
44.97,47.306349935316234,-2.3363499353162354
59.5,52.45705581855547,7.042944181444533
54.66,49.76826217252929,4.891737827470706
49.74,64.2244561481535,-14.484456148153491
99.23,79.29631075480228,19.933689245197726
71.1,60.122985707941,10.977014292058996
44.11,44.531759457404476,-0.42175945740447673
74.66,65.07403105141566,9.585968948584338
60.55,58.23886930420724,2.3111306957927553
45.45,65.50287667978753,-20.05287667978753
39.59,47.37818483686009,-7.78818483686009
61.27,69.18654326126598,-7.9165432612659785
92.52,81.06284158135368,11.457158418646316
61.74,47.35274840868325,14.387251591316755
46.56,67.92621337991316,-21.366213379913162
67.03,71.24806894162221,-4.218068941622207
79.82,60.28586557506055,19.534134424939445
60.34,66.57053154313842,-6.230531543138412
47.1,65.40955362801397,-18.309553628013965
96.23,79.7269090059157,16.503090994084303
80.24,87.21595888232451,-6.9759588823245195
71.35,58.62861922097577,12.721380779024223
36.44,40.05075549165287,-3.610755491652874
64.5,61.22836165946041,3.271638340539589
52.71,48.12383110011441,4.5861688998855925
58.86,55.31216762472135,3.5478323752786523
43.47,59.79171978023757,-16.321719780237572
49.27,65.36458378012459,-16.094583780124587
77.6,81.83993174425959,-4.239931744259593
56.48,59.3294714997849,-2.8494714997849044
36.05,43.326216718650535,-7.276216718650538
66.26,60.797716876060434,5.462283123939571
68.72,62.00051295418687,6.719487045813132
80.85,74.22526702851329,6.624732971486708
53.34,47.40240304816572,5.93759695183428
66.42,67.6841005600258,-1.2641005600257955
61.01,49.24183422467198,11.768165775328015
71.7,58.54467570202863,13.155324297971376
44.67,47.56236080319714,-2.8923608031971355
51.15,55.06831234581915,-3.918312345819153
75.13,62.223634374629235,12.90636562537076
44.86,62.87367442325778,-18.013674423257783
88.28,66.7713769545465,21.508623045453504
59.98,57.3038516497141,2.6761483502858994
100.0,94.98660226320021,5.013397736799789
51.4,60.10680578654529,-8.706805786545289
52.33,58.54669675638401,-6.21669675638401
63.58,61.0291912296998,2.5508087703002005
59.77,59.729469662489954,0.04053033751004875
66.65,72.60558111723293,-5.955581117232924
53.43,53.427802057866735,0.002197942133264519
50.55,56.24910081879223,-5.699100818792232
60.2,70.45074414064334,-10.250744140643334
68.86,61.9657558778838,6.8942441221161985
38.3,49.96475300226636,-11.664753002266366
22.25,40.90660121330838,-18.656601213308377
74.87,67.24897501847651,7.62102498152349
97.99,82.90900740181439,15.080992598185603
96.55,85.76096919006875,10.789030809931248
72.17,74.26913797430286,-2.099137974302863
68.1,55.790353463179066,12.309646536820928
77.57,62.827263524228115,14.742736475771878
67.04,69.55816721921755,-2.5181672192175455
69.12,59.494036475513276,9.625963524486728
40.76,41.772921897028155,-1.012921897028157
73.26,81.54860816718751,-8.288608167187505
49.89,56.90067839650754,-7.0106783965075365
62.27,62.69292471523057,-0.42292471523056463
66.26,55.38479536608391,10.875204633916098
91.13,86.71264591938522,4.417354080614771
48.7,71.21885028840137,-22.518850288401367
54.92,54.07807265210279,0.8419273478972116
52.08,54.160976660930515,-2.080976660930517
73.45,77.53432657312872,-4.08432657312872
42.29,53.0423689305103,-10.7523689305103
68.84,62.30506983216049,6.534930167839512
81.79,75.0934995644998,6.696500435500212
83.39,77.18480917766334,6.205190822336661
50.79,51.797654898920264,-1.007654898920265
74.56,73.19464995414342,1.3653500458565873
40.78,52.46763548582566,-11.687635485825659
73.68,80.53104770358985,-6.851047703589842
43.8,48.12196984329851,-4.321969843298511
62.87,70.73302617483327,-7.863026174833273
57.29,61.9516779760488,-4.6616779760488
80.34,80.8786605044162,-0.5386605044161996
59.48,59.76789590150241,-0.2878959015024165
49.17,60.55898265965642,-11.38898265965642
90.62,83.57272494536787,7.047275054632138
61.46,61.89000234528672,-0.43000234528671655
61.15,54.42359304574933,6.72640695425067
61.52,70.40688945055739,-8.886889450557383
68.89,48.73625211977839,20.15374788022161
73.21,83.37822628022869,-10.168226280228694
59.17,48.95135449374024,10.218645506259762
64.3,47.39735100755983,16.90264899244017
53.48,44.70270954793478,8.777290452065216
82.84,70.48878564507032,12.351214354929681
60.19,59.23209636039721,0.9579036396027902
61.2,65.0318239300441,-3.831823930044095
58.41,64.07714134921372,-5.667141349213722
63.72,56.71193711975086,7.008062880249142
70.0,66.49567523645294,3.5043247635470607
61.55,66.52830973609376,-4.978309736093763
36.88,41.0902552428342,-4.210255242834201
71.02,71.84903933903792,-0.8290393390379194
48.07,41.21680310551207,6.85319689448793
54.36,53.18013543760827,1.179864562391728
86.44,73.43899931720206,13.001000682797937
65.55,61.55630945853104,3.9936905414689576
72.81,63.540022115759605,9.269977884240397
42.19,53.03804228861307,-10.848042288613073
31.75,39.6477619523141,-7.897761952314099
59.47,64.54843828015481,-5.078438280154813
73.29,73.00142736422535,0.2885726357746563
92.37,84.07843432284193,8.291565677158076
68.42,74.79294384898313,-6.372943848983127
98.2,83.0305378628734,15.169462137126601
60.72,46.50005073054605,14.219949269453949
55.68,40.55517711542246,15.12482288457754
34.8,48.950832704490814,-14.150832704490817
58.11,71.00438243411965,-12.894382434119649
78.02,67.38627775717927,10.633722242820724
73.52,65.05198934916311,8.468010650836888
76.09,68.53867303330651,7.551326966693495
40.94,48.36046975982897,-7.4204697598289755
60.73,71.75517510367023,-11.025175103670229
54.32,66.30603947954532,-11.986039479545319
65.18,64.16742851445409,1.0125714855459194
84.28,81.46244562237324,2.817554377626763
43.92,50.866761981782105,-6.946761981782103
78.16,73.51001881607809,4.649981183921909
61.28,54.928210900900936,6.351789099099065
61.46,64.25832917647969,-2.7983291764796903
57.26,65.62010159623968,-8.36010159623968
77.3,73.25307150735674,4.046928492643261
59.03,69.2981165720834,-10.2681165720834
69.83,77.22356396651153,-7.393563966511536
54.48,67.89045040856298,-13.410450408562987
54.07,74.23739253536444,-20.167392535364435
62.56,58.330997411350964,4.229002588649038
51.46,59.213451551480944,-7.753451551480943
88.72,82.8221882362981,5.897811763701895
59.79,72.15824511335724,-12.36824511335724
72.6,69.51722656346419,3.0827734365358026
76.77,80.22144261209215,-3.4514426120921513
37.5,38.91542287093749,-1.4154228709374905
53.19,57.34204877491148,-4.152048774911485
41.62,64.03120382021419,-22.41120382021419
65.06,73.95473191000022,-8.894731910000218
59.39,61.85446996989598,-2.4644699698959798
68.45,67.66967330900351,0.780326690996489
61.94,54.8382577439447,7.101742256055296
74.89,71.94869471066892,2.9413052893310834
64.1,71.05656141709858,-6.956561417098584
51.25,50.64609539384451,0.6039046061554885
74.47,72.60355217535077,1.866447824649228
68.03,69.37456057809473,-1.344560578094729
46.9,55.05334694793346,-8.153346947933464
58.39,58.20006111715802,0.1899388828419788
41.51,36.27959037468682,5.230409625313179
65.56,59.523650710188,6.0363492898120015
48.47,54.309464094020875,-5.839464094020876
69.52,58.96015721937498,10.559842780625019
52.24,57.44685996910044,-5.206859969100435
40.86,46.83206542767917,-5.972065427679169
60.22,58.46662830446406,1.7533716955359395
61.37,68.990569991433,-7.620569991433008
72.37,66.14220359556815,6.227796404431857
45.81,47.72543444951845,-1.9154344495184503
74.72,66.97903814026971,7.740961859730291
51.15,58.80630859473908,-7.65630859473908
68.66,57.923456307935666,10.73654369206433
60.72,58.08947064978597,2.630529350214026
76.28,61.370306927824835,14.909693072175166
60.94,75.07364302663943,-14.133643026639433
48.66,43.982635795014986,4.677364204985011
47.84,52.962817196336836,-5.1228171963368325
81.77,79.81893309127511,1.9510669087248829
34.29,53.80528071482701,-19.515280714827014
71.64,65.83561668068752,5.804383319312478
70.27,70.50145179444498,-0.231451794444979
81.43,69.31274936399085,12.11725063600916
55.13,50.87034749586074,4.259652504139261
64.44,53.750206329609085,10.689793670390912
34.32,47.56390085220588,-13.243900852205883
54.64,47.50815271610984,7.13184728389016
62.08,58.058139983742926,4.021860016257072
57.22,62.534493056030946,-5.314493056030948
70.57,76.66614103319986,-6.096141033199871
55.17,55.2185052637606,-0.04850526376059605
72.72,79.52221363293971,-6.802213632939711
73.46,65.22600962764747,8.233990372352523
100.0,86.41080763017712,13.589192369822882
65.86,63.198378794240305,2.661621205759694
66.98,50.32834041527756,16.651659584722445
65.39,68.6132449032736,-3.2232449032735957
73.32,60.234916311767,13.085083688232992
60.38,65.93967376977677,-5.559673769776772
53.66,46.338931875546535,7.321068124453461
62.85,70.28902584001631,-7.439025840016306
72.96,69.81402587460533,3.145974125394659
55.6,57.70029846393034,-2.1002984639303364
62.53,71.01170618667663,-8.481706186676632
43.97,52.23740902027835,-8.26740902027835
55.48,62.80655963158252,-7.326559631582526
75.45,76.52229779468267,-1.0722977946826688
51.31,45.657881178278956,5.6521188217210465
90.0,76.99285370196972,13.007146298030278
42.41,54.618554522868834,-12.208554522868837
56.35,71.99521757233595,-15.645217572335945
64.91,67.54565689454208,-2.6356568945420804
64.13,77.16285104847168,-13.032851048471684
44.15,46.90807317366026,-2.7580731736602644
70.39,61.4002412120533,8.989758787946698
59.84,68.59737619795816,-8.757376197958152
64.45,64.67258642983519,-0.2225864298351894
54.59,61.243090006170114,-6.65309000617011
66.52,66.43476353127777,0.08523646872222912
60.53,69.27613788240464,-8.74613788240464
52.01,53.398360417476084,-1.3883604174760862
69.5,54.88655494393171,14.613445056068286
70.64,78.39137964249322,-7.7513796424932195
60.51,57.10720613515511,3.402793864844888
54.31,53.93571237277359,0.3742876272264155
60.62,55.15406901239405,5.465930987605951
77.88,83.22424290936787,-5.344242909367878
65.87,70.70508919500601,-4.835089195006006
79.14,72.06100199456299,7.078998005437015
95.88,93.24648700842307,2.6335129915769215
51.95,51.99597261571855,-0.04597261571854716
48.49,60.15913349062786,-11.669133490627857
40.07,60.232394086051585,-20.162394086051584
78.98,71.63364616812923,7.346353831870772
59.63,60.488429503733215,-0.8584295037332126
75.56,70.93086762625796,4.6291323737420385
67.27,65.8611944473115,1.4088055526884915
80.26,71.14093733037143,9.119062669628576
47.08,57.24387066629503,-10.163870666295033
65.94,70.26608633394547,-4.326086333945469
69.96,55.13375248060044,14.826247519399551
81.4,83.39896682284001,-1.9989668228400035
62.34,65.35404682623856,-3.0140468262385554
74.13,70.53523067215517,3.59476932784483
83.51,74.13062106187824,9.37937893812176
79.66,79.56044542666909,0.09955457333090578
62.45,54.998173689602865,7.451826310397138
46.3,39.34120637233687,6.958793627663127
59.27,48.89006797244823,10.379932027551774
86.04,84.07428857064063,1.9657114293593736
27.37,46.50816038774159,-19.13816038774159
60.94,70.29658604843546,-9.35658604843546
64.07,64.78157862847948,-0.7115786284794865
36.61,39.04044749891786,-2.4304474989178573
49.76,52.030786093683425,-2.2707860936834265
37.61,51.26960759736129,-13.659607597361294
65.87,64.00392996366328,1.8660700363367226
61.95,48.97351605443005,12.976483945569953
74.22,73.08354097999982,1.1364590200001743
83.04,62.88101724379281,20.158982756207195
92.11,86.06900971147061,6.040990288529386
72.85,72.58359692253977,0.2664030774602253
58.5,56.321275869976006,2.178724130023994
65.01,75.6666972425829,-10.656697242582894
68.84,70.34216207611529,-1.5021620761152832
86.8,78.86396882690114,7.936031173098854
80.87,71.75322135254373,9.116778647456272
42.12,47.22232701326996,-5.102327013269964
57.18,43.26140152239402,13.918598477605983
57.72,49.41642307172163,8.303576928278368
73.85,69.7951076596728,4.0548923403272
59.5,62.41454767264413,-2.914547672644133
65.02,48.58491073720471,16.435089262795287
72.18,58.905968967673864,13.274031032326143
55.6,47.40411683690406,8.195883163095942
31.04,30.984360082591262,0.05563991740873675
70.78,62.689838704953594,8.090161295046407
50.43,70.33961718083887,-19.90961718083887
77.06,73.5000424273682,3.5599575726318022
62.25,72.2690834779028,-10.019083477902797
77.91,73.62221114485638,4.287788855143617
87.01,75.80699904964347,11.20300095035654
78.99,67.75245047069758,11.237549529302413
63.97,79.0495136589044,-15.079513658904403
57.6,53.87496878101191,3.725031218988093
43.88,51.86409718465572,-7.984097184655717
41.16,52.81010182009379,-11.650101820093795
60.75,58.557670171481945,2.192329828518055
53.33,58.809276487885825,-5.479276487885826
97.25,71.69096463308726,25.559035366912738
52.88,58.972120245921275,-6.092120245921272
18.85,40.43472761796001,-21.584727617960006
51.1,52.79329259623695,-1.693292596236951
69.06,73.05579473330523,-3.9957947333052317
69.56,70.44767189933468,-0.887671899334677
76.1,71.83319408062312,4.266805919376878
64.35,68.060779864186,-3.7107798641860086
78.94,77.0626113906196,1.8773886093804038
45.71,44.21267869804072,1.497321301959282
57.43,58.97455543450972,-1.5445554345097179
61.25,70.3580320996629,-9.108032099662907
47.05,46.235977285145836,0.8140227148541612
65.11,37.486782946962144,27.623217053037855
57.5,47.6656342549773,9.834365745022701
63.76,58.680270166755776,5.0797298332442224
63.92,55.42259469894778,8.497405301052218
52.16,45.994248974705755,6.165751025294242
51.79,47.34726098285535,4.442739017144646
79.32,68.81871778416411,10.501282215835886
79.61,68.56196016833462,11.048039831665378
64.89,64.62313607670859,0.2668639232914103
77.45,68.80422418230519,8.645775817694812
37.36,54.379662020151585,-17.019662020151586
61.03,66.8298246926282,-5.799824692628192
27.14,44.123485910939436,-16.983485910939436
40.08,42.176994200134985,-2.0969942001349864
75.66,70.87726953028529,4.782730469714707
61.05,57.00154460002248,4.04845539997752
65.17,73.65995505270419,-8.48995505270419
70.92,57.2708458041849,13.6491541958151
49.78,50.90271872569226,-1.122718725692259
81.51,80.30908422408356,1.2009157759164424
91.69,83.16637713910056,8.523622860899437
57.64,64.05572590283715,-6.415725902837153
82.44,80.2073465712351,2.232653428764891
57.05,53.72219676307432,3.327803236925675
100.0,88.12080157741684,11.879198422583158
55.18,54.16667589732073,1.0133241026792703
59.59,51.632210776249025,7.957789223750979
86.97,73.0487877417622,13.921212258237802
68.6,68.50979989288476,0.09020010711523696
62.92,72.07436987414049,-9.154369874140485
71.37,63.74149599465195,7.628504005348056
37.7,47.946382850564554,-10.246382850564551
60.84,64.48102098356672,-3.641020983566719
30.42,36.343304137133096,-5.923304137133094
63.89,65.39352674821296,-1.5035267482129626
88.72,85.84619376531155,2.8738062346884448
63.74,70.86467977662878,-7.124679776628774
61.77,57.06669119612726,4.703308803872744
73.18,71.6859152113765,1.4940847886235105
55.51,46.549874448516796,8.960125551483202
75.23,66.78304420766135,8.446955792338656
76.63,75.68043867541823,0.9495613245817651
89.56,74.58089723013241,14.979102769867595
65.06,63.695527618808924,1.364472381191078
55.01,53.63928241292146,1.3707175870785377
100.0,69.72589399479827,30.27410600520173
90.72,85.44391386730928,5.276086132690722
76.31,68.90462616873897,7.405373831261031
71.95,62.07331904749575,9.876680952504252
70.63,63.28142900262296,7.348570997377038
74.34,84.4743073271214,-10.134307327121391
82.84,82.27221816627053,0.5677818337294696
48.07,48.383859803527464,-0.313859803527464
37.82,46.91432031665024,-9.09432031665024
83.88,66.15811997168687,17.721880028313123
87.94,84.37564952279543,3.56435047720457
59.03,63.47866998672148,-4.448669986721477
74.07,70.59690733506712,3.473092664932878
55.45,55.21019961409472,0.23980038590528352
60.16,68.67987835673857,-8.519878356738573
25.33,24.577447564092292,0.752552435907706
55.73,47.940457729753085,7.789542270246912
65.15,64.36546762925103,0.7845323707489769
45.19,60.167509331070406,-14.977509331070408
69.26,68.1423516968262,1.1176483031738087
47.01,54.59295024572782,-7.582950245727822
75.62,65.09211036169302,10.527889638306988
76.13,74.11511547063618,2.014884529363812
69.57,74.45141942495675,-4.881419424956761
61.85,54.33727652888542,7.512723471114583
52.1,44.19166300061228,7.908336999387721
58.25,64.00591444909152,-5.75591444909152
83.04,73.04627786036805,9.993722139631956
47.47,59.28228460673973,-11.81228460673973
77.58,71.74848451759046,5.831515482409543
100.0,90.28116982614381,9.71883017385619
53.09,60.47409480370417,-7.384094803704166
61.99,58.47840298067398,3.5115970193260253
62.93,66.56990514015602,-3.6399051401560243
68.62,64.42164590951796,4.198354090482042
46.84,51.35701975658422,-4.517019756584219
42.26,50.11283872990065,-7.852838729900654
39.01,54.91108992854159,-15.901089928541595
76.38,74.91512151553759,1.4648784844624032
33.12,48.163957486741204,-15.043957486741206
98.43,85.53246964073698,12.89753035926303
45.72,57.18925829543002,-11.469258295430024
49.53,39.68752138955799,9.842478610442008
64.76,56.412405798270065,8.34759420172994
94.63,78.3340323493735,16.295967650626494
92.54,80.15492569426512,12.38507430573489
54.59,58.49104547318475,-3.9010454731847446
68.5,66.45550323842171,2.044496761578287
66.87,61.58350836626733,5.286491633732673
74.76,71.94650314516805,2.8134968548319534
69.54,68.84306736077477,0.6969326392252384
58.06,61.407726298752635,-3.347726298752633
60.62,57.173492601250814,3.4465073987491834
58.59,73.45356415729226,-14.86356415729226
61.13,67.70995047748472,-6.579950477484722
67.91,62.76292693383793,5.147073066162065
78.07,63.35359014191461,14.716409858085385
68.75,58.53762786936396,10.21237213063604
69.65,63.3568832169187,6.293116783081302
37.6,35.90600389061109,1.6939961093889124
68.56,73.8488941507006,-5.2888941507005995
37.77,40.655123062168514,-2.8851230621685104
53.48,65.52376954399436,-12.043769543994365
68.59,64.94763137034973,3.642368629650278
71.73,57.43760949714458,14.292390502855426
48.12,68.04085980890395,-19.92085980890395
76.28,70.32163681074806,5.958363189251941
86.16,90.2379809076147,-4.077980907614702
78.47,69.46383551546782,9.006164484532178
68.62,67.29923108961968,1.3207689103803233
94.64,84.32079882901053,10.319201170989473
73.97,75.29669794269616,-1.326697942696157
64.55,66.52095854372969,-1.9709585437296937
65.43,65.92907264498227,-0.4990726449822631
99.19,92.83037698851429,6.359623011485709
60.39,66.74188346236747,-6.351883462367468
18.12,38.98893401870258,-20.86893401870258
40.37,55.26446714687366,-14.894467146873666
83.22,77.64056932688412,5.57943067311588
74.22,57.95657505059964,16.26342494940036
74.92,80.5768683879701,-5.656868387970093
58.37,47.44940920790534,10.920590792094657
91.7,83.51950560794546,8.180494392054541
69.17,61.94227565835911,7.227724341640894
70.22,66.84201006865932,3.3779899313406787
40.09,51.55607269300384,-11.466072693003838
56.45,62.892998286272835,-6.442998286272832
71.36,65.28343105813187,6.076568941868132
43.96,57.22804499791565,-13.268044997915652
71.72,73.12939330361894,-1.4093933036189412
72.36,73.75251271756126,-1.3925127175612602
64.94,63.01339204841989,1.9266079515801096
45.98,49.45036320585371,-3.4703632058537153
79.7,69.84332924079256,9.856670759207447
63.67,67.63983513632498,-3.969835136324974
80.53,63.72474379373038,16.80525620626962
69.81,62.57958911665103,7.2304108833489735
71.2,63.995458672277756,7.2045413277222465
58.4,47.25478323538604,11.145216764613956
73.44,61.41958881672366,12.020411183276337
50.39,56.87179411161824,-6.4817941116182425
73.81,64.10065388188407,9.709346118115931
51.88,65.77668015643222,-13.896680156432218
30.19,43.28577699847195,-13.095776998471951
45.07,48.46907293729034,-3.3990729372903417
55.68,51.858583284275696,3.821416715724304
74.02,71.51852009758483,2.50147990241517
100.0,91.42527449187384,8.574725508126164
67.84,63.284072051027564,4.555927948972439
68.66,73.15114627589398,-4.491146275893982
63.55,59.08826320635329,4.461736793646708
91.48,77.49186698458135,13.988133015418654
38.78,45.805033143784996,-7.025033143784995
55.65,56.08261949350966,-0.43261949350966233
79.26,83.12712779128131,-3.8671277912813053
58.0,57.3180091428983,0.6819908571017024
56.95,56.016976803594495,0.9330231964055073
46.31,60.18710805907919,-13.877108059079191
57.06,61.1996429638867,-4.1396429638867005
46.32,48.794387969753274,-2.4743879697532734
46.85,45.02939038443735,1.8206096155626526
49.89,41.28546640656978,8.604533593430219
53.69,54.997149053877116,-1.3071490538771187
81.09,79.93499045629375,1.1550095437062566
61.94,48.76087892473812,13.179121075261875
24.32,44.18457894426638,-19.864578944266377
49.92,58.849738136507575,-8.929738136507574
53.34,54.49985911344263,-1.1598591134426286
54.14,42.267315832908466,11.872684167091535
67.94,57.65344022120007,10.286559778799926
35.14,47.10271822276717,-11.962718222767172
53.6,59.04386209718443,-5.443862097184429
69.01,62.727354981715784,6.282645018284221
58.98,67.1022086515098,-8.122208651509801
61.21,57.05586739099576,4.154132609004243
60.96,65.32812959787212,-4.3681295978721195
100.0,74.28018657804873,25.719813421951272
54.9,66.01911850147468,-11.11911850147468
65.62,71.9535308715619,-6.333530871561891
49.97,46.871068456025014,3.0989315439749845
69.39,68.56962891972931,0.8203710802706894
65.89,69.82345356519185,-3.9334535651918543
55.52,54.17554515976837,1.3444548402316343
41.76,61.4538178186161,-19.693817818616104
73.91,69.94456082412539,3.9654391758746073
74.09,64.28969778393521,9.800302216064793
33.43,43.14160865400054,-9.711608654000543
49.15,50.83779240228509,-1.6877924022850905
72.75,53.02406273278769,19.72593726721231
58.54,48.42721711074637,10.11278288925363
51.12,49.91430399531118,1.2056960046888179
78.76,81.10391754535183,-2.343917545351829
51.98,48.64835023177241,3.331649768227585
46.65,66.70025953374869,-20.050259533748694
60.62,65.13773383198527,-4.517733831985275
37.74,50.27652292968056,-12.536522929680558
71.54,62.26745137665659,9.272548623343418
63.14,59.901588392141356,3.2384116078586445
67.1,62.63132057609326,4.468679423906735
83.26,80.35009768651514,2.9099023134848636
55.14,50.79304795480872,4.34695204519128
66.41,75.12340212059588,-8.713402120595887
59.56,60.77813689457494,-1.2181368945749398
48.72,62.0055634827189,-13.2855634827189
73.5,72.11350516989643,1.3864948301035724
89.75,91.86642503768907,-2.116425037689069
93.47,81.41061425577807,12.059385744221927
57.58,75.9848123688264,-18.4048123688264
59.55,54.61067103823158,4.9393289617684175
67.37,53.52394669182032,13.846053308179684
72.82,60.945188508248854,11.874811491751139
74.14,70.61876377700575,3.521236222994247
64.6,62.99529123247924,1.604708767520755
47.63,64.00266588024999,-16.37266588024999
71.47,63.61374816181936,7.85625183818064
77.44,52.494356203017865,24.945643796982132
52.19,49.0556684970864,3.1343315029135965
70.52,73.07588679739943,-2.555886797399438
61.63,68.83945657121022,-7.209456571210218
58.5,63.946848287493594,-5.446848287493594
55.18,49.778187326422966,5.401812673577034
52.47,52.36649158677407,0.1035084132259314
55.51,49.353232156196064,6.156767843803934
100.0,89.94013923375121,10.05986076624879
50.08,52.6201754160099,-2.5401754160099017
50.68,50.95283682720963,-0.27283682720963043
68.67,60.55841816687017,8.111581833129833
44.15,55.93132225212564,-11.78132225212564
72.03,67.07193441166702,4.958065588332985
66.32,62.155905563396054,4.164094436603939
40.41,40.194703288808256,0.21529671119174054
60.76,59.64477894550989,1.1152210544901067
45.94,46.198441769351604,-0.2584417693516059
66.39,58.03454241372374,8.355457586276259
100.0,82.75507011833894,17.244929881661065
35.29,56.35312635060689,-21.063126350606893
79.47,80.33560944242754,-0.8656094424275409
59.41,49.65272761511222,9.757272384887777
66.07,68.8173614169977,-2.7473614169977054
59.41,68.27377291882128,-8.863772918821283
74.37,60.1240457758953,14.245954224104707
68.35,64.23814753825947,4.111852461740526
78.82,76.32870338284094,2.491296617159051
68.7,67.27392877777241,1.4260712222275913
54.88,59.1344672498969,-4.254467249896898
69.79,62.807012398329285,6.982987601670722
59.17,59.16937273644002,0.0006272635599842147
62.99,61.202485958554455,1.7875140414455473
77.14,71.77974020251673,5.360259797483266
74.42,61.07856958730777,13.341430412692233
70.61,67.60218591388347,3.0078140861165252
55.83,64.36716254761846,-8.537162547618465
26.99,47.06708783391553,-20.07708783391553
55.21,48.32759426086212,6.88240573913788
78.62,72.55174025131674,6.068259748683261
47.14,61.191702678370426,-14.051702678370425
56.55,66.63884818663786,-10.088848186637861
72.63,66.95840198190231,5.671598018097683
76.1,61.32337461171337,14.776625388286625
58.31,54.090250934620784,4.219749065379219
74.54,70.70433199683082,3.8356680031691894
35.02,44.742562001358536,-9.722562001358533
58.81,60.632074530679894,-1.8220745306798918
41.95,46.58117983744397,-4.631179837443966
73.49,62.712577023152654,10.77742297684734
50.25,60.0618169250423,-9.8118169250423
66.88,72.48604115326879,-5.606041153268791
69.32,58.96349118252925,10.35650881747074
50.48,53.555825581281006,-3.075825581281009
61.99,53.2140719411084,8.775928058891601
42.92,49.08257009646464,-6.162570096464641
76.02,68.444759448559,7.575240551440999
38.68,40.435449854992186,-1.755449854992186
79.61,59.36263710536347,20.24736289463653
56.77,71.26949555761661,-14.499495557616605
66.19,66.00407180022069,0.18592819977931185
89.09,76.22434552739954,12.865654472600468
43.64,50.81557278780082,-7.175572787800817
48.47,62.46252803201611,-13.99252803201611
100.0,89.29813411218738,10.701865887812616
67.31,56.74310524480945,10.566894755190553
61.22,69.49279598281743,-8.272795982817428
66.65,56.1841922444856,10.465807755514405
46.74,55.28303915692797,-8.543039156927968
58.62,53.93643096388462,4.6835690361153794
45.5,40.05812661546274,5.44187338453726
48.95,43.452920259844426,5.497079740155577
93.74,83.29096967895532,10.449030321044674
66.81,74.050736621609,-7.2407366216090026
47.81,69.6335476994157,-21.8235476994157
39.93,39.9086305564513,0.021369443548699962
58.3,67.90151291359734,-9.601512913597347
65.19,69.13875490221797,-3.9487549022179707
83.05,75.77233563057536,7.277664369424642
54.87,47.523608162903926,7.346391837096071
54.79,55.129523411788284,-0.33952341178828505
56.92,65.43153522179496,-8.511535221794958
70.83,63.3460578638939,7.483942136106101
74.32,75.64421575257103,-1.3242157525710354
64.91,67.30683573090667,-2.3968357309066732
39.07,57.15411079484233,-18.08411079484233
60.03,68.1123411928283,-8.082341192828295
69.99,73.94814130748485,-3.9581413074848513
64.83,57.94727429313286,6.8827257068671415
69.37,65.06598293570094,4.30401706429906
36.52,54.02016489776711,-17.500164897767107
39.07,50.04794116706849,-10.977941167068487
48.65,68.79552744679161,-20.14552744679161
59.17,53.15103907611726,6.018960923882744
39.02,42.269934582663325,-3.2499345826633217
55.6,60.51215882988444,-4.91215882988444
46.28,50.5860068050683,-4.3060068050683
68.63,73.23145442350707,-4.601454423507079
25.58,49.94497981172377,-24.36497981172377
55.66,57.812209765874776,-2.1522097658747796
40.37,54.00773905287521,-13.637739052875212
62.32,75.00174626179405,-12.681746261794054
58.72,68.26397502163192,-9.543975021631923
98.19,82.63543349029516,15.554566509704841
48.67,37.88820355885022,10.78179644114978
56.04,57.38624300716063,-1.3462430071606306
90.97,90.737395300804,0.23260469919600268
95.81,75.16457955391465,20.645420446085353
83.82,83.45634430681093,0.36365569318905955
75.97,79.00588971092454,-3.035889710924536
77.36,73.98139098613393,3.3786090138660683
56.9,85.92285343201661,-29.02285343201661
59.79,52.71944707319909,7.070552926800907
16.23,24.89861039258509,-8.66861039258509
75.69,66.20005187366425,9.489948126335747
77.65,77.89464592681175,-0.24464592681174224
63.32,69.34713414544281,-6.027134145442808
56.9,59.486697416247566,-2.586697416247567
76.57,75.67561461491809,0.8943853850819039
55.26,56.32830142182768,-1.0683014218276838
54.68,62.556737306999324,-7.876737306999324
60.5,62.376111479542,-1.876111479541997
56.81,49.41728180934315,7.392718190656851
71.58,59.7605634703083,11.8194365296917
57.74,48.284491502472505,9.455508497527497
45.6,40.037195055924315,5.562804944075687
77.73,83.43131952437298,-5.701319524372977
75.13,81.26305963328682,-6.13305963328682
67.48,78.34825680076241,-10.86825680076241
74.69,74.7108077882987,-0.020807788298697005
72.55,63.28805851899618,9.261941481003817
78.58,70.00577315720767,8.574226842792328
38.14,47.40304757004762,-9.263047570047618
84.99,81.70686691884474,3.283133081155256
62.98,62.35781793518721,0.6221820648127903
75.03,55.61513779964362,19.41486220035638
7.74,35.31088135842019,-27.570881358420188
52.96,62.81107842217813,-9.851078422178126
54.5,46.66180959860539,7.838190401394613
53.73,58.92818266987566,-5.1981826698756635
76.89,71.50644183457793,5.383558165422073
67.31,62.000798079950954,5.309201920049048
73.75,54.1035625292022,19.6464374707978
66.64,63.01526025956105,3.6247397404389474
67.6,71.62779946959364,-4.027799469593646
54.83,49.1621291962211,5.6678708037788965
65.24,56.791932221744126,8.448067778255869
45.33,49.77146639529462,-4.4414663952946185
58.32,56.47741341299999,1.8425865870000138
53.9,55.18790422556373,-1.2879042255637287
53.85,59.43888392680211,-5.5888839268021115
10.25,26.53058731668147,-16.28058731668147
47.58,56.4566949396779,-8.876694939677904
69.32,81.76343155062072,-12.44343155062073
36.8,53.82943680432109,-17.029436804321094
65.51,70.60021334336186,-5.090213343361853
37.62,40.40577520031979,-2.78577520031979
55.5,55.96983093199751,-0.4698309319975067
53.06,54.6440843326794,-1.5840843326793959
85.1,84.3201893743439,0.779810625656097
43.11,51.54943266462366,-8.43943266462366
79.03,68.55952699174199,10.470473008258011
63.26,49.12805222710164,14.131947772898357
55.81,53.159910283494234,2.650089716505768
62.02,62.59010216682411,-0.5701021668241069
88.1,77.02357009198904,11.076429908010951
57.0,46.643356445566745,10.356643554433255
88.35,84.27308460700048,4.07691539299951
56.82,46.642668040230944,10.177331959769056
39.74,46.2128369838789,-6.472836983878899
70.06,58.149202971111045,11.910797028888958
28.02,38.87045272462951,-10.850452724629509
57.66,66.10728413745582,-8.447284137455824
57.95,50.50868074063538,7.441319259364626
78.08,71.63732162134006,6.442678378659934
70.27,63.00307594560751,7.266924054392483
86.95,71.68389025782143,15.266109742178571
70.43,65.34622710869449,5.0837728913055145
87.59,85.47422556615601,2.1157744338439954
69.46,67.2491473934101,2.2108526065898957
89.37,80.42273860289237,8.947261397107638
76.6,76.70286311414243,-0.10286311414243698
28.29,36.36797395621001,-8.077973956210009
70.88,61.69534383936743,9.184656160632564
46.89,47.2316634348517,-0.3416634348516965
48.59,53.110673353793445,-4.520673353793441
54.1,49.66853919133714,4.431460808662862
70.34,78.43939125159272,-8.09939125159272
52.93,53.18478877898664,-0.25478877898664365
67.64,76.90461171080126,-9.264611710801262
36.88,57.8271746716693,-20.947174671669295
82.59,73.72562556121878,8.864374438781226
67.61,59.457347984123935,8.152652015876065
73.13,68.84631297584633,4.283687024153664
65.42,53.26440193553155,12.15559806446845
63.21,65.47030807433416,-2.260308074334155
68.39,65.42044987970333,2.969550120296674
65.32,77.98389428382892,-12.663894283828924
61.23,58.77856269328526,2.4514373067147375
83.47,73.63538996866197,9.83461003133803
28.66,41.09644037648631,-12.436440376486313
91.96,92.8069359518905,-0.8469359518905009
71.87,65.00946250935463,6.86053749064537
32.41,48.135730036756605,-15.725730036756609
58.02,54.75941168441943,3.26058831558057
70.14,59.176072881745895,10.963927118254105
55.85,45.91466728143488,9.935332718565121
52.43,56.454969902983194,-4.0249699029831945
62.58,65.07029050991395,-2.4902905099139474
89.11,80.66372860308343,8.446271396916572
51.85,43.337780641569246,8.512219358430755
67.78,62.9413469542005,4.838653045799504
73.39,70.95541201052916,2.4345879894708418
52.45,58.96567392214954,-6.5156739221495386
65.51,75.58112490962783,-10.071124909627827
43.14,46.38909542954094,-3.2490954295409367
81.06,78.51066184365386,2.5493381563461384
54.8,45.064865466927344,9.735134533072653
58.43,74.57340745948825,-16.14340745948825
54.56,64.93741679393753,-10.377416793937527
63.65,56.731041726949115,6.918958273050883
22.68,51.33169721768575,-28.65169721768575
58.23,61.94624362091304,-3.7162436209130405
32.36,53.40868737301769,-21.048687373017692
71.33,76.49693483707026,-5.166934837070258
70.86,57.882874139925775,12.977125860074224
54.0,56.42573499388005,-2.4257349938800488
61.41,64.29845797979057,-2.888457979790573
54.4,48.44746416900884,5.95253583099116
66.53,61.03212873579772,5.497871264202281
68.38,59.73789318547719,8.642106814522805
52.24,55.63608713602101,-3.396087136021009
76.41,69.06113422165251,7.348865778347488
32.19,45.271749875859044,-13.081749875859046
51.17,57.97206269120789,-6.802062691207887
68.89,68.0714286457148,0.8185713542851971
84.24,73.29972644046259,10.940273559537403
75.4,54.37783794355817,21.022162056441836
43.46,42.3465046439296,1.113495356070402
100.0,90.99831094086326,9.001689059136737
40.96,50.386810757012746,-9.426810757012746
59.9,59.54649985658206,0.3535001434179392
39.84,40.25360573794756,-0.41360573794755595
69.15,57.43800149514584,11.711998504854165
24.86,29.533477039240225,-4.673477039240225
83.85,70.92981193676593,12.920188063234065
65.08,61.85227910404928,3.2277208959507178
48.01,56.96681160849256,-8.956811608492565
71.2,70.33302527108897,0.8669747289110319
26.79,40.87001921349405,-14.080019213494047
50.38,59.87745236414893,-9.497452364148927
36.25,34.168667848764116,2.081332151235884
67.32,63.14434137432641,4.175658625673584
71.77,68.45198284678101,3.318017153218989
54.75,59.28014018071323,-4.530140180713232
46.88,62.601946306786914,-15.721946306786911
55.39,50.760284215876744,4.629715784123256
57.34,58.29024694218717,-0.9502469421871638
61.51,66.86498062318478,-5.35498062318478
72.76,74.66216233100182,-1.9021623310018185
63.27,54.77167945218556,8.498320547814444
75.13,79.77132366228884,-4.6413236622888405
55.81,50.36209795019141,5.44790204980859
74.27,64.96807748707995,9.301922512920044
60.58,67.01532345113192,-6.4353234511319215
61.05,57.51578779845136,3.534212201548634
77.65,83.27299470853387,-5.6229947085338665
37.09,41.135469694991514,-4.04546969499151
42.36,41.97139097391552,0.388609026084481
63.08,62.9024611485571,0.17753885144289683
64.7,67.69653749663425,-2.9965374966342466
84.13,76.50901247852639,7.620987521473609
65.07,48.87743325327457,16.192566746725426
64.28,62.76443968235197,1.5155603176480312
41.8,44.74063672809585,-2.9406367280958534
68.75,64.4828427907339,4.267157209266102
73.84,65.73284124645812,8.107158753541881
87.25,80.17971951385147,7.070280486148533
72.52,66.44527319591907,6.074726804080925
36.61,53.636457950742894,-17.026457950742895
65.12,63.7391166369123,1.3808833630877047
53.87,68.04088122984362,-14.170881229843623
64.53,68.8602906737959,-4.330290673795901
93.08,79.94965154618966,13.130348453810342
82.87,83.88115342609514,-1.0111534260951345
64.6,69.3223586444052,-4.722358644405205
74.87,60.80835893711229,14.061641062887716
59.98,53.68495049267398,6.29504950732602
52.13,53.87703388920598,-1.74703388920598
63.99,60.76001072590654,3.2299892740934624
90.71,83.5594651834652,7.150534816534787
95.32,70.6705313081807,24.649468691819294
59.29,62.694201410520314,-3.404201410520315
42.74,36.82983132526676,5.910168674733242
75.06,62.87433863125346,12.185661368746544
31.22,47.074952910783296,-15.854952910783297
65.18,64.03349247633436,1.1465075236656475
44.88,54.32371376421208,-9.443713764212077
77.36,72.25654368321825,5.103456316781745
43.78,49.135824614408214,-5.355824614408213
58.9,54.02434772987198,4.875652270128022
60.0,59.58339576586416,0.41660423413583914
61.12,47.59419179337869,13.525808206621306
51.48,56.598973842441005,-5.118973842441008
45.75,52.05285985003711,-6.302859850037109
48.93,66.84826686294447,-17.91826686294447
46.73,49.25727679370638,-2.5272767937063847
88.47,73.98087355607359,14.48912644392641
61.63,67.71996217142251,-6.089962171422506
72.68,81.9799534064734,-9.299953406473392
42.37,55.935132623907116,-13.565132623907118
84.13,66.22265654714673,17.90734345285327
28.5,48.53819181186589,-20.038191811865893
76.35,75.53444743060821,0.8155525693917838
49.42,42.38985415133097,7.030145848669029
41.54,52.1171015580173,-10.577101558017304
83.95,84.3007138675506,-0.35071386755059564
61.36,65.29522046800894,-3.9352204680089358
39.63,38.77970589513573,0.8502941048642754
65.63,82.76874461334447,-17.13874461334447
53.9,61.19673514036293,-7.296735140362934
77.83,74.68780494796769,3.1421950520323065
79.64,76.51826318484115,3.1217368151588545
88.57,75.31087225710523,13.259127742894762
99.03,81.2757027744801,17.754297225519906
58.48,48.5495008304871,9.930499169512899
57.82,52.45460729992669,5.365392700073308
69.92,59.91990313192199,10.00009686807801
81.22,78.8906739337172,2.3293260662828033
74.51,64.9515846249213,9.55841537507871
77.8,73.06984415076784,4.730155849232162
63.41,62.28413925554661,1.1258607444533837
82.26,78.17378137267629,4.086218627323717
79.1,64.90728443293496,14.192715567065036
38.95,46.21155799313611,-7.261557993136108
61.65,39.35239887975896,22.29760112024104
74.05,68.03218361715915,6.017816382840849
48.96,53.56357593559952,-4.6035759355995225
51.13,59.42461627542641,-8.294616275426407
65.68,58.805699793865216,6.874300206134791
70.47,68.17552281337322,2.2944771866267786
66.85,72.9855362054533,-6.135536205453306
76.38,82.90311845179941,-6.523118451799419
63.57,78.9307180811611,-15.360718081161103
50.78,48.485090722744516,2.294909277255485
58.25,62.79856334672924,-4.548563346729239
50.24,56.455045795800515,-6.215045795800513
55.15,54.678670213312294,0.4713297866877042
78.61,78.65917781774752,-0.049177817747519725
75.97,56.59242805225748,19.377571947742517
73.64,60.04431995989303,13.59568004010697
49.01,55.30177657147224,-6.291776571472241
99.54,79.3657099851849,20.1742900148151
37.56,47.20869694620833,-9.648696946208325
65.37,76.28183813706286,-10.911838137062858
93.58,79.6551139598278,13.924886040172197
65.58,74.15666702198573,-8.576667021985728
53.62,47.92270343542055,5.697296564579446
65.73,64.00284054803674,1.72715945196326
57.16,60.54229751671461,-3.3822975167146154
83.01,72.12965728091743,10.880342719082577
53.34,61.21660733476578,-7.8766073347657795
88.77,76.18030953595508,12.58969046404492
89.46,74.79972211426451,14.660277885735482
71.12,67.89375910171478,3.2262408982852264
62.77,66.80046466556327,-4.030464665563265
79.79,81.36354935478839,-1.5735493547883834
56.5,64.7885851362506,-8.288585136250603
66.38,71.8863763120228,-5.506376312022809
60.66,66.66624402182737,-6.006244021827371
70.56,78.69392307408239,-8.13392307408239
83.02,86.73994858586536,-3.7199485858653674
58.06,47.15049316097886,10.909506839021141
67.13,65.05820276382111,2.071797236178881
68.74,70.21623506035417,-1.4762350603541705
59.59,63.97564583837824,-4.385645838378238
68.8,67.7541660793885,1.0458339206115
49.91,63.74955465922656,-13.839554659226565
64.62,43.218525211210206,21.4014747887898
76.67,82.51719720566739,-5.847197205667385
56.81,71.32119729722675,-14.511197297226744
62.77,48.7561624529034,14.0138375470966
70.65,71.51514872548914,-0.865148725489135
59.96,56.8144786542717,3.145521345728298
68.19,77.00318837546037,-8.81318837546037
65.39,64.17247731271684,1.2175226872831644
59.57,71.59140224806232,-12.021402248062323
69.77,53.970138959368334,15.799861040631662
66.93,65.11182834419999,1.8181716558000147
49.23,45.47046813483004,3.7595318651699543
90.51,76.45900366431468,14.050996335685326
47.15,65.25127439350923,-18.101274393509236
48.75,40.79635744621126,7.95364255378874
57.84,60.75861035124852,-2.9186103512485175
63.64,49.72039013163627,13.919609868363729
72.62,65.77553279990923,6.844467200090776
54.36,49.338196328593206,5.0218036714067935
71.23,72.45849076333454,-1.228490763334534
54.86,63.766901674738726,-8.906901674738727
53.07,49.265812592802526,3.8041874071974746
62.26,61.749290604963605,0.5107093950363932
52.51,49.096142704745105,3.4138572952548927
47.92,43.25444594077354,4.665554059226459
51.52,52.69994911989318,-1.1799491198931804
65.67,76.29426088210442,-10.624260882104423
36.11,52.66097538494254,-16.55097538494254
90.8,74.98257533186047,15.817424668139523
72.4,84.18023937990004,-11.780239379900038
71.55,55.32788050921255,16.22211949078745
47.47,54.73876437119442,-7.268764371194422
40.87,54.2500604299468,-13.380060429946802
91.4,68.15577863188327,23.24422136811674
68.71,62.739993335451075,5.970006664548919
57.25,59.350591645485395,-2.1005916454853946
56.71,50.775419496909215,5.934580503090785
52.68,64.21242070008563,-11.53242070008563
54.29,59.596129667921694,-5.306129667921695
72.91,68.720187904925,4.189812095074998
87.6,85.27602987033555,2.3239701296644455
79.19,67.74776813711146,11.442231862888534
57.26,55.58066781866531,1.6793321813346864
75.02,60.67446467404605,14.345535325953946
52.52,51.91903726315885,0.6009627368411543
49.81,67.84622803769852,-18.03622803769852
68.42,67.54947572806351,0.870524271936489
55.21,44.32048534387013,10.889514656129869
46.8,42.36456474854455,4.435435251455445
64.16,63.72992078045634,0.43007921954365713
85.26,81.55381651282924,3.7061834871707617
71.85,68.6369836102453,3.2130163897546993
49.59,72.15262455195563,-22.562624551955622
30.15,33.46619371868885,-3.316193718688851
53.95,62.904060297851444,-8.954060297851441
75.05,68.59719368571176,6.452806314288239
72.02,63.613376505226576,8.40662349477342
47.2,48.31403131958596,-1.1140313195859548
59.46,62.59834572152942,-3.1383457215294186
63.25,63.42380521064061,-0.17380521064060872
57.8,54.522503560322214,3.2774964396777833
44.81,55.94200057551767,-11.132000575517665
48.0,49.268859646982975,-1.2688596469829747
72.11,66.39930074989343,5.710699250106572
45.24,45.7882081571424,-0.5482081571423976
77.63,83.05373494239971,-5.423734942399719
58.65,60.7392105833477,-2.0892105833477004
96.28,88.74466865288667,7.535331347113328
80.24,68.94039107145407,11.299608928545922
85.97,79.54357962135123,6.426420378648771
55.0,46.412038134168206,8.587961865831794
84.75,82.88475565136686,1.8652443486331407
92.38,82.47429285795384,9.905707142046154
81.3,85.20983505849503,-3.909835058495034
63.14,57.940248452955665,5.199751547044336
45.01,49.15270633920912,-4.14270633920912
77.58,83.83937305031105,-6.259373050311055
77.0,72.24286903513703,4.7571309648629665
38.47,39.168874838858315,-0.6988748388583161
40.18,37.69733341715601,2.48266658284399
72.57,73.55776604606872,-0.9877660460687281
22.2,33.788076783096635,-11.588076783096636
44.92,35.72585235725839,9.194147642741612
65.16,62.14958495206714,3.0104150479328595
73.82,77.96646626948606,-4.146466269486069
53.11,39.43598006541921,13.674019934580791
57.73,57.931681456490196,-0.2016814564901992
43.04,53.2818909150729,-10.2418909150729
88.19,73.3703402839139,14.819659716086093
60.85,70.604845161497,-9.754845161496995
70.94,67.69937915023257,3.2406208497674243
74.97,73.90165649495275,1.0683435050472525
66.4,65.57043848175343,0.8295615182465781
64.21,58.64655802855985,5.563441971440142
75.93,85.35106713485882,-9.421067134858816
55.92,58.184552867759145,-2.264552867759143
55.58,52.95062228482962,2.629377715170378
69.1,70.76778708020122,-1.6677870802012222
22.57,28.0087375419729,-5.438737541972898
40.89,49.031186787770274,-8.141186787770273
58.94,54.72584733709678,4.214152662903217
65.51,61.889417502235226,3.6205824977647794
32.24,32.55429509892601,-0.31429509892601004
61.24,58.46995638945339,2.7700436105466153
66.52,80.1061823297005,-13.586182329700506
44.05,51.1750615466822,-7.125061546682204
65.65,54.95218298122081,10.697817018779197
56.61,55.80956668447763,0.8004333155223691
78.86,78.59161896017007,0.2683810398299329
67.02,65.31605763210169,1.703942367898307
59.54,62.47276538053731,-2.9327653805373117
54.88,55.97206755419587,-1.0920675541958644
60.08,65.8920132882583,-5.812013288258299
9.51,24.04805823498686,-14.538058234986861
82.02,81.70265824934897,0.31734175065102477
50.39,50.04533418957642,0.344665810423578
42.31,40.346059194360876,1.963940805639126
40.8,45.56489184204445,-4.764891842044456
42.43,40.10726964704283,2.322730352957173
63.32,61.30353175573761,2.0164682442623914
72.28,60.74460653871051,11.535393461289495
36.56,43.768621357993645,-7.208621357993643
100.0,80.48741381854407,19.51258618145593
37.48,46.58751544198228,-9.107515441982287
30.44,52.826551405299874,-22.386551405299873
62.46,66.21118543764817,-3.751185437648168
67.2,55.36629407934408,11.833705920655923
47.46,65.42191062163853,-17.96191062163853
46.1,43.418530697951766,2.681469302048235
52.9,76.2597922229424,-23.359792222942396
69.42,73.50363614758106,-4.0836361475810605
72.01,61.160200997336865,10.84979900266314
68.6,69.79096156906925,-1.190961569069259
42.56,43.780265847239455,-1.2202658472394532
74.04,65.31362126679548,8.726378733204527
46.68,47.39265002993376,-0.7126500299337621
44.01,38.90578238694789,5.104217613052107
58.74,57.613722116691164,1.1262778833088376
86.62,65.04302367661383,21.576976323386177
65.98,51.32639163001518,14.653608369984823
67.7,86.4429715480959,-18.742971548095895
82.56,82.01115802321958,0.5488419767804231
77.5,74.85686235851756,2.64313764148244
53.0,64.2181452735335,-11.218145273533494
51.42,45.58694191719239,5.833058082807611
54.28,68.53197930832695,-14.251979308326952
58.81,57.954392102184634,0.8556078978153678
69.07,50.47797992447545,18.592020075524545
72.15,63.15910765685571,8.990892343144296
73.98,66.04458223677555,7.93541776322445
68.65,74.69210441985497,-6.042104419854965
50.77,55.92214565787755,-5.152145657877547
63.27,55.61604240705182,7.653957592948181
89.48,78.11424698389605,11.365753016103952
50.7,48.594012731679584,2.105987268320419
49.93,49.23212932396571,0.6978706760342916
63.19,50.60642628277462,12.583573717225377
61.55,51.37673928666897,10.173260713331025
74.86,70.22647821020213,4.633521789797868
52.17,63.69551329012239,-11.52551329012239
41.66,52.6593174001225,-10.9993174001225
73.37,65.08393206253834,8.286067937461667
60.24,54.15364520084196,6.086354799158045
80.84,73.37998228689402,7.460017713105984
51.01,42.30967008548043,8.700329914519571
60.15,62.40210928215592,-2.2521092821559208
42.25,48.60374922403699,-6.353749224036989
48.81,49.92160274477759,-1.111602744777585
63.05,72.45901223214294,-9.409012232142942
35.88,48.733094026932804,-12.853094026932801
27.03,24.621143731869658,2.408856268130343
94.36,90.6820407418273,3.677959258172706
80.25,72.82742773405805,7.422572265941952
49.17,59.034532846479095,-9.864532846479094
54.45,60.34550425062028,-5.895504250620277
55.02,58.36414038223917,-3.3441403822391678
64.55,53.289059990310435,11.260940009689563
50.62,53.023108151500836,-2.403108151500838
65.48,61.75906475718765,3.7209352428123523
61.01,66.4462803257535,-5.436280325753508
57.67,53.33596496018025,4.334035039819753
44.77,50.04477171591409,-5.274771715914085
61.87,76.31796443067944,-14.447964430679441
54.0,49.879886919284075,4.1201130807159245
55.69,55.16187084715706,0.5281291528429364
61.81,59.09546120537494,2.7145387946250636
70.86,63.06900549409955,7.79099450590045
69.84,56.93473442714364,12.905265572856365
78.37,76.08422983702634,2.2857701629736624
89.92,83.32992597580856,6.590074024191438
94.03,92.71232543422046,1.3176745657795408
64.18,68.82269039537069,-4.642690395370678
41.47,43.76704691915241,-2.2970469191524145
74.36,76.05317720168473,-1.6931772016847333
57.91,54.11623890337789,3.793761096622106
53.56,61.70416615433851,-8.144166154338507
65.03,72.91564107662366,-7.885641076623656
96.84,82.3054064740343,14.534593525965704
70.8,61.1833507032842,9.6166492967158
72.99,69.51062759801205,3.479372401987945
70.38,65.69423212039558,4.685767879604413
51.89,53.87171058859486,-1.9817105885948578
75.36,70.10656065672313,5.253439343276867
71.87,61.268264449497366,10.601735550502639
42.09,61.337382843085095,-19.24738284308509
54.76,67.24576946128474,-12.48576946128474
63.51,57.2812944452558,6.228705554744195
82.47,68.7458799943781,13.724120005621899
80.51,77.63437087144321,2.8756291285567954
61.73,62.46688255389117,-0.7368825538911707
40.25,47.70604978813738,-7.456049788137378
45.03,49.44599189967535,-4.4159918996753476
84.9,77.86465585123125,7.035344148768758
49.58,46.09354814366375,3.486451856336245
65.73,60.8737539015604,4.856246098439605
45.1,57.02898383907849,-11.92898383907849
69.18,78.3694111633,-9.189411163299994
69.9,63.93504314246841,5.964956857531597
58.65,54.96708375741791,3.6829162425820883
73.79,66.42552348929031,7.364476510709693
46.56,44.07481879151132,2.485181208488683
72.84,66.714319924644,6.1256800753560015
78.29,71.72816636678239,6.561833633217617
58.92,67.90586721316166,-8.985867213161654
81.56,78.06428886472294,3.4957111352770625
78.26,79.48986720520604,-1.229867205206034
52.76,54.54721164908781,-1.7872116490878085
59.12,68.65302411903009,-9.533024119030095
59.65,58.78273009385611,0.8672699061438891
61.6,62.95708003025519,-1.3570800302551902
46.03,49.03590324447399,-3.0059032444739913
49.02,42.20455486602813,6.8154451339718705
45.43,50.24413791381169,-4.814137913811692
56.94,53.89231694112347,3.0476830588765296
90.08,82.0370418952192,8.042958104780794
57.14,67.44057013568626,-10.300570135686257
20.77,32.458825067868105,-11.688825067868105
62.04,54.62135569471726,7.41864430528274
53.06,39.13874491117787,13.921255088822136
71.96,76.71297829414269,-4.752978294142693
78.84,76.28133794972294,2.5586620502770643
45.17,50.85657804346893,-5.686578043468927
62.65,58.6072652987317,4.0427347012683015
45.73,38.14366418545315,7.58633581454685
79.15,63.63920605409742,15.510793945902584
73.84,67.61526453210425,6.224735467895755
46.86,61.31564253623055,-14.455642536230549
41.45,46.61434447493979,-5.164344474939789
61.36,68.60223187235866,-7.2422318723586585
24.9,49.88267610030467,-24.982676100304673
68.32,82.93022031451568,-14.610220314515686
50.87,41.034236175799904,9.835763824200093
71.62,69.4231110886991,2.1968889113009027
74.02,80.09050943251356,-6.0705094325135605
77.31,79.25782329132232,-1.9478232913223223
90.27,93.3241809124311,-3.0541809124311072
53.91,59.74172043133268,-5.831720431332684
58.98,55.88343125835369,3.0965687416463084
42.39,52.383555016969645,-9.993555016969644
70.66,72.7629826540868,-2.1029826540868015
73.5,61.8572389452609,11.642761054739097
63.89,58.87071213985174,5.0192878601482604
56.22,63.55031503004615,-7.330315030046151
63.38,61.79758819417312,1.5824118058268795
49.12,56.55271934124326,-7.4327193412432635
52.79,58.78008830405699,-5.990088304056989
45.61,33.58475112606159,12.02524887393841
71.64,53.695197636150404,17.944802363849597
68.62,40.74910026631256,27.870899733687445
65.06,66.3392479161263,-1.2792479161262946
67.8,61.552346337595885,6.247653662404112
44.14,56.62143288524141,-12.48143288524141
79.24,76.6640356657192,2.5759643342807976
35.97,32.501603762786665,3.4683962372133337
78.68,75.47860121585393,3.201398784146079
68.03,69.42316100673823,-1.3931610067382252
64.2,82.53311047536491,-18.333110475364904
51.5,52.575850695320845,-1.0758506953208453
42.55,46.18837761854449,-3.638377618544496
57.29,59.103247967062984,-1.8132479670629849
55.67,55.01112640518809,0.6588735948119151
57.24,75.96448167234126,-18.724481672341263
81.62,84.82621847827971,-3.206218478279709
47.65,58.923971374573945,-11.273971374573946
65.02,72.9204822951266,-7.900482295126608
78.75,75.38649249952502,3.363507500474981
62.84,64.40653509918386,-1.5665350991838523
50.89,49.3467245095871,1.5432754904129027
50.73,50.753755637794676,-0.02375563779467882
99.31,80.0021422781289,19.307857721871102
51.6,62.46837605721071,-10.86837605721071
50.41,42.116243767196146,8.293756232803851
72.2,74.17257808015964,-1.9725780801596358
73.75,85.84252947352955,-12.092529473529552
55.42,52.880789423560984,2.539210576439018
91.53,80.42857548402601,11.101424515973989
62.89,51.31053533831005,11.579464661689947
60.71,59.25349911918177,1.4565008808182327
47.61,47.99037443583931,-0.3803744358393075
65.66,58.19830875448755,7.461691245512448
85.68,69.4746862688508,16.205313731149204
53.51,47.766825232198336,5.743174767801662
63.92,60.153792954485915,3.7662070455140864
62.7,42.28198920992331,20.418010790076693
41.52,59.51499478152353,-17.994994781523523
61.69,78.53513680245227,-16.845136802452274
52.91,57.86057421508267,-4.950574215082675
88.03,83.48480427917478,4.54519572082522
75.38,68.91240583074912,6.467594169250873
81.69,93.13366217321644,-11.443662173216438
71.17,74.18968546895854,-3.019685468958542
58.77,51.52032050977449,7.24967949022551
65.71,60.623178513323936,5.086821486676058
42.73,62.263800189622025,-19.533800189622028
59.15,66.50334990340099,-7.353349903400989
85.57,84.58816482296702,0.981835177032977
54.32,54.05632931350485,0.26367068649515346
72.31,65.30903381979628,7.000966180203719
88.73,77.25871911875198,11.47128088124802
67.91,69.89662097321548,-1.98662097321548
39.87,56.12704484198216,-16.257044841982164
39.9,46.33559633061901,-6.435596330619013
58.98,63.165754291884966,-4.185754291884969
68.88,76.88330810120848,-8.00330810120849
42.88,40.34717486051529,2.5328251394847143
100.0,93.74781175035848,6.25218824964152
53.68,60.097506425374675,-6.417506425374675
63.14,63.94945726166319,-0.8094572616631908
73.67,76.83805240783838,-3.168052407838374
77.67,83.86879299072933,-6.198792990729331
77.51,67.30199698915403,10.208003010845971
86.68,81.91725834004345,4.762741659956561
63.26,57.98580230172117,5.274197698278826
69.61,61.56039866028716,8.049601339712837
47.75,56.95939437623853,-9.209394376238528
70.94,63.91650230286476,7.023497697135241
75.94,71.64788203654545,4.292117963454544
44.84,58.494416889999066,-13.654416889999062
68.43,71.26089655611231,-2.8308965561123074
31.2,37.78612406241564,-6.586124062415639
74.37,71.78175688990578,2.5882431100942256
62.41,66.5524134474259,-4.142413447425909
46.33,55.5127916395644,-9.1827916395644
69.54,52.16144166885788,17.378558331142123
42.66,49.9385415099007,-7.278541509900705
28.89,45.683065142806136,-16.793065142806135
54.85,62.7917062615489,-7.941706261548902
64.08,52.92948900906042,11.15051099093958
49.0,57.57942682815472,-8.579426828154723
70.94,64.14659266400699,6.79340733599301
61.83,54.440261106628625,7.389738893371373
72.49,75.53551707345558,-3.045517073455585
81.98,74.6687615138001,7.311238486199898
60.55,55.09640223730881,5.453597762691189
51.7,65.7139545534653,-14.013954553465297
54.22,46.97172867812481,7.248271321875187
43.43,54.11996653541539,-10.689966535415387
91.94,87.48886506824124,4.451134931758759
43.27,45.64812297467182,-2.378122974671818
40.02,51.322855292618044,-11.302855292618041
37.16,46.76096407864442,-9.600964078644424
51.12,45.96260443866122,5.157395561338781
62.06,71.2820189643621,-9.222018964362093
65.15,66.04811826171809,-0.8981182617180821
57.81,49.046320384655765,8.763679615344238
66.95,64.15994734051745,2.790052659482555
85.74,66.78969684273189,18.95030315726811
59.7,60.221855075603834,-0.5218550756038312
82.93,74.92698818992545,8.003011810074554
51.24,53.35562449018343,-2.1156244901834285
51.39,56.263513975551135,-4.873513975551134
76.32,62.988081553921106,13.331918446078888
70.32,59.919167679655594,10.4008323203444
55.9,41.07515126276817,14.824848737231825
57.63,58.37341263218028,-0.7434126321802808
57.23,78.89321214932694,-21.663212149326945
49.54,53.69260402965768,-4.152604029657681
44.9,54.31102518013872,-9.411025180138722
46.35,52.67860481781692,-6.328604817816917
47.44,47.52374287306788,-0.08374287306788375
59.07,61.04814727417439,-1.9781472741743897
62.45,63.03645487486603,-0.5864548748660283
84.78,76.10750190282214,8.672498097177865
92.63,85.95737919607735,6.672620803922641
37.22,38.702843652531186,-1.4828436525311872
78.58,85.32153517687547,-6.741535176875473
90.65,91.7405852145196,-1.0905852145195922
46.68,55.9033552080163,-9.2233552080163
62.99,55.783244544670886,7.206755455329116
65.94,60.80444698943571,5.135553010564287
31.8,41.540440823789744,-9.740440823789744
80.7,81.17303057119516,-0.473030571195153
52.32,53.567433383368076,-1.247433383368076
49.01,51.70782476860515,-2.6978247686051517
48.25,62.65682861593649,-14.40682861593649
62.47,60.26635552222757,2.2036444777724284
60.24,52.309765425421794,7.930234574578208
54.85,56.22333535029213,-1.3733353502921304
57.2,57.90327926360353,-0.7032792636035268
59.46,56.83494329909567,2.625056700904331
47.81,46.590131331342675,1.2198686686573268
59.86,76.64621176269576,-16.786211762695757
57.98,73.21699303936234,-15.23699303936234
43.75,49.18511751834468,-5.435117518344683
50.02,54.51857208870435,-4.49857208870435
65.05,69.27856785773304,-4.22856785773304
69.73,54.89742132971669,14.832578670283311
42.43,51.13802917692607,-8.708029176926068
46.29,52.430393283163404,-6.140393283163405
100.0,85.20866469159782,14.791335308402182
72.15,61.43803333909881,10.711966660901197
74.5,76.4485646750896,-1.9485646750895995
95.28,82.45326571307824,12.826734286921763
45.36,58.785258675313614,-13.425258675313614
58.8,58.08143391891341,0.7185660810865855
77.65,78.27549907980348,-0.6254990798034754
83.17,67.4958586998776,15.6741413001224
71.68,73.72916929144955,-2.0491692914495445
66.25,58.61527921546079,7.634720784539212
59.93,67.0697729444013,-7.139772944401294
53.31,60.33631903407389,-7.026319034073886
68.51,58.49723971826515,10.012760281734856
58.65,42.1802933454028,16.469706654597196
62.59,75.24960608480869,-12.659606084808686
72.94,80.05440020309622,-7.114400203096224
68.98,59.18812396058215,9.79187603941785
18.82,29.987100640799238,-11.167100640799237
89.34,65.85673558316627,23.483264416833734
60.0,58.26091894539594,1.739081054604057
47.17,45.179354416432474,1.9906455835675274
77.42,74.72858402924763,2.6914159707523737
59.02,68.44760230319892,-9.427602303198917
66.91,81.28009031090222,-14.370090310902228
51.8,53.380872147273536,-1.5808721472735385
79.4,78.87268772953153,0.527312270468471
76.31,69.77647477764361,6.533525222356388
66.62,56.13878115330965,10.481218846690354
45.34,54.61531249135894,-9.275312491358939
60.31,74.45223030334164,-14.142230303341634
72.08,56.91419685356355,15.165803146436446
81.96,73.07595397753055,8.884046022469448
47.07,49.79647296591433,-2.7264729659143327
55.45,49.3128790404473,6.137120959552703
82.35,77.02466135368158,5.325338646318414
58.63,57.68620290668215,0.9437970933178548
54.29,69.14218954567885,-14.852189545678847
53.35,57.86200899964575,-4.512008999645751
56.02,51.04216351823913,4.977836481760875
56.46,61.80353575251037,-5.34353575251037
68.36,62.83940259559828,5.52059740440172
59.18,59.11101435059864,0.06898564940136254
65.38,55.14716477073382,10.232835229266172
59.84,61.187976633508555,-1.3479766335085515
89.09,75.923484916081,13.166515083919009
45.57,40.27230970483758,5.297690295162418
39.14,43.80635843376045,-4.6663584337604505
36.97,24.013901422547054,12.956098577452945
67.73,77.80525251537749,-10.075252515377485
77.7,78.1589311004042,-0.45893110040420027
73.91,64.14452804876683,9.765471951233167
83.88,74.1509914879662,9.7290085120338
68.77,62.38658217509472,6.383417824905273
59.7,51.9148183806403,7.7851816193597045
52.89,49.39385123257644,3.4961487674235627
66.23,69.14320088272441,-2.9132008827244107
91.36,72.99904973189054,18.360950268109463
48.96,60.12355235992173,-11.16355235992173
78.83,74.81365468977373,4.016345310226271
58.65,58.05020446532406,0.5997955346759412
72.42,63.754765409471304,8.665234590528698
63.07,62.23717054496974,0.8328294550302573
53.87,52.52845023930998,1.3415497606900146
34.66,49.31811485961254,-14.658114859612546
81.26,81.86881812972197,-0.6088181297219677
27.53,36.82093068016634,-9.29093068016634
95.76,84.382477734034,11.377522265966007
57.88,63.35129505128153,-5.47129505128153
53.49,52.90769022199782,0.582309778002184
58.14,47.8834325531668,10.256567446833202
62.77,56.114536788925776,6.655463211074228
70.87,73.74182433884134,-2.8718243388413356
47.2,47.230082225888424,-0.03008222588842102
86.26,94.75440431809395,-8.494404318093942
82.43,78.61331269975369,3.816687300246315
59.6,44.96341689634792,14.636583103652079
70.01,59.59856347444786,10.411436525552148
72.12,76.56455173257476,-4.444551732574752
32.86,50.086835089913556,-17.226835089913557
63.73,77.76981304036555,-14.039813040365551
47.27,49.14913146627315,-1.8791314662731438
74.39,69.24855630192391,5.141443698076088
44.27,51.141554248959736,-6.8715542489597325
60.51,53.12273457297683,7.387265427023166
36.51,39.22275989793942,-2.7127598979394207
71.5,76.6829685493408,-5.182968549340799
61.56,67.11549449266644,-5.5554944926664405
56.7,59.95312030565162,-3.2531203056516205
38.85,43.6962281219167,-4.846228121916695
70.0,73.76810911492504,-3.768109114925039
53.81,60.47456509140874,-6.66456509140874
50.79,48.07001320220617,2.7199867977938297
81.12,81.53898722001458,-0.41898722001457145
43.58,59.332744749572555,-15.752744749572557
46.33,25.69091326814336,20.63908673185664
80.87,81.06497651822082,-0.19497651822081252
63.31,51.68467255965611,11.625327440343895
72.95,69.38839971469059,3.56160028530941
61.26,56.95996475341899,4.300035246581011
57.18,49.61162017545715,7.568379824542852
64.22,51.57189205907537,12.648107940924632
100.0,76.8435761709219,23.156423829078093
78.05,66.80437144333959,11.245628556660407
77.18,74.14249497068566,3.037505029314346
73.78,67.21878560480883,6.561214395191172
76.46,66.09064114617692,10.369358853823073
49.03,62.48920888160535,-13.459208881605349
58.73,62.585473310587396,-3.8554733105873993
54.43,53.501490317923896,0.9285096820761041
65.98,59.42430175051966,6.5556982494803435
73.97,68.22141316888693,5.748586831113073
77.89,60.828401720080386,17.061598279919615
58.23,70.05094510651851,-11.820945106518515
22.3,34.80407865857149,-12.50407865857149
42.4,56.464715577003474,-14.064715577003476
61.3,52.96780359387463,8.33219640612537
45.08,38.912155559010365,6.167844440989633
76.53,57.59791264809039,18.93208735190961
73.4,72.450275025747,0.9497249742530016
64.86,67.03332111436502,-2.1733211143650237
60.42,49.95592498177319,10.464075018226815
59.37,64.2427388303232,-4.8727388303232075
74.83,70.99623477301638,3.8337652269836155
45.42,62.12948781675422,-16.70948781675422
25.41,45.98984716652178,-20.579847166521777
29.57,47.867656345724626,-18.297656345724626
70.84,71.1661027477015,-0.3261027477014977
71.47,72.40679201647706,-0.9367920164770567
61.24,70.59387930687774,-9.353879306877737
66.29,59.21166977806213,7.078330221937875
63.33,71.02259986797733,-7.692599867977336
81.21,72.52904151374499,8.680958486255008
81.43,56.836654108207924,24.593345891792083
81.32,80.6942809882777,0.6257190117222962
54.17,54.973344641557425,-0.8033446415574232
59.43,64.750017292915,-5.320017292915004
51.97,52.09762841145031,-0.1276284114503099
74.12,75.77333953707894,-1.653339537078935
51.96,46.06599412470493,5.894005875295072
41.55,34.32546934965991,7.2245306503400855
57.11,64.5440198974462,-7.4340198974462055
76.5,74.5571391964768,1.9428608035232031
64.88,79.39649309854525,-14.516493098545254
62.52,60.04818907192623,2.471810928073772
39.16,36.078194409107894,3.0818055908921025
98.94,69.97546593782646,28.96453406217354
55.55,61.70215935095979,-6.152159350959792
53.98,69.4680335254279,-15.488033525427902
50.95,61.00717397785333,-10.057173977853324
56.34,70.33000982823488,-13.990009828234875
75.48,79.11043390916257,-3.630433909162562
54.77,57.46968395390884,-2.6996839539088384
70.73,79.05405462460847,-8.324054624608465
73.74,61.93676057044539,11.803239429554608
50.08,62.534465129602154,-12.454465129602156
45.52,55.6259459113728,-10.1059459113728
53.98,52.66142709076804,1.3185729092319534
68.48,59.641428318040134,8.83857168195987
64.0,58.4556919670991,5.544308032900901
55.09,54.02250809605209,1.0674919039479107
38.46,60.89936149735172,-22.43936149735172
49.89,60.02301531374679,-10.133015313746789
28.01,32.10934601189302,-4.099346011893015
66.23,64.23919460701295,1.9908053929870562
69.27,72.44744972281637,-3.1774497228163767
44.15,46.19264887038357,-2.042648870383573
81.63,78.46070317105846,3.1692968289415404
89.0,81.59180348331533,7.408196516684669
80.08,64.12700236774616,15.95299763225384
40.41,52.5571118202804,-12.1471118202804
67.77,75.45606163618992,-7.686061636189919
72.66,57.85790392398329,14.80209607601671
85.58,81.28552237696223,4.294477623037764
64.93,70.52532580527603,-5.595325805276019
81.3,89.11738047957728,-7.817380479577281
71.77,79.06646404575999,-7.29646404575999
46.49,60.98860585005874,-14.498605850058738
43.83,58.33095022555922,-14.500950225559222
78.18,80.17692889417195,-1.996928894171944
85.91,63.67841386643275,22.231586133567248
56.58,42.06714383956456,14.51285616043544
69.03,56.56190688815664,12.468093111843359
70.03,60.94952785938929,9.08047214061071
35.45,58.35599020854998,-22.90599020854998
47.15,62.42799864412969,-15.277998644129688
46.34,56.333633589466366,-9.993633589466363
30.37,34.04996048366938,-3.6799604836693796
56.76,68.86100262044094,-12.101002620440944
78.94,74.46851808394354,4.471481916056462
61.38,56.06196007326108,5.318039926738919
83.4,65.87993360404053,17.520066395959475
82.59,91.05361400577868,-8.46361400577868
59.8,52.41462339593636,7.385376604063637
73.47,65.19163753671033,8.278362463289668
72.63,57.94731290143777,14.682687098562226
47.24,60.2437080860482,-13.0037080860482
62.26,59.59891108236409,2.661088917635908
75.75,73.16140918964153,2.5885908103584683
43.29,46.469213503075224,-3.179213503075225
69.03,56.69322621061003,12.336773789389973
81.97,71.3077841958533,10.662215804146697
67.17,64.812420113819,2.357579886181
67.38,74.37569608519716,-6.995696085197167
81.64,63.63203432774415,18.00796567225585
51.41,54.64005225154722,-3.230052251547221
54.9,59.6972829659716,-4.797282965971604
57.51,61.94551294354646,-4.435512943546463
37.67,45.92794589350389,-8.257945893503887
56.38,39.224745087378636,17.155254912621366
53.14,62.43445738378673,-9.294457383786728
50.19,58.85937185460884,-8.66937185460884
61.14,65.3319964037016,-4.191996403701594
59.28,65.52491143621232,-6.24491143621232
62.62,56.1507629261348,6.4692370738651945
82.61,82.63967828048567,-0.029678280485669006
60.52,72.81784395617008,-12.297843956170077
47.67,52.81098496706406,-5.140984967064057
57.21,52.88810411265894,4.321895887341064
83.82,78.29649094566365,5.523509054336344
45.64,41.01470448947547,4.625295510524531
55.82,67.25392608704301,-11.433926087043012
71.76,65.0726840544473,6.687315945552712
58.21,52.04708414089053,6.162915859109468
86.81,74.33295812707274,12.47704187292726
52.97,58.54935351361854,-5.579353513618543
72.19,71.08119686711264,1.1088031328873598
74.13,81.56743437501184,-7.437434375011847
52.0,53.323238958048115,-1.3232389580481154
33.26,47.45011776962972,-14.190117769629722
58.98,57.485261109833615,1.4947388901663814
70.45,67.83245060878592,2.6175493912140837
79.26,91.08697612522143,-11.826976125221421
67.05,62.97426195475064,4.075738045249359
61.96,76.30407380603327,-14.344073806033272
85.27,85.99683219812813,-0.726832198128136
85.82,72.78100010198943,13.038999898010559
53.59,52.14967980941372,1.4403201905862844
27.59,36.163163897240324,-8.573163897240324
68.61,67.60884334935457,1.0011566506454272
63.69,74.91165281588596,-11.22165281588596
89.57,79.14204519109845,10.427954808901546
67.1,63.59655168419073,3.5034483158092655
69.07,71.91272136448063,-2.8427213644806386
62.36,62.44841050591264,-0.08841050591264121
59.24,50.397214884797535,8.842785115202467
57.32,48.98881643493741,8.331183565062588
58.17,50.653585526645664,7.516414473354338
55.27,61.464209809451255,-6.194209809451252
42.04,52.11041461666109,-10.07041461666109
62.8,64.7461742384876,-1.9461742384876004
61.13,66.67076188620723,-5.540761886207228
63.37,72.76807150385669,-9.398071503856691
68.4,58.85773619082918,9.542263809170827
61.61,55.38476288386069,6.225237116139311
46.19,50.056067066755226,-3.866067066755228
36.1,43.3121019823609,-7.212101982360899
63.73,64.10296832609362,-0.37296832609361985
63.12,69.721586475359,-6.601586475359007
73.9,65.45825836040969,8.441741639590319
62.2,58.27677046844019,3.9232295315598122
79.77,80.13154225319546,-0.3615422531954664
86.71,81.29444687870415,5.415553121295844
67.21,67.03131815352583,0.17868184647416285
89.32,77.8941783401759,11.425821659824095
46.51,49.52821709108704,-3.0182170910870454
51.13,58.54378537031788,-7.413785370317875
81.03,79.07497036509457,1.9550296349054292
81.07,70.81914677389015,10.25085322610984
70.11,66.65083539276678,3.4591646072332196
50.49,57.60981473010266,-7.119814730102661
57.38,58.89402155101223,-1.5140215510122275
54.56,42.14118723326808,12.418812766731925
58.39,53.16326563018888,5.226734369811119
35.72,47.32423983550649,-11.60423983550649
67.58,58.90087937306714,8.679120626932857
49.9,44.408218774222895,5.491781225777103
80.86,78.5256398017868,2.3343601982132043
77.39,78.85740078594041,-1.4674007859404128
57.15,55.23723798267102,1.9127620173289799
59.01,59.73154977141896,-0.7215497714189638
34.42,40.16275188785507,-5.742751887855071
60.46,58.17348001676895,2.2865199832310523
41.5,48.50529748352176,-7.005297483521758
76.37,72.89105448987821,3.4789455101217897
74.76,61.42179071304066,13.338209286959348
70.69,63.128530590074746,7.561469409925252
70.73,62.01640891517738,8.713591084822625
38.23,50.87569794719912,-12.645697947199125
50.37,45.30300393160382,5.066996068396179
48.1,47.4379092394591,0.6620907605408988
69.09,62.41910324893203,6.670896751067971
52.44,58.227464391079046,-5.787464391079048
20.34,27.679657831431726,-7.339657831431726
55.34,58.60166952714447,-3.26166952714447
64.05,52.41165229288954,11.638347707110455
84.0,76.7650256462727,7.234974353727296
36.05,47.7238501197286,-11.673850119728606
96.31,79.39926351274396,16.910736487256045
66.57,63.127780092587734,3.442219907412259
66.13,73.43255728369859,-7.30255728369859
44.71,43.74864151268783,0.9613584873121681
60.62,72.13291634565398,-11.512916345653984
73.7,66.83091427547723,6.869085724522776
79.09,66.01757422527852,13.07242577472148
55.19,56.73349985406377,-1.543499854063775
61.36,62.985777439974385,-1.6257774399743852
42.22,54.30164090115247,-12.081640901152468
59.71,62.245067560413936,-2.5350675604139354
75.34,70.45571395698856,4.884286043011443
64.48,75.31742925317896,-10.837429253178954
88.82,76.88935052990327,11.930649470096725
40.16,37.56365896053693,2.59634103946307
72.34,76.56930403322997,-4.229304033229965
68.02,75.95522653200946,-7.935226532009466
56.71,59.25625193014096,-2.5462519301409614
95.29,80.5345745716793,14.755425428320706
68.45,58.61201539944028,9.837984600559722
76.29,67.90200212146688,8.387997878533128
63.41,72.98795530295419,-9.577955302954194
62.82,53.68244069468262,9.137559305317382
21.23,26.669209177625348,-5.439209177625347
65.66,76.1106701098562,-10.450670109856205
49.83,42.20164983923801,7.62835016076199
61.71,71.27900943080566,-9.569009430805657
90.42,81.85618192443845,8.563818075561556
85.82,82.7427991919722,3.077200808027797
66.46,57.77483601444012,8.685163985559875
65.89,63.704857354454816,2.1851426455451843
73.79,66.23202237495917,7.557977625040834
64.85,65.74839853815817,-0.898398538158176
67.32,78.73589212144584,-11.41589212144585
49.7,64.51624949863823,-14.816249498638228
64.09,63.167783045912735,0.9222169540872684
70.34,54.4631428520816,15.8768571479184
41.97,49.238380484808026,-7.268380484808027
52.52,48.385107033114174,4.134892966885829
65.11,68.16023984938765,-3.0502398493876512
69.35,58.04454753409157,11.305452465908424
71.29,79.11668509658735,-7.82668509658734
90.57,72.87998927943683,17.690010720563166
38.97,49.464561857976285,-10.494561857976286
38.97,30.051112317543396,8.918887682456603
84.6,78.42238277240953,6.17761722759046
60.46,72.11965813402823,-11.659658134028227
39.62,47.34435328665546,-7.7243532866554645
68.34,51.44634523233932,16.893654767660685
74.98,64.7926973240004,10.187302675999604
74.57,59.87064065473953,14.699359345260461
68.79,59.076390437795844,9.713609562204162
69.81,70.18156526208296,-0.37156526208295304
37.0,36.35194189952933,0.6480581004706707
45.23,37.97247406607817,7.257525933921826
36.62,49.906744908790536,-13.286744908790538
93.09,82.62174481828595,10.468255181714056
91.25,77.53752758301786,13.712472416982138
68.26,74.37704119937037,-6.117041199370362
62.07,48.944013337125874,13.125986662874126
69.06,59.38182209284933,9.678177907150669
79.0,71.1113123587509,7.888687641249106
90.4,75.4585479884781,14.941452011521903
65.85,74.22605613165896,-8.37605613165897
52.95,65.62746989215528,-12.677469892155273
59.96,61.72998220007659,-1.7699822000765906
100.0,79.35714674951384,20.642853250486155
75.11,68.51618974713818,6.5938102528618145
73.61,66.91311352287208,6.696886477127919
54.28,67.32949049159596,-13.04949049159596
63.35,78.77161784003293,-15.42161784003293
78.82,71.68175049763254,7.138249502367458
30.04,30.534719926322968,-0.49471992632296846
62.06,48.64825583359634,13.411744166403665
64.01,59.02189454598785,4.988105454012157
59.9,59.92809002035205,-0.028090020352053102
56.24,56.287936725658504,-0.047936725658502155
69.34,72.11683586243458,-2.776835862434581
57.66,54.41719869263907,3.242801307360928
61.49,56.77649368106319,4.713506318936815
58.19,57.36575561756766,0.8242443824323402
57.96,56.412869642830486,1.5471303571695145
70.39,79.19752723928686,-8.807527239286856
70.98,63.480294394011395,7.499705605988609
75.66,74.40623139221137,1.2537686077886292
46.47,37.42900369060447,9.040996309395531
74.1,69.34694665531453,4.753053344685469
54.74,69.73014803906885,-14.990148039068849
65.25,57.91469810323004,7.335301896769963
35.77,52.04842572110422,-16.27842572110422
60.66,51.186462009945835,9.473537990054162
33.07,36.11480830984415,-3.04480830984415
97.04,84.41762940739595,12.622370592604057
73.04,55.6919679971979,17.348032002802107
67.88,58.48952933117084,9.390470668829153
56.53,62.285375411256354,-5.755375411256352
85.58,65.59461877780474,19.985381222195258
34.68,44.60704502399982,-9.927045023999817
62.26,66.07718201274022,-3.8171820127402256
49.22,59.88987442596463,-10.669874425964629
45.9,56.83527750533221,-10.935277505332209
71.11,73.7193700203931,-2.6093700203931007
70.35,69.41673225437455,0.933267745625443
66.37,55.48129052343219,10.888709476567811
73.25,66.0390224844253,7.210977515574697
63.12,53.33892138907167,9.781078610928326
54.98,51.597073499729476,3.3829265002705213
71.79,72.87998444672755,-1.0899844467275415
34.09,48.114130216465426,-14.024130216465423
65.57,52.19320737312038,13.376792626879613
49.1,52.24504051635022,-3.145040516350221
55.55,56.659741368227515,-1.1097413682275175
60.47,55.99345047214881,4.476549527851191
54.52,51.182108196552974,3.337891803447029
40.7,54.5321487400494,-13.832148740049398
51.6,45.291024398287085,6.308975601712916
76.78,67.56818784897955,9.211812151020453
80.43,73.47058464979517,6.959415350204836
63.0,67.57562077543722,-4.575620775437216
77.2,84.54506737725936,-7.345067377259355
52.58,58.3810463409064,-5.801046340906403
48.1,52.632010777506316,-4.532010777506315
94.99,86.05174422716453,8.938255772835461
67.82,65.34501891966795,2.474981080332043
45.6,42.459332809740964,3.1406671902590375
57.49,55.03311036139307,2.456889638606931
73.81,62.04276402635505,11.76723597364495
83.5,67.1007082361775,16.399291763822504
46.42,53.91452551992719,-7.494525519927187
52.35,39.97526311971657,12.374736880283429
70.39,68.14823201246155,2.241767987538452
70.27,59.48948298814969,10.780517011850307
55.62,66.19283830457849,-10.57283830457849
72.54,63.51386856697603,9.026131433023977
53.23,64.2569383937473,-11.026938393747308
52.82,51.80900911678134,1.0109908832186605
89.09,76.51199011947345,12.578009880526551
68.79,61.07398645084744,7.716013549152564
72.77,64.31035420412105,8.459645795878941
89.07,88.76390346002476,0.3060965399752291
57.37,50.145438749445155,7.224561250554842
82.27,76.97968888971441,5.290311110285586
56.78,55.9378384610295,0.8421615389705011
89.65,82.67445987413655,6.975540125863461
47.94,52.295451344508876,-4.355451344508879
64.92,59.29208743768916,5.62791256231084
59.04,49.08562478089489,9.95437521910511
83.69,72.13024401509921,11.55975598490079
39.65,47.87731685406949,-8.227316854069493
66.13,70.32171802003657,-4.191718020036575
61.53,64.90947792235482,-3.3794779223548232
47.57,57.822176188649,-10.252176188649003
100.0,83.48494240289405,16.51505759710595
94.8,84.91076952944118,9.889230470558815
44.81,61.17370123808607,-16.363701238086065
73.61,73.15711015737297,0.45288984262703025
75.41,67.31134030446097,8.098659695539027
76.37,81.61572263185225,-5.245722631852246
48.58,56.404376381628715,-7.824376381628717
48.46,46.2340191828283,2.2259808171717026
57.11,58.35755061370635,-1.247550613706352
55.34,46.75568780994927,8.584312190050731
76.76,81.28354851175801,-4.523548511758008
54.31,62.96893410313012,-8.658934103130115
75.74,72.48924540396273,3.250754596037268
56.09,54.6631384587532,1.4268615412468009
73.92,77.57098401433453,-3.650984014334526
44.13,62.82325338929284,-18.693253389292835
67.27,67.6847519363552,-0.41475193635520213
43.39,47.08747274649063,-3.6974727464906323
100.0,95.41737697077646,4.582623029223541
59.42,65.76955720175778,-6.349557201757776
75.36,77.85379508512762,-2.4937950851276156
44.47,54.86966982959815,-10.399669829598153
77.67,74.46702603829307,3.202973961706931
65.71,63.669069870737275,2.040930129262719
70.77,67.6278143833033,3.1421856166966933
43.47,46.873707357234046,-3.4037073572340475
40.48,33.90726168383913,6.572738316160866
15.12,33.78741179891804,-18.667411798918046
98.78,92.20821138003559,6.571788619964408
71.76,59.43256454481083,12.327435455189175
70.3,70.18024199363329,0.11975800636670897
58.03,64.02094219832668,-5.990942198326678
45.71,55.64092581629596,-9.93092581629596
68.86,62.43755701653011,6.422442983469892
48.52,51.123023178413895,-2.603023178413892
72.96,67.55969822861567,5.400301771384321
81.06,77.48789689500411,3.5721031049958896
58.24,67.60327478759959,-9.363274787599586
77.99,75.59555852327303,2.3944414767269677
41.71,35.518930492007264,6.1910695079927365
61.95,65.01780668286352,-3.0678066828635195
48.1,47.03428841772804,1.065711582271959
61.13,64.48711116523931,-3.35711116523931
95.7,77.46177970423801,18.23822029576199
82.29,83.34398367208192,-1.0539836720819125
54.42,60.25674369785879,-5.836743697858786
59.28,62.360613888521584,-3.080613888521583
70.41,65.69464022494563,4.715359775054367
43.43,44.81031278464195,-1.3803127846419514
44.93,44.8408213501053,0.08917864989469848
76.12,70.69600053543469,5.423999464565313
100.0,87.19297496050486,12.807025039495144
53.13,59.41072673021815,-6.280726730218149
81.58,85.84496888447144,-4.264968884471443
45.79,49.64456385034216,-3.85456385034216
81.07,74.60324615752958,6.4667538424704105
85.28,87.89293802725209,-2.612938027252085
86.16,68.0424602394472,18.117539760552802
57.77,64.8696874350891,-7.099687435089102
61.08,47.92619257725971,13.153807422740286
53.55,56.85759084815017,-3.30759084815017
63.32,57.46947394967015,5.850526050329847
79.69,73.6896643492225,6.000335650777501
79.98,77.04249309017284,2.937506909827164
65.42,70.37223044259696,-4.9522304425969566
70.26,68.44957399139872,1.8104260086012829
51.4,41.226475802336644,10.173524197663355
38.42,42.44231600736809,-4.02231600736809
78.39,74.51174985643983,3.878250143560166
59.34,56.064565400232766,3.2754345997672374
32.14,32.15134282481392,-0.011342824813922903
97.34,92.18830341691812,5.151696583081886
67.81,59.17652667086247,8.63347332913753
32.97,49.23952940842646,-16.269529408426465
58.89,49.19711684341154,9.692883156588458
54.37,53.263697872607686,1.1063021273923113
54.03,66.13886536034583,-12.108865360345831
70.72,72.21030208077187,-1.490302080771869
43.3,31.945184215319035,11.354815784680962
94.19,77.99423094761521,16.19576905238479
100.0,88.10271910765196,11.897280892348036
62.87,45.89010793035885,16.979892069641146
42.26,53.19583634724905,-10.935836347249051
49.43,39.03894731444193,10.391052685558073
61.67,65.14594889046455,-3.475948890464551
34.44,45.87151029496061,-11.43151029496061
60.57,59.98397059074833,0.5860294092516725
68.81,65.24247640117,3.5675235988300074
53.52,54.12926371833128,-0.6092637183312775
77.96,71.96628753413201,5.993712465867986
54.51,47.59754502935088,6.912454970649115
61.17,54.849463628820125,6.320536371179877
82.66,80.9936261571607,1.6663738428392918
28.65,40.038916268897374,-11.388916268897376
55.01,53.056384663261696,1.9536153367383022
60.78,39.516522928495476,21.263477071504525
64.56,63.47713150676085,1.082868493239154
41.64,51.256597250256576,-9.616597250256575
61.9,60.537495245706445,1.3625047542935533
53.92,57.89246440969934,-3.9724644096993416
41.88,55.9250195211059,-14.0450195211059
74.52,59.38806699880113,15.131933001198867
63.73,64.0812175907889,-0.3512175907888988
53.12,69.8882105872725,-16.7682105872725
46.81,48.534262006161505,-1.7242620061615028
70.23,79.7570712971021,-9.527071297102097
59.23,79.8448975639143,-20.614897563914305
65.89,59.772142278086676,6.1178577219133246
55.4,69.52545705223149,-14.12545705223149
92.09,86.32254569406065,5.767454305939353
60.86,56.73079127190163,4.129208728098369
49.1,60.725653627004995,-11.625653627004993
80.17,83.9347846432119,-3.7647846432118968
60.3,51.593539157186534,8.706460842813463
81.37,74.06725731037648,7.302742689623528
77.62,73.25656106476362,4.363438935236388
53.25,48.595247571948725,4.654752428051275
48.02,66.37319284529221,-18.353192845292206
92.89,75.24093516292821,17.64906483707179
50.05,67.02666917193477,-16.976669171934773
58.24,69.12406396602603,-10.884063966026027
41.46,46.02293310150737,-4.562933101507369
26.16,41.31995869979163,-15.159958699791627
59.83,51.26328099750107,8.566719002498928
61.49,75.93107458475446,-14.441074584754453
71.22,73.35312936774457,-2.133129367744573
26.56,37.93704654805085,-11.377046548050853
85.11,71.67246247832425,13.43753752167575
76.91,74.28066582627284,2.629334173727159
45.19,42.89058086485913,2.299419135140866
72.01,68.14039192700855,3.869608072991454
73.02,81.16636226129228,-8.146362261292282
43.02,43.881790849772926,-0.8617908497729232
83.92,81.64443019153437,2.275569808465633
94.1,77.23230472134986,16.86769527865013
47.61,57.284059261575045,-9.674059261575046
57.67,69.55180665288336,-11.881806652883355
51.4,60.07174848278503,-8.671748482785034
96.02,85.98815380865788,10.031846191342112
44.34,59.39865368162223,-15.058653681622225
72.58,76.30476132532542,-3.7247613253254173
58.25,60.76412619130207,-2.5141261913020685
53.72,53.4448207527749,0.2751792472250969
78.62,80.9753185347934,-2.3553185347933976
51.34,60.25128967971004,-8.911289679710038
72.36,67.27351490099629,5.08648509900371
46.98,53.732865378004654,-6.752865378004657
66.96,55.21619730345815,11.743802696541842
52.31,69.12004966849028,-16.81004966849028
65.61,72.78493303106407,-7.1749330310640715
93.45,75.00472165916825,18.44527834083175
52.94,49.50175803249523,3.4382419675047657
67.54,53.52819453304399,14.01180546695602
58.2,67.13696221228395,-8.936962212283944
61.08,67.58326518290619,-6.5032651829061905
66.6,62.26395523184029,4.336044768159702
70.57,54.36319532223331,16.206804677766684
52.97,45.99099064821807,6.979009351781926
55.11,51.846458363155314,3.2635416368446855
50.68,56.57794744970807,-5.89794744970807
68.37,59.624321597142284,8.74567840285772
51.49,66.79883697180128,-15.308836971801277
61.63,65.6507478843444,-4.020747884344395
59.12,65.21416725748887,-6.09416725748887
53.92,55.68029190271046,-1.7602919027104562
54.27,53.58912265737236,0.680877342627646
49.57,46.552726108306054,3.0172738916939466
62.68,57.31454032790503,5.365459672094971
32.84,42.68824600060946,-9.848246000609457
47.58,53.69170257299551,-6.111702572995512
77.33,81.01867867819138,-3.68867867819138
44.42,63.77446035632908,-19.354460356329078
74.37,76.94254141188016,-2.5725414118801524
45.49,56.69866628012602,-11.208666280126018
58.85,67.42507438335026,-8.575074383350263
82.98,77.98909775645129,4.990902243548717
42.97,43.617796290545506,-0.6477962905455072
78.26,66.93554463733443,11.324455362665574
64.95,54.614453292126285,10.335546707873718
59.75,47.42430006250156,12.325699937498442
50.88,64.95212448747766,-14.072124487477659
38.37,44.65393775573726,-6.283937755737263
62.43,65.63616166772972,-3.2061616677297238
70.07,68.54135910497145,1.5286408950285448
64.73,53.05989349230008,11.670106507699927
72.23,62.475737092290586,9.754262907709418
57.39,54.77895630189434,2.611043698105661
62.31,68.12981102945585,-5.819811029455849
61.53,58.1187304394405,3.4112695605595036
53.22,49.28736739165162,3.932632608348378
52.82,50.102353843405886,2.717646156594114
61.37,49.74894788245456,11.621052117545439
68.26,69.7481628567561,-1.488162856756091
52.81,49.56943614251327,3.240563857486734
72.3,74.0741189501197,-1.7741189501197
87.18,87.41852870252161,-0.23852870252160585
62.86,64.37954409234426,-1.5195440923442618
73.79,75.08752731541553,-1.2975273154155218
49.89,48.77776626460941,1.1122337353905891
55.29,68.26723436138276,-12.977234361382763
55.73,70.04344569499975,-14.31344569499975
78.65,76.58057681015121,2.0694231898487914
60.75,63.24964773464431,-2.499647734644313
38.43,39.84620909047387,-1.4162090904738704
80.2,78.84694779865917,1.3530522013408302
71.23,74.0166587173324,-2.7866587173324007
62.94,66.57685230455719,-3.6368523045571948
62.61,70.91859233769603,-8.308592337696027
69.14,62.91173994743158,6.228260052568423
59.79,62.44815382694331,-2.6581538269433125
54.37,53.92403975788374,0.4459602421162572
61.66,62.41982052971019,-0.7598205297101899
69.05,65.52701572098191,3.5229842790180896
40.13,62.23089242174689,-22.100892421746885
74.76,50.47258708371429,24.287412916285717
73.98,70.94125556344613,3.03874443655387
46.5,59.38999132277222,-12.889991322772218
50.09,50.96292204965729,-0.8729220496572836
74.97,60.81930738399692,14.150692616003077
28.67,28.550768140135922,0.11923185986407958
44.96,33.80434216395225,11.155657836047752
77.53,53.211873186318286,24.318126813681715
80.96,75.99664035842503,4.963359641574968
71.64,50.732268907215285,20.907731092784715
90.91,79.90533788474619,11.004662115253808
17.95,24.82022401549902,-6.870224015499019
56.23,65.97822026075947,-9.748220260759474
81.32,76.99144954336474,4.328550456635256
67.06,61.93837059142191,5.1216294085780945
50.74,41.78556110051537,8.954438899484629
88.77,77.10883881024675,11.661161189753244
45.12,41.93095193687678,3.1890480631232165
53.24,58.63036158897846,-5.3903615889784575
68.46,69.41019229907762,-0.9501922990776279
79.89,71.69425951153164,8.19574048846836
80.68,75.91154262490313,4.768457375096872
40.98,45.04633544143143,-4.066335441431434
65.96,74.33506295493865,-8.375062954938656
74.03,77.1644330226965,-3.1344330226964985
66.24,67.06470948648754,-0.8247094864875493
61.84,66.526597707975,-4.686597707974997
40.92,70.70181112262118,-29.78181112262118
62.5,55.47679541297113,7.0232045870288715
84.05,72.47719663154541,11.572803368454586
64.82,58.68600597286537,6.1339940271346265
62.59,65.21789791304091,-2.6278979130409112
39.31,41.90636396067204,-2.5963639606720363
77.75,68.11661506669152,9.633384933308477
40.72,47.41667632324558,-6.696676323245583
64.5,59.832341873771874,4.667658126228126
30.72,40.16920174410268,-9.44920174410268
56.04,54.82526546048265,1.2147345395173517
54.52,62.5076069541789,-7.987606954178894
67.08,62.702637988756884,4.377362011243115
58.08,59.28299430221398,-1.2029943022139804
67.6,61.30505416329786,6.294945836702134
66.65,58.20715218487271,8.442847815127294
72.89,66.8018025181457,6.088197481854294
57.47,52.21221061463153,5.2577893853684685
59.39,51.57796557630339,7.812034423696609
68.26,74.34479415595978,-6.08479415595977
47.5,47.54386279632401,-0.04386279632400658
36.3,37.01211931231884,-0.7121193123188405
43.45,47.27897293737668,-3.828972937376676
42.96,56.899895273975055,-13.939895273975054
46.27,31.901252168888686,14.368747831111317
26.61,36.86396682236838,-10.253966822368383
81.97,82.60985995765508,-0.6398599576550765
28.2,33.421232350843354,-5.221232350843355
94.51,74.41353078933919,20.096469210660814
68.16,68.54982385395115,-0.3898238539511567
70.14,61.597545818655966,8.542454181344034
36.7,39.95072481051424,-3.2507248105142352
42.78,38.84777487848929,3.9322251215107116
82.86,73.89174967421565,8.968250325784354
28.26,26.52881728228339,1.7311827177166101
50.99,58.66612374333609,-7.676123743336085
80.97,75.41353017950664,5.556469820493362
45.27,54.509191637198356,-9.239191637198353
81.13,78.15609746760754,2.973902532392458
70.73,60.18883823597382,10.541161764026185
83.49,88.33013346872981,-4.840133468729817
45.64,47.225858320989104,-1.5858583209891037
59.87,58.170390698164034,1.699609301835963
38.75,41.078377235901925,-2.3283772359019252
45.96,58.100876965866156,-12.140876965866156
65.88,82.47393927945082,-16.593939279450822
54.36,52.791355527864944,1.5686444721350554
57.32,68.87197216980218,-11.551972169802177
51.5,52.49320537108005,-0.9932053710800517
78.15,64.3630290188044,13.786970981195608
61.98,67.16163173215753,-5.181631732157534
56.62,70.55798758694215,-13.93798758694215
57.99,66.61354302151508,-8.623543021515083
52.57,64.68604753578691,-12.116047535786912
65.8,70.8788206463603,-5.078820646360299
63.21,62.52107941077521,0.6889205892247929
77.68,73.09899466192081,4.581005338079194
68.62,79.017428159799,-10.397428159798991
52.01,50.27168515455357,1.7383148454464248
70.43,71.10572501671767,-0.6757250167176636
50.78,54.77450135229468,-3.9945013522946766
68.9,64.23757672159705,4.6624232784029545
56.66,59.46814600332333,-2.80814600332333
42.24,43.873748601879704,-1.6337486018797023
68.03,73.95687642338847,-5.926876423388464
64.42,63.603803191166335,0.8161968088336664
55.23,58.461884624878806,-3.231884624878809
61.12,50.978155500278845,10.141844499721152
56.97,68.79091556051466,-11.820915560514663
86.99,67.20340466907474,19.786595330925252
37.6,48.42607464692163,-10.826074646921626
29.14,29.111648702823736,0.028351297176264723
81.54,63.45368025784417,18.086319742155837
45.28,60.38690740286155,-15.106907402861552
80.36,73.82735521862811,6.532644781371886
77.13,82.96046828756113,-5.830468287561132
75.39,66.48488122912563,8.905118770874367
49.65,48.67461453851975,0.9753854614802506
40.26,65.0048374116393,-24.744837411639303
80.09,73.07030803666443,7.019691963335575
52.59,49.479309325813425,3.1106906741865785
66.56,60.495024488603974,6.064975511396028
50.97,35.32224568735374,15.647754312646256
51.16,45.57528719067,5.58471280933
53.49,45.787870022546926,7.702129977453076
68.04,75.40175155849145,-7.361751558491449
79.08,67.66463087093624,11.415369129063762
58.65,61.54024593716715,-2.890245937167151
53.64,52.9291720836819,0.7108279163181024
59.52,49.4071249081263,10.112875091873704
73.04,58.96584935243546,14.074150647564544
50.79,39.076810034360776,11.713189965639224
87.97,74.93398462232051,13.03601537767949
61.09,70.81436484695715,-9.724364846957144
51.42,53.46832056049102,-2.048320560491021
62.74,48.27829132062808,14.461708679371924
73.37,77.18003786324364,-3.810037863243636
49.5,52.365780092179214,-2.8657800921792145
62.9,60.025367156161174,2.8746328438388247
62.23,66.53516367108988,-4.305163671089879
58.49,56.68452428401989,1.8054757159801085
58.28,66.33633033137528,-8.056330331375278
66.02,56.415014132659145,9.60498586734085
39.21,47.39688381222975,-8.186883812229752
67.43,77.24585167573649,-9.815851675736482
100.0,94.24229368156449,5.75770631843551
76.63,69.67697866270485,6.953021337295141
59.5,60.13513884610174,-0.6351388461017393
78.05,78.65852608175022,-0.6085260817502274
49.69,51.660564871764414,-1.9705648717644166
64.38,60.94684829380215,3.4331517061978474
56.15,53.33533751077608,2.8146624892239203
57.04,51.19036213970734,5.84963786029266
55.67,69.56348072095949,-13.893480720959488
75.26,81.28258064104682,-6.022580641046815
51.2,44.21303567280176,6.986964327198244
85.63,81.68370577824602,3.9462942217539734
54.88,44.38838375213975,10.49161624786025
41.87,46.66481278868525,-4.794812788685256
63.97,62.83837889304042,1.131621106959578
37.76,37.3378852478629,0.42211475213709804
75.43,75.31803686599409,0.11196313400591862
34.62,48.734781749050484,-14.114781749050486
50.21,57.142996025031245,-6.932996025031244
66.7,48.54626348934583,18.15373651065417
63.77,76.93412678082454,-13.164126780824539
72.77,51.40546959698343,21.364530403016566
47.14,56.44284985312033,-9.302849853120328
45.13,49.07287079451475,-3.9428707945147465
62.38,71.08039774536154,-8.700397745361535
54.24,69.3082946650757,-15.068294665075705
75.91,72.62087654800358,3.289123451996417
100.0,92.09259757957055,7.907402420429449
88.13,81.66255578205245,6.467444217947545
60.91,48.86622599331337,12.043774006686625
66.07,66.57143959630854,-0.5014395963085434
37.35,57.77474077859805,-20.42474077859805
54.39,61.558376855504726,-7.168376855504725
66.21,66.84465828027174,-0.6346582802717506
73.77,65.0762689604687,8.6937310395313
77.35,71.29402840809605,6.0559715919039405
70.62,68.65353021083523,1.9664697891647762
58.73,60.03256684725023,-1.3025668472502332
50.95,58.35982679095169,-7.409826790951691
63.48,54.62294721822763,8.857052781772367
58.64,40.61848230016515,18.021517699834853
54.83,79.18096964364163,-24.350969643641633
49.87,56.09762043197864,-6.227620431978643
29.26,49.82152965998822,-20.56152965998822
65.24,60.42275208848586,4.817247911514137
64.51,57.75179918969307,6.758200810306938
48.93,63.7715270087926,-14.841527008792603
37.5,58.2097617751755,-20.7097617751755
71.6,61.2790856390861,10.320914360913896
80.37,83.35117428714399,-2.981174287143986
63.4,58.90794153448233,4.492058465517665
61.35,58.34502582234791,3.0049741776520946
63.16,51.148822492558566,12.011177507441431
55.82,66.11353071585722,-10.293530715857223
40.44,34.84137787639854,5.598622123601459
47.15,46.749460188329266,0.4005398116707326
58.88,87.83778859380826,-28.957788593808253
61.98,42.332495266774245,19.64750473322575
37.2,45.83365227009634,-8.633652270096334
64.35,49.590786114518004,14.75921388548199
73.21,65.22031608957832,7.989683910421675
64.26,61.17147984823663,3.088520151763376
67.96,66.66897041690471,1.2910295830952805
82.66,80.21202146893265,2.447978531067349
53.79,58.803814040593274,-5.0138140405932745
68.65,70.73689074962357,-2.0868907496235636
65.56,70.46468077077485,-4.904680770774846
78.76,69.30008842878043,9.459911571219578
100.0,89.9368325647912,10.063167435208797
91.85,72.60608504277846,19.243914957221534
77.02,68.43114724222426,8.58885275777574
88.43,78.12467284089821,10.305327159101793
78.74,82.39443132710049,-3.6544313271004967
63.56,58.889290299502534,4.6707097004974685
48.04,58.59813867845457,-10.558138678454569
47.95,43.17006758552861,4.779932414471396
67.31,63.16866276086322,4.1413372391367815
63.86,53.30297940653148,10.557020593468522
67.04,63.94897833775802,3.0910216622419853
28.53,34.14266970717294,-5.612669707172941
57.38,63.21326812210911,-5.833268122109111
43.84,52.94520893652869,-9.105208936528683
65.97,78.6752879104255,-12.705287910425497
64.85,63.2063124711914,1.6436875288085915
32.24,45.021392532862635,-12.781392532862633
78.1,60.409574820015514,17.69042517998448
56.83,63.8876396665205,-7.057639666520501
69.35,73.2128708920398,-3.8628708920398083
69.82,70.30152871786586,-0.4815287178658707
41.26,54.88270504635765,-13.622705046357652
44.9,52.789280954134796,-7.889280954134797
90.24,81.21503073957098,9.024969260429017
68.19,76.6396377437384,-8.449637743738407
70.63,53.01147100757409,17.618528992425908
86.47,84.47825668766869,1.9917433123313089
76.87,76.4080851494883,0.4619148505117039
100.0,92.2453968993991,7.754603100600903
72.38,76.01019462441499,-3.6301946244149974
68.44,62.73501858861333,5.704981411386669
61.47,69.7109535987464,-8.240953598746401
71.8,74.24733061065595,-2.4473306106559534
68.09,56.12439129306446,11.96560870693554
50.46,53.57641276074996,-3.1164127607499594
74.09,71.00733521798952,3.0826647820104824
44.49,51.81658566472549,-7.326585664725485
59.63,64.2277548893783,-4.597754889378301
40.55,47.730690135700684,-7.1806901357006865
57.05,55.781892728578256,1.2681072714217407
81.87,75.75572238267871,6.114277617321292
60.74,72.9200209853424,-12.180020985342402
49.7,41.40776425637724,8.292235743622761
55.22,63.10229649202849,-7.882296492028495
75.52,73.09931227926006,2.4206877207399344
63.39,62.79893944350674,0.591060556493261
71.19,71.19709993901236,-0.007099939012363166
72.05,62.76088810657038,9.28911189342962
79.4,61.129797581309354,18.27020241869065
64.93,65.28921762771998,-0.35921762771997123
94.31,83.66512642445093,10.64487357554907
35.9,37.748258393716505,-1.848258393716506
86.51,79.61138908782426,6.898610912175741
51.55,57.66684969826461,-6.116849698264616
46.24,50.696703899560646,-4.456703899560644
64.58,64.50683695644075,0.07316304355924785
68.11,64.21102376779037,3.898976232209634
91.31,71.34140368215031,19.968596317849688
80.37,69.07430156700501,11.295698432994996
55.59,64.87623061192184,-9.286230611921837
46.92,47.3852491948667,-0.4652491948667006
85.66,84.42510844114274,1.2348915588572567
83.08,72.801297480632,10.278702519367997
90.76,76.41516451845382,14.344835481546184
62.7,70.41574550605263,-7.715745506052627
82.72,76.284350746796,6.435649253204005
44.04,42.76746741960441,1.2725325803955911
74.29,66.47345023211471,7.8165497678852915
68.13,69.6793991565286,-1.549399156528608
61.7,60.81437284864907,0.8856271513509313
54.79,67.15928656118354,-12.369286561183536
62.64,52.53889068493059,10.101109315069408
74.73,60.0145730910297,14.7154269089703
60.13,57.669718721463155,2.460281278536847
71.39,67.85715349259539,3.5328465074046136
83.11,71.55971349843355,11.550286501566447
38.38,41.869494809898754,-3.4894948098987513
55.5,65.0916148324669,-9.591614832466902
77.5,75.01071152617665,2.4892884738233505
50.92,48.13743123808327,2.7825687619167283
63.61,60.12964797651995,3.4803520234800516
50.07,59.49525595618204,-9.425255956182042
68.07,57.90692650427876,10.163073495721235
53.01,66.52252330678282,-13.512523306782818
52.64,50.42770980981701,2.2122901901829906
44.62,49.834397976689296,-5.214397976689298
76.24,83.59731899714546,-7.3573189971454696
68.87,61.420242924914874,7.449757075085131
58.44,61.551860871016984,-3.1118608710169866
81.48,70.19126644026308,11.288733559736926
81.9,83.55585397106722,-1.6558539710672164
42.93,48.146214327666186,-5.2162143276661865
65.84,54.199416373708395,11.640583626291608
63.85,59.742328240233356,4.107671759766646
58.57,57.11569049180826,1.4543095081917414
60.43,58.43277242846227,1.997227571537728
82.13,65.66927813444626,16.460721865553737
83.53,82.02483086667581,1.5051691333241877
59.75,56.82777995293373,2.9222200470662685
67.07,60.412770045331754,6.657229954668239
53.76,56.848474963152086,-3.0884749631520876
27.48,22.62080214236388,4.859197857636122
68.56,66.2190030241794,2.3409969758206017
61.6,68.84016993068285,-7.240169930682846
45.6,41.125792417696196,4.474207582303805
74.57,78.568942327271,-3.99894232727101
89.47,79.91602211896081,9.553977881039188
78.62,75.68557371264065,2.934426287359358
78.97,74.94009897370354,4.029901026296457
81.91,84.67779528441437,-2.767795284414376
75.48,66.59549889968491,8.884501100315092
86.6,74.82689399220673,11.77310600779326
71.51,80.37877873541761,-8.868778735417607
38.3,45.92747102181896,-7.6274710218189625
62.96,60.50311027413309,2.4568897258669082
52.17,52.24224876835209,-0.0722487683520896
50.38,50.02408005122325,0.3559199487767515
80.62,75.47928487168272,5.140715128317282
68.14,60.90318648745969,7.236813512540309
43.0,44.85874286422376,-1.858742864223757
64.68,54.95378207755715,9.726217922442856
100.0,95.77964391499417,4.220356085005832
47.67,40.43935022590339,7.230649774096612
73.24,72.41025613399846,0.8297438660015359
81.69,66.23557495982057,15.45442504017943
74.41,79.444629777234,-5.034629777234002
43.49,42.01335886767886,1.4766411323211415
74.7,67.98304880489954,6.716951195100464
61.57,71.86428464828653,-10.294284648286528
43.88,33.9063364250913,9.973663574908706
55.09,61.483571741709554,-6.39357174170955
88.14,87.66639213868923,0.47360786131076793
49.56,49.209520681382756,0.35047931861724635
69.71,71.04076618859533,-1.3307661885953337
77.72,71.91483585973864,5.805164140261354
80.04,70.75945241249033,9.280547587509673
58.57,58.826727374876825,-0.2567273748768244
64.46,47.4036352521999,17.056364747800096
24.72,40.38353956222315,-15.66353956222315
36.51,53.89685653325213,-17.38685653325213
69.8,59.989710960738066,9.810289039261932
70.17,52.554104020909726,17.615895979090276
77.92,79.0790358172266,-1.159035817226595
55.99,59.987875836949,-3.9978758369489995
57.74,56.5683288763896,1.1716711236104018
65.41,56.7731831297541,8.636816870245895
56.56,50.35278631640327,6.207213683596734
70.16,52.71531606428828,17.444683935711716
39.53,46.17383104813618,-6.643831048136178
78.99,81.91771125611375,-2.927711256113753
66.59,82.77497156809551,-16.184971568095506
81.77,61.10765810017316,20.662341899826835
76.83,81.88712082039079,-5.057120820390793
59.95,60.11330952100403,-0.16330952100402385
29.16,36.91534596580893,-7.755345965808932
50.96,68.37906479553804,-17.41906479553804
85.06,68.11508752101321,16.944912478986794
37.21,52.1684940351269,-14.958494035126897
44.28,46.41360420771506,-2.1336042077150594
58.54,61.49591985314137,-2.955919853141374
75.29,63.9021021933473,11.38789780665271
48.73,47.40577022642788,1.3242297735721138
81.87,74.25549170199689,7.614508298003116
49.13,47.380834372157025,1.7491656278429772
40.34,47.63799887900987,-7.297998879009867
70.58,83.64396829321093,-13.063968293210934
72.08,57.2868835549429,14.793116445057102
42.34,56.79762639507579,-14.457626395075785
55.04,55.56365955299173,-0.523659552991731
72.14,68.42821847118483,3.711781528815166
63.05,63.134837144607445,-0.08483714460744807
36.71,52.2185813203233,-15.508581320323302
57.17,68.0607382041441,-10.8907382041441
64.59,68.05431292272374,-3.4643129227237353
42.79,59.14986226483554,-16.35986226483554
78.92,80.39977466281822,-1.4797746628182153
60.54,53.99599988845099,6.5440001115490105
52.89,66.69327593035104,-13.803275930351035
65.43,63.40765573296356,2.022344267036445
51.61,72.33161424593855,-20.721614245938554
62.97,68.2238429681035,-5.253842968103498
68.11,56.51096987187973,11.599030128120269
51.01,50.018555913719425,0.9914440862805733
42.62,49.13773596834307,-6.517735968343075
94.39,85.93165594999392,8.458344050006076
39.21,48.50880817559098,-9.298808175590977
68.18,80.36192800585148,-12.181928005851475
45.37,48.91002337762204,-3.540023377622042
44.6,43.063341566424796,1.5366584335752052
32.57,45.21223802996512,-12.642238029965121
34.04,38.94018163037896,-4.90018163037896
65.23,66.3343746016676,-1.104374601667601
68.59,75.64314240128456,-7.0531424012845605
43.5,48.18907385602501,-4.689073856025011
72.22,72.69378026453465,-0.4737802645346534
60.72,62.293413672848864,-1.573413672848865
77.66,58.28439035658954,19.375609643410456
85.55,75.63701516589164,9.912984834108357
83.69,72.84588250100182,10.844117498998173
62.19,73.58883713059892,-11.39883713059892
76.47,79.48366301144432,-3.013663011444322
53.8,49.14570191784198,4.654298082158014
73.35,63.806364736866485,9.54363526313351
78.72,79.60182754362997,-0.8818275436299672
79.69,78.64715399036388,1.042846009636122
56.35,64.64049185514912,-8.29049185514912
53.92,55.17486170813269,-1.2548617081326867
76.75,74.87682358298474,1.8731764170152587
60.11,57.39111320672215,2.7188867932778464
69.01,78.88396257039946,-9.873962570399456
91.6,68.84953545429146,22.75046454570854
61.58,60.09843532584016,1.4815646741598414
49.46,61.39713564141385,-11.937135641413846
77.07,73.67407945925986,3.3959205407401356
47.0,42.886495872011665,4.113504127988335
82.44,83.45488245814195,-1.0148824581419547
51.15,59.965586352997114,-8.815586352997116
49.16,54.420398339171456,-5.260398339171459
55.31,60.718977163765615,-5.408977163765613
64.53,49.05783423659986,15.472165763400142
68.4,57.94184458289733,10.458155417102674
51.4,53.624908497176456,-2.2249084971764574
65.94,67.54951669995607,-1.6095166999560746
50.3,44.1745499596209,6.1254500403791
89.74,85.3708286281211,4.369171371878892
46.37,48.29014764191612,-1.9201476419161239
73.12,71.05697405927789,2.063025940722113
91.65,64.34173538158566,27.30826461841434
59.87,62.57585951213554,-2.7058595121355395
51.86,54.772488927101314,-2.9124889271013146
49.13,63.13417159337117,-14.004171593371169
55.25,74.06448155353745,-18.814481553537448
62.25,67.65558509537661,-5.405585095376608
64.73,57.23799353455108,7.492006465448924
89.27,73.89505710546568,15.374942894534314
53.04,56.57583532298356,-3.5358353229835586
52.53,58.05243033282977,-5.522430332829771
59.43,70.61475841563862,-11.184758415638619
64.29,62.839399233985176,1.45060076601483
80.95,72.13903520402735,8.810964795972652
75.55,63.57119225910075,11.97880774089925
71.48,60.37963261356697,11.100367386433035
75.72,73.62621430391914,2.0937856960808574
47.47,60.5926095317488,-13.1226095317488
70.8,62.85091970803033,7.949080291969665
73.32,75.96757777888854,-2.6475777788885466
52.85,56.512949484564174,-3.662949484564173
84.41,82.81066867043218,1.5993313295678178
66.22,64.03862490842457,2.1813750915754326
43.41,41.945827986308124,1.464172013691872
55.54,68.67987943723884,-13.13987943723884
75.78,64.75973743815315,11.020262561846849
89.36,72.64686761931682,16.713132380683177
69.26,70.92341126611394,-1.6634112661139397
92.81,75.8096897661181,17.000310233881905
64.59,54.962329766151946,9.627670233848058
63.24,62.42000427505598,0.8199957249440217
73.95,69.83619205403497,4.113807945965036
75.2,61.75202592247029,13.447974077529715
86.94,77.75410886346502,9.185891136534977
28.25,49.919837591335934,-21.669837591335934
74.89,69.74972800147094,5.140271998529059
77.63,77.5352220529078,0.09477794709219722
55.9,49.132580696338536,6.7674193036614625
56.53,55.12029594588012,1.409704054119878
66.56,59.72183469747212,6.838165302527884
58.31,71.65600633686249,-13.346006336862487
72.32,66.41088467794516,5.909115322054831
49.52,39.64514260550549,9.874857394494512
75.45,64.75676595816326,10.693234041836746
48.78,66.64534294091865,-17.86534294091865
52.45,60.57989407894758,-8.12989407894758
73.26,70.59322844359887,2.6667715564011303
54.91,60.31265647999217,-5.402656479992174
52.02,68.78945223009482,-16.76945223009482
31.91,47.1967048466795,-15.286704846679502
53.93,52.13069176744339,1.799308232556612
56.97,62.31524766136348,-5.34524766136348
49.81,49.236233630437006,0.5737663695629962
74.69,63.47355647817439,11.21644352182561
66.06,65.62828178003305,0.43171821996695314
57.78,56.21747339254623,1.5625266074537691
68.39,56.35495847560498,12.03504152439502
56.19,56.69782842871431,-0.507828428714312
48.46,56.80942939378088,-8.34942939378088
73.0,71.6393951451443,1.3606048548556942
57.85,50.635765535962754,7.214234464037247
51.57,67.14848942175246,-15.578489421752458
60.5,60.964524452998795,-0.46452445299879486
75.46,72.09015497875875,3.3698450212412467
39.44,54.21542393803763,-14.775423938037633
84.2,86.53846757079812,-2.338467570798116
47.94,63.85719864899398,-15.917198648993981
73.2,69.34214826309581,3.8578517369041947
51.38,52.67627064328456,-1.2962706432845579
82.77,73.51702133291171,9.252978667088286
59.37,55.81455687581062,3.555443124189381
65.61,67.3153881457166,-1.7053881457165971
75.55,83.48947904761944,-7.939479047619443
46.87,38.74688580130526,8.123114198694736
64.9,69.92049117314339,-5.020491173143384
59.11,72.30513650778092,-13.195136507780916
77.59,78.5552184397194,-0.9652184397193935
61.46,60.757210253507935,0.7027897464920656
75.23,68.72608503438222,6.503914965617781
38.11,44.73726642734031,-6.6272664273403095
78.47,73.28596459670285,5.184035403297145
57.35,67.17985553928524,-9.82985553928524
63.63,42.59448892598658,21.03551107401342
66.82,66.34688342708154,0.47311657291845677
40.46,41.46683165080085,-1.006831650800848
56.57,49.615108676916854,6.954891323083146
57.32,59.35459061880927,-2.0345906188092684
56.29,57.76404964719446,-1.4740496471944624
63.63,61.99664340953865,1.6333565904613536
54.0,49.464266954450366,4.535733045549634
58.4,56.76858001647349,1.6314199835265057
56.9,46.44697357192048,10.453026428079518
58.77,64.95046201871119,-6.180462018711189
86.82,70.2492810979788,16.5707189020212
79.0,68.23569776515127,10.764302234848728
81.41,70.05853250411462,11.351467495885373
75.89,80.62905651753202,-4.7390565175320205
46.71,47.189529105594275,-0.4795291055942741
60.69,77.02928747216392,-16.339287472163917
79.77,75.84480206301451,3.9251979369854837
65.8,65.30924557633699,0.4907544236630059
76.36,78.68131094060288,-2.321310940602885
42.77,51.423226535673365,-8.653226535673362
70.72,72.51995650628099,-1.7999565062809921
75.87,74.39532023993854,1.4746797600614627
49.05,67.42001712011697,-18.37001712011697
46.75,57.51469064574417,-10.764690645744167
47.87,46.83003335353338,1.0399666464666169
73.52,57.75151147272334,15.76848852727666
86.46,84.077968431946,2.382031568053989
49.22,59.419403729517185,-10.199403729517186
54.91,57.96088788795021,-3.0508878879502106
39.95,52.79909893704582,-12.849098937045817
91.18,81.68941271313767,9.490587286862336
47.26,54.39304333007523,-7.133043330075232
62.73,70.70240222030776,-7.972402220307764
88.48,65.73021892595781,22.74978107404219
27.53,41.74482306412221,-14.214823064122207
59.45,55.70725071718564,3.7427492828143656
49.21,60.45930181141749,-11.249301811417489
34.04,42.25776586206745,-8.217765862067452
62.48,60.89992535246416,1.580074647535838
57.04,63.19698077181526,-6.156980771815263
52.89,60.314849546046794,-7.424849546046794
86.33,75.57352571414603,10.756474285853969
69.76,72.04118179135499,-2.2811817913549817
90.54,77.07403513333743,13.465964866662574
36.49,45.112078896130065,-8.622078896130063
52.21,47.57009528000821,4.63990471999179
61.13,50.71147775138997,10.418522248610032
48.27,45.70543757016883,2.56456242983117
35.63,50.399104160298535,-14.769104160298532
56.06,69.78889779107844,-13.728897791078438
33.49,57.20324489359546,-23.71324489359546
58.41,68.320117954324,-9.910117954324008
78.8,70.16382649451607,8.636173505483924
69.73,69.211934156203,0.5180658437970038
66.75,59.216118738289175,7.533881261710825
47.59,53.84151789731233,-6.2515178973123255
70.25,50.08578217479037,20.164217825209633
67.13,59.66541139480003,7.464588605199964
21.65,33.25002270113196,-11.600022701131962
100.0,90.58336417971027,9.416635820289727
31.97,43.7309676301754,-11.7609676301754
51.58,51.41874873584609,0.16125126415391122
35.52,45.714631619482134,-10.19463161948213
77.95,80.46361244037516,-2.513612440375155
50.59,54.56341539404736,-3.9734153940473576
77.45,69.9138647276796,7.536135272320408
50.93,50.45048107062993,0.479518929370073
77.77,65.75882130729197,12.011178692708029
35.29,42.768261329603625,-7.478261329603626
71.65,59.498625079067665,12.15137492093234
69.59,72.21337377832317,-2.6233737783231703
55.98,52.98661714158605,2.993382858413945
70.82,65.9662568028816,4.853743197118391
56.6,45.31210124542263,11.28789875457737
48.8,47.730402282986155,1.069597717013842
65.81,50.451284606804634,15.358715393195368
66.38,72.19472168429306,-5.814721684293062
70.51,74.90434137013149,-4.394341370131485
34.56,51.48990458868331,-16.929904588683307
74.9,62.090013560106414,12.809986439893592
41.8,44.30771542208962,-2.5077154220896247
45.12,56.05888408477728,-10.938884084777285
100.0,82.56954040681737,17.430459593182633
86.03,86.15685787388475,-0.12685787388474523
46.9,55.232354313254476,-8.332354313254477
38.61,39.413313705616616,-0.8033137056166169
51.44,53.374527352025034,-1.934527352025036
40.25,44.11705169791709,-3.8670516979170912
68.84,67.1361459724548,1.703854027545205
50.71,60.77761122525075,-10.06761122525075
82.0,88.90083854736967,-6.900838547369673
63.23,61.93314600294651,1.2968539970534891
54.33,52.7790975020696,1.5509024979304016
74.62,78.96831509768727,-4.348315097687262
56.09,63.9363627786411,-7.846362778641094
78.4,64.5439103790535,13.856089620946506
24.21,38.83012916105155,-14.620129161051551
49.32,56.216417160379606,-6.896417160379606
81.85,76.22944137099523,5.620558629004762
86.99,83.7901819186263,3.1998180813736923
65.17,69.90914615601173,-4.739146156011728
44.7,38.194965054332236,6.5050349456677665
74.6,72.70125130131929,1.8987486986807056
78.57,66.03433287631246,12.535667123687531
51.65,54.87558301149009,-3.2255830114900945
57.49,63.88392107153238,-6.393921071532375
31.66,45.27686019473574,-13.61686019473574
51.91,60.12005143636121,-8.210051436361212
83.52,59.06025303150363,24.45974696849637
82.81,78.75646234201454,4.0535376579854585
70.36,67.60574046759665,2.7542595324033528
71.47,70.08735340940265,1.3826465905973464
77.24,81.62967399996235,-4.389673999962355
66.94,69.76959063869019,-2.829590638690192
55.87,64.73196956151592,-8.861969561515927
49.26,68.16877549920324,-18.908775499203237
62.72,80.36018291356417,-17.640182913564175
35.8,36.32009737518047,-0.5200973751804696
33.04,45.09344181197859,-12.053441811978594
63.63,63.41284848204226,0.21715151795774545
60.17,59.38208561385306,0.7879143861469444
100.0,104.51793456644042,-4.517934566440417
78.08,66.03490974256727,12.045090257432733
81.56,78.33734037556064,3.222659624439359
63.98,60.00985118455574,3.9701488154442544
55.19,53.56022776983177,1.6297722301682285
31.28,42.7938665546127,-11.513866554612697
59.4,71.34114294817205,-11.94114294817205
27.83,41.63776538228424,-13.807765382284245
50.79,60.5641504204363,-9.7741504204363
63.85,71.2070723866877,-7.3570723866876975
51.3,51.34196621132443,-0.041966211324435676
99.44,79.01247523998198,20.427524760018017
50.69,45.34622786015098,5.3437721398490154
81.15,76.42217989137505,4.727820108624954
64.84,60.0039490053985,4.8360509946015
69.26,60.955738227418244,8.30426177258176
56.51,61.88301548366102,-5.373015483661021
70.25,71.76800025643952,-1.518000256439521
66.25,72.03310974530422,-5.783109745304216
37.9,29.80962984969925,8.09037015030075
59.2,71.87518819553135,-12.675188195531348
77.28,51.29985609193568,25.98014390806432
77.02,68.7238100679045,8.296189932095501
48.5,54.81723793397702,-6.317237933977019
45.55,57.01205480310321,-11.462054803103214
54.28,52.87305851455245,1.406941485447554
41.9,39.4339983760021,2.4660016239978972
68.55,70.8759195465179,-2.325919546517909
60.24,55.07797779734451,5.162022202655493
47.56,46.806462486961685,0.7535375130383173
69.78,69.12658659197963,0.65341340802037
44.99,58.27825905269988,-13.288259052699878
59.11,63.28205620684641,-4.172056206846413
63.87,61.79472527022816,2.0752747297718344
66.59,74.41918975804914,-7.829189758049139
58.31,45.65623062273167,12.653769377268333
80.84,76.11036925412506,4.7296307458749425
88.86,74.44125428112984,14.418745718870156
61.25,60.63670186087467,0.6132981391253267
63.07,59.653117323724395,3.4168826762756055
79.67,74.73101630004953,4.9389836999504695
51.17,48.41691381079564,2.7530861892043603
63.7,73.15631781626382,-9.45631781626382
40.28,45.34554826347497,-5.065548263474966
43.35,54.14962392082906,-10.799623920829056
54.49,36.63115613742913,17.858843862570872
26.89,33.450248343755746,-6.560248343755745
42.32,55.295664206496376,-12.975664206496376
53.15,47.23621495264576,5.913785047354239
53.3,52.01045269493741,1.2895473050625839
78.7,74.57751987997023,4.122480120029778
57.79,53.01697413791249,4.773025862087508
46.62,49.15634846349531,-2.5363484634953153
76.26,76.81191555873326,-0.5519155587332563
67.77,52.84656290035259,14.923437099647408
66.79,60.57384804177755,6.216151958222454
44.19,51.173789733460936,-6.983789733460938
55.28,66.33484867523624,-11.054848675236244
63.43,69.31695602381316,-5.886956023813163
58.97,55.658676642076095,3.3113233579239036
25.68,44.20393721620714,-18.523937216207138
72.26,58.13397493058949,14.126025069410517
63.1,54.12714988272984,8.972850117270163
72.0,65.56232003085552,6.437679969144483
87.52,71.19035459517882,16.32964540482118
62.81,62.499940399832596,0.3100596001674063
84.65,77.59265044828302,7.057349551716982
68.11,61.303207292335024,6.806792707664975
56.6,68.47053772453182,-11.870537724531822
44.48,38.23415092575595,6.245849074244049
90.86,77.8744476005716,12.9855523994284
59.12,57.57602226457551,1.543977735424484
51.99,61.41384177663041,-9.423841776630411
57.9,74.99467037944281,-17.09467037944281
88.63,87.25919625276599,1.3708037472340067
79.71,79.40694141600761,0.3030585839923816
54.49,68.03986317177477,-13.549863171774767
57.79,71.00745024742555,-13.217450247425553
85.13,67.50856943275875,17.621430567241248
59.76,63.04741595563333,-3.2874159556333353
35.03,34.75764129256046,0.27235870743954393
78.92,82.27475025576683,-3.354750255766831
65.69,55.80582698440325,9.884173015596751
84.62,77.12442149380851,7.495578506191492
62.64,63.33108903671362,-0.6910890367136204
47.89,51.74581948534759,-3.8558194853475882
69.7,71.80830047344693,-2.1083004734469313
73.09,79.5853152242838,-6.4953152242838
71.98,74.24244304331857,-2.2624430433185694
62.5,58.16373576964273,4.336264230357273
40.46,46.69418393335787,-6.234183933357869
54.49,58.75345243008684,-4.263452430086836
72.57,77.97612641336345,-5.406126413363452
58.2,53.41572812663787,4.78427187336213
45.08,59.628731764092024,-14.548731764092025
31.31,40.43101649425423,-9.121016494254231
82.63,68.79269975832003,13.83730024167997
60.01,61.10097338365289,-1.0909733836528943
39.17,37.1160860734108,2.0539139265892032
42.57,42.49438690086908,0.07561309913091918
60.36,53.01810859447193,7.341891405528067
60.9,64.6958024633535,-3.7958024633535032
72.99,71.81191038665992,1.1780896133400773
28.76,52.85307160021009,-24.09307160021009
66.65,58.51076840882514,8.139231591174863
47.27,58.205397755181004,-10.935397755181
54.54,68.76899867905655,-14.228998679056552
71.24,65.44795461985822,5.792045380141772
54.05,59.05401907571737,-5.004019075717373
54.38,45.63732580905264,8.742674190947362
67.18,56.85114664367761,10.328853356322398
80.07,54.60384273379899,25.466157266201
71.59,58.41422862217023,13.175771377829776
37.23,37.30670329447574,-0.07670329447574176
72.61,76.72735787549394,-4.117357875493937
57.27,66.7282343679378,-9.458234367937798
35.83,51.83041492152669,-16.00041492152669
50.69,47.54408020565487,3.145919794345126
78.84,76.69893411463727,2.1410658853627353
69.42,52.65291253362714,16.767087466372864
81.15,71.46760898456166,9.682391015438341
63.51,76.84038385478537,-13.330383854785374
54.62,46.63863846374859,7.981361536251406
73.46,64.37018406829371,9.089815931706283
80.03,56.148710158124494,23.881289841875507
45.7,45.368624864156615,0.3313751358433876
53.78,60.613053322248405,-6.833053322248404
63.89,73.26905115476397,-9.379051154763971
98.2,77.2165635987133,20.98343640128671
83.82,79.45402603855901,4.365973961440986
46.44,57.61050169107502,-11.170501691075025
56.55,48.02396102417099,8.52603897582901
36.39,44.339343480455646,-7.949343480455646
99.03,96.16509806494726,2.8649019350527425
64.54,60.95801885329309,3.581981146706916
57.31,57.27832692060799,0.03167307939201436
77.04,65.41984382038503,11.62015617961498
59.82,72.80758347696751,-12.987583476967508
37.48,51.7409555218247,-14.260955521824705
35.23,35.26918634448037,-0.039186344480370394
99.66,90.85670194442037,8.803298055579631
78.4,66.06192600935753,12.33807399064247
74.87,70.06749106729671,4.80250893270329
60.19,62.624559303884794,-2.4345593038847966
72.04,68.55055850591336,3.4894414940866483
74.01,75.20796316741992,-1.197963167419914
44.37,62.25529853549488,-17.885298535494883
63.02,65.88800773652981,-2.868007736529812
42.96,36.66655019847439,6.293449801525611
70.7,73.32364013507328,-2.6236401350732734
64.29,59.68264413238373,4.607355867616278
51.6,59.35050900155834,-7.750509001558342
75.83,53.17388293108833,22.65611706891167
46.72,51.94534980893586,-5.22534980893586
51.57,55.880747083408664,-4.310747083408664
64.03,48.032304354888616,15.997695645111385
62.85,63.82792833676631,-0.9779283367663112
51.15,41.52147673761739,9.628523262382608
72.25,65.18948594247118,7.06051405752882
46.27,32.671467227997795,13.598532772002208
60.96,49.08361039611533,11.876389603884668
51.54,60.979921633429484,-9.439921633429485
60.21,51.372267282775724,8.837732717224277
63.55,67.7577928045218,-4.207792804521802
38.82,42.265770753661826,-3.445770753661826
80.48,69.09411850932281,11.385881490677193
74.47,86.24160457089954,-11.771604570899541
91.47,87.26874248390429,4.201257516095708
47.0,53.43334075747574,-6.43334075747574
69.44,64.06456537661501,5.37543462338499
70.64,61.221656712863094,9.418343287136906
44.59,51.48052384778495,-6.890523847784948
76.34,68.74449552430931,7.595504475690689
48.46,49.14960779197241,-0.6896077919724064
56.08,47.34463432374125,8.735365676258745
45.56,39.642252859681975,5.917747140318028
58.9,63.76390335351712,-4.863903353517124
55.79,70.08113676243123,-14.291136762431229
72.72,63.328666994178526,9.391333005821473
53.41,47.891406914597404,5.518593085402593
67.43,71.85414689185399,-4.4241468918539795
57.18,57.59591928950151,-0.4159192895015096
71.06,73.86379638812265,-2.803796388122649
58.7,46.39617998520806,12.303820014791945
35.56,50.947826945201,-15.387826945200999
78.07,66.87212102789985,11.197878972100142
37.19,45.795066859402226,-8.605066859402228
60.3,72.02070900445061,-11.720709004450612
67.73,74.10978918988192,-6.379789189881919
48.61,62.25227476724178,-13.64227476724178
85.85,88.00815536319914,-2.1581553631991426
38.1,44.923377130497144,-6.823377130497143
63.2,71.84010979269371,-8.640109792693707
57.63,59.68290338614014,-2.0529033861401373
37.57,44.235154666869285,-6.6651546668692845
75.51,63.665620390785705,11.8443796092143
78.48,70.72957463480834,7.75042536519166
56.01,66.41214447413506,-10.402144474135063
62.5,59.30849039493557,3.1915096050644323
68.29,69.5143206782579,-1.2243206782578966
32.44,43.433676922663565,-10.993676922663568
86.41,69.55800206603635,16.851997933963645
61.7,54.368046975540814,7.331953024459189
61.93,67.40163456721322,-5.471634567213222
63.05,64.16057251691618,-1.1105725169161786
51.42,42.55112615765367,8.868873842346332
66.43,60.3100746809835,6.1199253190165095
46.04,42.43989981772561,3.6001001822743888
63.04,54.222200959674915,8.817799040325085
51.89,62.47934664484612,-10.589346644846117
67.83,64.57442031940717,3.255579680592831
65.8,62.72119295851136,3.0788070414886377
60.33,62.39561353808503,-2.0656135380850316
36.92,49.85282962780301,-12.93282962780301
62.31,63.17460974983869,-0.8646097498386851
60.72,53.3192818292835,7.400718170716502
66.15,76.17866622007668,-10.028666220076673
58.76,71.16191386289513,-12.401913862895135
72.3,62.48140309481177,9.81859690518823
42.41,56.0262542802882,-13.616254280288203
42.18,52.07160475984758,-9.891604759847581
53.44,51.81865006586436,1.6213499341356368
68.11,68.35821340496744,-0.24821340496744426
39.87,49.888141267518876,-10.018141267518878
26.23,43.94921157478975,-17.71921157478975
68.77,58.90037868632923,9.869621313670763
69.54,66.96482384229752,2.5751761577024865
53.49,64.44505109567454,-10.955051095674541
64.86,72.3983561036041,-7.538356103604102
16.79,31.265076051854784,-14.475076051854785
62.73,60.55864616622697,2.1713538337730256
82.01,82.49980077189036,-0.48980077189035853
31.29,39.49862818276442,-8.208628182764421
37.88,54.16798621087745,-16.28798621087745
60.79,67.49626645091371,-6.706266450913709
57.68,56.87085065509962,0.8091493449003764
80.29,67.04379993642902,13.246200063570981
64.72,59.00549792408732,5.714502075912677
47.42,44.599686784080916,2.820313215919086
60.6,55.831821325229406,4.768178674770596
61.25,62.744580150334905,-1.4945801503349045
53.03,57.40913871456732,-4.379138714567318
78.42,62.753466136828926,15.666533863171075
66.04,57.67588462109413,8.364115378905879
49.36,59.299708276314476,-9.939708276314477
45.14,43.59868582420172,1.5413141757982771
69.95,62.644933462834,7.305066537166006
67.18,79.27658777205335,-12.09658777205334
60.45,66.91131495088948,-6.461314950889474
77.08,76.63591010720502,0.44408989279497746
92.45,85.54656356397518,6.903436436024819
52.31,57.51444789769191,-5.204447897691907
27.98,40.1291898488447,-12.149189848844703
55.42,69.30203178230063,-13.88203178230063
31.89,40.438589701567345,-8.548589701567344
34.82,38.761546566927485,-3.941546566927485
53.5,69.04282846209506,-15.54282846209506
49.44,69.3655692370641,-19.925569237064096
48.67,61.782078098150976,-13.112078098150974
63.0,59.26310133469493,3.7368986653050698
58.07,56.84930827219234,1.2206917278076617
62.09,63.39436582466916,-1.304365824669155
55.9,55.20237250859306,0.6976274914069407
63.43,59.01804453875048,4.411955461249519
55.43,65.13469634681776,-9.704696346817762
71.73,66.47573672564974,5.254263274350265
68.32,72.45036271057533,-4.130362710575341
42.58,46.720334635040324,-4.140334635040325
48.74,48.75500142296152,-0.015001422961518074
70.29,69.31071306160638,0.9792869383936278
32.16,41.43938730944649,-9.279387309446491
71.48,71.67753854117115,-0.19753854117114145
74.85,58.002924107610546,16.847075892389448
83.09,86.95687436909608,-3.866874369096081
64.66,48.35798989660342,16.302010103396576
49.06,44.16355294112654,4.896447058873463
59.36,67.55652556070852,-8.196525560708523
18.43,39.42448941422392,-20.99448941422392
71.7,80.37238286676973,-8.672382866769723
61.61,65.19875400593335,-3.588754005933353
57.51,51.46308426473321,6.046915735266786
67.37,63.16423025350554,4.205769746494461
46.72,47.848367688513925,-1.1283676885139258
34.48,35.99902374872659,-1.519023748726596
54.64,54.693669499761945,-0.053669499761944905
70.51,67.60007199448546,2.9099280055145442
60.94,68.25941369818895,-7.319413698188953
61.09,65.51265665824873,-4.422656658248727
94.82,82.38728535819486,12.432714641805134
97.52,86.68941008243787,10.830589917562122
84.62,74.99754549514735,9.622454504852655
62.39,51.00456743113405,11.385432568865951
62.92,57.79574458613748,5.124255413862521
47.25,57.34709360699673,-10.09709360699673
57.16,61.810162362027185,-4.650162362027189
73.61,70.44103377063254,3.168966229367456
83.22,78.97072593951194,4.249274060488062
70.1,60.019797358869326,10.080202641130668
71.96,58.191757181066144,13.76824281893385
45.77,46.87878558203978,-1.1087855820397792
58.91,70.33709943445669,-11.427099434456693
52.63,55.40043117799287,-2.7704311779928688
75.27,65.77166074092382,9.498339259076175
73.88,74.35989320264727,-0.47989320264727553
65.38,55.88188049333745,9.498119506662547
51.64,55.44541523102558,-3.8054152310255773
83.36,68.38081376951843,14.979186230481574
43.73,46.22637441188354,-2.4963744118835436
48.14,49.30114102955179,-1.1611410295517928
41.21,48.89055129329151,-7.680551293291508
66.97,59.89959557704213,7.070404422957871
65.28,73.85783975461901,-8.577839754619006
77.11,69.58997326967724,7.520026730322755
73.37,57.26915761435053,16.10084238564947
84.8,77.70340091442291,7.096599085577083
63.31,61.652472342507906,1.6575276574920963
60.25,48.93127199030869,11.318728009691313
73.13,58.754290961810945,14.37570903818905
75.59,77.20098920552893,-1.6109892055289237
56.03,60.94941163813299,-4.919411638132992
57.16,55.40091527972749,1.7590847202725044
60.57,76.67660447690541,-16.10660447690541
59.89,67.09429801653935,-7.204298016539354
57.63,80.18389340232605,-22.553893402326047
90.43,84.45039569790015,5.979604302099858
82.15,76.63704190813982,5.512958091860185
53.94,52.404386760675166,1.5356132393248316
57.04,57.172071867647986,-0.13207186764798706
29.55,38.70461645222763,-9.154616452227632
77.42,84.54470111091952,-7.124701110919517
72.57,68.26117443181872,4.308825568181277
46.43,45.972180300664185,0.4578196993358148
80.28,77.14900657544983,3.1309934245501694
64.56,53.38674833443863,11.173251665561374
54.84,41.923658723390304,12.9163412766097
46.0,50.40173062203425,-4.4017306220342505
63.35,56.04244883627386,7.3075511637261386
46.24,58.00965177212285,-11.769651772122849
46.4,49.23218008947843,-2.8321800894784346
54.3,51.968295602851455,2.331704397148542
57.34,63.49998187991027,-6.159981879910269
54.0,50.24276946029268,3.7572305397073222
84.01,80.52164620848728,3.488353791512722
18.98,28.77494617157961,-9.79494617157961
59.88,62.25280723442804,-2.3728072344280378
56.95,81.3845429269045,-24.4345429269045
46.17,43.71328781585943,2.456712184140571
49.2,46.03710886917545,3.162891130824555
53.37,55.338001283203646,-1.9680012832036482
53.47,44.7610769697559,8.708923030244101
72.63,83.71136966475034,-11.08136966475034
75.36,65.6463698915892,9.713630108410797
60.14,61.554634444536,-1.4146344445359986
75.88,71.24227255612186,4.637727443878134
60.61,58.175730526145735,2.4342694738542647
83.52,75.88722083552253,7.632779164477469
52.28,52.969997724058,-0.6899977240579958
60.55,63.1788051337794,-2.6288051337794016
44.13,61.34973742775657,-17.21973742775657
68.21,64.03515869687048,4.1748413031295115
89.17,77.90849164736358,11.261508352636426
23.34,40.90873278964161,-17.56873278964161
56.78,58.50017786171881,-1.7201778617188097
40.3,54.17709176836206,-13.877091768362064
60.07,51.75580914369611,8.314190856303888
77.78,79.05616851610631,-1.2761685161063099
78.85,78.56810911016726,0.2818908898327379
56.91,53.947551601426284,2.962448398573713
66.47,62.062504114537425,4.407495885462573
75.19,63.13413576777046,12.055864232229538
71.72,78.0587226191074,-6.338722619107401
99.3,83.26698946998978,16.033010530010216
21.84,52.494734730801355,-30.654734730801355
32.05,45.91426958515513,-13.864269585155135
53.61,66.41580397782779,-12.805803977827793
59.61,57.189870422232595,2.420129577767405
35.41,36.13692982280466,-0.7269298228046637
48.52,57.317866035231106,-8.797866035231102
70.64,70.1217616524929,0.5182383475070935
67.9,83.2186224639228,-15.318622463922793
60.96,68.32625475444492,-7.366254754444917
69.24,59.482030000022235,9.75796999997776
64.77,76.15999792782569,-11.38999792782569
51.39,54.88970654538729,-3.4997065453872906
45.71,57.832141771377394,-12.122141771377393
66.91,63.379246324537874,3.5307536754621225
100.0,77.73629164899283,22.263708351007168
39.42,43.53240644316637,-4.112406443166371
76.55,69.89103016456822,6.658969835431776
80.46,87.14847705290057,-6.688477052900581
27.74,39.91261249691089,-12.17261249691089
40.97,48.98607881569834,-8.016078815698343
46.49,42.06174726331594,4.428252736684065
67.49,64.12882411256352,3.361175887436474
41.96,45.21141505008692,-3.2514150500869192
70.76,69.35594747257186,1.4040525274281492
80.17,65.30832436143542,14.861675638564577
45.67,48.36704498721156,-2.697044987211555
48.22,50.667018043512066,-2.4470180435120668
67.28,56.709015313570255,10.570984686429746
89.54,70.23871696289048,19.301283037109528
84.65,78.75592985444835,5.894070145551652
87.6,78.77148531564536,8.82851468435463
59.52,64.20197259429251,-4.68197259429251
73.14,83.32480991588372,-10.184809915883719
74.33,63.54852355609651,10.781476443903486
10.93,40.623506939056,-29.693506939056
96.68,90.83999002528837,5.840009974711634
74.37,72.92257602052055,1.4474239794794528
57.93,55.23838437453692,2.691615625463079
34.22,41.55342106372515,-7.3334210637251545
44.35,60.877767694572434,-16.527767694572432
64.01,66.08554456148464,-2.0755445614846337
58.59,54.51621687453741,4.07378312546259
57.19,57.05223666172364,0.13776333827635767
43.98,61.09637983567549,-17.116379835675495
53.51,45.41522910318684,8.09477089681316
75.85,84.40831512231787,-8.558315122317879
69.44,78.34866997321613,-8.908669973216135
59.89,68.88240373564315,-8.992403735643151
58.1,58.073282089273945,0.026717910726056004
68.09,69.8081463626417,-1.71814636264169
39.3,44.63714114398631,-5.337141143986315
56.98,59.35787470760426,-2.3778747076042634
64.79,66.67353341286154,-1.8835334128615386
88.73,82.51807493000737,6.211925069992631
51.48,63.49409229478524,-12.014092294785243
93.36,78.2732180764476,15.086781923552394
60.66,52.48428573917766,8.175714260822339
78.97,72.81863508049828,6.151364919501717
57.13,60.338241265896286,-3.208241265896284
64.7,59.468456526690616,5.231543473309387
54.83,53.49726678641567,1.3327332135843264
48.11,36.73540454307194,11.374595456928063
44.69,53.1786633535469,-8.488663353546904
37.78,54.29288603980202,-16.51288603980202
84.88,74.59243502092052,10.287564979079477
65.12,64.59873241269811,0.5212675873018924
60.42,65.24010894526583,-4.8201089452658294
52.41,46.92244017928315,5.487559820716847
67.45,64.23083443442513,3.219165565574869
74.98,59.25037688258375,15.729623117416253
61.31,51.39100204317989,9.918997956820114
100.0,94.09980950653701,5.900190493462986
63.57,68.22439940786617,-4.654399407866173
57.35,46.46571866135579,10.884281338644215
69.4,65.2814151003068,4.118584899693204
54.22,54.320558314575194,-0.1005583145751956
100.0,94.0819743590374,5.918025640962597
43.7,56.23594497840382,-12.535944978403819
63.24,72.8614454439048,-9.621445443904797
59.08,53.94384878154452,5.136151218455481
53.35,60.77852700118992,-7.42852700118992
36.4,31.556552191949706,4.843447808050293
61.3,62.00311311153674,-0.7031131115367444
100.0,87.79919416445298,12.200805835547015
71.13,67.87116562800442,3.258834371995576
21.49,30.141789054507676,-8.651789054507677
73.48,72.71323400942804,0.7667659905719688
74.26,82.05812204217756,-7.798122042177553
41.06,55.30945270484801,-14.24945270484801
55.23,44.48931560142063,10.740684398579369
52.48,50.281259771994286,2.198740228005711
36.09,53.16079475726983,-17.070794757269823
44.51,44.080943295754054,0.42905670424594433
86.01,77.67459202478214,8.335407975217862
52.58,55.82931438367127,-3.249314383671269
67.15,70.69160090776754,-3.5416009077675312
68.3,67.17635140634746,1.1236485936525327
97.81,90.6994894455737,7.110510554426298
65.21,62.76295227705093,2.4470477229490655
62.81,57.66066417437667,5.149335825623332
53.05,51.20043162832991,1.8495683716700881
49.44,55.024382547967356,-5.584382547967358
41.74,60.324109399162694,-18.584109399162692
68.89,78.26534515321322,-9.375345153213217
64.28,60.779692209852115,3.500307790147886
64.52,60.31386137285405,4.206138627145947
66.92,56.300410852697865,10.619589147302136
54.85,64.84237441325908,-9.992374413259078
59.6,58.265276403752594,1.3347235962474073
62.7,65.99522546884138,-3.2952254688413802
81.87,82.82250371029694,-0.9525037102969378
96.18,80.1524367784932,16.02756322150681
58.68,56.02528992351226,2.6547100764877385
64.4,66.86494994206278,-2.4649499420627734
96.2,84.5420701819078,11.6579298180922
58.32,58.414742093002204,-0.09474209300220338
50.64,49.85475764775175,0.7852423522482539
55.55,54.24398415543708,1.3060158445629142
81.32,84.37750581850027,-3.0575058185002746
30.53,46.52335002135387,-15.99335002135387
62.67,72.12561819158807,-9.455618191588073
55.47,60.76421236138239,-5.294212361382392
46.55,54.489200282049204,-7.939200282049207
37.85,57.060652069920145,-19.210652069920144
89.25,71.67658702342598,17.57341297657402
59.52,58.52971307038543,0.9902869296145766
52.28,59.73436265320208,-7.454362653202082
74.13,60.08986731808769,14.040132681912304
89.92,72.06721303522735,17.852786964772648
83.89,86.64947008439295,-2.7594700843929445
72.59,66.4786181803913,6.1113818196087095
77.8,80.58382133903342,-2.783821339033423
47.52,48.63920414760333,-1.1192041476033268
62.25,85.96492290532673,-23.71492290532673
65.68,59.33717224764531,6.342827752354694
42.95,55.13197753521882,-12.18197753521882
86.22,78.50963216368811,7.710367836311889
60.48,68.52533155776686,-8.045331557766865
56.57,58.72661636179666,-2.156616361796658
95.02,82.24523936686555,12.774760633134449
44.23,45.090097906317254,-0.8600979063172574
52.38,55.3477030860947,-2.9677030860946942
26.3,56.28175526488811,-29.98175526488811
35.85,47.05691593943425,-11.206915939434246
28.11,41.25374707754793,-13.143747077547928
43.38,40.74747285754451,2.632527142455494
76.45,66.1425029108662,10.307497089133804
61.5,60.4180363965688,1.0819636034311984
79.28,84.61943115349625,-5.33943115349625
73.78,57.79748110386527,15.982518896134728
44.38,43.866737075995836,0.5132629240041666
29.82,48.09250824400715,-18.27250824400715
76.63,73.53133640374722,3.098663596252777
57.63,70.05423162785144,-12.424231627851434
77.2,67.26448437859032,9.935515621409678
57.9,56.26542908953677,1.634570910463232
80.33,70.51185738994737,9.818142610052632
41.23,60.884853049968115,-19.654853049968118
39.75,37.27153333246297,2.4784666675370275
79.35,63.890296188015064,15.45970381198493
70.02,67.34959592674235,2.670404073257643
95.12,89.19991551981137,5.920084480188635
74.32,65.64710133672371,8.672898663276285
75.48,73.01009083967104,2.4699091603289673
79.27,73.7056411776655,5.564358822334498
72.29,70.76135203838192,1.5286479616180912
60.86,64.35226507445759,-3.492265074457592
63.62,55.192431464592346,8.427568535407651
82.61,80.28811833588767,2.3218816641123254
71.65,64.16530831337786,7.484691686622142
96.01,79.10722207452595,16.902777925474055
78.03,70.26720095888886,7.762799041111137
47.22,57.14577251216724,-9.925772512167242
61.61,60.38023820746408,1.2297617925359177
42.37,53.82967244955581,-11.45967244955581
52.4,47.65843202992706,4.741567970072936
81.85,75.1750792849656,6.674920715034389
46.19,49.972729762635005,-3.7827297626350074
65.32,63.4808558939928,1.8391441060071898
65.66,79.15448377463736,-13.49448377463736
72.13,59.21777234192746,12.912227658072538
72.17,70.36906344868267,1.800936551317335
76.36,65.39615405170996,10.963845948290043
64.05,52.85446521141035,11.195534788589647
100.0,87.11943749122564,12.88056250877436
51.18,58.125246803492566,-6.945246803492566
68.39,68.84080139451845,-0.45080139451845014
72.21,72.47497990109844,-0.2649799010984424
90.63,88.3527642332256,2.277235766774396
44.21,62.799957892544484,-18.589957892544483
94.18,76.1485689247227,18.03143107527731
63.41,60.90532967091861,2.504670329081385
86.16,68.41051722360099,17.749482776399006
60.25,63.48465075329611,-3.2346507532961084
90.34,73.26985619611318,17.070143803886822
51.05,58.66018756846538,-7.610187568465385
49.55,54.02436268649664,-4.47436268649664
43.06,60.165079684696806,-17.105079684696804
53.67,53.49179702352519,0.17820297647481453
88.42,77.45657077897667,10.963429221023333
62.59,44.44016845742483,18.14983154257517
66.54,66.41524746189123,0.12475253810877973
76.59,79.11304134344606,-2.523041343446053
56.77,54.54730271441496,2.222697285585042
69.19,79.97405834189281,-10.784058341892816
50.24,59.702982296556016,-9.462982296556014
32.33,35.21644788450846,-2.8864478845084633
70.5,65.17954995464676,5.32045004535324
44.03,51.65608955431197,-7.626089554311967
69.96,67.41634252010495,2.543657479895046
47.02,50.370833630138065,-3.3508336301380623
79.44,54.292347386303945,25.147652613696053
55.61,57.74941701953422,-2.1394170195342213
68.25,71.75249021768236,-3.5024902176823645
75.05,71.67462407568819,3.375375924311811
75.0,69.69064166500502,5.309358334994982
48.46,42.10621597008751,6.3537840299124895
79.9,71.29629905860361,8.603700941396397
29.49,40.69864451350343,-11.208644513503433
63.59,53.43612180834016,10.153878191659842
53.1,58.440227714030385,-5.340227714030384
46.6,48.44140601210336,-1.8414060121033557
56.23,54.363523468318185,1.866476531681812
50.82,49.34618543571506,1.4738145642849432
59.05,50.134826080267736,8.915173919732261
85.65,62.34553284431049,23.304467155689515
72.22,70.86200158714594,1.3579984128540588
64.05,56.32044269682472,7.729557303175277
62.77,75.43588185908519,-12.665881859085182
52.72,44.79130718124884,7.928692818751159
54.29,47.781687137124194,6.508312862875805
54.87,59.7028116506341,-4.832811650634099
68.19,50.35817266912515,17.831827330874845
85.73,70.06868411231166,15.661315887688346
67.59,53.07042603660576,14.519573963394244
74.36,72.17782509250021,2.1821749074997854
62.5,55.24747855827256,7.252521441727438
57.25,65.08115933709519,-7.831159337095187
51.61,62.046919851101684,-10.436919851101685
55.87,60.67109970985627,-4.801099709856274
54.86,55.34720443889426,-0.4872044388942598
73.75,53.49760048546402,20.25239951453598
89.28,74.79126756919912,14.48873243080088
66.33,57.923732859891274,8.406267140108724
52.02,49.514949313474716,2.505050686525287
80.21,77.11175804383586,3.098241956164131
53.12,50.7944170462275,2.3255829537724964
88.06,82.29386846869409,5.766131531305916
92.67,85.43672842650702,7.233271573492985
47.2,61.35613036957683,-14.156130369576829
85.7,85.89040510451075,-0.1904051045107451
43.91,45.88656424181125,-1.9765642418112535
57.92,71.14460121426404,-13.224601214264041
70.72,82.44547006548534,-11.72547006548534
65.02,69.38492769460093,-4.3649276946009365
67.32,79.09446797111897,-11.77446797111898
44.28,52.293936639624455,-8.013936639624454
58.4,57.550977011566914,0.8490229884330844
56.08,58.96508516536401,-2.8850851653640106
59.61,52.59479670426919,7.015203295730807
77.3,70.9795076067884,6.320492393211595
37.39,46.72732264664326,-9.337322646643258
65.74,61.936306743170995,3.803693256829
33.62,47.743036184598886,-14.123036184598888
40.26,41.86525764637575,-1.6052576463757546
58.63,64.05971345565358,-5.429713455653577
49.49,60.16233306223185,-10.67233306223185
70.32,69.98104940839676,0.33895059160323626
45.17,48.70194268665837,-3.5319426866583683
63.66,62.12243028329232,1.5375697167076794
69.16,59.18365340135406,9.97634659864594
56.7,50.325697354573904,6.3743026454260985
62.69,66.34683019613131,-3.6568301961313097
54.37,56.06690469535063,-1.6969046953506322
67.26,70.01848777030845,-2.7584877703084487
73.08,55.25198209428681,17.82801790571319
76.23,72.05324465183175,4.176755348168257
78.34,69.29992092620368,9.04007907379632
57.21,75.54797922869265,-18.337979228692653
58.63,61.7875454655069,-3.1575454655068995
44.16,45.4888908514141,-1.3288908514141013
65.82,59.57116329810899,6.248836701891001
53.25,73.80351478767528,-20.553514787675283
86.55,68.35422054453444,18.195779455465555
100.0,93.45257243072217,6.547427569277829
69.04,66.35617562521969,2.6838243747803148
63.07,75.2484926895574,-12.178492689557395
49.55,39.261029390191354,10.288970609808644
73.33,51.83442166968553,21.495578330314466
57.69,65.81609601302927,-8.126096013029269
68.71,68.96911797973127,-0.25911797973127193
64.47,67.12338921624159,-2.6533892162415924
56.58,61.54876937529533,-4.968769375295331
34.95,43.6488798299619,-8.698879829961896
69.9,62.69757656645534,7.202423433544666
61.27,58.73207761407683,2.5379223859231743
78.8,83.53830905959542,-4.738309059595423
71.73,67.15356750332518,4.576432496674826
41.71,51.570656630331065,-9.860656630331064
58.33,69.91859854740301,-11.58859854740301
71.32,67.66654581452934,3.6534541854706504
84.41,84.31969792862631,0.09030207137368507
47.69,43.086075586368565,4.603924413631432
74.61,61.28181984450062,13.328180155499382
67.17,65.03198972698831,2.1380102730116874
58.58,50.24748674257602,8.332513257423976
76.49,67.47723266652032,9.012767333479673
87.28,83.87538550240224,3.4046144975977626
75.76,65.85950033986084,9.900499660139161
34.32,46.65881726527821,-12.338817265278209
67.23,54.969003738958286,12.260996261041718
64.71,57.87799156222544,6.8320084377745545
53.28,60.718960069070135,-7.438960069070134
54.32,50.04804669989883,4.271953300101167
64.87,66.6338385032477,-1.7638385032476975
66.5,59.347247988013024,7.152752011986976
69.55,73.38914281025673,-3.8391428102567318
74.44,70.09974030265656,4.340259697343441
59.26,61.527598726882246,-2.267598726882248
84.52,57.87783836660463,26.642161633395368
79.41,68.06696364458767,11.343036355412323
58.71,45.31569697074271,13.394303029257294
69.1,57.2541226177933,11.845877382206695
19.68,36.2342532339734,-16.554253233973398
26.48,39.46544084302118,-12.985440843021177
46.6,52.68561119897295,-6.085611198972948
53.3,61.06224751173026,-7.762247511730266
66.67,72.11081254069983,-5.440812540699824
50.98,48.57214892501697,2.4078510749830286
71.61,64.85234997397893,6.757650026021068
73.13,83.82256181818185,-10.692561818181858
55.63,78.62604287817261,-22.99604287817261
77.83,73.4577266967002,4.372273303299792
61.09,62.63082910068344,-1.540829100683439
25.59,32.1623969532139,-6.5723969532139
91.49,81.32665203941758,10.163347960582414
64.45,59.297700347726405,5.152299652273598
56.13,55.97846469765745,0.15153530234255186
76.31,64.89109792560994,11.418902074390061
31.12,45.68402329192049,-14.564023291920488
56.21,49.685132927108384,6.524867072891617
77.73,74.93859026730495,2.791409732695058
53.82,54.3457576210461,-0.5257576210460968
50.88,46.72822248062964,4.151777519370363
64.1,76.5713963159618,-12.471396315961812
87.28,88.1672034263694,-0.8872034263693962
32.23,47.07179677612914,-14.841796776129144
48.67,49.010088410034506,-0.34008841003450385
74.87,75.4318415416293,-0.5618415416292919
91.83,86.68157376783081,5.148426232169186
96.98,80.59052648089535,16.389473519104655
46.83,49.054021994301515,-2.2240219943015163
77.52,71.49299674243724,6.027003257562754
63.76,50.62840339891893,13.131596601081071
51.06,37.0037294893532,14.056270510646804
40.16,42.33787394895443,-2.177873948954435
51.5,47.42371778277472,4.076282217225277
73.01,57.43182889503986,15.578171104960148
72.52,67.13275773966214,5.387242260337857
85.05,95.72745239871554,-10.677452398715545
78.79,72.03254247264843,6.757457527351576
71.13,73.33042141470905,-2.200421414709055
59.08,63.919224246660995,-4.839224246660997
47.39,41.30571561011249,6.084284389887507
98.28,93.8301834105669,4.449816589433098
48.24,41.52943911723145,6.710560882768554
77.54,78.32784601198308,-0.7878460119830777
83.58,62.87232751508076,20.707672484919236
53.72,53.83528088405113,-0.11528088405113124
80.45,68.75444181451917,11.695558185480834
74.66,82.07767032030068,-7.417670320300687
71.54,76.6918955836113,-5.151895583611292
50.36,56.622792924064754,-6.262792924064755
76.91,68.80325547707854,8.10674452292146
65.1,71.24097497477763,-6.1409749747776345
100.0,90.2548774399555,9.745122560044507
75.36,75.93413152252685,-0.5741315225268551
68.24,56.77852938898882,11.461470611011173
70.26,71.8668118015886,-1.6068118015885915
94.96,84.22380425445573,10.736195745544265
66.08,68.41558334814476,-2.335583348144766
74.71,66.2186320426725,8.491367957327498
69.38,63.01346950940478,6.366530490595217
49.35,65.94507558120854,-16.59507558120854
76.36,80.205741573024,-3.845741573024
50.76,69.64860254145523,-18.888602541455235
71.91,62.63190247010648,9.278097529893515
73.27,73.29496676588634,-0.024966765886347275
71.76,69.06407499648998,2.695925003510027
58.55,53.91469127057213,4.635308729427869
54.53,59.00084677325375,-4.470846773253747
85.55,80.28251031551422,5.267489684485781
63.36,60.17220590143249,3.187794098567508
55.29,51.33090969335296,3.9590903066470418
76.73,73.92469794371573,2.805302056284276
51.55,63.538454821059965,-11.988454821059968
59.66,59.999639984456856,-0.33963998445685917
58.49,50.88131099400938,7.60868900599062
76.81,62.48377079515857,14.326229204841432
66.51,69.81193049307052,-3.3019304930705147
61.77,59.13327165058866,2.6367283494113423
64.89,65.16370280992456,-0.27370280992455776
63.89,61.57093881725642,2.3190611827435816
82.87,72.19568510091706,10.674314899082944
67.43,68.17084183285249,-0.7408418328524817
48.93,66.87945138043108,-17.94945138043108
64.36,66.52917062560037,-2.1691706256003727
100.0,87.48279253979685,12.517207460203153
42.54,46.64630687655056,-4.106306876550562
48.41,37.33795192644264,11.072048073557355
95.52,91.07145213670124,4.4485478632987565
64.63,75.18956612664287,-10.559566126642878
75.55,64.19579011177949,11.35420988822051
37.23,46.62689065270679,-9.396890652706794
52.13,42.280922107944775,9.849077892055227
68.18,59.0200433465521,9.159956653447907
58.33,63.08120799533448,-4.751207995334482
53.87,60.1301583507507,-6.2601583507507
54.92,50.91950932052184,4.000490679478162
88.64,69.28907873660506,19.350921263394937
54.47,47.49189670551669,6.9781032944833115
53.38,58.54821069468979,-5.16821069468979
53.85,61.68032844340709,-7.83032844340709
37.15,47.27113590019941,-10.121135900199413
55.46,45.25290391512033,10.207096084879673
54.65,54.37383510358508,0.2761648964149188
66.47,73.71725603245085,-7.247256032450849
62.9,76.05958581239256,-13.159585812392557
55.22,67.09512914317966,-11.875129143179663
88.63,77.83351252678386,10.796487473216132
42.3,56.27271216234077,-13.97271216234077
70.24,67.87857927349404,2.361420726505955
32.73,50.012575625417355,-17.28257562541736
57.36,47.34040939687765,10.019590603122353
60.64,59.47607878181185,1.1639212181881504
79.08,75.79104310884318,3.2889568911568148
59.82,61.82309725140227,-2.0030972514022665
84.43,77.24876575214729,7.181234247852714
84.59,92.11795855219034,-7.527958552190341
95.23,94.08896979943839,1.141030200561616
94.83,79.0716419687663,15.758358031233698
47.94,57.7521679468881,-9.812167946888103
73.67,79.2306034120725,-5.560603412072496
79.3,67.96785209894608,11.332147901053915
47.07,55.88065972227889,-8.810659722278892
31.75,26.175388368008417,5.5746116319915835
69.23,55.40515783121368,13.824842168786326
62.58,51.65051391110277,10.929486088897228
70.94,75.9892444685659,-5.049244468565902
53.23,61.23213612420752,-8.002136124207524
71.97,63.773983498255504,8.196016501744495
78.34,80.45765587682082,-2.1176558768208196
67.92,63.109891387325185,4.810108612674817
79.76,58.661117778340596,21.09888222165941
74.54,65.892633777431,8.647366222569005
44.1,57.541375674051984,-13.441375674051983
62.57,67.14215166774311,-4.572151667743107
57.32,48.34383004351081,8.976169956489187
74.73,77.39607780133406,-2.6660778013340547
79.97,65.8577921791979,14.112207820802098
65.58,65.33594924652158,0.24405075347841887
68.08,57.51375828417267,10.566241715827331
78.84,67.98258720527753,10.857412794722478
49.25,46.93096232130528,2.3190376786947198
49.68,48.964259244600704,0.7157407553992954
56.61,58.526468078654666,-1.9164680786546668
71.82,78.18645364382849,-6.366453643828493
87.58,78.69649629935505,8.883503700644951
30.99,32.24380235900001,-1.2538023590000087
75.31,80.79478956296089,-5.484789562960884
32.22,44.041519283971546,-11.821519283971547
66.85,81.35937379627599,-14.509373796275995
69.93,48.62737519663213,21.302624803367877
57.84,64.38552953673779,-6.545529536737789
83.7,81.96587707297626,1.7341229270237477
34.46,49.40749920782977,-14.947499207829772
44.87,46.56497607158668,-1.6949760715866802
88.53,72.60569327301533,15.924306726984668
54.87,51.00507518606691,3.8649248139330865
80.94,72.01192920522986,8.928070794770136
92.68,82.43741610000342,10.242583899996589
81.58,75.12385142209381,6.456148577906191
64.74,83.8565619783413,-19.11656197834131
49.55,47.40337986265128,2.1466201373487195
41.42,54.013745782004776,-12.593745782004774
65.9,52.15752189367329,13.742478106326715
66.41,62.290295160480206,4.119704839519791
54.48,73.01083731266054,-18.530837312660545
43.36,41.15032707745463,2.209672922545373
64.2,60.411064805668964,3.7889351943310388
74.12,83.46896934249875,-9.348969342498748
49.58,57.138339511290255,-7.5583395112902565
66.3,70.24934728439187,-3.9493472843918767
76.36,72.77179603286204,3.5882039671379573
42.97,60.77715413509041,-17.807154135090414
33.5,48.09761747557621,-14.597617475576207
59.98,57.42159733633465,2.5584026636653476
92.92,70.51101771506626,22.408982284933742
42.9,43.11349957761896,-0.2134995776189612
70.41,64.52834742545916,5.881652574540837
50.65,68.42361091825485,-17.773610918254853
47.8,49.33817316175544,-1.538173161755445
75.87,79.05444368992832,-3.1844436899283153
51.03,57.73258309224438,-6.702583092244382
64.4,72.9020794562178,-8.5020794562178
30.67,38.20808003784678,-7.538080037846775
22.9,39.07645800996759,-16.17645800996759
46.1,50.96724936226089,-4.8672493622608854
47.21,53.48211028584636,-6.2721102858463595
50.86,48.76527549647038,2.094724503529619
68.54,55.62758974784677,12.912410252153236
52.19,37.66368444981392,14.526315550186077
81.74,75.25784054823914,6.48215945176085
91.02,83.07534263686773,7.944657363132265
85.19,79.13380424180721,6.056195758192786
56.43,60.70670542642562,-4.276705426425622
49.28,53.335269563509506,-4.055269563509505
57.84,58.26634321749897,-0.4263432174989674
73.87,73.88182045615096,-0.01182045615095717
61.39,55.04486792449245,6.34513207550755
72.46,71.42859005228247,1.0314099477175205
63.32,58.66734477785712,4.652655222142883
65.94,69.4874584542187,-3.547458454218699
81.17,83.64042621521529,-2.4704262152152836
61.19,59.72009028207466,1.46990971792534
47.65,43.70091371871648,3.9490862812835203
30.76,42.027294301569846,-11.267294301569844
70.84,74.46120160224642,-3.6212016022464155
59.79,48.13038387158024,11.659616128419756
68.38,78.55848836768862,-10.17848836768863
58.41,66.35881884815025,-7.948818848150253
77.78,55.39251938497737,22.387480615022632
61.54,66.88191961460006,-5.341919614600066
66.72,54.57504919216138,12.144950807838619
80.59,83.42568897576545,-2.83568897576545
69.67,62.90542921948501,6.764570780514994
56.69,69.7904254132016,-13.100425413201606
27.62,33.92726451257482,-6.307264512574822
53.96,46.75472933172328,7.205270668276718
69.21,57.56704727125203,11.642952728747964
32.35,52.2489292367165,-19.898929236716498
64.94,65.50504569106903,-0.5650456910690309
55.51,56.888558189481444,-1.3785581894814456
64.55,63.45104697644194,1.0989530235580602
67.32,68.36749661739853,-1.0474966173985365
57.03,69.08412546692519,-12.054125466925186
61.21,63.14786560170845,-1.9378656017084523
77.85,70.23324674238032,7.616753257619678
72.11,66.05302087084885,6.056979129151145
64.23,67.99972011338149,-3.7697201133814815
44.35,42.598099918856235,1.7519000811437664
92.64,84.87391164285287,7.766088357147126
46.39,61.42882363260325,-15.038823632603247
50.96,53.84959977143326,-2.889599771433261
42.08,43.17210870314908,-1.09210870314908
77.34,78.73253056762651,-1.3925305676265083
44.5,59.4436971823343,-14.943697182334297
47.92,46.65714062039659,1.2628593796034124
65.84,52.19684737836579,13.643152621634215
45.4,55.03162897235972,-9.63162897235972
62.8,56.74687361028961,6.0531263897103855
57.11,43.66973883465244,13.440261165347557
63.58,59.892440964615524,3.6875590353844743
69.52,65.67076029310688,3.8492397068931155
55.99,47.8084397778897,8.1815602221103
55.13,54.097362519779516,1.0326374802204867
79.53,66.76436271965252,12.765637280347477
53.37,64.64380587256322,-11.273805872563223
52.24,51.50234355480132,0.7376564451986809
70.85,75.49092196667468,-4.640921966674682
48.24,39.04638015858996,9.19361984141004
47.76,69.97604104804238,-22.216041048042378
56.89,47.38255377414153,9.507446225858473
33.02,46.19283344736164,-13.17283344736164
61.57,70.15369327475479,-8.583693274754786
67.59,68.67895755764125,-1.0889575576412511
93.42,89.68617323416727,3.733826765832731
63.4,64.85512473627115,-1.4551247362711521
60.02,70.6657583276983,-10.645758327698296
61.77,65.95959908524517,-4.18959908524517
69.96,54.548314888415376,15.411685111584617
69.77,58.14173923516406,11.628260764835936
53.49,61.34801836952319,-7.858018369523187
72.39,67.47144427371722,4.918555726282776
71.57,52.13378500134564,19.43621499865435
72.48,62.98226617444695,9.497733825553055
30.91,45.44674098832314,-14.536740988323142
81.66,69.7325944177938,11.927405582206191
66.09,67.84430867380678,-1.7543086738067757
86.81,80.94540233891462,5.864597661085384
60.85,56.60942635067389,4.240573649326109
64.94,59.98819876467174,4.951801235328254
65.64,76.76759566821029,-11.12759566821029
51.14,61.48964967315754,-10.349649673157536
63.52,66.19338579810685,-2.6733857981068425
72.52,64.41043791005367,8.109562089946323
65.63,84.97300821630787,-19.34300821630788
61.37,63.08404189057078,-1.7140418905707833
35.44,47.165906849199395,-11.725906849199397
41.31,44.37192969480377,-3.0619296948037658
71.51,77.084144442427,-5.574144442426999
64.75,52.97230584709524,11.777694152904758
70.99,74.25584448635897,-3.265844486358972
47.92,54.060153813437765,-6.140153813437763
35.75,57.81377942742596,-22.063779427425963
50.01,45.57253004641737,4.437469953582628
57.07,61.06001448544777,-3.990014485447773
33.56,44.35189887345165,-10.79189887345165
100.0,80.6412391206494,19.358760879350598
64.06,62.58278968947986,1.4772103105201424
41.57,38.52724090223376,3.0427590977662433
37.99,39.220920408937474,-1.2309204089374717
70.24,66.19978372620443,4.040216273795565
82.4,74.37718843423006,8.022811565769942
56.92,67.60496793759505,-10.684967937595047
60.04,71.70829395713143,-11.668293957131432
35.55,39.586978691189834,-4.036978691189837
89.18,78.06208670743015,11.117913292569853
36.69,43.922356779566485,-7.232356779566487
49.92,56.1676983438029,-6.247698343802895
53.94,65.3328763057355,-11.392876305735498
49.96,50.16593731554688,-0.20593731554687622
70.36,71.60699392559242,-1.2469939255924203
53.31,49.34320929532062,3.966790704679383
70.47,64.30717620249125,6.16282379750875
81.78,70.06780655218245,11.712193447817555
68.19,55.9534497910684,12.236550208931597
93.6,71.61190784540901,21.988092154590987
66.65,59.99281494168766,6.6571850583123435
45.07,53.0040098425954,-7.934009842595401
46.19,59.23591789319995,-13.045917893199949
90.5,81.08236755220092,9.417632447799079
56.86,53.92635174858662,2.9336482514133806
44.92,54.11214987852628,-9.19214987852628
48.86,52.77045369713422,-3.9104536971342228
73.7,73.86061322423005,-0.16061322423004754
54.07,52.76591757335798,1.3040824266420188
73.02,68.83121287383145,4.188787126168549
74.74,74.24824434777777,0.49175565222222417
90.42,86.81326293727541,3.6067370627245907
54.42,50.52805736183433,3.8919426381656734
41.99,50.82853666996185,-8.838536669961847
53.84,58.450764097433165,-4.610764097433162
75.65,66.17441456959699,9.475585430403015
77.55,63.90216593291039,13.647834067089605
59.84,57.07452755246492,2.765472447535082
75.69,81.33951653236491,-5.649516532364913
49.91,50.83856170242822,-0.928561702428226
89.64,74.73588410030501,14.904115899694986
80.67,69.17999926921904,11.490000730780963
67.59,75.29065004497188,-7.70065004497188
68.39,66.8812098698425,1.5087901301575073
63.92,68.44034497075248,-4.520344970752475
62.5,52.54247760189016,9.957522398109838
55.62,64.99951052406382,-9.379510524063825
45.79,50.77822237804032,-4.988222378040319
75.78,67.59894742110782,8.181052578892178
42.51,61.924205408159736,-19.414205408159738
78.97,71.82593900107474,7.144060998925255
65.98,56.991625468078496,8.988374531921508
33.81,44.53398975375176,-10.72398975375176
95.55,84.48019085349505,11.069809146504952
67.04,58.615767193433726,8.42423280656628
64.6,59.09984229822079,5.500157701779202
64.32,60.874806446135615,3.445193553864378
59.57,43.411710932720425,16.158289067279576
78.39,52.590542694035896,25.799457305964104
79.15,77.84571042773082,1.3042895722691839
59.92,61.895846521462644,-1.9758465214626426
59.17,44.81690890101936,14.353091098980642
47.35,53.48326337158274,-6.133263371582736
100.0,89.12068845810134,10.879311541898659
43.79,37.072155462069716,6.717844537930283
71.33,63.02232057585162,8.307679424148375
59.32,75.52518936447645,-16.205189364476446
73.22,61.313461902409585,11.906538097590413
65.82,65.20782158126599,0.612178418734004
57.01,69.8686633703814,-12.8586633703814
73.79,72.28830128297197,1.5016987170280345
40.7,41.53821648534713,-0.8382164853471252
47.32,51.48709474608212,-4.167094746082121
77.81,65.23589482646285,12.574105173537149
60.27,55.66628544217003,4.603714557829974
65.77,68.86160894035453,-3.091608940354533
76.67,81.5756920266678,-4.9056920266677935
100.0,84.30164451631637,15.698355483683628
79.5,77.16971086816466,2.330289131835343
78.55,73.16203438355662,5.387965616443381
76.63,71.02380355259001,5.606196447409985
62.86,66.35999966757174,-3.4999996675717426
69.23,65.04573286507586,4.184267134924141
51.71,57.4792708982323,-5.7692708982323
72.48,79.57444338728592,-7.094443387285921
57.92,63.542824326794,-5.622824326793996
43.55,50.599259838309415,-7.049259838309418
66.41,56.80115614045268,9.608843859547314
46.55,57.17859620057954,-10.628596200579544
50.76,62.8360452425334,-12.076045242533404
64.36,57.77047586466973,6.589524135330272
70.93,67.88724715171163,3.042752848288373
51.72,63.07912742287779,-11.35912742287779
70.92,77.92010708452042,-7.0001070845204225
55.82,57.834833465719356,-2.014833465719356
63.71,69.51434917791072,-5.804349177910716
60.64,58.421547803506016,2.2184521964939847
60.06,59.598338877191395,0.46166112280860716
56.07,50.95117489577328,5.1188251042267225
43.95,49.46128628805113,-5.511286288051124
62.4,73.69213889635803,-11.292138896358033
62.37,62.70645902118052,-0.3364590211805236
66.2,61.461679307808964,4.738320692191039
76.62,86.10330684253331,-9.48330684253331
42.91,61.53485953411843,-18.624859534118436
72.54,81.56835192675108,-9.028351926751071
43.23,55.03434324866898,-11.804343248668985
54.28,54.02522431718373,0.2547756828162733
77.25,74.77164732595945,2.4783526740405506
49.95,59.677648190829174,-9.727648190829171
38.23,38.55074945742557,-0.3207494574255705
43.25,40.05460690713527,3.1953930928647267
87.55,81.90368184721298,5.646318152787018
54.24,41.12421153253963,13.11578846746037
82.66,67.39790754096697,15.262092459033028
72.52,61.29833161738319,11.221668382616805
46.95,48.84359779920305,-1.8935977992030502
29.79,38.26706504726253,-8.477065047262528
66.88,74.83296284971786,-7.9529628497178635
71.46,73.49318106210127,-2.033181062101278
85.35,76.62691914716098,8.723080852839018
74.84,80.96681581962184,-6.126815819621839
66.71,64.56010924755206,2.1498907524479307
54.51,65.61349019025025,-11.103490190250248
63.92,48.16539135174046,15.754608648259541
35.16,41.90956624761842,-6.749566247618425
34.76,61.78035099453555,-27.020350994535555
99.36,86.69016701582778,12.669832984172217
25.58,43.02534350276159,-17.445343502761588
80.36,65.46317633770967,14.89682366229033
55.5,53.711355399055385,1.7886446009446146
88.12,82.93143823907504,5.188561760924969
60.15,63.53948992782147,-3.3894899278214723
67.89,49.94944977281087,17.940550227189128
81.36,84.13879552939169,-2.7787955293916866
45.31,48.16001262892842,-2.8500126289284182
44.87,68.41531092991667,-23.545310929916674
72.38,64.31946550027868,8.060534499721314
40.24,63.28917876696976,-23.04917876696976
65.3,64.44565602390827,0.8543439760917266
45.34,47.75394581997106,-2.4139458199710546
92.86,73.92528140831584,18.93471859168416
52.47,55.2091095339689,-2.7391095339689002
61.46,64.6126747695832,-3.152674769583193
67.89,81.78223151080115,-13.892231510801153
92.56,78.38834622260762,14.171653777392379
56.23,54.70429964054482,1.525700359455179
75.98,80.30036871177063,-4.320368711770627
50.15,44.95260634892398,5.19739365107602
78.67,66.976916391524,11.693083608476002
71.19,77.90999676742797,-6.719996767427972
69.24,67.25469627115388,1.9853037288461195
65.43,68.95218941820659,-3.5221894182065796
89.31,83.58117859093805,5.7288214090619505
68.87,61.11960183532452,7.750398164675488
64.89,69.83348916968318,-4.9434891696831755
60.71,61.84250671991171,-1.13250671991171
82.03,84.17713519311386,-2.1471351931138543
49.11,59.17598702535803,-10.065987025358034
94.62,74.02916948217846,20.590830517821544
52.39,61.48242422719104,-9.092424227191039
48.95,57.976206797813255,-9.026206797813252
77.74,59.085396232819086,18.65460376718091
62.24,58.424872097647146,3.815127902352856
64.97,59.1308801776885,5.8391198223114955
63.51,77.1029601399371,-13.592960139937098
81.35,68.61938619895317,12.730613801046829
68.1,68.42620302429619,-0.3262030242961913
66.21,71.4763138824717,-5.266313882471707
38.25,51.45978116575518,-13.209781165755182
75.13,68.61576296765982,6.514237032340176
67.04,53.00213144448321,14.037868555516795
72.93,59.87023130060348,13.059768699396528
43.42,53.59093230882275,-10.17093230882275
69.8,53.361957703777215,16.438042296222783
63.23,63.81720515304346,-0.5872051530434632
59.83,79.78253297208458,-19.952532972084583
68.41,54.67752296218574,13.732477037814256
74.05,49.33452208290106,24.715477917098937
60.87,52.93704414632764,7.932955853672354
86.02,73.76026441063541,12.259735589364581
57.88,54.884428795561625,2.9955712044383773
60.92,50.622720161932804,10.297279838067197
83.57,76.21738479538946,7.3526152046105295
41.12,50.74444437321397,-9.624444373213976
56.62,61.27334074656451,-4.65334074656451
80.59,79.89458146718698,0.6954185328130222
82.44,75.57936700403312,6.860632995966881
95.51,82.61061923185058,12.899380768149427
85.88,96.00111540204986,-10.121115402049867
67.02,78.48821593807861,-11.468215938078615
73.93,81.21496476202327,-7.2849647620232645
67.79,65.36198732856914,2.4280126714308636
47.37,49.387614215496974,-2.0176142154969767
46.63,47.85590223930386,-1.2259022393038563
42.7,50.71171375946852,-8.01171375946852
61.73,59.81015996980813,1.9198400301918639
70.23,54.93923662244689,15.290763377553112
66.16,65.6027875140153,0.5572124859846923
46.53,50.912702955076874,-4.382702955076873
39.63,44.0428974088418,-4.4128974088418005
56.66,65.00771298864755,-8.347712988647558
85.24,76.98258927800586,8.257410721994134
62.17,68.93734394498165,-6.767343944981647
87.88,66.79988359270179,21.080116407298206
43.72,66.41808971878821,-22.69808971878821
85.8,84.79854396826363,1.0014560317363674
74.19,73.82161648396274,0.3683835160372553
52.86,70.56332551826031,-17.703325518260314
100.0,76.90295381382904,23.097046186170957
54.66,62.63882218342399,-7.978822183423993
81.15,84.87158802478854,-3.721588024788531
41.29,37.60722356752609,3.682776432473908
71.8,57.965412563609334,13.834587436390663
68.91,60.77667502829684,8.133324971703153
34.09,36.651476947463195,-2.5614769474631913
32.87,50.47172097344069,-17.601720973440692
78.28,76.55480347962552,1.7251965203744817
50.83,63.31267206012355,-12.482672060123555
62.98,56.753911869966124,6.226088130033872
84.54,79.7166203930492,4.823379606950809
40.46,53.85676316014699,-13.396763160146989
45.36,49.52911547146695,-4.169115471466952
67.66,66.00987662175986,1.6501233782401385
57.65,47.970909389350396,9.679090610649602
61.62,59.47877531055829,2.1412246894417066
78.23,78.54980284554937,-0.31980284554936134
94.57,81.81298977895284,12.757010221047153
62.32,55.76364073943285,6.556359260567149
50.25,41.41236287747917,8.837637122520832
39.8,49.43733558488809,-9.637335584888092
67.59,70.93508660063486,-3.3450866006348576
71.47,76.51867231874193,-5.048672318741936
53.28,54.03692055122689,-0.7569205512268908
91.41,74.11662306469572,17.29337693530428
46.47,52.977985440364726,-6.5079854403647275
82.33,84.7511680021154,-2.421168002115408
40.82,38.78390049520052,2.0360995047994805
54.28,54.20551050601074,0.07448949398926175
39.18,47.18319819026855,-8.003198190268549
47.5,53.54282822185749,-6.042828221857491
89.74,71.826508222175,17.913491777825
73.01,71.34041537028358,1.6695846297164252
60.23,61.65612764215169,-1.426127642151691
54.45,56.10998816092222,-1.659988160922218
62.82,62.09305255026383,0.7269474497361728
57.87,62.49443659161829,-4.6244365916182915
75.9,74.95117805473042,0.9488219452695859
63.94,55.14131022837503,8.798689771624964
67.14,60.49104603415335,6.648953965846651
51.81,58.55062504782312,-6.740625047823116
64.74,66.89851031984787,-2.1585103198478777
64.47,68.01917521124987,-3.5491752112498745
48.13,55.29966756287734,-7.169667562877336
65.59,62.900705191343235,2.6892948086567685
89.3,79.99414539372545,9.30585460627455
75.03,73.11113590337567,1.9188640966243327
59.38,58.36662183227248,1.0133781677275238
67.43,54.825442478526355,12.604557521473652
41.26,55.78891915363377,-14.528919153633773
68.75,73.19017387225486,-4.44017387225486
37.01,40.597597348881294,-3.587597348881296
61.81,44.49392253680187,17.316077463198134
5.19,28.09772928122034,-22.907729281220337
67.22,63.2753047282436,3.9446952717564017
72.37,58.75868881029493,13.611311189705077
82.29,75.83788949776574,6.452110502234262
63.25,46.41374464451053,16.83625535548947
46.74,51.147133332820225,-4.407133332820223
61.87,64.36964719820187,-2.4996471982018775
57.96,56.44860472387211,1.5113952761278924
82.63,88.56237369751916,-5.932373697519168
56.9,41.04608624693369,15.853913753066308
36.42,41.305788454059105,-4.885788454059103
68.96,61.08317888279979,7.876821117200201
67.57,66.91877953359577,0.6512204664042258
62.7,65.03401885945036,-2.334018859450353
71.95,48.656106944155496,23.293893055844507
81.83,84.90063904649544,-3.070639046495444
46.6,50.374745824383865,-3.7747458243838636
57.94,57.81644472938811,0.12355527061188809
54.89,53.51579293441349,1.3742070655865106
44.02,38.60826025500247,5.411739744997533
63.76,55.950589418612395,7.809410581387603
42.13,51.66522420413689,-9.535224204136888
73.59,70.45905666330277,3.1309433366972286
76.6,53.06015396619803,23.539846033801965
65.59,71.8226950480419,-6.23269504804189
100.0,91.44598362311845,8.554016376881549
81.23,80.78094801538676,0.4490519846132486
100.0,90.51675771416743,9.483242285832574
71.6,66.05104087434194,5.548959125658058
92.97,81.12048483165498,11.849515168345022
69.68,55.7125629336079,13.967437066392108
69.7,74.89872415773559,-5.198724157735583
52.8,48.648391168783846,4.151608831216151
72.83,77.12928773836339,-4.29928773836339
67.23,58.75181697518177,8.478183024818236
49.76,53.04804209782757,-3.288042097827571
75.29,71.18763621339998,4.102363786600023
71.43,82.03288031150718,-10.602880311507178
68.26,78.19048139415632,-9.930481394156317
55.35,43.49992596676765,11.850074033232353
82.72,82.01996989658186,0.7000301034181433
69.05,68.09377455614333,0.9562254438566669
79.33,69.43703079656102,9.89296920343898
74.11,71.0747880393918,3.035211960608194
36.71,59.97647835730334,-23.266478357303342
73.43,78.35588414762181,-4.925884147621801
67.99,54.45168821212868,13.538311787871315
80.05,78.28524403771608,1.764755962283914
75.32,71.41591160095525,3.9040883990447384
30.3,44.85103544707223,-14.551035447072227
70.97,64.87559719455358,6.094402805446421
75.29,74.65539328168506,0.6346067183149415
61.2,58.80958322223444,2.390416777765566
69.2,68.6985448412036,0.5014551587964036
58.75,51.6508879128248,7.0991120871752
75.19,68.7638820095681,6.426117990431891
79.26,72.29446082444102,6.9655391755589875
41.05,53.609692577675595,-12.559692577675598
84.17,76.16524323812945,8.004756761870553
75.06,77.85408015852582,-2.7940801585258157
50.01,62.205573584405116,-12.195573584405118
26.48,36.45470227738479,-9.97470227738479
85.84,69.07142232485326,16.768577675146744
53.71,55.08754567108319,-1.3775456710831904
67.9,74.22087661277075,-6.320876612770746
49.5,48.9297090534156,0.5702909465844002
74.32,73.73281671500355,0.587183284996442
38.14,45.66549129405244,-7.525491294052436
35.3,31.03322040645727,4.266779593542726
60.07,68.93341701733452,-8.86341701733452
55.87,69.63466259011896,-13.764662590118967
39.35,32.79236415043622,6.5576358495637805
60.05,59.097634848572184,0.9523651514278129
66.89,48.17239885047367,18.71760114952633
60.03,61.94389217105381,-1.91389217105381
37.13,34.26306279127978,2.8669372087202234
87.39,85.52592483983305,1.8640751601669479
61.73,63.945319649991696,-2.2153196499916987
56.57,59.69525728729492,-3.1252572872949216
73.69,62.688277646969965,11.001722353030033
11.93,29.48239135773176,-17.55239135773176
84.68,72.7005115073603,11.979488492639703
75.22,68.9398488244828,6.280151175517204
25.21,38.48775044123492,-13.277750441234922
49.09,48.66522738132056,0.42477261867944094
52.04,55.779164040405405,-3.739164040405406
63.89,68.35544487433582,-4.465444874335816
78.7,83.88658235579565,-5.18658235579565
57.55,55.58827771773247,1.9617222822675302
29.39,33.68430394850633,-4.294303948506332
56.9,56.655647711007155,0.24435228899284311
45.2,51.78445082889014,-6.584450828890134
54.4,50.54199922458142,3.8580007754185814
58.22,61.51841018006265,-3.2984101800626533
74.85,54.163062213894996,20.686937786105
68.93,76.20985313790251,-7.279853137902506
56.39,62.971917916505795,-6.581917916505795
29.66,35.652487841249545,-5.992487841249545
75.52,82.34100422692103,-6.821004226921033
80.34,75.661599805621,4.678400194379009
52.36,48.881145342752404,3.478854657247595
74.22,64.49797269306838,9.722027306931622
92.73,68.41893081205636,24.311069187943644
67.92,64.69254199830769,3.2274580016923125
58.79,64.98151667239587,-6.191516672395871
68.34,69.08743777325026,-0.7474377732502546
44.77,64.8317229548565,-20.0617229548565
68.62,60.36770545580865,8.252294544191358
75.13,67.32994928725508,7.80005071274492
55.05,70.33056006274929,-15.280560062749288
80.38,86.18682209255523,-5.806822092555237
53.8,55.790516331934285,-1.9905163319342876
53.5,47.7032440171255,5.796755982874501
89.38,86.74947297822287,2.6305270217771266
76.43,78.91100470787153,-2.48100470787152
54.73,45.440450015465466,9.289549984534531
61.21,63.85289798598501,-2.642897985985009
47.37,54.04974804464959,-6.6797480446495925
53.79,53.78337563689885,0.0066243631011460025
77.87,85.25955752306112,-7.389557523061114
25.53,51.782652800454976,-26.252652800454975
66.16,63.85660948002749,2.3033905199725098
73.49,72.66071303700889,0.8292869629911053
62.56,56.34791441208521,6.2120855879147925
68.97,78.4150814708274,-9.445081470827404
51.38,60.070086564983384,-8.690086564983382
68.11,61.68602507406202,6.423974925937976
79.68,68.76552893284044,10.914471067159567
65.78,68.67198929445533,-2.8919892944553283
46.92,50.61991989790932,-3.699919897909318
76.14,73.41132585430975,2.728674145690249
34.83,38.47046515352014,-3.6404651535201396
37.27,46.794584853931525,-9.524584853931522
56.31,63.23821539395907,-6.928215393959064
49.69,46.73683118593866,2.9531688140613355
42.29,34.29068578125683,7.999314218743166
53.62,67.06665460907502,-13.446654609075019
43.56,38.99422639898662,4.565773601013383
69.67,70.68303385077981,-1.0130338507798058
66.66,67.46476380937021,-0.8047638093702147
60.5,63.00102523191439,-2.50102523191439
61.38,48.1096301058662,13.2703698941338
57.42,62.06903888029082,-4.649038880290817
55.04,64.71076561660492,-9.670765616604918
74.07,77.73180954144586,-3.6618095414458622
51.14,44.104707692982494,7.035292307017507
41.36,47.33964754364971,-5.979647543649712
78.25,66.51604700623832,11.733952993761676
86.95,59.04283663393059,27.907163366069412
82.55,69.08221245451561,13.467787545484384
73.14,64.57033942164333,8.569660578356675
59.05,48.28467935289786,10.765320647102136
72.09,76.65119601718301,-4.561196017183008
68.52,76.37048369568308,-7.8504836956830815
56.88,49.98807458178681,6.891925418213191
76.9,82.73502427905181,-5.835024279051808
66.18,53.55273692534678,12.627263074653229
70.38,59.98282491324078,10.397175086759212
49.54,58.24731908259692,-8.707319082596918
84.38,78.06410005064792,6.315899949352072
42.69,58.25302128096188,-15.563021280961884
92.3,65.4700258525498,26.8299741474502
56.94,35.45006106355413,21.489938936445867
66.69,63.33272712875573,3.3572728712442697
66.14,64.83354994426148,1.306450055738523
55.17,68.73566519421158,-13.565665194211576
25.91,29.886908437674737,-3.9769084376747372
57.51,54.99177225863433,2.5182277413656706
53.89,45.66360529430193,8.22639470569807
77.67,61.5838849079144,16.0861150920856
50.18,46.98618907601377,3.193810923986227
76.21,63.73946088562764,12.47053911437235
51.55,62.741411444704,-11.191411444704002
55.51,56.171458937325596,-0.6614589373255981
59.21,72.00862052278431,-12.798620522784312
52.72,54.52332300518437,-1.8033230051843745
57.37,65.89813277548426,-8.52813277548426
65.08,58.221446854319765,6.858553145680233
47.63,57.026513385092265,-9.396513385092263
79.04,68.74197281119409,10.298027188805918
52.78,63.6628760657104,-10.882876065710398
50.3,51.953620413501035,-1.653620413501038
68.24,66.99119543087215,1.2488045691278415
96.19,88.33378327105035,7.856216728949647
42.06,47.61029568441733,-5.550295684417328
68.72,74.93301121512945,-6.213011215129455
75.19,67.32160130873746,7.868398691262541
66.82,60.61630704305815,6.203692956941843
74.57,76.54105763256952,-1.9710576325695257
45.63,51.301129363855054,-5.6711293638550515
59.49,58.830894923706,0.6591050762940043
81.12,85.97146175574073,-4.851461755740729
67.91,62.735485202683314,5.174514797316682
64.75,58.63507009931541,6.1149299006845865
64.59,57.68557526168203,6.904424738317971
62.49,59.59794871648723,2.892051283512771
100.0,82.53808892407393,17.461911075926068
64.21,59.67583641003239,4.534163589967605
66.45,56.972988623818715,9.477011376181288
57.72,62.14460324632754,-4.424603246327543
62.96,59.6778196913336,3.2821803086663977
62.5,68.74840978394131,-6.248409783941312
85.37,79.279624223317,6.090375776683004
56.02,68.14589408421045,-12.12589408421045
47.65,54.13154119292587,-6.481541192925874
72.28,73.92409809527105,-1.6440980952710476
54.64,60.961619890011306,-6.321619890011306
32.09,56.94304696904715,-24.85304696904715
80.85,74.86183677105265,5.988163228947343
23.06,26.110628399564526,-3.050628399564527
71.89,83.53185322168245,-11.641853221682453
95.16,90.20942967196949,4.9505703280305084
18.54,35.82877670285296,-17.288776702852964
48.43,37.28706545880734,11.142934541192659
74.73,72.0419362466981,2.688063753301904
53.87,62.891192814458016,-9.021192814458018
68.9,67.00689945980484,1.8931005401951637
34.06,44.8113885792421,-10.751388579242096
69.58,64.04263925786677,5.537360742133231
54.7,66.19079171385602,-11.490791713856012
79.78,70.31155885697656,9.46844114302344
65.28,54.92852114938931,10.35147885061069
55.25,54.90251252133483,0.3474874786651725
67.37,59.740000393835686,7.6299996061643185
46.01,51.3146875261928,-5.304687526192801
71.43,77.76676761535388,-6.336767615353878
57.12,66.33486919866836,-9.21486919866836
53.27,43.54506960216393,9.724930397836076
89.05,79.9158432780997,9.134156721900297
76.07,64.89149428112454,11.178505718875456
41.43,40.70994577381315,0.7200542261868463
53.63,58.666012460880054,-5.036012460880052
46.16,44.53564708424687,1.6243529157531285
58.39,57.237207355766635,1.1527926442333651
50.62,53.9675900619913,-3.347590061991305
49.79,49.97004399833677,-0.18004399833677098
58.51,60.75098079671162,-2.240980796711625
37.48,48.543231982508715,-11.063231982508718
62.67,65.62197946403879,-2.9519794640387857
21.72,41.115628790623774,-19.395628790623775
66.73,47.813281933324845,18.91671806667516
59.98,47.54514978576978,12.434850214230217
48.27,59.40359288487368,-11.133592884873678
40.8,39.88878494676083,0.9112150532391681
54.1,74.6882711011595,-20.5882711011595
66.98,70.37955772487464,-3.39955772487464
86.97,91.22896427551423,-4.258964275514231
58.46,58.350890201277835,0.10910979872216586
32.91,40.744506643623225,-7.834506643623229
35.63,41.80570244904292,-6.175702449042916
69.25,62.88533860148194,6.364661398518059
75.91,71.63809919066988,4.27190080933012
28.72,46.887510507782906,-18.167510507782907
53.81,67.92298194319828,-14.112981943198278
48.48,45.75097935563384,2.729020644366159
63.57,66.46251832464138,-2.8925183246413795
73.5,63.08981927197594,10.41018072802406
71.54,69.04353514759931,2.496464852400692
100.0,80.95060032040303,19.049399679596974
71.46,65.11083352257776,6.34916647742223
43.95,49.15316396647853,-5.203163966478527
99.47,83.39178167547226,16.07821832452774
81.52,74.64537966052099,6.874620339479009
56.97,54.718511887585024,2.2514881124149753
66.51,54.44126787867249,12.068732121327514
63.13,74.46403596546928,-11.334035965469276
42.14,58.66387727164591,-16.523877271645908
81.35,73.5099019420664,7.840098057933588
36.21,61.180208001216144,-24.970208001216143
52.14,52.7234397624024,-0.5834397624023993
100.0,84.02783816450835,15.972161835491647
60.74,59.54109954819944,1.1989004518005615
75.42,64.38234614474698,11.037653855253026
57.81,61.80929067147342,-3.9992906714734175
46.01,49.83501131905409,-3.8250113190540915
55.5,50.493461872803486,5.006538127196514
59.96,61.2837561246237,-1.3237561246236993
67.52,60.29947053957081,7.220529460429184
62.28,58.81781720589158,3.462182794108422
47.02,59.02262547720058,-12.002625477200574
16.68,36.128924320564664,-19.448924320564664
62.17,62.85584238988572,-0.6858423898857211
33.22,45.888716542034274,-12.668716542034275
49.2,43.393963492583985,5.806036507416017
61.41,67.38670600142369,-5.976706001423693
60.6,59.151200786327344,1.4487992136726575
49.25,69.4741589915006,-20.2241589915006
86.36,79.24449396507508,7.11550603492492
48.31,63.58439832925912,-15.274398329259121
69.76,62.55881164010971,7.2011883598902955
52.43,61.7494574527528,-9.3194574527528
63.91,63.34189973055948,0.5681002694405137
55.44,58.01714144827894,-2.577141448278944
46.32,57.3885204629661,-11.068520462966099
58.17,63.789658940832396,-5.6196589408323945
80.76,57.77713971084359,22.982860289156413
63.48,77.6414594333842,-14.161459433384202
52.61,51.69563254209006,0.9143674579099397
37.95,40.178199911084334,-2.2281999110843316
48.54,51.49583447558023,-2.9558344755802324
68.93,78.56879741043589,-9.638797410435885
70.94,74.84705780719605,-3.907057807196054
58.86,69.92931113129085,-11.069311131290846
52.41,59.3254352976084,-6.915435297608404
51.69,66.78184874202799,-15.091848742027992
76.12,77.26804393462704,-1.1480439346270401
79.37,70.5626499523153,8.807350047684707
41.83,49.83643064571026,-8.00643064571026
65.63,76.97024414882559,-11.34024414882559
56.09,52.86529451493918,3.2247054850608237
58.77,51.14572113102521,7.624278868974791
38.18,45.54133830821619,-7.36133830821619
46.77,60.718997075409575,-13.948997075409572
79.26,65.17456564799473,14.08543435200528
50.75,37.71748232069301,13.032517679306991
75.77,64.97208148550067,10.79791851449933
62.23,51.97025386326433,10.259746136735664
47.67,54.684020255365326,-7.014020255365324
47.47,48.08338563833471,-0.6133856383347123
73.9,63.28106433288318,10.618935667116823
50.79,60.570248015482186,-9.780248015482186
35.24,54.266410898501356,-19.026410898501354
78.37,76.68297250927623,1.6870274907237786
66.04,62.35340112976635,3.6865988702336594
35.68,40.82956245584538,-5.149562455845377
51.02,67.38909771563569,-16.369097715635682
78.51,65.66546641385122,12.844533586148785
92.73,75.70748325335853,17.02251674664147
38.78,44.693927737651165,-5.913927737651164
62.24,55.37246382708445,6.86753617291555
81.08,77.865491457492,3.2145085425079998
83.92,75.85822682448666,8.061773175513338
77.53,72.72109387991611,4.80890612008389
72.91,57.04181206372961,15.868187936270388
47.8,54.47459965371755,-6.67459965371755
33.67,50.71945548694818,-17.049455486948176
63.07,64.33138914165347,-1.2613891416534742
60.92,59.32285889757629,1.5971411024237128
63.51,65.57432563520037,-2.064325635200369
54.02,52.28348541239112,1.7365145876088803
60.73,54.95373249557039,5.776267504429605
58.7,65.92260228312372,-7.22260228312372
53.47,53.50994777126808,-0.03994777126808202
43.43,49.042692502273475,-5.612692502273475
54.25,56.355907763029876,-2.105907763029876
66.61,59.641281206813616,6.968718793186383
91.34,79.96877988798745,11.371220112012551
83.91,81.42443627209266,2.4855637279073335
72.35,67.93859523845097,4.411404761549022
62.73,59.61406186720291,3.1159381327970834
51.66,53.06226163522605,-1.4022616352260542
19.28,33.16295947868641,-13.88295947868641
36.6,44.499731863225016,-7.899731863225014
61.37,60.43356630563066,0.9364336943693345
49.18,55.72165032017245,-6.541650320172451
31.67,49.04045653253919,-17.370456532539187
41.32,54.6445967896545,-13.3245967896545
90.96,75.7947587352718,15.165241264728195
65.8,56.441194263855664,9.358805736144333
49.04,45.92509131808916,3.1149086819108405
47.91,66.3408342119703,-18.430834211970307
60.33,57.49901700721168,2.8309829927883214
89.69,84.74282736891873,4.947172631081273
34.32,34.51763212088819,-0.19763212088818705
58.69,55.592488754815186,3.097511245184812
72.97,59.42322006017931,13.546779939820688
42.52,50.49481800071473,-7.974818000714727
75.65,67.60017584803236,8.049824151967641
55.93,49.41623321150637,6.513766788493626
37.17,44.49315890559152,-7.323158905591519
53.49,59.91952221938514,-6.4295222193851345
52.79,42.23778375777646,10.552216242223537
31.78,44.6009718454683,-12.8209718454683
69.98,78.36274861420814,-8.38274861420814
64.37,66.46665214806922,-2.096652148069211
50.82,51.78710214018963,-0.9671021401896311
67.57,58.505070941802146,9.064929058197848
41.78,43.57505612812226,-1.795056128122262
67.02,68.48913936145227,-1.469139361452278
56.56,65.83708182413724,-9.277081824137241
65.08,77.25638237556937,-12.176382375569375
60.57,61.87346732331582,-1.3034673233158216
68.32,52.88172511496318,15.438274885036812
58.52,64.51384749929709,-5.9938474992970825
86.13,82.3910772980637,3.738922701936289
77.33,68.75871254402198,8.571287455978023
42.21,38.97004596102554,3.23995403897446
67.68,58.363073758194865,9.316926241805142
68.77,71.30737570584166,-2.5373757058416686
87.35,83.96486405451019,3.3851359454898073
56.95,61.022265615783525,-4.072265615783522
71.81,72.07038316456111,-0.2603831645611052
43.54,51.76753923164957,-8.227539231649573
56.65,75.77970358082078,-19.12970358082078
48.74,58.054353786467296,-9.314353786467294
67.58,66.08366461381085,1.4963353861891449
51.75,44.548853874512204,7.201146125487796
51.45,50.775156954860826,0.6748430451391769
96.37,71.90711602307225,24.462883976927756
46.26,60.66802460133612,-14.408024601336123
60.42,50.427860592187486,9.992139407812516
42.66,58.878979876752204,-16.218979876752208
56.07,55.805080431294876,0.2649195687051247
42.36,29.656354817749715,12.703645182250284
64.78,71.45714863642873,-6.677148636428726
77.15,76.14494378676973,1.0050562132302758
46.31,56.97354941956194,-10.663549419561939
41.37,52.718298229091914,-11.348298229091917
63.23,68.41227232456129,-5.182272324561289
61.98,60.65557930129485,1.324420698705147
74.77,69.76791080978822,5.002089190211777
58.19,55.18346333274303,3.0065366672569667
45.69,55.66622229141892,-9.976222291418921
68.9,61.54537784006074,7.354622159939268
56.76,52.06613665450381,4.69386334549619
61.59,63.378639655300034,-1.788639655300031
51.24,50.16011751099825,1.0798824890017542
74.77,80.6285948298084,-5.8585948298084105
60.72,57.32645164848493,3.393548351515072
72.29,55.74112966369161,16.548870336308397
54.47,58.61172389306569,-4.141723893065688
68.43,73.8073893760061,-5.377389376006093
71.94,51.187057390733194,20.752942609266803
76.38,63.33522866425511,13.044771335744883
74.99,74.00389697693932,0.9861030230606787
62.01,65.93757375634807,-3.9275737563480746
75.21,71.01223985971876,4.197760140281233
56.81,59.02688658089489,-2.2168865808948865
45.71,54.46700707101382,-8.757007071013817
48.59,51.15356659408337,-2.563566594083369
63.96,57.054339040347,6.905660959652998
66.53,51.672670947954806,14.857329052045195
44.57,58.37919357817434,-13.809193578174337
71.42,61.4022249481374,10.0177750518626
59.09,67.73591707992313,-8.645917079923123
75.33,69.62632510893971,5.703674891060288
60.39,62.64324250389461,-2.2532425038946116
41.61,58.96930696256279,-17.35930696256279
45.94,52.50538294265668,-6.565382942656683
39.22,46.227968817286246,-7.0079688172862475
50.3,53.78914424660309,-3.4891442466030895
51.41,66.78924855125669,-15.379248551256694
70.11,68.92224453792404,1.1877554620759554
64.43,71.79692434631332,-7.366924346313311
63.68,52.55456853336833,11.125431466631667
45.15,54.72062575567441,-9.570625755674413
82.65,80.78780717007893,1.8621928299210708
44.5,56.70111200092336,-12.20111200092336
51.03,50.67075537063884,0.3592446293611644
54.28,52.06613161077023,2.2138683892297735
51.43,54.30048512840511,-2.8704851284051074
72.06,79.24537702834424,-7.185377028344234
48.05,40.81446743978621,7.235532560213784
60.55,56.75120752117927,3.7987924788207295
53.78,52.83414848252952,0.94585151747048
56.05,53.277516128212916,2.772483871787081
68.64,57.51168234754691,11.128317652453092
62.05,50.09198180127666,11.958018198723337
64.39,61.98252622223033,2.407473777769674
38.59,42.25628770113486,-3.6662877011348556
29.32,38.94435011105581,-9.624350111055811
78.39,75.48857276653301,2.9014272334669897
63.02,53.68580262000335,9.334197379996652
47.7,48.4770399823261,-0.7770399823260945
54.06,71.2808938128212,-17.220893812821203
54.0,49.46979497353229,4.530205026467712
53.6,55.05186060241,-1.451860602410001
27.87,32.86982921683234,-4.999829216832342
67.91,71.08024482567306,-3.170244825673066
62.66,55.540578497036286,7.119421502963711
64.49,68.42167750201683,-3.9316775020168393
59.96,38.06947445440378,21.89052554559622
39.46,57.46561851719617,-18.00561851719617
74.67,83.05600482571167,-8.386004825711666
80.46,76.87549303199191,3.5845069680080854
62.55,56.87392510489677,5.676074895103227
66.65,57.242861984390004,9.407138015610002
54.99,63.830026202882195,-8.840026202882193
62.04,53.25571265214617,8.784287347853827
53.54,50.57180623611665,2.968193763883349
77.41,73.34293486735055,4.0670651326494465
44.58,44.567589041225716,0.012410958774282221
53.11,59.33951005041233,-6.22951005041233
78.87,62.230718422770266,16.639281577229738
32.88,40.77036449132288,-7.890364491322877
68.28,59.6698933246543,8.610106675345698
36.04,44.3243150653019,-8.284315065301904
46.66,51.78197790448259,-5.121977904482591
82.73,80.15377612293939,2.576223877060613
15.01,36.67286350766932,-21.66286350766932
86.48,82.87827713125228,3.6017228687477285
77.55,74.2054429171203,3.344557082879703
81.75,78.62625591509578,3.1237440849042173
62.22,74.59985989975902,-12.379859899759026
85.44,82.12453051033481,3.3154694896651904
55.33,66.68930328871568,-11.35930328871568
63.33,52.390762510483,10.939237489516998
55.53,52.625746423228655,2.904253576771346
71.38,75.48682117502564,-4.106821175025644
64.26,61.21664471641278,3.043355283587225
55.15,67.49150436960382,-12.341504369603818
75.05,62.306017650104906,12.743982349895091
67.9,52.130535875187086,15.76946412481292
80.7,82.13328464280625,-1.4332846428062425
80.99,72.46382496659199,8.526175033408009
76.55,73.65398549519523,2.896014504804768
74.37,80.7930636985506,-6.4230636985505924
43.57,46.851873350958094,-3.2818733509580937
56.77,57.57048033290471,-0.800480332904705
51.63,44.969172665171634,6.660827334828369
42.38,46.24363085876192,-3.8636308587619155
52.49,59.72668286935691,-7.236682869356905
99.82,90.34412431535961,9.475875684640386
65.4,60.419573503218054,4.980426496781952
58.9,58.27591898005981,0.624081019940192
53.64,53.095302059061055,0.5446979409389456
86.21,90.48657223787212,-4.276572237872131
77.45,65.44800435925086,12.001995640749143
56.2,64.01730961883169,-7.817309618831686
68.16,67.58759511129901,0.5724048887009872
49.7,48.04288797355728,1.657112026442725
72.93,69.26010743514485,3.669892564855161
94.9,87.28694048072414,7.613059519275865
65.0,56.61615584870467,8.383844151295328
79.7,62.187403624344974,17.51259637565503
60.36,59.84289844412408,0.517101555875918
69.07,71.46620307771222,-2.3962030777122294
68.36,68.67935198027851,-0.31935198027851186
62.29,75.29304506627977,-13.003045066279775
78.4,75.34532824966972,3.054671750330286
59.27,62.24151839747977,-2.9715183974797696
64.46,67.10682626178671,-2.646826261786714
17.39,35.90492268194878,-18.514922681948782
56.86,51.42850074207224,5.4314992579277614
53.93,47.75525114118557,6.174748858814432
59.2,58.11778555749956,1.0822144425004439
66.58,67.60163952683936,-1.0216395268393654
67.08,64.05007793073203,3.0299220692679683
74.54,52.29535540930351,22.244644590696495
62.45,58.863168826605246,3.5868311733947564
55.63,58.547240131971584,-2.9172401319715817
62.76,65.210112740865,-2.450112740865002
71.83,80.48528530203438,-8.655285302034386
50.01,47.06698882847513,2.9430111715248657
77.52,73.95223791757658,3.567762082423414
77.61,75.67379929134447,1.9362007086555337
51.87,56.156720011236246,-4.286720011236248
53.72,51.46387138744479,2.2561286125552087
62.47,50.49654591414327,11.97345408585673
61.23,58.57682421473958,2.653175785260416
68.71,65.06865371737942,3.6413462826205745
42.1,52.6513673685751,-10.5513673685751
47.99,54.362936449477694,-6.372936449477692
80.58,61.654750460746044,18.925249539253954
57.94,62.183188788638994,-4.243188788638996
55.8,49.414899462537704,6.385100537462293
45.54,54.9398150023377,-9.399815002337704
55.41,45.3388349939238,10.0711650060762
50.71,50.43958436543242,0.2704156345675841
61.41,62.545224354337186,-1.1352243543371898
84.64,89.81362411225274,-5.173624112252739
74.51,73.30814649386481,1.201853506135194
47.55,50.2355916582623,-2.685591658262304
82.84,83.35860264869895,-0.5186026486989448
85.28,73.46717310989929,11.812826890100709
83.71,67.21898287226779,16.491017127732206
72.62,77.98347782705854,-5.3634778270585315
66.87,80.40176164756942,-13.531761647569411
62.79,68.00264818403187,-5.21264818403187
34.26,47.64602616449778,-13.386026164497785
74.72,69.8947035187076,4.825296481292398
79.89,80.40408351954427,-0.5140835195442719
71.89,51.10022083606613,20.789779163933872
44.42,42.510089784309145,1.9099102156908572
71.33,57.416777421939074,13.913222578060925
57.45,62.02272420844007,-4.572724208440064
59.91,63.233680919211515,-3.323680919211519
49.2,50.07125407940198,-0.8712540794019787
43.61,49.14365472145962,-5.5336547214596195
85.09,74.44607614309015,10.64392385690985
56.86,69.26653887682735,-12.406538876827355
61.74,67.8964246285412,-6.156424628541195
49.79,57.87461287780971,-8.084612877809711
68.34,83.56733466037329,-15.227334660373288
57.42,47.633298899475335,9.786701100524667
58.62,67.1365409108445,-8.516540910844505
50.96,65.34617946324312,-14.386179463243117
62.63,52.779251792674195,9.850748207325807
36.51,40.81662453044393,-4.3066245304439335
64.76,56.49659791267848,8.263402087321523
66.44,65.904834543758,0.5351654562419981
87.43,67.04187293576054,20.38812706423947
76.58,66.56344732747351,10.016552672526487
60.89,61.075286794563134,-0.18528679456313313
65.22,69.11663595991232,-3.8966359599123166
46.69,53.04019582823976,-6.350195828239762
47.21,59.51102016414866,-12.30102016414866
74.28,76.68169238677591,-2.401692386775906
76.08,68.76519254193417,7.314807458065829
70.4,77.3099556018242,-6.909955601824194
74.21,81.2174777621696,-7.0074777621696
57.91,64.30557722498449,-6.395577224984493
93.97,84.32524093814251,9.644759061857485
70.57,68.59951300914518,1.970486990854809
64.64,55.961399019248795,8.678600980751206
44.02,46.21631499822073,-2.1963149982207284
93.05,74.16969652472909,18.880303475270907
62.53,57.94893004398292,4.581069956017082
50.44,60.707312045076954,-10.267312045076956
62.42,62.309142412464354,0.1108575875356479
54.42,58.33695389192938,-3.9169538919293814
28.07,38.71723127736689,-10.647231277366892
66.19,75.272015169435,-9.082015169434996
66.7,74.6682122051007,-7.9682122051006985
32.89,40.69326897166474,-7.8032689716647425
43.36,54.46609562999591,-11.106095629995913
36.99,44.686459552315384,-7.696459552315382
42.93,56.22535985447669,-13.295359854476693
57.88,59.86834418286221,-1.9883441828622068
34.83,44.033326965049504,-9.203326965049506
41.74,39.43612501104826,2.3038749889517405
42.75,40.35964789291001,2.3903521070899885
47.98,54.705613752571715,-6.725613752571718
43.89,55.186136104708154,-11.296136104708154
79.77,72.9528252581389,6.817174741861095
67.98,61.27558885390082,6.704411146099183
70.12,58.65436572950876,11.465634270491243
69.43,57.34355659865947,12.086443401340539
68.11,64.05926013686863,4.050739863131369
43.04,41.39616198837083,1.643838011629171
71.18,64.59345102977457,6.5865489702254365
95.37,78.57185627065773,16.79814372934227
60.59,51.22949813394522,9.360501866054783
64.09,62.927116904151774,1.1628830958482297
64.38,58.68232324893008,5.697676751069913
46.27,46.585682175869145,-0.31568217586914216
47.14,45.86377894668562,1.27622105331438
39.83,43.658134776112334,-3.8281347761123357
68.5,68.02829351105754,0.47170648894245915
54.25,52.9353437643548,1.3146562356452023
70.54,76.27841600089971,-5.738416000899704
57.51,41.633450051108696,15.876549948891302
45.91,63.25818397852803,-17.348183978528034
63.71,56.73952761738682,6.970472382613181
73.19,70.68068703095975,2.509312969040252
57.78,65.66250450173924,-7.882504501739234
49.4,61.86727760848146,-12.46727760848146
51.15,59.13002292819224,-7.980022928192241
62.5,59.067351663886846,3.4326483361131537
54.86,54.62640695492624,0.23359304507376066
74.14,78.49076364185841,-4.350763641858407
88.58,73.11982279995748,15.460177200042523
56.13,50.781952783585915,5.348047216414088
60.32,60.31764639654333,0.002353603456668907
50.55,60.04605095946434,-9.496050959464341
77.16,73.69113818343678,3.4688618165632192
59.45,65.84720346651001,-6.397203466510007
38.62,44.070793906562514,-5.450793906562517
100.0,89.80693537519191,10.193064624808088
84.78,66.21222635672942,18.567773643270584
47.72,53.21150213273605,-5.491502132736052
71.91,66.25429394470036,5.655706055299632
61.7,53.4555541034319,8.244445896568102
66.8,66.08446880293496,0.7155311970650331
83.6,73.24782255746025,10.352177442539741
100.0,82.43255991651203,17.567440083487966
84.21,87.78516560738551,-3.5751656073855145
75.89,71.42233802042742,4.467661979572583
64.64,73.52959465344077,-8.889594653440767
41.9,59.13122181267176,-17.231221812671762
45.37,55.188405600127716,-9.818405600127718
76.23,68.47715165295513,7.752848347044875
90.17,80.14649908234779,10.023500917652214
61.73,58.35241249096676,3.3775875090332335
55.79,62.60787816830855,-6.817878168308553
38.76,43.681071693393164,-4.921071693393166
76.03,54.77973741031873,21.25026258968127
59.84,54.32924284462867,5.51075715537133
100.0,92.75684992683777,7.2431500731622265
66.65,60.210969504119575,6.439030495880431
49.56,52.71738611899477,-3.157386118994765
95.05,77.19429425968804,17.85570574031196
85.69,80.66129747468898,5.028702525311019
67.9,66.76320412527268,1.1367958747273263
28.7,45.060229616425715,-16.360229616425716
52.95,51.57797706325769,1.3720229367423116
43.13,43.73307221573592,-0.6030722157359207
64.51,67.30406278271957,-2.794062782719564
51.15,43.564184009171285,7.5858159908287135
65.24,72.12062398789703,-6.880623987897039
46.44,55.00378753825901,-8.563787538259014
72.94,67.19583809119706,5.744161908802937
73.59,69.87903426854224,3.7109657314577618
49.41,48.32250157208783,1.0874984279121662
62.66,47.75649686483748,14.903503135162516
63.03,68.02138982300468,-4.991389823004681
47.13,49.25103155304503,-2.1210315530450288
56.14,56.17606348547824,-0.03606348547823757
99.48,87.51484460136307,11.965155398636938
56.03,59.7821872559982,-3.7521872559982015
53.9,62.90202970732056,-9.00202970732056
50.56,66.09899428128945,-15.538994281289447
78.16,80.76557859159307,-2.6055785915930727
70.18,73.04748006876662,-2.8674800687666107
69.04,71.58943808710049,-2.5494380871004836
54.64,60.8829382641968,-6.242938264196802
88.84,79.44353927604935,9.396460723950653
73.3,76.73361588065255,-3.433615880652553
72.51,59.91516904850432,12.594830951495688
43.83,43.78360416303666,0.04639583696334171
72.85,81.06251493568725,-8.212514935687253
56.95,61.115063741079034,-4.165063741079031
49.51,50.785085804068224,-1.275085804068226
74.34,65.64371462932706,8.696285370672939
49.32,60.67008457184949,-11.350084571849493
64.13,57.08631384128757,7.0436861587124255
53.99,70.61238003434097,-16.62238003434097
65.98,69.20272735299861,-3.2227273529986036
58.6,72.02850817383563,-13.428508173835631
71.94,75.78123177190909,-3.8412317719090936
47.54,47.76782059519887,-0.227820595198871
53.86,58.54193753055152,-4.681937530551522
37.43,25.43906502590597,11.990934974094031
51.0,51.852878483106316,-0.8528784831063163
53.16,61.82356982095123,-8.663569820951231
62.62,59.17791109355545,3.442088906444546
83.46,67.16451420553564,16.295485794464355
42.9,37.618201921713336,5.281798078286663
53.96,64.13404603771215,-10.174046037712152
43.16,55.087168241081834,-11.927168241081837
46.28,46.08816319017145,0.19183680982855122
50.84,58.69966540327488,-7.8596654032748745
46.91,69.1542364407295,-22.24423644072951
80.48,74.0278208352759,6.4521791647241
68.42,59.03930097282525,9.38069902717475
54.18,49.84240495645264,4.33759504354736
66.84,69.36136535223021,-2.5213653522302053
84.67,69.92182220411233,14.74817779588767
54.89,53.758763426722524,1.1312365732774765
65.81,76.44736090254214,-10.637360902542142
51.85,56.34809598985528,-4.49809598985528
70.85,71.73612142792726,-0.8861214279272644
85.54,70.10089116729341,15.439108832706594
43.01,35.75737915211302,7.2526208478869805
66.24,75.30397367951623,-9.063973679516238
90.12,71.70548558835385,18.414514411646152
42.82,51.6318395852533,-8.811839585253303
67.43,52.632650689120375,14.797349310879632
33.5,46.28202104604858,-12.782021046048577
43.34,53.09665273476595,-9.756652734765943
51.0,68.3866284445461,-17.386628444546105
35.75,53.27387505866482,-17.52387505866482
63.51,75.47065593802526,-11.960655938025262
65.42,69.64972340880945,-4.229723408809448
61.71,58.911838966569846,2.798161033430155
83.6,74.40387320019472,9.19612679980527
32.85,30.46242027089243,2.3875797291075713
23.09,27.67449522610407,-4.584495226104071
55.99,64.50885297076128,-8.51885297076128
92.88,74.97174389032861,17.908256109671385
56.46,56.54745899484148,-0.08745899484147657
64.73,69.04896820624892,-4.318968206248911
56.84,67.27441904890775,-10.434419048907742
71.05,71.95310462088523,-0.9031046208852302
92.3,85.50465990097975,6.795340099020251
42.22,38.023753943160685,4.196246056839314
51.21,43.82583155039868,7.384168449601319
41.49,44.49766513841574,-3.0076651384157387
77.11,77.71720683611568,-0.6072068361156795
87.24,77.83060716281459,9.409392837185408
81.33,87.13715658670264,-5.8071565867026465
37.07,42.5489458819775,-5.478945881977502
73.92,73.51446888966314,0.4055311103368666
55.67,63.975842648118295,-8.305842648118293
78.51,79.43190643672598,-0.9219064367259762
93.64,80.1522363650437,13.487763634956295
63.19,73.49705696553147,-10.307056965531473
58.05,63.860905809447694,-5.810905809447696
47.66,57.50927207155881,-9.849272071558815
55.71,61.91034065690394,-6.20034065690394
63.16,53.7513279024913,9.408672097508699
46.65,52.70717765405337,-6.057177654053369
68.29,67.83200793253475,0.45799206746525556
87.32,82.7658997267425,4.55410027325749
40.94,63.98060900587766,-23.040609005877663
46.4,51.058785443966414,-4.658785443966416
65.32,67.80681681832476,-2.486816818324769
69.45,70.06359641934797,-0.6135964193479708
64.98,74.90425688876648,-9.924256888766479
42.31,50.17589734833592,-7.8658973483359205
42.41,56.477360000127504,-14.067360000127508
87.95,83.01779490059207,4.932205099407938
61.45,64.0749369634374,-2.624936963437392
36.92,58.3245554317024,-21.4045554317024
75.83,84.9422402159278,-9.112240215927798
22.35,50.44789580694795,-28.097895806947946
76.13,68.6896928846985,7.4403071153014935
56.89,52.714793744494926,4.175206255505074
60.43,69.75691001176916,-9.326910011769165
59.9,55.472721359524876,4.427278640475123
72.81,82.01093312469503,-9.200933124695027
71.25,81.85743658788627,-10.60743658788627
66.57,64.84155818195289,1.7284418180471022
55.83,61.753836705988576,-5.9238367059885775
54.92,60.57706078136132,-5.6570607813613165
74.24,76.38904366015788,-2.1490436601578864
75.66,76.55679849787501,-0.896798497875011
41.18,56.337409855174805,-15.157409855174805
78.46,60.81575118425254,17.644248815747453
60.62,58.71746665441345,1.9025333455865479
78.39,70.16503039237213,8.22496960762787
43.44,43.403701580881624,0.03629841911837417
47.67,50.83774495302782,-3.167744953027821
78.78,75.69978826359424,3.080211736405758
52.16,48.46067941549255,3.699320584507447
46.07,58.531518427837376,-12.461518427837376
76.18,66.24460134271227,9.935398657287735
50.86,54.14720906224156,-3.2872090622415584
74.43,80.90660839318814,-6.47660839318813
65.61,64.45121050144924,1.1587894985507603
56.05,56.532074251041045,-0.4820742510410483
65.39,60.781550798463236,4.608449201536764
47.97,60.33160470223576,-12.36160470223576
60.44,47.84582814949646,12.594171850503535
92.55,85.81856469593296,6.731435304067034
69.45,66.76772346720423,2.6822765327957683
55.09,58.3094005111382,-3.219400511138197
71.12,63.44067426125824,7.679325738741767
52.38,57.8753167477154,-5.4953167477154
54.05,59.51731303291834,-5.467313032918341
35.07,44.85835625602391,-9.78835625602391
72.44,65.55088885356297,6.889111146437031
57.98,59.70491051504701,-1.7249105150470143
69.33,81.4979266163201,-12.167926616320102
71.29,68.94913473296361,2.340865267036392
65.35,63.624816665470505,1.7251833345294898
62.9,49.98213010076689,12.91786989923311
67.87,73.49935549782593,-5.629355497825927
68.36,71.42644112351958,-3.0664411235195814
56.27,58.85319168121491,-2.583191681214906
84.75,71.15226216551153,13.59773783448847
76.32,72.12609800275578,4.193901997244211
40.42,48.80731062842847,-8.387310628428466
53.75,63.6711981127089,-9.9211981127089
67.36,75.24404825096197,-7.884048250961968
50.01,66.5503783503899,-16.540378350389908
39.32,55.67643412103181,-16.35643412103181
71.91,66.86553588147981,5.044464118520182
56.17,42.78000267431356,13.389997325686444
54.72,58.71563063983468,-3.9956306398346797
52.75,51.9784182092776,0.7715817907224007
84.96,81.7779812928964,3.1820187071035946
76.35,72.18440929908151,4.165590700918486
53.08,54.00043670256928,-0.9204367025692832
57.24,67.96885936143366,-10.728859361433656
47.42,52.602749125622104,-5.182749125622102
73.76,63.918909790587385,9.84109020941262
64.91,59.37205403270732,5.5379459672926785
77.28,70.65402046975325,6.625979530246752
35.13,56.24422307582412,-21.114223075824114
71.2,68.2734376712644,2.9265623287355993
69.45,67.2606805839786,2.189319416021405
56.53,45.97681811314757,10.553181886852428
86.06,72.73455452881727,13.325445471182732
53.5,48.753791067552164,4.746208932447836
59.38,44.23366686825389,15.146333131746111
56.06,60.92831683083803,-4.868316830838026
69.23,64.1891964008982,5.040803599101807
42.57,46.05031189315384,-3.4803118931538393
43.66,59.893345685462045,-16.233345685462048
68.98,82.52966124055065,-13.549661240550648
65.33,66.56828880886364,-1.2382888088636435
47.57,70.2426099533708,-22.672609953370802
73.43,75.95659045458301,-2.526590454583001
52.91,46.992007533878024,5.917992466121973
62.88,74.25582026601963,-11.375820266019623
95.95,86.2611100554446,9.688889944555399
65.89,68.32564739795438,-2.4356473979543836
62.67,67.70588232567611,-5.035882325676113
68.1,63.79240561035473,4.307594389645267
67.67,74.72813086970777,-7.058130869707767
76.88,70.56554766899062,6.314452331009377
55.08,45.79031975548601,9.289680244513988
25.94,39.6689113928452,-13.728911392845202
76.71,69.67713436601584,7.032865633984159
78.31,78.57014033734029,-0.26014033734028885
45.37,58.127036914942366,-12.757036914942368
79.15,67.71628227410211,11.433717725897893
59.49,60.51814644303253,-1.0281464430325258
57.73,67.4214891326972,-9.691489132697207
63.99,66.78556762222414,-2.7955676222241337
61.34,58.955181161651495,2.384818838348508
57.65,50.178845032518026,7.471154967481972
52.7,61.72042362093788,-9.020423620937876
58.27,60.58968266361286,-2.319682663612859
72.35,62.547886628368,9.802113371631997
73.36,76.56481727359487,-3.2048172735948697
63.49,47.380041061119464,16.10995893888054
58.85,52.34840774391241,6.501592256087591
63.97,67.32024995779939,-3.3502499577993916
54.02,61.111669834222475,-7.091669834222472
56.23,59.364086237647726,-3.134086237647729
82.38,69.7616690115943,12.618330988405702
79.6,77.58951717439523,2.010482825604768
70.04,84.8766507321768,-14.836650732176793
59.52,52.67506128230273,6.844938717697275
28.94,46.27787552704619,-17.33787552704619
53.18,55.677138487997205,-2.497138487997205
54.89,58.64160468211513,-3.751604682115129
79.2,71.43969889930885,7.7603011006911515
47.98,65.79805386347107,-17.81805386347107
42.18,35.5821770251597,6.597822974840298
40.79,65.49180310975531,-24.70180310975531
61.04,60.879270519547184,0.1607294804528152
86.53,68.27157458948588,18.25842541051412
51.85,57.67215897777647,-5.822158977776468
89.09,79.44286746181368,9.647132538186327
75.5,75.60765680819974,-0.10765680819973511
39.76,45.061474139977136,-5.301474139977138
29.6,44.36873096136402,-14.768730961364021
62.32,61.64689686474853,0.6731031352514734
40.01,38.59413922413723,1.4158607758627682
75.8,69.29374744156398,6.506252558436017
57.15,64.12694091161724,-6.976940911617241
37.91,41.17483200124545,-3.264832001245452
66.46,64.89617321135319,1.5638267886468071
73.65,71.67627535771744,1.973724642282562
66.03,60.263756295461974,5.766243704538027
76.74,68.76226656526586,7.977733434734134
45.94,47.44455653288864,-1.5045565328886426
64.42,65.71145792641228,-1.2914579264122779
67.93,57.033578450467715,10.896421549532292
79.27,62.71505745159988,16.554942548400113
63.55,55.571124776746345,7.978875223253652
60.52,60.0794891968783,0.440510803121704
60.99,66.40141774530397,-5.411417745303972
36.67,41.34225143310673,-4.67225143310673
53.48,48.88910156495713,4.590898435042867
50.83,47.55030272431067,3.2796972756893297
71.77,67.70771401652541,4.062285983474581
65.81,70.90612750396058,-5.096127503960574
54.79,67.59187147532663,-12.801871475326628
44.5,49.37670236461012,-4.876702364610118
62.77,66.41828472434749,-3.6482847243474836
100.0,86.2933282871692,13.706671712830797
57.29,55.55734351843613,1.7326564815638719
78.26,77.95459453270087,0.3054054672991384
56.14,57.672782795370935,-1.5327827953709345
42.09,47.85305271755246,-5.763052717552455
71.11,65.8563774017265,5.253622598273495
61.06,60.360440489088276,0.6995595109117261
45.79,57.221060962765975,-11.431060962765976
62.31,66.05993804827165,-3.7499380482716447
45.94,51.81564601389902,-5.875646013899022
68.58,74.12375747010873,-5.54375747010873
75.07,50.815333154481685,24.254666845518308
36.44,59.402731953091724,-22.962731953091726
58.95,50.02743440441348,8.92256559558652
88.55,79.31821430299411,9.23178569700589
53.61,57.90111411960769,-4.291114119607691
41.22,40.729573309327314,0.49042669067268463
68.91,70.32967415408979,-1.4196741540897904
41.5,49.45680631568109,-7.956806315681092
75.59,64.24188982419162,11.348110175808387
73.92,71.69344649302754,2.226553506972465
84.91,75.78035497574572,9.129645024254273
46.57,49.180354222783386,-2.6103542227833856
62.24,66.09527386826664,-3.855273868266643
46.29,60.83038386907349,-14.540383869073494
94.63,86.85777903848933,7.772220961510669
52.5,61.96147531744056,-9.46147531744056
66.93,65.18108186609942,1.7489181339005881
75.21,57.86779091703437,17.342209082965624
42.02,47.35825980231759,-5.338259802317587
66.7,61.2369348958541,5.463065104145905
77.25,62.11410509290859,15.135894907091412
46.55,37.934718334461806,8.615281665538191
79.88,76.36691292874194,3.513087071258056
53.88,59.71187199603924,-5.83187199603924
61.97,61.09753241142782,0.872467588572178
87.13,76.37979912822631,10.750200871773686
86.6,64.71789165607973,21.882108343920265
70.36,79.62174930585448,-9.26174930585448
64.93,78.94581896416828,-14.015818964168275
57.06,51.381798000845414,5.678201999154588
48.06,43.40574281661125,4.654257183388751
65.85,47.42429256315659,18.425707436843403
78.67,68.05598990603391,10.614010093966087
52.31,62.24542295320312,-9.935422953203116
59.57,52.402148580892565,7.167851419107436
81.0,77.41683886767922,3.5831611323207824
63.9,67.99782105413482,-4.097821054134819
57.34,59.2207701555161,-1.880770155516096
69.71,67.94582799009248,1.7641720099075116
79.09,70.88731467264238,8.202685327357628
64.83,68.82978372626391,-3.9997837262639138
74.08,65.11202704600092,8.96797295399908
66.83,56.01718500716912,10.81281499283088
54.36,58.22493351193381,-3.8649335119338133
61.4,53.81385792743275,7.586142072567249
53.74,69.6828961194991,-15.942896119499103
59.05,49.83676177409934,9.21323822590066
76.28,73.38731537666673,2.892684623333267
58.82,62.328052500879856,-3.508052500879856
68.36,65.53633118950813,2.823668810491867
65.04,72.92806583790626,-7.888065837906254
85.22,75.79783222241747,9.42216777758253
68.17,75.52226114788442,-7.35226114788442
42.55,32.842626977209974,9.707373022790023
66.87,66.02007885267032,0.849921147329681
47.45,56.29722829895508,-8.84722829895508
46.81,53.66561364154502,-6.85561364154502
66.83,61.99559928521572,4.83440071478428
60.59,48.754299870148685,11.835700129851318
47.47,63.9745623842803,-16.504562384280298
86.93,79.59823782629283,7.331762173707176
74.2,56.644862621124574,17.55513737887543
57.58,53.10247963667405,4.477520363325951
56.94,63.17517842946091,-6.235178429460909
76.64,72.68116746595452,3.9588325340454844
80.29,87.87561311589067,-7.585613115890666
76.22,78.55356067416642,-2.3335606741664208
59.96,55.888594486840766,4.071405513159235
52.67,60.81975619113195,-8.14975619113195
31.91,35.00281630226731,-3.0928163022673125
52.99,47.863118945224016,5.1268810547759855
56.81,57.096113858002866,-0.2861138580028637
58.34,66.78681163822763,-8.44681163822763
80.52,86.87450940115713,-6.354509401157131
97.55,90.86324208123114,6.686757918768862
68.86,57.82725957965863,11.03274042034137
75.72,68.03816144548587,7.68183855451413
85.26,86.44885590113859,-1.1888559011385809
87.53,82.33067045083415,5.199329549165853
72.16,70.8522440532057,1.3077559467943018
25.39,40.75888849844246,-15.368888498442459
66.64,54.064080065919136,12.575919934080865
51.94,49.236458447563265,2.7035415524367323
29.06,41.03569420726591,-11.975694207265914
62.64,70.73015087052732,-8.090150870527324
98.75,93.34921517649668,5.400784823503315
55.94,53.905981219957276,2.0340187800427216
45.82,48.529586112824404,-2.709586112824404
46.76,54.680003822744126,-7.920003822744128
45.54,57.869193759872225,-12.329193759872226
46.97,42.67612118386869,4.293878816131311
79.3,55.37953451411006,23.920465485889935
75.65,79.21588837819871,-3.565888378198707
82.34,70.78272317605348,11.557276823946523
57.43,52.555353189728116,4.874646810271884
66.59,66.52048007695892,0.06951992304108501
88.59,92.38833609437079,-3.7983360943707822
46.87,64.90815288410937,-18.038152884109373
55.63,54.632822790003,0.9971772099970053
52.46,55.98740442182042,-3.527404421820421
91.87,74.55910461615318,17.310895383846827
72.89,78.35614708478452,-5.466147084784524
82.69,72.75268336213304,9.937316637866957
50.91,56.71897578258525,-5.80897578258525
77.58,62.165041704456044,15.414958295543954
58.61,63.97848245304364,-5.36848245304364
53.72,70.42100438291878,-16.701004382918782
75.2,73.91731491644563,1.2826850835543695
62.91,60.569472871541436,2.340527128458561
25.05,46.260287040868796,-21.210287040868796
70.95,57.504298878639226,13.445701121360777
77.58,69.897356669713,7.682643330286993
73.93,78.88754455613142,-4.95754455613141
47.58,55.488481007149765,-7.908481007149767
60.28,68.86610023972379,-8.586100239723791
67.44,57.29315148358404,10.146848516415957
41.69,63.9086162222866,-22.2186162222866
28.49,38.508866865671294,-10.018866865671296
39.21,44.385437331844415,-5.175437331844414
39.57,49.72194864819674,-10.151948648196736
87.66,59.91162383962081,27.748376160379188
56.69,59.614997703756075,-2.924997703756077
98.85,84.87370993190908,13.976290068090918
41.7,43.002828564415324,-1.3028285644153215
61.28,50.05042978310332,11.229570216896683
63.99,67.42277220382614,-3.43277220382614
67.3,72.32422695392,-5.024226953920007
81.4,84.3600972916782,-2.9600972916781956
37.69,56.528224926442384,-18.838224926442386
80.97,66.36890897679586,14.601091023204134
62.87,79.19795243803839,-16.327952438038388
38.14,47.43648005722999,-9.296480057229992
65.04,75.54506030317695,-10.505060303176947
61.43,72.07214623886637,-10.642146238866367
32.7,52.59583785509228,-19.895837855092275
39.29,47.27898742776746,-7.988987427767462
62.16,70.16494249347805,-8.004942493478055
64.67,64.7670557943754,-0.09705579437539313
69.9,81.66158991784636,-11.76158991784635
100.0,91.21841042419676,8.781589575803238
59.58,64.08748396305262,-4.507483963052621
53.92,53.86433158962528,0.05566841037472159
72.08,71.79025519682087,0.28974480317913276
45.4,43.52091472729125,1.8790852727087497
42.59,58.52941946456569,-15.939419464565688
65.53,74.64370313273533,-9.113703132735324
64.16,69.85182823172431,-5.691828231724315
47.64,45.26513464558748,2.3748653544125204
70.38,62.101476060817554,8.278523939182442
60.34,68.45872455367787,-8.118724553677865
63.11,67.81985979260277,-4.709859792602771
22.87,48.147409863737,-25.277409863737002
78.74,60.78882442585012,17.95117557414987
65.1,65.22097755838449,-0.12097755838449586
45.71,57.90637121658259,-12.196371216582591
55.64,58.68347523501852,-3.0434752350185192
70.2,67.81877769061181,2.3812223093881926
65.24,56.98139298180382,8.258607018196173
61.24,71.77207372172575,-10.532073721725745
41.5,42.191758227223794,-0.6917582272237937
52.45,65.51512359056449,-13.065123590564482
44.63,37.78685203726213,6.8431479627378735
57.7,55.38322644370122,2.3167735562987843
55.76,61.47454316141086,-5.714543161410859
45.26,47.82147190117824,-2.561471901178244
53.29,61.19254997719627,-7.902549977196273
70.74,61.647923320004985,9.09207667999501
60.31,60.26227801761329,0.04772198238671166
85.85,78.96231289126955,6.8876871087304465
81.28,66.99741034691928,14.28258965308072
48.11,51.478020822764094,-3.3680208227640946
76.48,73.11291650604772,3.367083493952279
81.92,78.29294699281202,3.627053007187982
76.43,69.101720793117,7.3282792068830105
57.29,58.27038411357466,-0.980384113574658
50.7,57.111899883617454,-6.411899883617451
35.26,52.78505283701692,-17.525052837016922
32.2,53.8221071005075,-21.6221071005075
69.97,72.11950039946338,-2.1495003994633777
54.0,61.00176936294616,-7.001769362946163
70.37,69.5372719645669,0.8327280354331066
40.02,42.44918786489855,-2.4291878648985445
66.99,70.45378447221886,-3.4637844722188618
40.74,51.95008722166185,-11.210087221661851
60.16,66.4659278799817,-6.305927879981709
39.01,44.25740073668219,-5.247400736682195
56.23,56.379523566585284,-0.14952356658528743
59.25,61.60642337556395,-2.356423375563949
76.97,72.891109870054,4.078890129946004
59.15,61.661177159280065,-2.5111771592800665
62.2,55.45751126559637,6.742488734403636
74.42,69.8386258347333,4.581374165266695
66.91,82.56097273222312,-15.650972732223124
76.89,68.03853279958123,8.851467200418767
70.03,60.54259043845378,9.487409561546222
78.43,62.287085070173305,16.142914929826702
71.56,71.48794239428575,0.07205760571424946
55.46,45.441666147169144,10.018333852830857
66.1,72.7012444113467,-6.601244411346713
68.31,61.082756749556744,7.227243250443259
50.18,52.745642657262586,-2.565642657262586
57.87,48.47465596442575,9.395344035574247
85.42,85.55577082661046,-0.1357708266104538
81.74,69.71737962712527,12.022620372874727
82.4,82.99267684802328,-0.5926768480232738
57.84,45.37792281133751,12.46207718866249
40.86,52.503225142812944,-11.643225142812945
61.97,63.57268235251264,-1.6026823525126446
69.07,67.32707634349188,1.7429236565081112
52.02,63.19546716213659,-11.175467162136584
71.04,74.21265772186587,-3.1726577218658605
70.4,77.09244002135078,-6.692440021350777
91.25,76.88841423532085,14.361585764679148
82.6,78.59313738112758,4.006862618872418
56.7,55.654255023039845,1.0457449769601581
43.95,66.05347755879153,-22.103477558791525
64.29,67.17898949293394,-2.8889894929339306
52.32,50.16765462128994,2.1523453787100593
34.26,41.39430565440009,-7.1343056544000945
44.32,46.25999936295087,-1.9399993629508714
75.3,66.29247326632535,9.007526733674652
70.06,62.23286229718009,7.827137702819911
34.36,51.62378305173861,-17.263783051738613
57.54,54.89702008449939,2.642979915500611
65.88,56.191951523804775,9.68804847619522
61.85,68.04296824061475,-6.1929682406147535
56.84,54.973390988716716,1.8666090112832876
53.42,58.70610169124936,-5.286101691249357
69.25,58.5345499324806,10.715450067519399
65.53,63.947901394895375,1.5820986051046262
47.2,45.821889506437365,1.3781104935626374
76.87,90.99316571936245,-14.123165719362447
66.43,59.50613206281152,6.92386793718849
78.9,67.65171426704245,11.248285732957555
93.14,85.31777802268174,7.822221977318264
49.24,56.10345765233377,-6.863457652333771
68.27,72.42157470037701,-4.151574700377012
74.06,78.93633408990294,-4.87633408990294
70.23,64.83906172519191,5.390938274808093
66.65,78.4941404193289,-11.844140419328895
85.75,92.83381989609411,-7.083819896094113
62.19,54.67334804566341,7.516651954336588
41.03,54.82279831938958,-13.792798319389576
74.27,56.919115180535236,17.35088481946476
78.03,75.06249669190139,2.967503308098614
62.92,54.37323067805277,8.546769321947231
55.6,53.083547701068355,2.5164522989316467
53.25,49.046406060381564,4.203593939618436
85.02,64.91134965247196,20.10865034752804
89.71,67.74396436558655,21.966035634413444
77.91,77.93554303653744,-0.025543036537442276
83.72,82.78147212326762,0.9385278767323797
67.54,66.28911537592955,1.2508846240704514
50.43,53.17776396245869,-2.7477639624586914
86.72,72.37529964957753,14.344700350422471
72.84,74.40992802788816,-1.569928027888153
91.78,70.40250508075452,21.37749491924548
63.38,77.47900392548817,-14.09900392548817
78.87,82.28222595662587,-3.4122259566258606
60.86,52.45809018629022,8.401909813709779
59.07,58.734487592643504,0.33551240735649657
67.93,75.5161755320588,-7.586175532058789
47.79,55.416582086229496,-7.626582086229497
61.48,58.637475429241945,2.8425245707580515
56.62,54.40417780433955,2.2158221956604507
61.11,51.458497140830794,9.651502859169206
46.36,28.067626365702377,18.292373634297622
41.45,45.09847755748534,-3.648477557485336
68.96,69.06237372897145,-0.10237372897145747
43.73,54.12114785118576,-10.391147851185764
44.34,54.53859675312234,-10.198596753122338
53.8,60.58655668654527,-6.786556686545275
33.99,41.24972344901544,-7.259723449015439
66.27,71.22405359083423,-4.954053590834235
44.58,38.659260522644765,5.920739477355234
44.45,49.11724164675028,-4.667241646750277
46.19,45.65236974283381,0.5376302571661853
63.12,69.85265552724383,-6.732655527243828
59.27,62.140532045363116,-2.870532045363113
57.65,71.33461627186598,-13.684616271865984
49.59,54.964188444213995,-5.374188444213992
98.4,70.0958726362272,28.304127363772807
63.56,57.826517722878734,5.733482277121269
100.0,97.87577363807462,2.1242263619253805
81.45,91.34589693944835,-9.895896939448349
65.93,55.01349241880417,10.916507581195837
67.83,69.94347404720041,-2.1134740472004125
41.26,51.15737656413033,-9.897376564130333
82.77,68.59207274827818,14.177927251721812
60.4,66.95764691836308,-6.557646918363083
54.19,62.604090677781365,-8.414090677781367
49.12,42.4614304132878,6.658569586712197
48.56,47.972652814963055,0.5873471850369469
57.18,56.035441334526354,1.144558665473646
70.41,58.604284681636095,11.805715318363902
62.27,66.18354896037282,-3.9135489603728146
55.48,54.75756490091707,0.7224350990829294
66.88,58.82815281209968,8.051847187900314
47.82,57.23929627427884,-9.419296274278842
53.08,57.50741760109292,-4.42741760109292
62.82,63.68986653275209,-0.8698665327520914
60.94,58.7589007959652,2.181099204034801
77.71,67.65290209715859,10.057097902841406
70.43,73.90757428985047,-3.477574289850466
79.69,73.30471971274899,6.385280287251007
60.32,54.4447232337809,5.875276766219102
53.49,67.69780291817436,-14.207802918174359
53.05,52.725267629275905,0.32473237072409233
60.48,58.4693723634241,2.0106276365758973
67.32,65.04260546971791,2.2773945302820806
47.38,56.40989790128824,-9.029897901288237
47.41,48.51856479877144,-1.1085647987714466
58.42,43.714846081549695,14.705153918450307
44.15,63.759907014769375,-19.609907014769377
69.99,69.54543124979672,0.444568750203274
67.64,60.95155009874498,6.688449901255019
77.98,73.9912292389387,3.9887707610613035
93.56,80.2091895341331,13.3508104658669
75.81,60.56504169722862,15.24495830277138
45.97,54.15471056022188,-8.18471056022188
80.27,77.47390703794449,2.7960929620555106
63.44,66.27833104650459,-2.8383310465045923
66.18,60.57255643492237,5.607443565077638
82.94,66.29709021384264,16.64290978615736
65.15,77.19960483603634,-12.049604836036337
75.25,69.06564557970091,6.184354420299087
68.93,73.42416599511034,-4.494165995110336
52.68,49.67312491842686,3.006875081573142
70.24,64.18560141692494,6.054398583075056
74.1,67.96433493850571,6.135665061494279
60.52,47.56962110539107,12.950378894608932
99.91,84.0768180860791,15.833181913920896
80.94,71.1188719749808,9.821128025019192
51.24,38.942329412802096,12.297670587197906
73.73,79.64947290650099,-5.919472906500985
76.01,79.52322996557659,-3.513229965576585
85.44,76.27500574443583,9.164994255564167
52.54,61.120045052194456,-8.580045052194457
43.7,58.04387708435113,-14.343877084351128
87.18,65.54899495598681,21.631005044013193
49.68,53.62420272749712,-3.944202727497121
74.31,63.99968157895318,10.310318421046823
40.94,47.62749824329755,-6.687498243297554
85.08,84.4030629744124,0.6769370255875913
75.22,59.88278755484359,15.33721244515641
57.69,65.70613691725917,-8.016136917259175
38.04,51.85362258533676,-13.81362258533676
55.59,61.30156188449083,-5.711561884490827
71.21,70.3089542856878,0.9010457143121897
46.99,53.253512651131096,-6.263512651131094
48.16,46.76921207032796,1.3907879296720367
58.9,59.26028063815234,-0.36028063815233935
75.64,79.02960240856191,-3.389602408561913
78.65,74.3458914261018,4.304108573898205
80.01,50.090965482775275,29.91903451722473
73.16,74.27680819106543,-1.1168081910654308
47.54,40.63639607884912,6.903603921150882
61.8,55.961214116476825,5.8387858835231725
69.75,64.1742113421012,5.575788657898798
65.56,64.00653410254006,1.5534658974599438
71.43,47.77039949602432,23.65960050397569
77.03,80.30007043979411,-3.270070439794111
47.01,57.31643239668264,-10.306432396682645
50.48,44.265291824134934,6.214708175865063
57.91,49.15531336956265,8.754686630437348
87.13,56.09540609990446,31.034593900095537
68.61,70.71616727612225,-2.1061672761222496
58.26,51.540420652749084,6.719579347250914
69.67,76.73709107727313,-7.067091077273133
58.46,61.474916008848474,-3.0149160088484734
67.02,63.736655451684435,3.2833445483155614
52.6,48.22615556441504,4.373844435584964
75.99,67.62831721120075,8.361682788799243
44.46,51.917473968209244,-7.457473968209243
30.24,36.770469707162476,-6.530469707162478
57.73,50.73008258826656,6.999917411733435
50.07,57.61571177447321,-7.545711774473212
55.21,51.55324254250166,3.656757457498344
43.11,56.001290400523246,-12.891290400523246
71.62,59.32630957799962,12.293690422000381
44.41,47.481841697487795,-3.0718416974877982
72.25,58.98104058981324,13.26895941018676
71.15,64.87164456082976,6.278355439170241
44.09,55.61318112849534,-11.523181128495338
59.24,68.67425869864988,-9.434258698649877
49.58,53.94066335008765,-4.360663350087648
59.09,62.77578661239301,-3.6857866123930094
72.54,72.10581402644053,0.4341859735594795
55.2,42.345951869175735,12.854048130824268
67.73,68.7364214700852,-1.0064214700852006
90.65,67.56306558266718,23.086934417332827
57.63,68.84420167269347,-11.21420167269347
79.9,72.88138709184098,7.018612908159028
57.13,65.25543141917592,-8.125431419175918
48.51,71.4260607227096,-22.916060722709595
65.59,59.627654921735875,5.9623450782641285
46.78,55.09184499722606,-8.31184499722606
19.69,20.835094926552415,-1.1450949265524137
84.6,80.06931319408918,4.530686805910818
61.9,71.50517150701174,-9.60517150701174
64.39,51.997309583300705,12.392690416699295
56.45,65.39484476671116,-8.944844766711157
50.49,55.24298550634046,-4.752985506340458
48.47,54.38322432014491,-5.913224320144913
55.37,60.427957475539074,-5.057957475539077
80.55,84.36704990914247,-3.8170499091424688
58.23,67.56676478635066,-9.336764786350663
77.96,85.59642151831588,-7.636421518315885
85.89,69.9133582912562,15.976641708743799
48.12,57.32733049446458,-9.207330494464586
74.43,70.7225152979105,3.707484702089502
62.31,53.60269595833652,8.707304041663484
57.7,74.54835732170922,-16.848357321709216
64.58,55.75507457949283,8.82492542050717
45.5,50.131030358457416,-4.631030358457416
69.04,69.60265890689287,-0.5626589068928638
67.05,72.64987983697682,-5.599879836976825
63.96,64.66878138198379,-0.7087813819837905
48.6,67.59608762381023,-18.996087623810233
25.24,37.07164402482158,-11.831644024821582
66.04,59.13982972212481,6.900170277875198
57.67,53.47248133052064,4.197518669479365
64.92,62.48261262609887,2.4373873739011316
62.27,58.50673474674474,3.7632652532552626
53.62,62.24049994862574,-8.620499948625742
25.03,40.75216811156537,-15.722168111565367
71.04,80.18624769365256,-9.146247693652555
56.76,49.55576132089065,7.204238679109345
36.26,35.02866933806373,1.2313306619362692
62.48,67.29856045680849,-4.818560456808491
65.82,68.7225014101356,-2.9025014101356135
66.61,66.85070669976902,-0.24070669976902082
42.39,37.15996224935617,5.230037750643831
87.74,79.62678717265831,8.113212827341684
33.87,38.17995066263153,-4.309950662631536
53.24,67.87679783618387,-14.636797836183867
59.89,53.764630919139975,6.125369080860025
37.31,41.340328843403164,-4.030328843403161
99.22,79.6159390944648,19.604060905535192
64.6,59.815186016862725,4.784813983137269
63.89,72.79521789823369,-8.905217898233687
74.13,74.70908233831898,-0.5790823383189831
65.98,65.00430168342551,0.9756983165744941
53.22,68.71567159915062,-15.495671599150626
73.03,73.75781734760507,-0.7278173476050682
57.21,52.389572124810634,4.820427875189367
91.71,69.38312345846455,22.32687654153544
48.84,51.243107938343186,-2.403107938343183
50.17,48.2474279690971,1.9225720309028986
53.52,45.35461544015603,8.165384559843972
31.42,31.68410301460356,-0.26410301460355967
77.49,70.61288510691206,6.877114893087935
52.37,55.69409864912989,-3.324098649129894
64.27,71.36751888448127,-7.097518884481275
52.21,63.00777387257474,-10.797773872574737
57.89,54.14243536167527,3.7475646383247323
74.54,74.12916300762974,0.41083699237026394
46.0,49.761235163418405,-3.761235163418405
47.92,50.1299986868364,-2.2099986868364
79.21,73.56418764141773,5.645812358582262
30.82,42.58553787859587,-11.765537878595872
70.51,72.60902894299745,-2.0990289429974496
42.49,41.409928145860654,1.080071854139348
96.44,77.23207457860856,19.207925421391437
49.65,62.071530976166954,-12.421530976166956
60.57,52.94521510608267,7.6247848939173295
44.57,54.74256837612385,-10.172568376123849
56.89,45.78526144440948,11.104738555590522
47.37,49.62886795759703,-2.258867957597033
55.74,51.70550737586713,4.034492624132874
54.72,48.8248764012319,5.895123598768102
78.27,80.85786869206039,-2.587868692060397
58.1,49.2371680740832,8.862831925916801
55.56,59.7927104212726,-4.2327104212726
80.79,72.56732688294032,8.222673117059685
55.72,56.23689391187781,-0.5168939118778084
78.19,75.18852864397476,3.0014713560252346
