actual_label,predicted_label,probability_hỏng_máy,is_correct
0,0,0.0025199172514,True
0,0,0.00102471280925,True
0,0,0.000792165726494,True
0,0,0.0103563241321,True
0,0,0.000454396357085,True
0,0,0.000136751375756,True
0,0,0.00065081593641,True
0,0,0.000548465473217,True
0,0,0.000687344160754,True
0,0,0.000619734211617,True
0,0,0.00102046929155,True
0,0,0.000525567524496,True
0,0,0.00139356259541,True
0,0,0.00234119915366,True
0,0,0.00270962479313,True
0,0,0.0142223436464,True
0,0,0.0019148452044,True
0,0,0.00139981311541,True
0,0,0.000181705261946,True
0,0,0.00256778996292,True
0,0,0.000950436219326,True
0,0,0.000882457194995,True
0,0,0.000561985137191,True
0,0,0.000265518678809,True
0,0,0.139612874325,True
1,1,0.958343036455,True
0,0,0.000797631045077,True
0,0,0.000706006398133,True
0,0,0.000987815481647,True
0,0,0.00148910128066,True
0,0,0.00110898387741,True
0,0,0.00133232063543,True
0,0,0.0041724267274,True
0,0,0.00119071635915,True
1,1,0.708880491287,True
1,1,0.854164523364,True
0,0,0.00229151536305,True
0,0,0.000523612154062,True
0,0,0.000572882594233,True
0,0,0.00190912893002,True
0,0,0.00463208147776,True
0,0,0.00290524532859,True
0,0,0.000816434227339,True
0,0,0.0207866441324,True
0,0,0.00177666774769,True
0,0,0.000645787285783,True
0,0,0.00127032913228,True
0,0,0.029846824042,True
0,0,0.00115545786255,True
0,0,0.00108800648547,True
0,0,0.00125193462933,True
0,0,0.000934273433579,True
0,0,0.000308233727322,True
0,0,0.000486913605404,True
0,0,0.00352442893385,True
0,0,0.00238033120943,True
0,0,0.000230674298967,True
0,0,0.00269290253158,True
0,0,0.00260379209126,True
0,0,0.00158697536951,True
0,0,0.00123002230551,True
0,0,0.00107004587014,True
0,0,0.000480187180419,True
0,0,0.000854620808981,True
0,0,0.000954970050458,True
0,0,0.00180109887612,True
0,0,0.00163707741099,True
0,0,0.00143815021088,True
0,0,0.00336933736331,True
0,0,0.00211045378238,True
0,0,0.000419952114774,True
0,0,0.000739294604886,True
0,0,0.000941127812988,True
0,0,0.00263016095569,True
0,0,0.00153039785906,True
0,0,0.0534903940218,True
0,0,0.00164634597341,True
0,0,0.000958476373549,True
0,0,0.00198208731171,True
0,0,0.00132920295407,True
0,0,0.000516287750746,True
0,0,0.00385696452435,True
0,0,0.144153023686,True
0,0,0.00172950943497,True
1,1,0.819767167787,True
0,0,0.000188917265922,True
0,0,0.00280067048404,True
0,0,0.000826903984057,True
0,0,0.000750058451927,True
0,0,0.000542717899877,True
0,0,0.00181872524322,True
0,0,0.00122678040867,True
0,0,0.0017047873067,True
0,0,0.113397267419,True
0,0,0.00671261056351,True
0,0,0.000763389217321,True
0,0,0.000844939767057,True
0,0,0.0326848703443,True
0,0,0.00503055664335,True
0,0,0.00110310165158,True
0,0,0.00485338983064,True
0,0,0.00160593975631,True
0,0,0.000917320304084,True
0,0,0.0021761507964,True
0,0,0.00161358100682,True
0,0,0.000262973199197,True
0,0,0.00472542810868,True
0,0,0.000783713424999,True
0,0,0.000401551333594,True
0,0,0.00077422060557,True
0,0,0.00132802721925,True
0,0,0.000237400687328,True
0,0,0.0043339241866,True
0,0,0.000987517548192,True
0,0,0.000941374610342,True
0,0,0.00356089685865,True
0,0,0.00133777917251,True
0,0,0.000738228990555,True
0,0,0.00160760707324,True
0,0,0.00241672371988,True
0,0,0.000896978816266,True
0,0,0.00112200557891,True
0,0,0.00294753090801,True
0,0,0.000639914262197,True
0,0,0.00268514670559,True
0,0,0.0019928483071,True
0,0,0.000501340527388,True
0,0,0.00193036564715,True
0,0,0.00109634388442,True
1,1,0.549218404976,True
0,0,0.142827159462,True
0,0,0.000309425040356,True
0,0,0.000786170487574,True
0,0,0.00134226297771,True
0,0,0.00127650217653,True
0,0,0.00141506230118,True
0,0,0.000950437605922,True
0,0,0.000827371288241,True
0,0,0.000935075597225,True
0,0,0.00139785492152,True
0,0,0.00354284873337,True
0,0,0.000343677842701,True
0,0,0.00469143674288,True
0,0,0.109591837344,True
0,0,0.00102877219147,True
0,0,0.00270218756537,True
0,0,0.0189651406203,True
0,0,0.00115206641391,True
0,0,0.000849979806381,True
0,0,0.000203215219991,True
0,0,0.197315324942,True
0,0,0.000666911911403,True
0,0,0.000534360245701,True
0,0,0.000468250503368,True
0,0,0.000694955631225,True
0,0,0.000934620141586,True
0,0,0.00153113629435,True
0,0,0.000541779767972,True
0,0,0.00125039712423,True
0,0,0.00086029035264,True
0,0,0.000844979786005,True
0,0,0.0143262120781,True
0,0,0.00232779188882,True
0,0,0.00158168142621,True
0,0,0.0014911612045,True
0,0,0.000981744775214,True
0,0,0.00535490992672,True
0,0,0.00122259504585,True
0,0,0.000546127500958,True
0,0,0.0017550490942,True
0,0,0.000471779579038,True
0,0,0.00463867917662,True
1,0,0.341731804378,False
0,0,0.000699113938942,True
0,0,0.0180694501478,True
0,0,0.000599196823662,True
0,0,0.00166965742951,True
0,0,0.00224765398922,True
0,0,0.00303439051431,True
0,0,0.000886532878315,True
0,0,0.000848299048972,True
0,0,0.000159719645355,True
0,0,0.000827701836044,True
0,0,0.000325431827316,True
0,0,0.00122277032214,True
0,0,0.000913490388944,True
0,0,0.00125343382701,True
0,0,0.00737971822085,True
0,0,0.000676336975138,True
0,0,0.00132649288215,True
0,0,0.0001960243969,True
0,0,0.00174739886732,True
0,0,0.00218121637366,True
0,0,0.0607511879237,True
0,0,0.00160350948862,True
0,0,0.00199166806598,True
0,0,0.00398628426082,True
0,0,0.000623454786735,True
0,0,0.00157442307142,True
0,0,0.000869053713702,True
0,0,0.00145404749149,True
0,0,0.00112943734117,True
0,0,0.00180800176839,True
0,0,0.00124504079285,True
0,0,0.0460829404404,True
0,0,0.00463817931501,True
0,0,0.00574742734364,True
0,0,0.000317642955029,True
0,0,0.0846641280609,True
0,0,0.000994408620956,True
0,0,0.000572174896225,True
0,0,0.0180349229458,True
0,0,0.000812862636399,True
0,0,0.000531179803622,True
0,0,0.00283267452857,True
0,0,0.000377875470103,True
0,0,0.000609883085744,True
1,0,0.0735053146828,False
0,0,0.00127810576489,True
0,0,0.000429094024621,True
0,0,0.0133173015783,True
0,0,0.000853810752618,True
0,0,0.000759622834198,True
0,0,0.00302543173885,True
0,0,0.00159350840631,True
0,0,0.0871393682261,True
0,0,0.00949836002927,True
0,0,0.00794496745514,True
0,0,0.00158485123667,True
0,0,0.0157346937354,True
0,0,0.00240239772661,True
0,0,0.000639306438434,True
0,0,0.00186233557799,True
0,0,0.000856032205866,True
0,0,0.00161234231083,True
0,0,0.00117657775118,True
0,0,0.00105907225821,True
0,0,0.0031888551315,True
0,0,0.000762396095473,True
0,0,0.0008898978225,True
0,0,0.00329993879816,True
0,0,0.000990527732037,True
0,0,0.000540540757421,True
0,0,0.000232809142358,True
0,0,0.00340836703696,True
0,0,0.00112908741564,True
0,0,0.00112873167725,True
1,1,0.958603835961,True
0,0,0.000862606502725,True
0,0,0.000264968417077,True
0,0,0.000796207753418,True
0,0,0.0695199977059,True
0,0,0.000802029265736,True
0,0,0.000730320593395,True
0,0,0.00190816344999,True
0,0,0.000305226602174,True
0,0,0.0817975578168,True
0,0,0.00156244179132,True
0,0,0.000476731247625,True
0,0,0.145059294803,True
0,0,0.00197936926002,True
0,0,0.000379702255793,True
0,0,0.00100198560262,True
0,0,0.00138356015172,True
0,0,0.00149601830046,True
0,0,0.000885030032085,True
0,0,0.0014313982478,True
0,0,0.00934860775112,True
0,0,0.000569939535609,True
0,0,0.00332716387325,True
0,0,0.00106364447617,True
0,0,0.00108762966937,True
0,0,0.000929517004329,True
0,0,0.00104750417579,True
0,0,0.00289307857543,True
0,0,0.00151730281164,True
0,0,0.00138623627219,True
0,0,0.000251788252468,True
0,0,0.0375613643657,True
0,0,0.00237788879611,True
0,0,0.00183471204066,True
1,1,0.863854187402,True
0,0,0.00754969083227,True
0,0,0.0018371762668,True
1,1,0.672658115305,True
0,0,0.000888501118182,True
0,0,0.0538298441285,True
0,0,0.00147443593119,True
0,0,0.00059420962161,True
0,0,0.00608896259886,True
0,0,0.000529842749806,True
0,0,0.000563191873596,True
0,0,0.00266287311575,True
0,0,0.00175787840801,True
0,0,0.00125094509955,True
0,0,0.000834734244301,True
0,0,0.000329341062149,True
0,0,0.00170848174192,True
0,0,0.000344572984395,True
0,0,0.00108234084965,True
0,0,0.0021789910547,True
0,0,0.00181362278302,True
0,0,0.00181603457095,True
0,0,0.0012151135731,True
0,0,0.218841555009,True
0,0,0.00549933638033,True
0,0,0.00092586299295,True
0,0,0.000789344398618,True
0,0,0.00107575981209,True
0,0,0.00145576042891,True
0,0,0.00133243014847,True
0,0,0.0209547189741,True
0,0,0.00167812928775,True
0,0,0.00100471100357,True
0,0,0.000974434136556,True
0,0,0.00134217302022,True
0,0,0.00419885316238,True
0,0,0.00102827961191,True
0,0,0.000563461680305,True
0,0,0.00082872637562,True
0,0,0.000874396130647,True
0,0,0.00114172218497,True
0,0,0.00130393825761,True
0,0,0.000988518275187,True
0,0,0.000412443703542,True
0,0,0.000613851639769,True
0,0,0.000339592169349,True
0,0,0.0137230790639,True
0,0,0.00118893738446,True
0,0,0.000281442727393,True
0,0,0.0203341358726,True
0,0,0.0101671381629,True
0,0,0.00231509086017,True
0,0,0.0310944159144,True
0,0,0.00157193606833,True
0,0,0.00126268242804,True
0,0,0.000937151059794,True
0,0,0.000847009569077,True
0,0,0.000391691984714,True
0,0,0.0559787125989,True
0,0,0.00075308976603,True
0,0,0.00426613097006,True
0,0,0.00470370861643,True
0,0,0.000942855747581,True
0,0,0.00252464216171,True
0,0,0.000958749874605,True
0,0,0.00156149093882,True
0,0,0.000814319515541,True
0,0,0.213510778071,True
0,0,0.00124457837456,True
0,0,0.00289903319188,True
0,0,0.000742498756113,True
0,0,0.00110958666125,True
0,0,0.00107583265839,True
0,0,0.00268360506229,True
0,0,0.00305353711358,True
0,0,0.00163707741099,True
0,0,0.00120280577121,True
0,0,0.00626369686546,True
0,0,0.00314833852201,True
0,0,0.0011625761832,True
0,0,0.0127200608954,True
0,0,0.000809964605458,True
0,0,0.000382087212955,True
0,0,0.000865038010025,True
0,0,0.000456762865892,True
0,0,0.00104751022925,True
0,0,0.000685472920513,True
0,0,0.00138419437281,True
0,0,0.00083397724773,True
0,0,0.00205226220542,True
0,0,0.000668240491333,True
0,0,0.00201520604171,True
0,0,0.000956772869224,True
0,0,0.000350114020241,True
0,0,0.00877148307699,True
0,0,0.00319771975499,True
0,0,0.000377354538983,True
0,0,0.00230848231093,True
0,0,0.00206168311528,True
0,0,0.000666112868347,True
0,0,0.000681266491832,True
0,0,0.00146188444621,True
0,0,0.00300944601589,True
0,0,0.00068362430085,True
0,0,0.000454829335339,True
0,0,0.00118750478865,True
0,0,0.00054822824149,True
0,0,0.000428795666319,True
0,0,0.00469690367436,True
0,0,0.000884489667465,True
0,0,0.000710000227519,True
0,0,0.000435221805572,True
0,0,0.00217771892073,True
0,0,0.000886812680346,True
0,0,0.00119041931401,True
0,0,0.00391810412385,True
0,0,0.00431933995858,True
0,0,0.00161911105242,True
0,0,0.00276184574561,True
0,0,0.00099212327094,True
0,0,0.000598056390171,True
0,0,0.000870309899587,True
0,0,0.00058370243456,True
0,0,0.0420048638946,True
0,0,0.0438485130878,True
0,0,0.111449181908,True
0,0,0.000405833198534,True
0,0,0.00171074910135,True
0,0,0.000695802450013,True
0,0,0.00141080980678,True
0,0,0.00128856504015,True
0,0,0.000744828179515,True
0,0,0.00101006266841,True
0,0,0.000837380311863,True
0,0,0.00220081087636,True
0,0,0.00169499692391,True
0,0,0.0482664816582,True
0,0,0.000588761345458,True
0,0,0.00349738158213,True
0,0,0.0016455107921,True
0,0,0.000747366173146,True
0,0,0.00135563490605,True
0,0,0.00067776981124,True
0,0,0.00155206685045,True
0,0,0.00985520724643,True
0,0,0.000774217978985,True
0,0,0.000348749066569,True
0,0,0.000707804995957,True
0,0,0.000182203406102,True
0,0,0.0011559470444,True
0,0,0.0473167826953,True
0,0,0.000636141610852,True
0,0,0.0309377609437,True
0,0,0.000847362824076,True
0,0,0.000933481325745,True
0,0,0.00177008928506,True
0,0,0.0134146319907,True
0,0,0.00074346242487,True
0,0,0.000937258051362,True
0,0,0.00183522364335,True
0,0,0.00271986294386,True
0,0,0.00119963166457,True
0,0,0.00341914769725,True
0,0,0.000632508243748,True
0,0,0.000557092602078,True
0,0,0.00130109567652,True
0,0,0.00105598678347,True
0,0,0.000904130999979,True
0,0,0.000266339649673,True
0,0,0.000786985548349,True
0,0,0.000448667003622,True
0,0,0.000614132749108,True
0,0,0.000557749023392,True
0,0,0.00033711987544,True
0,0,0.0147743454678,True
0,0,0.000580588760481,True
0,0,0.00304468173689,True
0,0,0.000785403791732,True
0,0,0.000595839829915,True
0,0,0.00210112502276,True
0,0,0.000294105046596,True
0,0,0.00131255662914,True
0,0,0.000329341062149,True
1,0,0.208612509974,False
1,1,0.98560301996,True
0,0,0.0010873556364,True
0,0,0.00167818738777,True
0,0,0.0014357056565,True
0,0,0.00036498389761,True
0,0,0.000681515805264,True
0,0,0.0740415918378,True
0,0,0.000547230934095,True
0,0,0.000723853577409,True
0,0,0.000938661072391,True
0,0,0.00100996722685,True
0,0,0.00144343253551,True
0,0,0.00104755875671,True
0,0,0.000408169947466,True
0,0,0.000305433796015,True
0,0,0.0514204092261,True
0,0,0.000646905184635,True
0,0,0.00272565126034,True
0,0,0.00227082263503,True
0,0,0.000547130172458,True
0,0,0.00111115782831,True
0,0,0.000406692581454,True
0,0,0.00173028842613,True
0,0,0.0387345610538,True
0,0,0.000594734431231,True
0,0,0.00462918774904,True
0,0,0.000627202651165,True
0,0,0.000342063803008,True
0,0,0.00211336720536,True
0,0,0.000529708099984,True
0,0,0.000739182691978,True
0,0,0.00273260967948,True
0,0,0.000784272008806,True
0,0,0.000697650287592,True
0,0,0.00243673917397,True
0,0,0.00227834717755,True
0,0,0.00172595636999,True
0,0,0.00142060561149,True
0,0,0.00352498205918,True
0,0,0.0692282375876,True
0,0,0.000793822216284,True
0,0,0.0033750641175,True
0,0,0.000447109673321,True
0,0,0.00107253086301,True
0,0,0.102937509757,True
0,0,0.00100219597652,True
0,0,0.000765564228053,True
0,0,0.000896620885266,True
0,0,0.00018322052487,True
0,0,0.00111081674285,True
0,0,0.00193155280239,True
0,0,0.00146063734079,True
0,0,0.000400522169967,True
0,0,0.00158785307446,True
0,0,0.000626041787565,True
0,0,0.00447519266029,True
0,0,0.00654370662508,True
0,0,0.0143957913868,True
0,0,0.119392424585,True
0,0,0.00271001426432,True
0,0,0.000845635370452,True
0,0,0.0145879881395,True
0,0,0.00112229356023,True
0,0,0.000610177033407,True
0,0,0.00071765628773,True
0,0,0.000205821306644,True
0,0,0.00076989564029,True
0,0,0.00147823924184,True
0,0,0.000429451848797,True
0,0,0.000510055054828,True
0,0,0.000286099860555,True
0,0,0.000833465647653,True
0,0,0.0016497004721,True
0,0,0.00271519193273,True
1,1,0.982333248351,True
0,0,0.000541635839071,True
0,0,0.0015143148096,True
0,0,0.000558629860522,True
0,0,0.000541635839071,True
0,0,0.0025941888248,True
0,0,0.00515464858117,True
0,0,0.00333488049728,True
0,0,0.00133114722029,True
0,0,0.000451475701031,True
0,0,0.00180221534555,True
0,0,0.000110905601473,True
0,0,0.000984055520135,True
0,0,0.000318820882019,True
0,0,0.000790808280102,True
0,0,0.00268251610191,True
0,0,0.00106960564741,True
0,0,0.000543333104951,True
0,0,0.00070560789821,True
0,0,0.00280000540459,True
0,0,0.000475979518168,True
0,0,0.00105224340571,True
0,0,0.00431303418289,True
0,0,0.000455028025088,True
0,0,0.000835487261392,True
0,0,0.000921335825915,True
0,0,0.00139402368256,True
0,0,0.000323185917036,True
0,0,0.00270968184212,True
0,0,0.00504950661041,True
0,0,0.000975735983923,True
0,0,0.00114642858909,True
0,0,0.000977121689536,True
0,0,0.00242606333277,True
0,0,0.000497115296959,True
0,0,0.00071086998035,True
0,0,0.000266961642394,True
0,0,0.00104223915404,True
0,0,0.00134708425644,True
0,0,0.00120456588624,True
0,0,0.00250561420187,True
0,0,0.00380595304324,True
0,0,0.00272262652329,True
0,0,0.000737256866522,True
0,0,0.00588642309842,True
0,0,0.0441643197655,True
0,0,0.000241558817989,True
0,0,0.141812063909,True
0,0,0.00194719711542,True
0,0,0.000492996981532,True
0,0,0.000925314739013,True
0,0,0.00126200572372,True
0,0,0.00048503025193,True
0,0,0.00112025715136,True
0,0,0.000827371288241,True
0,0,0.00283346537282,True
0,0,0.000816434227339,True
0,0,0.000833293273637,True
0,0,0.00128566691446,True
0,0,0.004279809959,True
0,0,0.00110928791855,True
0,0,0.00136221251859,True
0,0,0.00263523911178,True
0,0,0.000988179836087,True
0,0,0.00190207206214,True
0,0,0.000656862861191,True
0,0,0.00565844028462,True
0,0,0.00215491601458,True
0,0,0.00132972657011,True
0,0,0.00296282888785,True
0,0,0.0628094480459,True
0,0,0.00925670389483,True
0,0,0.0012198490234,True
0,0,0.000572721202452,True
0,0,0.00140809083357,True
0,0,0.000758046305085,True
1,1,0.840696280713,True
0,0,0.00147604829266,True
0,0,0.000668438430078,True
0,0,0.000798738211519,True
0,0,0.000401829983203,True
0,0,0.253015993265,True
1,1,0.908846038445,True
0,0,0.00520787304436,True
0,0,0.00021700693838,True
0,0,0.000974438358557,True
0,0,0.00082060827165,True
1,1,0.956546653512,True
0,0,0.000487820502421,True
0,0,0.00338218273179,True
1,1,0.641841846525,True
0,0,0.000516108585242,True
0,0,0.000940917784321,True
0,0,0.00692416607219,True
0,0,0.00247484097448,True
0,0,0.0188032767199,True
0,0,0.00117126874231,True
0,0,0.00191948873213,True
0,0,0.0010128011771,True
0,0,0.000514852741133,True
0,0,0.000407455630152,True
0,0,0.000613511706306,True
0,0,0.00787147702916,True
0,0,0.000740172193018,True
0,0,0.00108421782751,True
0,0,0.00103698140705,True
0,0,0.00151233676649,True
0,0,0.000230171244846,True
0,0,0.00126942476186,True
0,0,0.000704314316008,True
0,0,0.000985267421108,True
0,0,0.000771626366428,True
0,0,0.000930780118909,True
0,0,0.0383276600517,True
0,0,0.00141598525155,True
0,0,0.000277772675085,True
0,0,0.0016866643343,True
0,0,0.00109666414659,True
0,0,0.000523425141677,True
0,0,0.00103780659188,True
0,0,0.000374042777637,True
0,0,0.000709742878893,True
0,0,0.000953038753329,True
0,0,0.00107412662417,True
1,1,0.750360890801,True
0,0,0.043498519528,True
0,0,0.000831379215501,True
0,0,0.000719337776784,True
0,0,0.0959632825352,True
0,0,0.000677597553796,True
0,0,0.00228736434079,True
0,0,0.00128552646087,True
0,0,0.00161637466325,True
0,0,0.00114554425253,True
0,0,0.00237474889066,True
0,0,0.0012678510219,True
0,0,0.00119120912331,True
0,0,0.00025650170297,True
0,0,0.00942565486054,True
0,0,0.00077621194872,True
1,1,0.702371239318,True
0,0,0.0266826111331,True
0,0,0.000810533135672,True
0,0,0.00143183397357,True
0,0,0.000901833691553,True
0,0,0.00191272333762,True
0,0,0.000867864498174,True
0,0,0.000696910793183,True
0,0,0.000856517568127,True
0,0,0.00127112641962,True
0,0,0.000724015328919,True
0,0,0.000618774422139,True
0,0,0.000262637433498,True
0,0,0.000276133811436,True
0,0,0.00287183572381,True
0,0,0.00110488842436,True
0,0,0.00717445965659,True
0,0,0.0135488995918,True
0,0,0.000640577007608,True
0,0,0.000928309979432,True
0,0,0.000429195869559,True
0,0,0.00115136179215,True
0,0,0.00340365906904,True
0,0,0.000548133413816,True
0,0,0.00138002216678,True
1,0,0.402153483547,False
0,0,0.00999849453194,True
0,0,0.00114666851119,True
0,0,0.00238225309454,True
0,0,0.00069332778095,True
0,0,0.0135426561843,True
0,0,0.000629109206325,True
0,0,0.00137568364528,True
1,1,0.987201698471,True
0,0,0.000645419690049,True
0,0,0.00114928644593,True
0,0,0.00137887823056,True
0,0,0.000561128932386,True
0,0,0.00120006641263,True
0,0,0.00193709212461,True
0,0,0.00158435026793,True
0,0,0.315099240934,True
0,0,0.000982968403757,True
0,0,0.00041269035292,True
0,0,0.00082406820941,True
0,0,0.00186586931033,True
0,0,0.105957837376,True
0,0,0.00088428413364,True
0,0,0.00128142934164,True
0,0,0.00139669108647,True
0,0,0.000700338993895,True
0,0,0.0467964895897,True
0,0,0.00131857709359,True
1,1,0.885048733196,True
0,0,0.000519588922036,True
0,0,0.00216111373504,True
0,0,0.000883251478837,True
0,0,0.00121183388961,True
0,0,0.000354032148318,True
0,0,0.00356341125658,True
0,0,0.000549035813429,True
0,0,0.00886088491394,True
0,0,0.0393256274463,True
0,0,0.000803147913116,True
0,0,0.00106132303204,True
0,0,0.00150349506409,True
0,0,0.00274003469305,True
0,0,0.00136550149869,True
0,0,0.00149056959211,True
0,0,0.000763682066016,True
1,0,0.127865818836,False
0,0,0.00226209253138,True
0,0,0.00394679030852,True
0,0,0.0700326920579,True
0,0,0.00136987689613,True
0,0,0.00181657987672,True
0,0,0.00099096042954,True
0,0,0.000467056183126,True
0,0,0.0557623171357,True
0,0,0.0178701290817,True
0,0,0.000480314086465,True
0,0,0.00132872980109,True
0,0,0.00114012399189,True
0,0,0.000281092678246,True
0,0,0.00240695728918,True
0,0,0.000483291005845,True
0,0,0.00185183352,True
0,0,0.000598964701005,True
0,0,0.000737852846478,True
0,0,0.00151917270747,True
0,0,0.00112239475657,True
0,0,0.000572498767679,True
0,0,0.094562643673,True
0,0,0.000777196554344,True
0,0,0.000514514434823,True
0,0,0.000518889688381,True
0,0,0.000558100708155,True
0,0,0.00100527690072,True
0,0,0.000903949783289,True
0,0,0.000851228687607,True
0,0,0.0197984410266,True
0,0,0.000464279521875,True
0,0,0.00154281708284,True
0,0,0.00122688179556,True
0,0,0.00059720446318,True
0,0,0.00287756151255,True
0,0,0.00393845177364,True
0,0,0.000603255415164,True
0,0,0.00117225713918,True
0,0,0.000315638538233,True
0,0,0.00144885832061,True
0,0,0.000540240500202,True
0,0,0.000393721388417,True
0,0,0.000730330318502,True
0,0,0.000865822877128,True
0,0,0.000529092162664,True
0,0,0.00159432286746,True
0,0,0.000636371339209,True
0,0,0.000850171569627,True
0,0,0.0011513828169,True
0,0,0.000890323770099,True
0,0,0.000448876696786,True
0,0,0.000950918030624,True
0,0,0.000427492264176,True
0,0,0.00337020140779,True
0,0,0.000346628036139,True
0,0,0.000846390754276,True
0,0,0.00398655425296,True
0,0,0.0210222482411,True
0,0,0.0281840428541,True
0,0,0.000302189561492,True
0,0,0.00341994029736,True
0,0,0.0020001308421,True
0,0,0.00107081091774,True
0,0,0.00140470215708,True
0,0,0.000797856163768,True
0,0,0.00145232025588,True
0,0,0.000300962450756,True
0,0,0.0025221349867,True
0,0,0.00339010503582,True
0,0,0.000598540048562,True
0,0,0.0232328321774,True
0,0,0.00084514326004,True
0,0,0.000530644522565,True
0,0,0.00058395824395,True
0,0,0.000877208231813,True
0,0,0.0035687804853,True
1,1,0.987023681795,True
0,0,0.0839976973747,True
0,0,0.000469704411546,True
0,0,0.000770266138107,True
0,0,0.00119901920787,True
0,0,0.00141050123986,True
0,0,0.00139341796104,True
0,0,0.000721251449146,True
0,0,0.000571666663793,True
1,1,0.699840360323,True
0,0,0.00111016546995,True
0,0,0.00308763642842,True
0,0,0.000364069347532,True
0,0,0.000822185509319,True
0,0,0.00149099337258,True
0,0,0.000711414050453,True
0,0,0.00120648372037,True
0,0,0.000462432183049,True
0,0,0.00188251709191,True
0,0,0.000938917562753,True
0,0,0.000236810765045,True
0,0,0.000868211570068,True
0,0,0.0213301078925,True
0,0,0.000950773859166,True
0,0,0.00322347098841,True
0,0,0.000600438284389,True
0,0,0.0609674605848,True
0,0,0.000590140681859,True
0,0,0.00145368187003,True
0,0,0.00133664326707,True
0,0,0.000624059816641,True
0,0,0.000708514101226,True
0,0,0.0178500266302,True
0,0,0.0460829404404,True
0,0,0.00102509229389,True
0,0,0.000905026205125,True
0,0,0.00729369870137,True
0,0,0.00163285254646,True
1,1,0.889035705447,True
0,0,0.134519553526,True
0,0,0.00236512177036,True
0,0,0.00328766607524,True
0,0,0.00118376576201,True
0,0,0.00149491156688,True
0,0,0.00156576190772,True
0,0,0.000715358538209,True
0,0,0.00100142976171,True
0,0,0.00927840644232,True
0,0,0.000751810465606,True
0,0,0.000944505898262,True
0,0,0.00195342635106,True
0,0,0.00188659929781,True
0,0,0.000578591352154,True
0,0,0.0156333538108,True
0,0,0.00155592483476,True
0,0,0.000100070245521,True
0,0,0.000961730294891,True
0,0,0.00249169548754,True
0,0,0.000793100837509,True
0,0,0.00040613904789,True
0,0,0.000636371339209,True
0,0,0.00133378707547,True
0,0,0.000975219661848,True
0,0,0.00144476975661,True
0,0,0.0238040816124,True
0,0,0.00112952445068,True
0,0,0.000793957964272,True
0,0,0.00112828382498,True
0,0,0.0292884897783,True
0,0,0.000257184254789,True
0,0,0.00184275943468,True
0,0,0.000762930804372,True
0,0,0.00097700953141,True
0,0,0.00113782412833,True
0,0,0.000602690871774,True
0,0,0.00152788354461,True
0,0,0.000932628725364,True
0,0,0.00213303297224,True
0,0,0.000680628385571,True
0,0,0.00150478820868,True
0,0,0.00100454317817,True
0,0,0.00148790999637,True
1,1,0.817528556344,True
0,0,0.00189538966856,True
0,0,0.00084514326004,True
0,0,0.140592763325,True
0,0,0.000762118241436,True
0,0,0.00106134617201,True
0,0,0.00226632077312,True
0,0,0.00178658907436,True
0,0,0.00085444838729,True
0,0,0.00246454734097,True
0,0,0.00612215781279,True
0,0,0.00249987141396,True
0,0,0.000740949878758,True
0,0,0.00105137981158,True
0,0,0.00558351844368,True
0,0,0.00145958571021,True
0,0,0.00441934434687,True
0,0,0.00091940254559,True
0,0,0.00767865311275,True
0,0,0.00624608993642,True
1,1,0.971980640395,True
0,0,0.0011841936811,True
0,0,0.000428544510661,True
0,0,0.000370637559857,True
0,0,0.000518646421273,True
0,0,0.000659971800718,True
0,0,0.0024211485521,True
0,0,0.00106983302198,True
0,0,0.00099986434106,True
0,0,0.00139005446095,True
0,0,0.000996894097306,True
0,0,0.000978861840134,True
0,0,0.00028049574689,True
0,0,0.00193745447224,True
0,0,0.000700646665479,True
0,0,0.00165985507211,True
0,0,0.231098131347,True
0,0,0.000995811207324,True
0,0,0.00118308180705,True
0,0,0.000157597450634,True
0,0,0.000809639212484,True
0,0,0.162389280137,True
0,0,0.00168888210281,True
0,0,0.0770008947115,True
0,0,0.00268768011922,True
0,0,0.00201503797644,True
0,0,0.00181517639811,True
0,0,0.00139888524955,True
0,0,0.0004359505954,True
0,0,0.00162333992444,True
0,0,0.000673535169988,True
0,0,0.0035158922153,True
0,0,0.000964051040722,True
0,0,0.0012402331683,True
0,0,0.00047975746383,True
0,0,0.000480533886456,True
0,0,0.00287878830546,True
0,0,0.000909564073986,True
0,0,0.000410138132661,True
0,0,0.00224193203538,True
1,1,0.664745585855,True
0,0,0.00138314601984,True
0,0,0.00129006168725,True
0,0,0.00100183759712,True
1,1,0.928181478498,True
0,0,0.00109833837732,True
0,0,0.00519859419613,True
0,0,0.0010498963081,True
0,0,0.0963103441626,True
0,0,0.00160123598378,True
0,0,0.00211715944693,True
0,0,0.00123194392836,True
0,0,0.000951359355914,True
0,0,0.000581502155357,True
0,0,0.000307306741734,True
0,0,0.000705368334297,True
0,0,0.000411456097331,True
0,0,0.000937968096036,True
0,0,0.00142572434481,True
0,0,0.0016443910138,True
0,0,0.00133341324034,True
0,0,0.000554499280945,True
0,0,0.000422940455108,True
0,0,0.000609902344789,True
0,0,0.000535261478859,True
0,0,0.0603423223155,True
0,0,0.00152323048863,True
0,0,0.0602872176913,True
0,0,0.000306576580042,True
0,0,0.0447196895226,True
0,0,0.000750691040143,True
1,1,0.927778025942,True
0,0,0.0015142265488,True
0,0,0.000254407389448,True
0,0,0.000946181512653,True
0,0,0.000357166569232,True
0,0,0.0019698778323,True
0,0,0.000671935895877,True
0,0,0.00156854573516,True
0,0,0.00103975518891,True
0,0,0.00300389784876,True
0,0,0.13639352892,True
0,0,0.00101930327757,True
0,0,0.0017855093253,True
0,0,0.000653029912388,True
0,0,0.00252733670357,True
0,0,0.00123093934767,True
0,0,0.00187463508479,True
0,0,0.00137194303966,True
0,0,0.01289691697,True
0,0,0.00101826630065,True
0,0,0.0016250515887,True
0,0,0.000452704889965,True
1,1,0.869670735697,True
0,0,0.00145868764845,True
0,0,0.000739182691978,True
0,0,0.0916070152514,True
0,0,0.000563530253884,True
0,0,0.00061475450861,True
0,0,0.000704078782424,True
0,0,0.00173710596294,True
0,0,0.00489731760344,True
0,0,0.00051993909886,True
0,0,0.00196046953472,True
0,0,0.00126749967754,True
0,0,0.00210954141675,True
0,0,0.00578196421217,True
0,0,0.00123654700011,True
0,0,0.000926477079976,True
0,0,0.000419158212981,True
0,0,0.000335520845374,True
0,0,0.0632404200893,True
0,0,0.0024421697046,True
0,0,0.00157916222004,True
0,0,0.00535340552001,True
0,0,0.000791450188005,True
0,0,0.040945057139,True
0,0,0.00092186326782,True
0,0,0.00134889666492,True
0,0,0.0010814663408,True
0,0,0.000170256976863,True
0,0,0.00458692893472,True
0,0,0.00054162809981,True
0,0,0.000321100266733,True
0,0,0.000826174464309,True
0,0,0.000302771109599,True
0,0,0.000450835757519,True
0,0,0.00321633881897,True
0,0,0.0036548051639,True
0,0,0.00070386455468,True
0,0,0.0010850080677,True
0,0,0.000579578457851,True
0,0,0.000462215627276,True
0,0,0.000687787202522,True
0,0,0.00153359270895,True
0,0,0.00277316032194,True
0,0,0.000598593828982,True
0,0,0.00138333660532,True
0,0,0.000522250360599,True
0,0,0.00107793909833,True
0,0,0.0321905259895,True
0,0,0.0452356381499,True
0,0,0.0016161201559,True
0,0,0.0010481875797,True
0,0,0.000717909838501,True
0,0,0.000687619202177,True
0,0,0.00199150413278,True
0,0,0.00084943779144,True
0,0,0.000680946682892,True
1,1,0.922592094825,True
0,0,0.00298256471525,True
0,0,0.000522628299717,True
0,0,0.00194618752829,True
0,0,0.00243420225275,True
0,0,0.00151004202138,True
0,0,0.0011849601544,True
0,0,0.00231130003735,True
0,0,0.00109129814911,True
0,0,0.00150272300663,True
0,0,0.00222966042428,True
0,0,0.00124072370346,True
0,0,0.109493865542,True
0,0,0.00116452233715,True
0,0,0.00275027632327,True
0,0,0.00128376878203,True
0,0,0.000601904392649,True
0,0,0.000548604641965,True
0,0,0.00138725183519,True
0,0,0.0451551020305,True
0,0,0.000483238296087,True
0,0,0.477550910358,True
0,0,0.000303613317708,True
0,0,0.0874142228024,True
0,0,0.000632611275769,True
0,0,0.00138990732235,True
0,0,0.000925869320174,True
0,0,0.0327464131999,True
0,0,0.00239922868213,True
0,0,0.00110921434315,True
1,0,0.0142454576664,False
0,0,0.000892542985423,True
0,0,0.000475370255784,True
0,0,0.00403949454037,True
0,0,0.00215086352609,True
0,0,0.000574554939733,True
0,0,0.0107022845936,True
0,0,0.0015664160055,True
0,0,0.000571544761334,True
0,0,0.0574968243523,True
0,0,0.00119727072028,True
0,0,0.00118099201865,True
0,0,0.00157421143725,True
0,0,0.000119328182804,True
0,0,0.00183541463324,True
0,0,0.000488643667356,True
0,0,0.000556590586445,True
0,0,0.000578591352154,True
0,0,0.00307890645557,True
0,0,0.00187586012323,True
0,0,0.00257968699388,True
0,0,0.00355439199542,True
0,0,0.00096837609149,True
0,0,0.00182062860932,True
0,0,0.000625147446524,True
0,0,0.00512318579087,True
0,0,0.000738522170885,True
0,0,0.00498899573586,True
0,0,0.000593830002209,True
0,0,0.00144153911117,True
0,0,0.00142731527862,True
0,0,0.00114761877975,True
0,0,0.00252998662396,True
0,0,0.00165811816059,True
1,0,0.298772784612,False
0,0,0.266690882173,True
0,0,0.000763035545002,True
0,0,0.000290150169842,True
0,0,0.0044321691483,True
0,0,0.00298591624328,True
0,0,0.000272214047374,True
0,0,0.00153037795038,True
0,0,0.000726013259774,True
0,0,0.00141604974225,True
0,0,0.000821748591752,True
0,0,0.00468751533537,True
0,0,0.00129671735457,True
0,0,0.00150922786022,True
0,0,0.0399668659488,True
0,0,0.00141832162674,True
0,0,0.00120443890368,True
0,0,0.000578187360685,True
0,0,0.000904882231722,True
0,0,0.000637453287451,True
0,0,0.0133871128765,True
0,0,0.00206738743852,True
0,0,0.00178213017632,True
0,0,0.00174552495339,True
1,1,0.578805346355,True
0,0,0.000837836095016,True
0,0,0.00126896443743,True
0,0,0.00130917266856,True
0,0,0.000314572546675,True
0,0,0.000825235092394,True
1,1,0.963339955417,True
0,0,0.00073867498248,True
0,0,0.00337964993772,True
0,0,0.000249697480111,True
0,0,0.000939589738847,True
0,0,0.00443355927047,True
0,0,0.000796122374463,True
0,0,0.0016597010481,True
0,0,0.00163297515344,True
0,0,0.00540815713809,True
0,0,0.00103006627042,True
0,0,0.0554657913978,True
0,0,0.00217498221483,True
0,0,0.000599385991895,True
0,0,0.00426689120587,True
0,0,0.0183535375602,True
0,0,0.000349763897036,True
0,0,0.000795840365617,True
0,0,0.00106211772906,True
0,0,0.181047130867,True
0,0,0.00069448941943,True
0,0,0.00117013904319,True
0,0,0.00122017282703,True
0,0,0.00214571491001,True
0,0,0.00385179510458,True
0,0,0.00115432252917,True
0,0,0.00302719824108,True
0,0,0.00103969773165,True
0,0,0.00080618575649,True
1,1,0.84824217491,True
0,0,0.000375991064107,True
0,0,0.00154327127951,True
0,0,0.0103370027584,True
0,0,0.000671724247272,True
0,0,0.000370030319425,True
0,0,0.00216929289066,True
0,0,0.00111476342563,True
0,0,0.0031197029065,True
0,0,0.000428360848948,True
0,0,0.00135262866236,True
0,0,0.00104485312214,True
0,0,0.00163271608301,True
0,0,0.00157720663188,True
0,0,0.0010739416116,True
1,1,0.89897256542,True
0,0,0.00657877723138,True
0,0,0.000695018044558,True
0,0,0.00196171659471,True
0,0,0.000697974046895,True
0,0,0.000966537923615,True
0,0,0.000764418852756,True
0,0,0.00175254073338,True
0,0,0.00121293182503,True
0,0,0.00239283030536,True
0,0,0.00226198742968,True
0,0,0.0563426984125,True
0,0,0.000647834613662,True
0,0,0.000460263334605,True
0,0,0.000682888893942,True
0,0,0.000738798686945,True
0,0,0.00249731299395,True
0,0,0.0019038281112,True
0,0,0.000979700602455,True
0,0,0.120295029894,True
0,0,0.000761022211746,True
0,0,0.00214374462009,True
0,0,0.000693874109677,True
0,0,0.000401532152956,True
0,0,0.00107888038069,True
0,0,0.000558690556604,True
0,0,0.000982788852752,True
0,0,0.00127413268008,True
0,0,0.00105154900706,True
0,0,0.000848557423198,True
0,0,0.00119651889011,True
0,0,0.000405996955292,True
1,1,0.994306393997,True
0,0,0.00157800102402,True
0,0,0.00254271266287,True
0,0,0.00120641117048,True
0,0,0.125996315407,True
0,0,0.000918582434268,True
1,1,0.723627244656,True
0,0,0.000497040768744,True
0,0,0.000275093343271,True
0,0,0.00215448034936,True
0,0,0.000208293052733,True
0,0,0.000268328129847,True
0,0,0.000562037619313,True
0,0,0.00198698150628,True
0,0,0.00106055483887,True
0,0,0.000490214077659,True
0,0,0.00389856865924,True
0,0,0.00232349764822,True
0,0,0.000970821342188,True
0,0,0.00122654023059,True
0,0,0.000283624473855,True
0,0,0.000865358671208,True
0,0,0.0134378784101,True
0,0,0.000716769598593,True
0,0,0.00374242563598,True
0,0,0.000685700719867,True
0,0,0.00156871891781,True
0,0,0.0240178489793,True
0,0,0.00200285280705,True
0,0,0.000871775628263,True
0,0,0.00100727300789,True
0,0,0.0016186214035,True
0,0,0.000771233201432,True
0,0,0.00104136685534,True
0,0,0.00127207418985,True
0,0,0.00146503599102,True
0,0,0.00315632762672,True
0,0,0.000570153827765,True
0,0,0.00386388797113,True
0,0,0.0010106367552,True
0,0,0.00130989753363,True
0,0,0.000921916424568,True
0,0,0.000306883406163,True
0,0,0.00176793565167,True
0,0,0.000382203516797,True
0,0,0.00109023559888,True
0,0,0.000964977440343,True
0,0,0.0995121044224,True
0,0,0.000736511759261,True
0,0,0.00110089915887,True
0,0,0.00339280752348,True
0,0,0.000906234719902,True
0,0,0.000998592972888,True
0,0,0.000683469133768,True
0,0,0.0646130489565,True
0,0,0.00085712064497,True
0,0,0.0293592037772,True
0,0,0.00048912052458,True
0,0,0.0136356971582,True
1,1,0.710336097471,True
1,1,0.737005723518,True
0,0,0.000632686817047,True
0,0,0.000784938890365,True
0,0,0.00248623647296,True
0,0,0.000908166434439,True
0,0,0.000920987837328,True
0,0,0.00136375172476,True
0,0,0.00283593880925,True
0,0,0.00268848498391,True
0,0,0.000567387950954,True
0,0,0.000453558802254,True
1,1,0.77829640216,True
0,0,0.000455698315158,True
0,0,0.000593450158972,True
0,0,0.00148842106025,True
0,0,0.000601897016066,True
0,0,0.00364230991021,True
0,0,0.000625784815334,True
0,0,0.0232825009599,True
0,0,0.000695018044558,True
0,0,0.000583929377654,True
1,1,0.82080146393,True
0,0,0.00132830449531,True
0,0,0.000483524691003,True
0,0,0.000868227786923,True
0,0,0.0013213077844,True
0,0,0.00117382212215,True
0,0,0.000737393706965,True
0,0,0.00318218357776,True
0,0,0.000791908087851,True
0,0,0.000663737936917,True
0,0,0.00127053378833,True
0,0,0.000590061563414,True
0,0,0.0013918118658,True
0,0,0.00072864797118,True
0,0,0.00128596318753,True
0,0,0.0082963926133,True
0,0,0.00124531986306,True
0,0,0.00441814464296,True
0,0,0.0692208354994,True
0,0,0.0230572410654,True
0,0,0.00110529481946,True
0,0,0.00100359453171,True
0,0,0.00336140315343,True
0,0,0.000657039029651,True
0,0,0.00119791180829,True
0,0,0.0190010276129,True
0,0,0.00424784759973,True
1,1,0.792438749174,True
0,0,0.123315174376,True
0,0,0.00174188323424,True
0,0,0.00174400022017,True
0,0,0.00112617894476,True
0,0,0.000691398557098,True
0,0,0.00140809083357,True
0,0,0.00127607826855,True
0,0,0.000322163919831,True
0,0,0.00178324954434,True
0,0,0.000308647513978,True
0,0,0.000733944768838,True
0,0,0.00689449547163,True
0,0,0.00230715490951,True
0,0,0.0101975754832,True
0,0,0.0389278720957,True
0,0,0.00204152838052,True
0,0,0.000794970022359,True
0,0,0.000756395944674,True
0,0,0.00071086998035,True
0,0,0.00661522041306,True
0,0,0.00169502036626,True
0,0,0.00214023380239,True
0,0,0.000588080786411,True
0,0,0.00102555794584,True
0,0,0.00091454521982,True
0,0,0.00126289220657,True
0,0,0.00244940732234,True
1,0,0.361686401088,False
0,0,0.0134253053367,True
0,0,0.0039542679046,True
0,0,0.00687837131853,True
0,0,0.000782523615833,True
0,0,0.00252762174928,True
0,0,0.0468169532381,True
0,0,0.00122348563994,True
0,0,0.00154889630589,True
0,0,0.00247879663001,True
0,0,0.000936607141777,True
0,0,0.000365941721311,True
0,0,0.0340030494707,True
0,0,0.000744407597478,True
0,0,0.00161148753685,True
0,0,0.000844904444344,True
0,0,0.0581495627687,True
0,0,0.00116755077986,True
0,0,0.00101518521624,True
0,0,0.000517807399862,True
0,0,0.00496005432951,True
0,0,0.00499978820085,True
0,0,0.000319517443526,True
0,0,0.00117347602153,True
0,0,0.00351928356747,True
0,0,0.00191797128004,True
0,0,0.0010739416116,True
0,0,0.223961003692,True
0,0,0.000458793770997,True
0,0,0.00156149140522,True
0,0,0.00225057062526,True
0,0,0.000807680085582,True
0,0,0.00125927257188,True
0,0,0.0459332609185,True
0,0,0.00235793266577,True
0,0,0.00079350917992,True
1,1,0.759590440309,True
0,0,0.00166032829016,True
0,0,0.00163569972878,True
0,0,0.000712169330167,True
0,0,0.0753350039547,True
0,0,0.00223655584423,True
0,0,0.00101012820769,True
0,0,0.000343617695553,True
0,0,0.000781333782765,True
0,0,0.215592597376,True
0,0,0.000963740000461,True
0,0,0.00197537112912,True
0,0,0.00159086165271,True
0,0,0.0152258041819,True
0,0,0.033613696903,True
0,0,0.00195593216539,True
0,0,0.00151634192738,True
0,0,0.000477095220485,True
0,0,0.000692386574782,True
0,0,0.000644878505924,True
0,0,0.00167052661665,True
0,0,0.0601248802893,True
0,0,0.176044014479,True
0,0,0.000529734728816,True
0,0,0.000448817775839,True
0,0,0.0598663882462,True
0,0,0.00345470407569,True
0,0,0.00138957835286,True
0,0,0.00106591090621,True
0,0,0.000195817184726,True
0,0,0.00112918159061,True
0,0,0.000722904615938,True
0,0,0.00470830908926,True
0,0,0.000757437480159,True
0,0,0.00313490587093,True
0,0,0.243843694805,True
0,0,0.000378602081695,True
0,0,0.0012415316823,True
0,0,0.000377575801425,True
0,0,0.000633194481485,True
0,0,0.00200803558795,True
0,0,0.000822145262555,True
1,1,0.669179225998,True
0,0,0.00119883228977,True
0,0,0.00168012608061,True
0,0,0.000308647513978,True
0,0,0.0021340914467,True
0,0,0.00259422106215,True
0,0,0.00216772854686,True
0,0,0.000548654652549,True
0,0,0.00162060889568,True
0,0,0.000915879379597,True
0,0,0.00162884114591,True
0,0,0.00112706702211,True
0,0,0.000705432745099,True
0,0,0.00186072972817,True
0,0,0.00135160597538,True
0,0,0.000209207584557,True
0,0,0.000318666506283,True
0,0,0.00197643194753,True
0,0,0.00150134192877,True
0,0,0.000438924363728,True
0,0,0.00740290776503,True
0,0,0.0011124808049,True
0,0,0.00105850202903,True
0,0,0.000756491920791,True
0,0,0.0157705598486,True
0,0,0.00359948305017,True
0,0,0.00195785677373,True
0,0,0.000340640006049,True
0,0,0.00428242891516,True
0,0,0.00104894303871,True
0,0,0.00240912921087,True
0,0,0.000806978322835,True
0,0,0.00123669430397,True
0,0,0.000592167596934,True
0,0,0.000645671925938,True
0,0,0.000860869583892,True
0,0,0.031067895803,True
0,0,0.00132579813841,True
0,0,0.000399320614032,True
0,0,0.000563530253884,True
0,0,0.0356176596412,True
0,0,0.00121884648759,True
0,0,0.00125371836174,True
0,0,0.00578882114654,True
0,0,0.00116388549683,True
0,0,0.000641535311425,True
0,0,0.00134536402766,True
0,0,0.00107115332385,True
0,0,0.00228657939202,True
0,0,0.000415905493779,True
0,0,0.000533461619262,True
0,0,0.00110150773384,True
0,0,0.00100054852315,True
0,0,0.00230849687141,True
0,0,0.00251380647573,True
0,0,0.000407105659309,True
0,0,0.00191228896094,True
0,0,0.000938503939836,True
0,0,0.00132309494375,True
0,0,0.000768368885033,True
0,0,0.000693874109677,True
1,1,0.840422715306,True
0,0,0.00115971162097,True
1,0,0.203746119452,False
0,0,0.000653335427559,True
0,0,0.0053424703903,True
0,0,0.00187438651875,True
0,0,0.000711317602854,True
0,0,0.0383562241488,True
0,0,0.00105722406297,True
0,0,0.00113605931138,True
1,1,0.898468139337,True
0,0,0.000277786910589,True
0,0,0.000943600081572,True
0,0,0.00277945452636,True
0,0,0.00105030807472,True
0,0,0.00269197195766,True
0,0,0.00693131897296,True
0,0,0.0702042808169,True
0,0,0.0264292171466,True
0,0,0.000602057366977,True
0,0,0.0290035742923,True
0,0,0.000809104006699,True
0,0,0.000645721394339,True
0,0,0.00438771127229,True
0,0,0.00123553135657,True
0,0,0.000803399057265,True
0,0,0.00128499614947,True
0,0,0.000712872500646,True
0,0,0.00122683553146,True
0,0,0.000746770411737,True
0,0,0.000972281272146,True
0,0,0.00188309790442,True
1,1,0.745660798685,True
0,0,0.000982043129181,True
0,0,0.00271762131764,True
0,0,0.0011281419945,True
0,0,0.000719748369039,True
0,0,0.00132627985678,True
0,0,0.000504805482898,True
0,0,0.000730672002551,True
0,0,0.153392546167,True
0,0,0.0185164045108,True
0,0,0.00150861488146,True
0,0,0.000802171736675,True
0,0,0.00417701270639,True
0,0,0.00137120983052,True
0,0,0.0011826996987,True
0,0,0.00202265432919,True
0,0,0.000700817174015,True
0,0,0.000847102212778,True
0,0,0.00113690963739,True
0,0,0.000183954770861,True
0,0,0.00173839369641,True
0,0,0.000320561241885,True
0,0,0.000808583191348,True
0,0,0.00352442893385,True
0,0,0.0341353744639,True
0,0,0.00169153480563,True
0,0,0.000757161133953,True
0,0,0.00102782768821,True
0,0,0.000991779371675,True
0,0,0.00332721884362,True
0,0,0.000330399254826,True
0,0,0.00637288008631,True
0,0,0.000580334262646,True
0,0,0.00036041193892,True
0,0,0.00158732796443,True
0,0,0.000527722635847,True
0,0,0.000703922421631,True
0,0,0.00246779273643,True
0,0,0.32567934399,True
0,0,0.0103967981341,True
0,0,0.00136363842154,True
0,0,0.422543304147,True
0,0,0.00205563425295,True
0,0,0.0100452954431,True
0,0,0.000609872790726,True
0,0,0.000792610647053,True
0,0,0.00260437099853,True
0,0,0.000174642067219,True
0,0,0.000383459445881,True
0,0,0.0014319902122,True
0,0,0.000895537160658,True
0,0,0.00058104494127,True
0,0,0.000396737714954,True
0,0,0.195341439326,True
0,0,0.0319844714646,True
0,0,0.00141721161175,True
0,0,0.0030043229642,True
0,0,0.00330291841112,True
0,0,0.0327669952963,True
0,0,0.00242026486804,True
1,0,0.0085112440219,False
0,0,0.000618887585535,True
0,0,0.0127360153288,True
0,0,0.000449960307229,True
0,0,0.000506764545778,True
0,0,0.000419158212981,True
0,0,0.000466669314546,True
0,0,0.000743424226625,True
0,0,0.0336904660774,True
0,0,0.0272293529407,True
0,0,0.000385225646242,True
0,0,0.0653885067537,True
0,0,0.00127800521131,True
0,0,0.000891905981179,True
0,0,0.00146645770928,True
0,0,0.000463335484389,True
1,1,0.905534212247,True
0,0,0.000958732475808,True
0,0,0.00105828013103,True
0,0,0.0006919227074,True
0,0,0.0022468009014,True
0,0,0.00070386455468,True
0,0,0.000820187716182,True
0,0,0.000639623123261,True
0,0,0.0013368104114,True
0,0,0.00101063060064,True
0,0,0.000884651618161,True
0,0,0.000613762310101,True
0,0,0.000344292680305,True
0,0,0.000599924365267,True
0,0,0.00143968704546,True
0,0,0.00248109087134,True
0,0,0.00109878794316,True
0,0,0.00154978962421,True
0,0,0.000856754341421,True
0,0,0.00246336238175,True
0,0,0.000954313820017,True
0,0,0.00689531939689,True
0,0,0.00063893269527,True
0,0,0.000887792975901,True
0,0,0.000581502155357,True
0,0,0.000593788625217,True
0,0,0.00297661050698,True
0,0,0.00220102464848,True
0,0,0.00120202477411,True
0,0,0.00119187433417,True
0,0,0.000678692835124,True
0,0,0.00204668361939,True
0,0,0.00376795684386,True
0,0,0.000362975729729,True
0,0,0.000906511731848,True
0,0,0.000567932741283,True
1,1,0.628079410388,True
0,0,0.000920734422476,True
0,0,0.00158889748822,True
0,0,0.0013225099435,True
0,0,0.00576632044061,True
0,0,0.00136818185545,True
0,0,0.000656989061559,True
0,0,0.00200995872635,True
1,1,0.852261817816,True
0,0,0.000309450065862,True
0,0,0.00309103550883,True
0,0,0.000900233291237,True
1,1,0.782571212341,True
0,0,0.00102685767071,True
0,0,0.00175425707779,True
0,0,0.00117997933084,True
0,0,0.00040011404084,True
0,0,0.0133417266489,True
0,0,0.000452989244966,True
0,0,0.00193510990408,True
0,0,0.0019880579206,True
0,0,0.001142932287,True
0,0,0.00063519895964,True
0,0,0.00295344232585,True
0,0,0.000632530030753,True
0,0,0.00108489752965,True
0,0,0.000710000227519,True
0,0,0.00119345313556,True
0,0,0.0122873154122,True
0,0,0.0014939825578,True
0,0,0.000848557527179,True
0,0,0.000276179494488,True
0,0,0.00240258052069,True
0,0,0.0038339932114,True
0,0,0.000959422179497,True
0,0,0.0257490795225,True
1,1,0.918770597155,True
0,0,0.00201649619162,True
0,0,0.164819928016,True
0,0,0.000865396381374,True
0,0,0.0856446853383,True
0,0,0.126930547736,True
0,0,0.00310801747403,True
0,0,0.00081860386008,True
0,0,0.00173463563777,True
0,0,0.00158941154938,True
0,0,0.0011171012673,True
0,0,0.00102344419437,True
0,0,0.000720309328238,True
0,0,0.00147598203627,True
0,0,0.000953775431802,True
0,0,0.00115035445942,True
0,0,0.00053744675665,True
0,0,0.000582462900854,True
0,0,0.00110223770572,True
0,0,0.0609757558672,True
0,0,0.0300453903381,True
0,0,0.00105456973559,True
0,0,0.00100268463172,True
0,0,0.0130162987787,True
0,0,0.000488789528472,True
0,0,0.00194196459109,True
0,0,0.016310659531,True
0,0,0.0312138926199,True
0,0,0.00165175593574,True
0,0,0.000828763222908,True
0,0,0.00065740233282,True
0,0,0.000941283112783,True
0,0,0.00152497092724,True
1,1,0.991569174951,True
0,0,0.000552903201852,True
0,0,0.000670893081297,True
0,0,0.00117990803528,True
0,0,0.0024059811176,True
0,0,0.000479968679756,True
0,0,0.000735998250492,True
0,0,0.00210438553509,True
0,0,0.000622117008602,True
0,0,0.000881827565626,True
0,0,0.00633211824932,True
0,0,0.00095694547042,True
0,0,0.000823258100095,True
0,0,0.000489261082234,True
0,0,0.000281841817522,True
0,0,0.0337152938988,True
0,0,0.000721185064208,True
0,0,0.00080835613189,True
0,0,0.00356118547484,True
0,0,0.000666714319735,True
0,0,0.00188630002701,True
0,0,0.00119204753421,True
0,0,0.00104646546449,True
0,0,0.00179190458732,True
0,0,0.000826012965689,True
1,1,0.547553221643,True
0,0,0.00259158132732,True
0,0,0.00142834769524,True
0,0,0.000436960217775,True
0,0,0.000344653778457,True
0,0,0.000933989026289,True
0,0,0.00161224108713,True
1,1,0.802634840926,True
0,0,0.0030227522136,True
0,0,0.00047821533296,True
0,0,0.0622193593882,True
0,0,0.000722472779671,True
0,0,0.000848200753996,True
0,0,0.000945794069952,True
0,0,0.000922499264505,True
0,0,0.00116856005138,True
0,0,0.000492324913334,True
0,0,0.00102521522597,True
0,0,0.0011833976435,True
0,0,0.000391237932199,True
0,0,0.00085025089264,True
0,0,0.000649426537251,True
0,0,0.00107236646204,True
0,0,0.0039701045383,True
0,0,0.000770198577219,True
0,0,0.00431981962797,True
0,0,0.000645456907319,True
0,0,0.000296904358706,True
0,0,0.000389080491392,True
0,0,0.0154103230059,True
0,0,0.00063219903842,True
0,0,0.000585769888132,True
0,0,0.000174816645732,True
0,0,0.00112742821328,True
0,0,0.000451239217982,True
0,0,0.000316909096807,True
0,0,0.00197885094092,True
0,0,0.000923907343296,True
0,0,0.00028444140287,True
0,0,0.0258094078619,True
0,0,0.000886732880551,True
0,0,0.00142059608471,True
0,0,0.00106385991228,True
0,0,0.000687344160754,True
0,0,0.00111094647424,True
0,0,0.000931334085969,True
1,1,0.529121694591,True
1,1,0.918162748723,True
0,0,0.000852580926604,True
0,0,0.00112860832296,True
0,0,0.00179935356761,True
0,0,0.000286621812981,True
1,1,0.753757211166,True
0,0,0.0290673756369,True
0,0,0.000886207450515,True
0,0,0.000738062725977,True
0,0,0.000931351937464,True
0,0,0.000703747606422,True
0,0,0.000547943420902,True
0,0,0.000616710189238,True
0,0,0.000878545574078,True
0,0,0.00269218418817,True
0,0,0.0311583378197,True
0,0,0.00121811595536,True
0,0,0.00344627898474,True
0,0,0.000747136968112,True
0,0,0.0374739107835,True
0,0,0.00234893478347,True
0,0,0.00354848557474,True
0,0,0.000935913797634,True
0,0,0.00121750387027,True
0,0,0.000636174197059,True
0,0,0.00117561479875,True
0,0,0.00170514599016,True
0,0,0.00197097004496,True
0,0,0.00230526742968,True
0,0,0.000791619143346,True
0,0,0.00119945533914,True
0,0,0.000567589536682,True
0,0,0.00478403280478,True
0,0,0.0012848589687,True
0,0,0.000524520045398,True
0,0,0.00198674163522,True
0,0,0.000881612323748,True
0,0,0.000430463210526,True
0,0,0.00179182560076,True
0,0,0.00192604286361,True
0,0,0.00106821751638,True
0,0,0.00033121153852,True
0,0,0.00217377782491,True
0,0,0.000556928888969,True
0,0,0.062408278021,True
0,0,0.000719463715188,True
0,0,0.000541338713931,True
0,0,0.0016197275552,True
0,0,0.000340557974855,True
0,0,0.00113764815815,True
0,0,0.00194140339297,True
0,0,0.000796931625689,True
0,0,0.000478241634813,True
0,0,0.00084567959356,True
0,0,0.00539346902934,True
0,0,0.00101199279649,True
0,0,0.00103556893213,True
0,0,0.0406167645191,True
0,0,0.00152971499014,True
0,0,0.000801747971826,True
0,0,0.00982631746145,True
0,0,0.0002459270132,True
0,0,0.000813750311066,True
0,0,0.000817893023087,True
0,0,0.000803261275988,True
1,1,0.961969766987,True
0,0,0.00166269104238,True
0,0,0.105431372924,True
0,0,0.00156871891781,True
0,0,0.000863122605214,True
0,0,0.00112943734117,True
0,0,0.00326339408182,True
0,0,0.0014059051624,True
0,0,0.00343993915336,True
0,0,0.00624184079528,True
0,0,0.00820384527929,True
0,0,0.00138374051468,True
0,0,0.000908714437916,True
0,0,0.000256518881972,True
0,0,0.000434516795091,True
0,0,0.00320243098272,True
0,0,0.000468027153376,True
0,0,0.00177309169165,True
0,0,0.00133192519152,True
0,0,0.00210950877823,True
0,0,0.000681659389099,True
0,0,0.00109416774123,True
0,0,0.149016044294,True
0,0,0.00124730315813,True
0,0,0.00150648984335,True
0,0,0.000395606952385,True
0,0,0.00197137442505,True
0,0,0.000614809812773,True
1,1,0.691074326122,True
1,1,0.966524925388,True
0,0,0.000574340347313,True
0,0,0.00132784621571,True
0,0,0.00119526740312,True
0,0,0.00139947951916,True
0,0,0.00222908626064,True
0,0,0.00140971332113,True
0,0,0.00154965332897,True
0,0,0.000924451810888,True
0,0,0.00118923779203,True
0,0,0.00300241918186,True
0,0,0.000838347972608,True
0,0,0.000524276985161,True
0,0,0.000869672984597,True
0,0,0.0011460880839,True
0,0,0.0181714450277,True
0,0,0.022014002258,True
0,0,0.00165922767624,True
0,0,0.00177576441728,True
0,0,0.0228736470981,True
0,0,0.106432261008,True
0,0,0.0839740363638,True
0,0,0.000381285692547,True
0,0,0.000590133515578,True
0,0,0.00130247374435,True
0,0,0.00101234575305,True
0,0,0.00127024058925,True
0,0,0.000315128465353,True
0,0,0.00260009923677,True
0,0,0.00133467381596,True
0,0,0.00559965836948,True
0,0,0.00120683962968,True
0,0,0.00111851369515,True
1,1,0.972100374339,True
0,0,0.000674939253285,True
1,1,0.605730924433,True
0,0,0.000750342542766,True
0,0,0.00163225790236,True
0,0,0.000588622035517,True
0,0,0.00180893389354,True
0,0,0.000247352729448,True
0,0,0.000443687171836,True
0,0,0.00266499109278,True
0,0,0.00106502747533,True
0,0,0.233651077622,True
0,0,0.00257088395166,True
1,1,0.891202709012,True
0,0,0.0024113330054,True
0,0,0.000560632116889,True
0,0,0.0173338452923,True
0,0,0.00138906731665,True
0,0,0.000546374895032,True
0,0,0.00251755023607,True
0,0,0.00160005752514,True
0,0,0.00146574835701,True
0,0,0.000334987640146,True
0,0,0.00800526879433,True
0,0,0.000850545698941,True
0,0,0.000387911844771,True
1,1,0.766488765012,True
1,1,0.823998010257,True
0,0,0.00194357611711,True
0,0,0.000495671982665,True
0,0,0.000739075739883,True
0,0,0.000810953997659,True
0,0,0.00100732581408,True
0,0,0.00078689250292,True
0,0,0.00110375384789,True
0,0,0.00137081221092,True
0,0,0.000443572731881,True
0,0,0.00044864794941,True
0,0,0.00105743665588,True
0,0,0.00504606684965,True
0,0,0.0016033082994,True
0,0,0.000499348877903,True
0,0,0.00118898538744,True
1,1,0.915745805423,True
0,0,0.00205998046348,True
0,0,0.000730586033296,True
0,0,0.00050223456217,True
0,0,0.0349449218525,True
0,0,0.00178853446236,True
0,0,0.0191163290879,True
0,0,0.000806227392867,True
0,0,0.00278839663437,True
0,0,0.0030043229642,True
0,0,0.00194395025235,True
0,0,0.000706808956205,True
0,0,0.000624080686938,True
0,0,0.000913304226148,True
0,0,0.000484215934477,True
0,0,0.000574491035781,True
0,0,0.00041291975329,True
0,0,0.00289868745022,True
0,0,0.0012115852627,True
0,0,0.00305061161927,True
0,0,0.00342860883728,True
0,0,0.000468989676082,True
0,0,0.0567885866582,True
0,0,0.00229712473989,True
0,0,0.00277802548144,True
0,0,0.00111455473751,True
0,0,0.00301462871233,True
0,0,0.00197622401411,True
0,0,0.000874652491514,True
0,0,0.00152420765987,True
0,0,0.000593208524506,True
0,0,0.000918325991421,True
0,0,0.00514339336772,True
0,0,0.00121278062432,True
0,0,0.0025550212222,True
0,0,0.00240805133835,True
0,0,0.000502473187533,True
0,0,0.0428891172054,True
0,0,0.0129212459598,True
0,0,0.000901103154102,True
0,0,0.00254432328743,True
0,0,0.000917324535068,True
0,0,0.00210904640436,True
0,0,0.000663637152074,True
0,0,0.000924147484328,True
0,0,0.0017629085262,True
0,0,0.000237801082779,True
0,0,0.00276534647228,True
0,0,0.000714513009354,True
0,0,0.000620473712902,True
0,0,0.0712304742255,True
0,0,0.00354956606257,True
0,0,0.00161429902807,True
0,0,0.000658691343796,True
0,0,0.0383096709989,True
0,0,0.121835832369,True
0,0,0.00930462408308,True
0,0,0.000625740595643,True
0,0,0.00303941630313,True
0,0,0.0013563383757,True
0,0,0.000563286885122,True
0,0,0.00065230823092,True
0,0,0.000385633136902,True
0,0,0.0561564067348,True
0,0,0.00141720230423,True
0,0,0.000815170327186,True
0,0,0.00132449643245,True
0,0,0.00129453664755,True
0,0,0.000789344398618,True
0,0,0.000606677121293,True
0,0,0.00026332629923,True
0,0,0.0007547826062,True
0,0,0.00116258004076,True
0,0,0.00108328142277,True
1,1,0.920014119274,True
0,0,0.00107736735418,True
0,0,0.00278810711385,True
0,0,0.00118045655145,True
0,0,0.000846017642868,True
0,0,0.000783291999108,True
0,0,0.000744871016931,True
0,0,0.000493275934628,True
0,0,0.000681317696438,True
0,0,0.00122565794394,True
0,0,0.00252937143459,True
0,0,0.00139353651714,True
0,0,0.386063007662,True
0,0,0.0541784947303,True
0,0,0.03744690863,True
0,0,0.00298406882291,True
0,0,0.000275374627633,True
0,0,0.000426059160976,True
0,0,0.000988179836087,True
0,0,0.000547473499762,True
0,0,0.00189065526348,True
0,0,0.000480949661605,True
0,0,0.000399255265098,True
0,0,0.00383553059111,True
0,0,0.000576250724607,True
0,0,0.00275257544549,True
0,0,0.000783497645178,True
0,0,0.00214622751744,True
0,0,0.000647500979619,True
0,0,0.000833810385113,True
0,0,0.00195654581466,True
0,0,0.000510668898831,True
0,0,0.000612697788918,True
0,0,0.0014087903138,True
0,0,0.0010739416116,True
0,0,0.00379467469529,True
0,0,0.00770714229378,True
0,0,0.128748111803,True
0,0,0.0022014685336,True
0,0,0.00150787332585,True
0,0,0.00469630853019,True
0,0,0.00267843056939,True
0,0,0.000904551156116,True
0,0,0.00202677667221,True
1,1,0.779237248449,True
0,0,0.246539039916,True
0,0,0.000804906838887,True
0,0,0.0019383434772,True
0,0,0.000248869367926,True
0,0,0.210139478104,True
0,0,0.00036001071902,True
0,0,0.000368463189666,True
0,0,0.00385321865253,True
0,0,0.121493915559,True
1,0,0.434598579502,False
0,0,0.000530528403488,True
0,0,0.000381377747033,True
0,0,0.000496212090999,True
0,0,0.000608326185471,True
0,0,0.00263292952679,True
0,0,0.000608249907518,True
0,0,0.00240372489368,True
0,0,0.00144195287126,True
0,0,0.0141702475675,True
0,0,0.000707907579611,True
0,0,0.0244732709871,True
1,1,0.975970900152,True
0,0,0.000808627380408,True
0,0,0.00423942578259,True
0,0,0.00309431732895,True
0,0,0.00268436141076,True
0,0,0.00199366574372,True
0,0,0.00033291757426,True
0,0,0.00117253553199,True
0,0,0.0016501535853,True
1,1,0.886884052673,True
0,0,0.000672006358533,True
0,0,0.000314220195838,True
0,0,0.000932300363868,True
1,1,0.860246336856,True
0,0,0.00111827906433,True
0,0,0.0545430070029,True
0,0,0.00113752007773,True
0,0,0.00698529779769,True
0,0,0.00171406720205,True
0,0,0.000910532234424,True
0,0,0.0705324285883,True
0,0,0.000999616839499,True
0,0,0.000640826383365,True
0,0,0.00119715677322,True
0,0,0.00218202292743,True
0,0,0.000679238236563,True
1,1,0.859708916642,True
1,1,0.625974401126,True
0,0,0.00988165377889,True
0,0,0.000719218261011,True
0,0,0.000855123692272,True
0,0,0.0006919227074,True
0,0,0.00192980920016,True
0,0,0.00170325360687,True
0,0,0.115674359902,True
0,0,0.00130844389987,True
0,0,0.000909287000135,True
1,1,0.834228544611,True
0,0,0.000799631349643,True
0,0,0.00177894163277,True
0,0,0.000942859205164,True
0,0,0.00180005873074,True
0,0,0.000461620663576,True
0,0,0.00105743665588,True
0,0,0.00202181019174,True
0,0,0.000557963904704,True
0,0,0.00163418860445,True
0,0,0.00590580694895,True
0,0,0.00202765467816,True
0,0,0.000772742824772,True
0,0,0.000643110171393,True
0,0,0.00280447097634,True
0,0,0.0025319433606,True
1,1,0.807840072017,True
0,0,0.00049494594409,True
0,0,0.000879277883628,True
0,0,0.00049537615724,True
0,0,0.000803147913116,True
0,0,0.0021802598544,True
0,0,0.00169316045177,True
0,0,0.00122604961007,True
0,0,0.000434245693157,True
0,0,0.0464299208911,True
0,0,0.0020608357586,True
0,0,0.00021962747816,True
0,0,0.00117357809016,True
0,0,0.000339666818794,True
0,0,0.0952406405766,True
0,0,0.00245954160005,True
0,0,0.00124108999794,True
0,0,0.000525992762084,True
0,0,0.00105794365315,True
0,0,0.000818812455661,True
0,0,0.000322057751216,True
0,0,0.00113427350507,True
1,1,0.722264206369,True
0,0,0.00209517033355,True
0,0,0.00961086582856,True
0,0,0.000968616060867,True
0,0,0.000893860503688,True
0,0,0.00253221397716,True
0,0,0.000972995299435,True
0,0,0.000970821342188,True
0,0,0.000745191208349,True
0,0,0.00191119910761,True
0,0,0.000470711429183,True
0,0,0.000541536463864,True
0,0,0.00116421522337,True
0,0,0.0012627795129,True
0,0,0.000906089479446,True
0,0,0.00148123880761,True
0,0,0.00110562035115,True
0,0,0.000769275299035,True
0,0,0.00155904028478,True
0,0,0.00200069236186,True
0,0,0.000885057440204,True
0,0,0.000253287695777,True
0,0,0.0173891611446,True
0,0,0.00100409021984,True
0,0,0.000757381023231,True
0,0,0.012435779107,True
0,0,0.0263364826096,True
0,0,0.000496655414047,True
0,0,0.000450126313261,True
0,0,0.00157079592019,True
0,0,0.199196780047,True
0,0,0.00105298272518,True
0,0,0.00114596261699,True
0,0,0.00119816274551,True
0,0,0.000906511731848,True
0,0,0.00160734537945,True
0,0,0.000772808274562,True
0,0,0.000462782195494,True
0,0,0.00133202017591,True
0,0,0.000385450550425,True
0,0,0.0145692006924,True
0,0,0.00898995469905,True
0,0,0.00540031609079,True
0,0,0.00501411139141,True
0,0,0.00277464054941,True
0,0,0.000774142660867,True
1,1,0.827600511723,True
0,0,0.00231922033969,True
0,0,0.00140674627391,True
0,0,0.00142875017533,True
0,0,0.00195459817637,True
0,0,0.000944360382915,True
0,0,0.0672938637479,True
0,0,0.00370134172782,True
0,0,0.00154209813464,True
0,0,0.00484466467922,True
0,0,0.00713797337798,True
0,0,0.00413472748311,True
0,0,0.00101492629549,True
1,0,0.084006474265,False
0,0,0.00130355893035,True
0,0,0.00097568062505,True
0,0,0.00174915511908,True
0,0,0.00409597199102,True
0,0,0.00301879918177,True
0,0,0.00175045993783,True
0,0,0.00123260398484,True
0,0,0.000629060258752,True
0,0,0.00527088161343,True
0,0,0.0017444785619,True
0,0,0.000548883569784,True
0,0,0.00345183224673,True
0,0,0.00229468598059,True
0,0,0.00160899975454,True
0,0,0.000767992504824,True
0,0,0.00246080288696,True
0,0,0.0119136403971,True
0,0,0.00114986740849,True
0,0,0.000397849735659,True
0,0,0.00115410393274,True
0,0,0.00119546395451,True
0,0,0.00138067919585,True
0,0,0.00140236027312,True
0,0,0.00135781583205,True
0,0,0.00248523507685,True
0,0,0.00534888966166,True
0,0,0.00326624177377,True
0,0,0.0134383615699,True
0,0,0.000385925738713,True
0,0,0.00172103073679,True
0,0,0.00175021027312,True
0,0,0.00259895626798,True
0,0,0.000927003432595,True
0,0,0.000637773778596,True
0,0,0.000804534472185,True
0,0,0.00154437974185,True
0,0,0.00664702488336,True
0,0,0.00147545324795,True
0,0,0.00649462076689,True
0,0,0.00436298490007,True
0,0,0.00151706530482,True
0,0,0.00111496120298,True
0,0,0.0012002681991,True
0,0,0.00986072151039,True
0,0,0.000645555707398,True
0,0,0.00645851443385,True
0,0,0.000207776805671,True
0,0,0.000575961268314,True
0,0,0.0027128741816,True
0,0,0.00634080492285,True
0,0,0.000272961299288,True
0,0,0.00177620980948,True
0,0,0.00177133944313,True
0,0,0.00142214379506,True
0,0,0.00141657613279,True
1,1,0.790148408122,True
0,0,0.00036583912873,True
0,0,0.00351849946312,True
0,0,0.000791646548112,True
0,0,0.000752021396243,True
0,0,0.00097568062505,True
0,0,0.004679957944,True
0,0,0.00112865480265,True
0,0,0.0007699429799,True
0,0,0.00208401398362,True
0,0,0.0016502078905,True
0,0,0.0194552357096,True
0,0,0.00130952561275,True
0,0,0.000688402341293,True
0,0,0.00177633931169,True
0,0,0.0690423341395,True
0,0,0.00106694388473,True
0,0,0.000412563191504,True
0,0,0.0170173704103,True
0,0,0.00114939734668,True
0,0,0.0796671170376,True
0,0,0.00158484662082,True
0,0,0.000331352888838,True
1,1,0.532180011307,True
0,0,0.000880916403937,True
0,0,0.00377826031325,True
0,0,0.00135763434292,True
0,0,0.00264124255497,True
0,0,0.000691833431049,True
0,0,0.000367595724903,True
0,0,0.000693523602185,True
0,0,0.00142256526198,True
0,0,0.00344022705943,True
0,0,0.0023704498902,True
0,0,0.000447244346211,True
0,0,0.141875676369,True
0,0,0.000694003830654,True
0,0,0.000921203210268,True
0,0,0.000668442105582,True
0,0,0.00174031827021,True
0,0,0.00120413981945,True
0,0,0.000322924543331,True
0,0,0.00110212383649,True
0,0,0.00233700663255,True
0,0,0.00126500765791,True
0,0,0.00209436322502,True
0,0,0.0072576728337,True
0,0,0.000628126205812,True
0,0,0.00200830001883,True
0,0,0.00104902811595,True
0,0,0.00116651474012,True
0,0,0.000720196213709,True
0,0,0.0031059235352,True
0,0,0.000454721725233,True
0,0,0.00162959092587,True
0,0,0.000848591120855,True
0,0,0.000472574884047,True
0,0,0.00104150155126,True
0,0,0.00174254079463,True
0,0,0.000697521060237,True
0,0,0.00100061182244,True
0,0,0.00291434344703,True
0,0,0.00172904245757,True
0,0,0.00124025599753,True
0,0,0.00145697600003,True
0,0,0.205052049463,True
0,0,0.00106368921799,True
0,0,0.00134779167646,True
0,0,0.00141750134982,True
0,0,0.0636494438383,True
0,0,0.000791361567786,True
0,0,0.000656322088363,True
0,0,0.000750276211828,True
0,0,0.00052880676026,True
0,0,0.00767975888712,True
0,0,0.000692447723001,True
0,0,0.000403879837449,True
0,0,0.0351595267706,True
0,0,0.00047541574155,True
0,0,0.00180120630463,True
0,0,0.00104206132697,True
0,0,0.00149865673487,True
0,0,0.000818035310094,True
0,0,0.0020267226394,True
0,0,0.000984685588737,True
0,0,0.00244782046625,True
0,0,0.00235125823483,True
0,0,0.000937914544791,True
0,0,0.000836342895855,True
0,0,0.00100651257837,True
0,0,0.0017823842733,True
0,0,0.000535411973871,True
0,0,0.000545951258782,True
0,0,0.00100373549613,True
0,0,0.00097471988017,True
0,0,0.00123814824843,True
0,0,0.000193340652042,True
0,0,0.00123537200509,True
0,0,0.00381725192607,True
0,0,0.0011652602915,True
0,0,0.00330027648032,True
0,0,0.0027538992343,True
0,0,0.00111974854242,True
0,0,0.00145221523333,True
0,0,0.00170290051967,True
0,0,0.00100118989363,True
0,0,0.000988179836087,True
0,0,0.00527355306519,True
0,0,0.00347282908524,True
0,0,0.000446346482497,True
0,0,0.00114973795472,True
0,0,0.000630356336585,True
0,0,0.00071086998035,True
0,0,0.00373540822866,True
0,0,0.000567592037283,True
0,0,0.00166967315271,True
0,0,0.0013862434615,True
0,0,0.00104194635985,True
0,0,0.00119809213126,True
0,0,0.00235347294778,True
0,0,0.00137137461171,True
1,0,0.140594894618,False
0,0,0.00188037237461,True
0,0,0.00308990471743,True
0,0,0.00105322978985,True
0,0,0.00231896753285,True
0,0,0.00112074046745,True
0,0,0.024948713987,True
0,0,0.00133380890815,True
0,0,0.00457414780361,True
0,0,0.000453581583669,True
0,0,0.00099151713759,True
0,0,0.000493238088578,True
0,0,0.00239676138203,True
0,0,0.000475260554363,True
0,0,0.000791332944619,True
0,0,0.00141040722558,True
0,0,0.00346205823795,True
0,0,0.000925599966025,True
0,0,0.00120375428255,True
0,0,0.0010256180585,True
0,0,0.000612370575578,True
0,0,0.000433310907715,True
0,0,0.0266914833253,True
0,0,0.000422585201825,True
0,0,0.00058332771084,True
0,0,0.000801815514635,True
0,0,0.00159325080798,True
0,0,0.00170153716676,True
0,0,0.000625047638019,True
0,0,0.000941977885465,True
0,0,0.0512576963065,True
0,0,0.00227908377538,True
0,0,0.000205370845048,True
0,0,0.00337881038828,True
0,0,0.00491906850318,True
0,0,0.00371620993673,True
0,0,0.0630256978044,True
0,0,0.047560117682,True
0,0,0.00720270101516,True
0,0,0.0906277617329,True
0,0,0.00170327951115,True
0,0,0.135720120454,True
0,0,0.003638797293,True
0,0,0.000975377532068,True
0,0,0.000661086915402,True
0,0,0.0017609492746,True
0,0,0.0009250950091,True
0,0,0.000505184751069,True
0,0,0.0601289347422,True
0,0,0.000676525833274,True
0,0,0.142014945802,True
0,0,0.00584931739684,True
0,0,0.00111951987561,True
0,0,0.000598056390171,True
1,1,0.65442033167,True
0,0,0.000466829120534,True
0,0,0.000600437618772,True
0,0,0.000920688564784,True
1,1,0.86369373764,True
0,0,0.000690571082541,True
0,0,0.00129276861681,True
0,0,0.0258900760047,True
0,0,0.000572882594233,True
0,0,0.00202376858664,True
0,0,0.000216118533765,True
0,0,0.000826424305263,True
0,0,0.00411308356076,True
0,0,0.000925090899336,True
0,0,0.000450576695725,True
0,0,0.0016702029597,True
0,0,0.00964236706732,True
0,0,0.00121807890703,True
0,0,0.00120596520102,True
0,0,0.00268055172239,True
0,0,0.000750557436775,True
0,0,0.000412474452988,True
1,1,0.983413207099,True
0,0,0.00147797246937,True
0,0,0.00258858200922,True
0,0,0.00360583690943,True
0,0,0.00134088543139,True
0,0,0.000629016207221,True
0,0,0.00192324552564,True
0,0,0.00236594598275,True
0,0,0.000716714393616,True
0,0,0.00241146793906,True
0,0,0.0298334667143,True
0,0,0.00110404045849,True
0,0,0.000668042242906,True
0,0,0.00119923852605,True
0,0,0.00115536864144,True
0,0,0.000733468058671,True
0,0,0.000284231014905,True
0,0,0.00106692910313,True
0,0,0.00105133378185,True
0,0,0.00136948644614,True
0,0,0.00177073679885,True
0,0,0.000783998701812,True
0,0,0.000886138596269,True
0,0,0.00081968583912,True
0,0,0.000673634338357,True
0,0,0.000745841939894,True
0,0,0.000765072941738,True
0,0,0.0478125730676,True
0,0,0.000376407517646,True
0,0,0.00314561102933,True
0,0,0.000749622024875,True
0,0,0.00108228689996,True
1,1,0.819756060461,True
0,0,0.00487447775162,True
0,0,0.053123874628,True
0,0,0.00129536782636,True
0,0,0.000923025407887,True
0,0,0.000798143670468,True
0,0,0.00235069752023,True
0,0,0.00105015966099,True
0,0,0.00119248090238,True
1,0,0.0219200719739,False
0,0,0.0147527916337,True
0,0,0.0247017137319,True
0,0,0.00173791876258,True
0,0,0.00023643920384,True
0,0,0.0060587864964,True
0,0,0.0101673169584,True
0,0,0.000707532575799,True
0,0,0.000848270773088,True
0,0,0.00427187412564,True
0,0,0.00187539824142,True
0,0,0.00223686295371,True
0,0,0.000479175416468,True
0,0,0.00143255712494,True
0,0,0.00161440750303,True
0,0,0.000476186875216,True
0,0,0.00258210414968,True
0,0,0.00731445073447,True
0,0,0.00185849764935,True
0,0,0.000317091135565,True
0,0,0.000758392714629,True
0,0,0.0033140748608,True
0,0,0.000575488169885,True
0,0,0.000516909223291,True
0,0,0.00791329135503,True
0,0,0.00168576006799,True
0,0,0.00104534769893,True
0,0,0.0011627418999,True
0,0,0.000850631753688,True
0,0,0.000762631783799,True
0,0,0.000957513150568,True
0,0,0.0022962666449,True
0,0,0.000806207606558,True
0,0,0.000874396130647,True
0,0,0.00150257598223,True
0,0,0.00168794323833,True
0,0,0.000627529685162,True
0,0,0.000560269259865,True
0,0,0.00301138884655,True
0,0,0.000572992931777,True
0,0,0.000676525833274,True
0,0,0.000993657011541,True
0,0,0.000540914370375,True
0,0,0.00174153373118,True
0,0,0.0017829691454,True
0,0,0.00173580718788,True
0,0,0.000350278735769,True
0,0,0.00113597106398,True
0,0,0.00147029500784,True
0,0,0.0237396796843,True
0,0,0.00203529727538,True
0,0,0.00141457857585,True
0,0,0.00113111744994,True
0,0,0.000725731936582,True
0,0,0.000812941186091,True
0,0,0.0007550137418,True
0,0,0.00302363538472,True
0,0,0.00255362290684,True
0,0,0.0012902880056,True
0,0,0.00169807338648,True
0,0,0.000968021152146,True
0,0,0.00033237411158,True
0,0,0.00091957584204,True
0,0,0.00133480687359,True
0,0,0.000676529707601,True
0,0,0.00253464457108,True
0,0,0.000531516140976,True
0,0,0.000829499710925,True
0,0,0.00059767749297,True
0,0,0.000561660887006,True
0,0,0.000670123078635,True
0,0,0.000655269861937,True
0,0,0.0115388381648,True
0,0,0.00142095914646,True
0,0,0.00121492213227,True
0,0,0.00188358637224,True
0,0,0.00118834607923,True
0,0,0.00310217551206,True
0,0,0.00171622454361,True
0,0,0.00348583023024,True
0,0,0.017671075693,True
0,0,0.00073474264944,True
0,0,0.0668018580152,True
0,0,0.000672233777503,True
0,0,0.00264802710857,True
0,0,0.0429727547468,True
0,0,0.0030880661303,True
0,0,0.00132686118445,True
0,0,0.00540819930758,True
0,0,0.000554441791653,True
0,0,0.00102878901587,True
0,0,0.00153542626425,True
0,0,0.0366841568112,True
0,0,0.00124814046825,True
0,0,0.118580629021,True
0,0,0.000382053270676,True
0,0,0.0221330006504,True
0,0,0.00178715950252,True
0,0,0.000829789537689,True
0,0,0.00202083887956,True
0,0,0.00288213810353,True
0,0,0.00129242784396,True
0,0,0.000598056390171,True
0,0,0.00303425842412,True
0,0,0.000955575587301,True
0,0,0.0019268014804,True
0,0,0.00160256363466,True
0,0,0.00439520739729,True
0,0,0.0392998908446,True
0,0,0.000778798460022,True
0,0,0.000756266381522,True
0,0,0.000441350879385,True
0,0,0.000743350969004,True
0,0,0.00113029715158,True
0,0,0.00451857308792,True
0,0,0.000931896425649,True
0,0,0.000173401209297,True
1,1,0.611140760399,True
0,0,0.000219365281065,True
0,0,0.00100936788995,True
0,0,0.000362486896769,True
0,0,0.000782269908843,True
0,0,0.00149199215161,True
0,0,0.00742406179909,True
0,0,0.00116445066998,True
0,0,0.000922773827336,True
1,1,0.902346646286,True
0,0,0.0015952268606,True
0,0,0.000729557794146,True
0,0,0.000819667069471,True
0,0,0.00175838960611,True
0,0,0.00135375837753,True
0,0,0.000917693636738,True
0,0,0.00194226325919,True
0,0,0.00238259782207,True
0,0,0.00388606309557,True
0,0,0.00180060361188,True
0,0,0.00279176622632,True
0,0,0.00400400346027,True
1,0,0.441069640391,False
0,0,0.00163464198668,True
0,0,0.00261382698548,True
0,0,0.0006919227074,True
0,0,0.00147763108413,True
0,0,0.0223353694786,True
0,0,0.00269516629804,True
1,1,0.830983395808,True
0,0,0.00198345485163,True
0,0,0.00394347818003,True
0,0,0.0010592105527,True
0,0,0.0378210570263,True
0,0,0.00109861030592,True
0,0,0.00104774710325,True
0,0,0.000650034787596,True
0,0,0.000790811798137,True
0,0,0.000465333304931,True
0,0,0.0614531467334,True
0,0,0.00164079793621,True
0,0,0.000705204583792,True
0,0,0.000596637316615,True
0,0,0.000995785907778,True
0,0,0.00118657090435,True
0,0,0.000826621707522,True
0,0,0.00191069942678,True
0,0,0.00113960514333,True
1,0,0.223234860128,False
0,0,0.22210000869,True
0,0,0.00155004312049,True
0,0,0.000330399254826,True
0,0,0.0181635761658,True
0,0,0.00495376097166,True
0,0,0.000522869274425,True
0,0,0.00118973276758,True
0,0,0.00177844874401,True
0,0,0.0646570858027,True
0,0,0.00212064055449,True
0,0,0.00401714835106,True
0,0,0.000885377847243,True
0,0,0.000792557553601,True
0,0,0.00145182189873,True
0,0,0.000834203529728,True
0,0,0.000748740339627,True
0,0,0.167884683506,True
0,0,0.00486228532048,True
0,0,0.00075620228002,True
1,1,0.979135912736,True
0,0,0.00337123380214,True
0,0,0.000809373430541,True
0,0,0.000803571137054,True
0,0,0.000358524040686,True
0,0,0.00200309305096,True
0,0,0.000596524254516,True
0,0,0.00352293180193,True
0,0,0.000899369653433,True
0,0,0.00147294337139,True
0,0,0.000646034305634,True
0,0,0.0013601466972,True
0,0,0.00159079467043,True
1,1,0.9284203252,True
0,0,0.0516619120891,True
0,0,0.348472453645,True
0,0,0.154474351527,True
0,0,0.0184030444057,True
0,0,0.00598416202042,True
0,0,0.21417805094,True
0,0,0.00140771983754,True
0,0,0.00145031784389,True
0,0,0.00135165329694,True
0,0,0.0030267937999,True
0,0,0.000445720898275,True
0,0,0.00100204298976,True
0,0,0.00339279523041,True
0,0,0.000757340666791,True
0,0,0.00212440034483,True
0,0,0.0003768443097,True
0,0,0.00113229503465,True
0,0,0.00107944157616,True
0,0,0.011509456608,True
0,0,0.00120989549132,True
0,0,0.00211346091836,True
0,0,0.00114223502506,True
0,0,0.0017380169492,True
0,0,0.00269369841842,True
0,0,0.000697141588806,True
0,0,0.0116044247659,True
0,0,0.0042008920519,True
0,0,0.00647362122444,True
0,0,0.00104886112554,True
0,0,0.00191860541725,True
0,0,0.0941472157212,True
0,0,0.000916666846123,True
0,0,0.00115269018244,True
0,0,0.000566986410868,True
0,0,0.000936041056465,True
0,0,0.00108475875174,True
0,0,0.00226109436192,True
0,0,0.000517517259749,True
0,0,0.00125577745174,True
0,0,0.000635768575344,True
0,0,0.000860007304932,True
0,0,0.00179880314627,True
1,1,0.916763017523,True
0,0,0.000993942346329,True
0,0,0.00125790853472,True
0,0,0.0022313528435,True
0,0,0.000685525974047,True
0,0,0.000953923286646,True
0,0,0.00143602313113,True
0,0,0.000554263922817,True
0,0,0.00298888373801,True
0,0,0.00145649056593,True
0,0,0.000681515805264,True
0,0,0.000330182095533,True
0,0,0.000930227399379,True
0,0,0.000895870458084,True
0,0,0.00181435854384,True
0,0,0.00948924876959,True
0,0,0.00243516665995,True
0,0,0.000556733650613,True
0,0,0.000605583342945,True
0,0,0.00137133337251,True
0,0,0.000468523463929,True
0,0,0.00180180735338,True
0,0,0.000956785292858,True
0,0,0.00255374593343,True
0,0,0.000784499447665,True
0,0,0.00055621156707,True
0,0,0.00530978943971,True
0,0,0.000142755484526,True
0,0,0.00485893016496,True
0,0,0.00184038781806,True
0,0,0.0019653421285,True
0,0,0.000715035167887,True
0,0,0.00167234870309,True
0,0,0.00106297994371,True
0,0,0.000726143785699,True
0,0,0.00306397369308,True
0,0,0.00197692827189,True
0,0,0.00515485222381,True
0,0,0.00120099502282,True
0,0,0.00117213980031,True
0,0,0.000372281904191,True
0,0,0.0025187315071,True
0,0,0.00288363529995,True
0,0,0.000753275151694,True
0,0,0.00146124915609,True
0,0,0.00453956720226,True
0,0,0.00101163097548,True
0,0,0.00214049734917,True
0,0,0.045072886016,True
0,0,0.000955722251589,True
0,0,0.00117585345777,True
0,0,0.00184143762384,True
0,0,0.00288185681106,True
0,0,0.400318820082,True
0,0,0.00109567219787,True
0,0,0.00227401162965,True
0,0,0.000575280558386,True
0,0,0.000865855751936,True
0,0,0.000631671059587,True
0,0,0.00142513136445,True
0,0,0.000904885417223,True
0,0,0.00125219584234,True
0,0,0.000355352127394,True
0,0,0.00133347884137,True
0,0,0.000627390380262,True
0,0,0.00263819475186,True
0,0,0.00822663507316,True
0,0,0.000966293528816,True
0,0,0.0403596113501,True
0,0,0.0543021796089,True
0,0,0.00183110007872,True
0,0,0.000721859027422,True
0,0,0.0105995823906,True
0,0,0.000733207964217,True
0,0,0.00112960759,True
0,0,0.00140769323654,True
1,1,0.772086877319,True
0,0,0.00349329573207,True
0,0,0.00106073840689,True
0,0,0.00083119652269,True
0,0,0.000807581344494,True
0,0,0.00120477460292,True
0,0,0.000926445091526,True
0,0,0.000570929447829,True
0,0,0.000734118505268,True
0,0,0.00112470839066,True
0,0,0.00299606271821,True
0,0,0.000626041787565,True
0,0,0.00238534900456,True
0,0,0.00149560003158,True
0,0,0.00170669461228,True
0,0,0.00321879342596,True
0,0,0.00316609143607,True
0,0,0.000561181472279,True
0,0,0.00790773982059,True
0,0,0.000641535311425,True
0,0,0.000348503000041,True
0,0,0.000311121108509,True
0,0,0.00240382391436,True
0,0,0.00176616662553,True
0,0,0.000683459463148,True
0,0,0.00113501375763,True
0,0,0.00233438031764,True
0,0,0.0035972056845,True
0,0,0.000575938721125,True
0,0,0.0114619093719,True
0,0,0.00125746331499,True
0,0,0.000532616104474,True
0,0,0.0017825441805,True
0,0,0.000931160238125,True
0,0,0.000665490941114,True
0,0,0.00583487719823,True
0,0,0.00129693517928,True
0,0,0.00296511054637,True
0,0,0.00134256452038,True
0,0,0.00113940096756,True
0,0,0.0484131413498,True
0,0,0.000589945163343,True
1,0,0.00995791313443,False
0,0,0.00161825558027,True
0,0,0.00084839504627,True
0,0,0.00057882375215,True
0,0,0.0013458061279,True
0,0,0.00125265638136,True
0,0,0.000770138883386,True
0,0,0.00180837943662,True
0,0,0.000407443338045,True
0,0,0.00118266285391,True
0,0,0.00371317898314,True
0,0,0.00513985484914,True
0,0,0.000563195593495,True
0,0,0.0107274678125,True
0,0,0.00859672777964,True
1,1,0.87757459246,True
0,0,0.00149050061923,True
0,0,0.000999438171821,True
0,0,0.00160622076154,True
0,0,0.0356726671445,True
0,0,0.00149875686406,True
0,0,0.00249786921707,True
0,0,0.00549836481234,True
0,0,0.00497158481383,True
0,0,0.000774421476177,True
0,0,0.0013736356089,True
0,0,0.00109272439863,True
0,0,0.0275027918875,True
0,0,0.000486913605404,True
0,0,0.0662702318253,True
0,0,0.000748740339627,True
0,0,0.00118258968991,True
0,0,0.000250179112384,True
1,1,0.992954825606,True
0,0,0.00105091986375,True
0,0,0.00162389863887,True
0,0,0.00117754126892,True
0,0,0.00123513837385,True
0,0,0.000716564470429,True
0,0,0.000571991325154,True
0,0,0.00171407457988,True
0,0,0.0013897228481,True
0,0,0.211416469013,True
0,0,0.000719544670963,True
0,0,0.000790453381392,True
0,0,0.000999871096191,True
0,0,0.00399851008017,True
0,0,0.000752921059223,True
0,0,0.144899200283,True
0,0,0.00713209519651,True
0,0,0.000862606502725,True
0,0,0.00221242728094,True
0,0,0.00282693738654,True
0,0,0.00124970185705,True
1,0,0.293738881186,False
0,0,0.00168797685779,True
0,0,0.000700338993895,True
0,0,0.0214429450167,True
0,0,0.000367923802671,True
0,0,0.00122367141809,True
0,0,0.000641694822661,True
0,0,0.000681317696438,True
0,0,0.00485180724526,True
0,0,0.000602191497058,True
0,0,0.000786852943038,True
0,0,0.00228401094259,True
0,0,0.000840643008474,True
0,0,0.00171616125611,True
0,0,0.0387805968804,True
0,0,0.0877320050045,True
0,0,0.00387168510048,True
0,0,0.00146676360484,True
0,0,0.00177009975585,True
0,0,0.000639119839411,True
0,0,0.00134781674589,True
0,0,0.0153369588938,True
0,0,0.00227631665945,True
0,0,0.000947575660051,True
0,0,0.0178406452591,True
0,0,0.00139262271653,True
0,0,0.00235433447013,True
0,0,0.000982588955041,True
0,0,0.000576703134414,True
0,0,0.00254922435948,True
0,0,0.00460380898309,True
0,0,0.00419713948486,True
0,0,0.00118001032535,True
0,0,0.0324790528424,True
0,0,0.000465367870254,True
0,0,0.000951144604125,True
0,0,0.00158924871905,True
0,0,0.000374809199092,True
0,0,0.27393311189,True
0,0,0.00492455330233,True
0,0,0.00107139116094,True
0,0,0.000679238236563,True
0,0,0.00219109688925,True
0,0,0.000645402150724,True
0,0,0.000688325445792,True
0,0,0.000314909958229,True
0,0,0.00220833773778,True
0,0,0.000564703138657,True
0,0,0.0009100184099,True
0,0,0.0290502114204,True
0,0,0.000573027809161,True
0,0,0.00410328243697,True
0,0,0.00112378441944,True
0,0,0.0039224371023,True
0,0,0.00335280511084,True
0,0,0.000489077472312,True
0,0,0.000411314214628,True
0,0,0.00304878134719,True
0,0,0.000550768048309,True
0,0,0.00140320251776,True
0,0,0.000449354995184,True
0,0,0.00608002610278,True
0,0,0.00146546250139,True
0,0,0.000748845066038,True
0,0,0.000342185528836,True
0,0,0.00176588928641,True
0,0,0.00100787074787,True
0,0,0.00188128464747,True
0,0,0.00117672176573,True
0,0,0.000845268669294,True
0,0,0.000325278401388,True
0,0,0.000464277758018,True
0,0,0.000350921664296,True
0,0,0.00130131284418,True
0,0,0.000777611730251,True
0,0,0.00155834796096,True
0,0,0.000631509138325,True
0,0,0.00101676423555,True
0,0,0.000610088507436,True
0,0,0.000247402479544,True
0,0,0.00107444983604,True
0,0,0.00125180544399,True
0,0,0.000975734762492,True
0,0,0.00101302656312,True
0,0,0.000888787216802,True
0,0,0.000722575035564,True
0,0,0.00150267167259,True
0,0,0.0033661292545,True
1,1,0.920518285536,True
0,0,0.009825888885,True
0,0,0.00175978811459,True
0,0,0.000744850095979,True
0,0,0.000632341209591,True
0,0,0.00112793352957,True
0,0,0.000567909763273,True
0,0,0.00173555505738,True
0,0,0.0751255537058,True
0,0,0.000721629060002,True
1,1,0.960558703798,True
1,1,0.969459017014,True
0,0,0.0260232379742,True
0,0,0.000906511731848,True
0,0,0.00219563697754,True
0,0,0.00361145855941,True
0,0,0.000847772970507,True
0,0,0.00126385641231,True
0,0,0.00364794273757,True
0,0,0.000781848806476,True
0,0,0.00100603611184,True
0,0,0.000336826297608,True
0,0,0.000266409855954,True
0,0,0.000689281575104,True
0,0,0.00140903357674,True
0,0,0.000665982026236,True
0,0,0.00146391591734,True
0,0,0.000948947494153,True
0,0,0.00159456028913,True
0,0,0.00197505463882,True
0,0,0.000819998429687,True
0,0,0.000487857258262,True
0,0,0.00122626778667,True
0,0,0.00144782797001,True
0,0,0.0323732137721,True
0,0,0.00212709838844,True
0,0,0.00121557339559,True
0,0,0.00100127235227,True
0,0,0.00117541685382,True
0,0,0.0170343848988,True
0,0,0.00137194303966,True
0,0,0.000476128933942,True
0,0,0.00144951876626,True
0,0,0.00427587970878,True
0,0,0.00150894804978,True
0,0,0.00426596648418,True
0,0,0.00795406428512,True
0,0,0.000883886660178,True
0,0,0.000778493825816,True
0,0,0.00137296745073,True
0,0,0.00252840271947,True
0,0,0.000659193638894,True
0,0,0.00148585187284,True
0,0,0.00165872927043,True
0,0,0.000599604670954,True
0,0,0.00134916581695,True
0,0,0.189238828986,True
0,0,0.000368343971468,True
0,0,0.00130245461352,True
0,0,0.00159629540696,True
0,0,0.0219833812759,True
0,0,0.0311111611156,True
0,0,0.000778373017035,True
0,0,0.0155173834802,True
0,0,0.000771372337017,True
0,0,0.00160745629446,True
0,0,0.000702067724091,True
0,0,0.00300401063756,True
0,0,0.000855682344109,True
1,1,0.778050036331,True
0,0,0.000533495655992,True
0,0,0.0754562353942,True
0,0,0.000554928903752,True
0,0,0.00118292712769,True
0,0,0.000679238236563,True
0,0,0.00072475599598,True
0,0,0.00365274972292,True
0,0,0.000680047604237,True
0,0,0.00397096809252,True
0,0,0.0610637976666,True
0,0,0.00082437236155,True
0,0,0.126398232894,True
0,0,0.000620458736555,True
0,0,0.00236204103011,True
0,0,0.00122233888095,True
0,0,0.00184399255689,True
0,0,0.000978790180018,True
0,0,0.00372563938704,True
0,0,0.00147901014338,True
0,0,0.000435806879933,True
0,0,0.00255463126846,True
0,0,8.81884439907e-05,True
0,0,0.000959734820665,True
0,0,0.00243286386409,True
0,0,0.121310175319,True
0,0,0.00050935179028,True
0,0,0.00156075378196,True
0,0,0.0011460452093,True
0,0,0.000757831859833,True
0,0,0.00345235931901,True
0,0,0.0476628073766,True
0,0,0.000834816395941,True
0,0,0.00213534426824,True
0,0,0.00159530595467,True
0,0,0.000667451555601,True
0,0,0.000741733650724,True
0,0,0.00073329189559,True
0,0,0.00140478313499,True
0,0,0.155398804411,True
0,0,0.00152029202923,True
0,0,0.00168007256421,True
0,0,0.000847109438439,True
0,0,0.00187771326882,True
0,0,0.000395245371416,True
0,0,0.00188180759917,True
0,0,0.00168598769514,True
0,0,0.0314202014892,True
0,0,0.000452895536134,True
0,0,0.000504022720723,True
0,0,0.000369528429052,True
0,0,0.000954632612544,True
0,0,0.000546013647393,True
0,0,0.000841407048695,True
0,0,0.00149021692031,True
0,0,0.000164451080446,True
0,0,0.00230793736863,True
0,0,0.00186175945117,True
0,0,0.00219651228988,True
0,0,0.000780327740386,True
0,0,0.0362696963452,True
0,0,0.000864719015956,True
0,0,0.00211481171227,True
0,0,0.00142077954573,True
0,0,0.0113268975949,True
0,0,0.00149095984872,True
0,0,0.000885213694138,True
0,0,0.0004367675366,True
0,0,0.000357590045977,True
0,0,0.00111923983163,True
0,0,0.000721503011664,True
0,0,0.00104429053356,True
0,0,0.00190711297401,True
0,0,0.000338862956309,True
0,0,0.00302385033238,True
1,1,0.706750648437,True
0,0,0.00248142288276,True
0,0,0.00769528361383,True
0,0,0.00082622350736,True
0,0,0.000350921664296,True
0,0,0.00550457153268,True
0,0,0.000950321305445,True
0,0,0.0014991546602,True
0,0,0.00895038677208,True
0,0,0.00053018406797,True
0,0,0.00225908976463,True
0,0,0.00210458425513,True
0,0,0.000939039899305,True
0,0,0.00108799952904,True
0,0,0.00397590789875,True
0,0,0.000547230934095,True
0,0,0.000996644391444,True
0,0,0.00127188441255,True
0,0,0.00170815073427,True
0,0,0.024770853735,True
0,0,0.00586773903035,True
0,0,0.000715285435985,True
0,0,0.000694285837327,True
0,0,0.000575961268314,True
0,0,0.000491730849083,True
0,0,0.0337319691095,True
0,0,0.0216001092102,True
0,0,0.0124847344491,True
0,0,0.00149738867671,True
0,0,0.0487863681937,True
0,0,0.000872683472087,True
0,0,0.00137851513816,True
0,0,0.000756774954147,True
1,1,0.616590383281,True
0,0,0.184194008991,True
0,0,0.000358586851565,True
0,0,0.000598056390171,True
0,0,0.00241010675333,True
1,1,0.95202666008,True
0,0,0.000785148488693,True
0,0,0.06891035036,True
0,0,0.00141509648138,True
0,0,0.00649331552034,True
0,0,0.000816125915672,True
0,0,0.0047025370014,True
0,0,0.000733626920154,True
0,0,0.00291469171629,True
0,0,0.00126018432196,True
0,0,0.00151663918722,True
0,0,0.0253703153225,True
0,0,0.000401518027859,True
0,0,0.00146967401736,True
0,0,0.000922747063306,True
0,0,0.001447523515,True
0,0,0.000895306237399,True
0,0,0.000805953511285,True
0,0,0.0118310269298,True
0,0,0.00184129737262,True
0,0,0.000457295505189,True
0,0,0.000823402912142,True
0,0,0.00133874240196,True
1,1,0.789825126186,True
0,0,0.00159951455995,True
0,0,0.000556596571437,True
0,0,0.003822187403,True
0,0,0.00021089753558,True
0,0,0.00489283344344,True
0,0,0.000742296645999,True
0,0,0.00037859224682,True
0,0,0.0190616208263,True
0,0,0.00200897961773,True
0,0,0.0296160067318,True
0,0,0.00235039974029,True
0,0,0.0821263195396,True
0,0,0.000686247900402,True
0,0,0.00326205141521,True
0,0,0.00246481094142,True
0,0,0.00531410941496,True
0,0,0.00247546531435,True
0,0,0.00113026044148,True
0,0,0.000700817174015,True
0,0,0.00368219356943,True
0,0,0.00429184443741,True
0,0,0.00109524353446,True
0,0,0.00102817126716,True
0,0,0.00131257929993,True
0,0,0.00401194463217,True
0,0,0.001633927159,True
0,0,0.000441574944201,True
0,0,0.0438363797113,True
0,0,0.000456355736756,True
0,0,0.0345292686001,True
0,0,0.000750911833002,True
0,0,0.00116490835961,True
0,0,0.00152383173141,True
0,0,0.000234251654778,True
0,0,0.106470434168,True
0,0,0.000756286491821,True
0,0,0.0054937408543,True
0,0,0.000248869367926,True
0,0,0.00217589971851,True
0,0,0.00179692261125,True
0,0,0.00123929337096,True
0,0,0.000884251531167,True
0,0,0.000879343975182,True
0,0,0.00103569667864,True
0,0,0.0005915597311,True
0,0,0.0164442001429,True
0,0,0.00177081501515,True
0,0,0.00511649003187,True
0,0,0.00044864794941,True
0,0,0.00079014537867,True
0,0,0.0416661134685,True
0,0,0.00337623446731,True
0,0,0.0444133107976,True
0,0,0.00113506674358,True
0,0,0.000663685153342,True
0,0,0.000274542692686,True
0,0,0.000851902388006,True
0,0,0.000308233727322,True
0,0,0.000812635345277,True
1,1,0.633180377746,True
0,0,0.00112530031035,True
0,0,0.000522628299717,True
0,0,0.000663416065302,True
0,0,0.00196577949971,True
0,0,0.00136233713421,True
0,0,0.00125882417691,True
0,0,0.000724146307307,True
0,0,0.00147773853904,True
0,0,0.000653752978525,True
0,0,0.000690977324812,True
0,0,0.000216432901524,True
0,0,0.00120043928483,True
0,0,0.000223869570871,True
0,0,0.000339144426345,True
0,0,0.00433973622014,True
0,0,0.00118750478865,True
0,0,0.00121521543441,True
0,0,0.00055784387346,True
0,0,0.00130844389987,True
0,0,0.000887602968994,True
0,0,0.000448210465004,True
0,0,0.00536947612156,True
0,0,0.00121414285021,True
0,0,0.00126459745747,True
0,0,0.00367032945529,True
0,0,0.00118634097113,True
0,0,0.00150267488931,True
0,0,0.00359558131321,True
0,0,0.000325162097522,True
0,0,0.000491461273963,True
0,0,0.0017615125987,True
0,0,0.0279977327281,True
0,0,0.000341934917863,True
0,0,0.00127388360849,True
0,0,0.00205449512883,True
0,0,0.00149004433792,True
0,0,0.0178557830376,True
0,0,0.00090013070813,True
0,0,0.000276485597504,True
0,0,0.00169359346045,True
0,0,0.0015580247882,True
0,0,0.000747127851275,True
0,0,0.000809491469347,True
0,0,0.0117442329583,True
0,0,0.00159896439951,True
0,0,0.00230941772605,True
0,0,0.00283284849897,True
0,0,0.000755597345818,True
0,0,0.0105164546921,True
0,0,0.00107652656868,True
0,0,0.00260061241502,True
0,0,0.00084015846088,True
0,0,0.0013539756259,True
0,0,0.0119664200676,True
0,0,0.0177761490298,True
1,1,0.99116553066,True
0,0,0.462614358113,True
0,0,0.000462700261567,True
0,0,0.0007654091218,True
0,0,0.0019003658947,True
0,0,0.000925971197826,True
0,0,0.00077998263852,True
0,0,0.00295803079152,True
0,0,0.00166805297399,True
0,0,0.00114174372717,True
0,0,0.0146760849664,True
0,0,0.00103804728234,True
0,0,0.00324855294253,True
0,0,0.0129708008765,True
0,0,0.0029724000136,True
0,0,0.000222691089574,True
0,0,0.0141774626537,True
0,0,0.11458922748,True
0,0,0.0241190821963,True
0,0,0.00164053170151,True
0,0,0.0302338269732,True
0,0,0.00355450337479,True
0,0,0.00151669733382,True
0,0,0.00285744254956,True
0,0,0.000569004968184,True
0,0,0.000771507644817,True
0,0,0.000566642481365,True
0,0,0.000980975689356,True
0,0,0.00116490835961,True
0,0,0.0010900488341,True
0,0,0.00129536155273,True
0,0,0.00136171060713,True
0,0,0.00144614213371,True
0,0,0.00150481455132,True
0,0,0.00115640433289,True
0,0,0.000693173666961,True
0,0,0.000768727816008,True
0,0,0.00105512887044,True
0,0,0.000633196602578,True
0,0,0.00202358430597,True
0,0,0.000450630515446,True
0,0,0.00110742896665,True
0,0,0.000516349511946,True
0,0,0.000240603489867,True
0,0,0.00202899975685,True
0,0,0.000688143239619,True
0,0,0.00119984422286,True
0,0,0.0524869971256,True
0,0,0.00165189124177,True
0,0,0.00265642355566,True
0,0,0.00073087041683,True
0,0,0.000270118819766,True
0,0,0.000705454792789,True
0,0,0.000164573965749,True
0,0,0.00148654879217,True
0,0,0.00106991703757,True
0,0,0.000863383839829,True
0,0,0.00090393336252,True
0,0,0.000755431732728,True
0,0,0.0410949538596,True
0,0,0.00308093135112,True
0,0,0.00441898675619,True
0,0,0.00218459613377,True
0,0,0.000662113171152,True
0,0,0.00126846805814,True
0,0,0.00268315364008,True
0,0,0.00130170924645,True
0,0,0.000858278333164,True
0,0,0.00141781670231,True
0,0,0.00243502686863,True
0,0,0.00148175415937,True
0,0,0.00936398435098,True
0,0,0.000863950345534,True
0,0,0.000859502624857,True
0,0,0.00232675470192,True
0,0,0.00384285103585,True
0,0,0.00133285035932,True
0,0,0.000827497646413,True
0,0,0.0590747644507,True
0,0,0.00148416020928,True
0,0,0.00213055914185,True
0,0,0.000938688601525,True
0,0,0.000569248645148,True
0,0,0.00123171178981,True
0,0,0.00146991559741,True
0,0,0.000343095547913,True
0,0,0.000363071534136,True
0,0,0.00107671045043,True
0,0,0.274180538001,True
1,1,0.98961594052,True
0,0,0.0261192629685,True
0,0,0.00102198118492,True
0,0,0.000639474824993,True
0,0,0.000993158507104,True
0,0,0.00024724877471,True
0,0,0.00167570346208,True
0,0,0.000955772281356,True
0,0,0.00167820630171,True
0,0,0.000452009900224,True
0,0,0.00111826455348,True
0,0,0.000903500636695,True
0,0,0.00225090718596,True
0,0,0.000484335868855,True
0,0,0.00145116688323,True
0,0,0.00405110512121,True
0,0,0.000611094150065,True
0,0,0.00171366719729,True
0,0,0.219263403296,True
0,0,0.00980317571385,True
0,0,0.000431551762165,True
0,0,0.00141870708567,True
0,0,0.00192383035785,True
0,0,0.0178901677103,True
0,0,0.00159373579435,True
0,0,0.00156696529192,True
0,0,0.000591751581866,True
0,0,0.00449395284811,True
0,0,0.00107471442597,True
0,0,0.00093409811903,True
0,0,0.000820660210764,True
0,0,0.000587474032854,True
0,0,0.00112090411355,True
0,0,0.00157025670303,True
0,0,0.0547507644494,True
0,0,0.0016247042275,True
0,0,0.0305629726169,True
0,0,0.0641275526996,True
1,1,0.749457317317,True
0,0,0.000463607739951,True
0,0,0.00246037290925,True
0,0,0.00203163569035,True
1,1,0.899363247719,True
0,0,0.000636346412607,True
0,0,0.00319331602925,True
0,0,0.000366384248914,True
0,0,0.0039782968586,True
0,0,0.0929139827377,True
0,0,0.00166251424174,True
0,0,0.00397948644654,True
0,0,0.00150152081745,True
0,0,0.0408938915004,True
0,0,0.00120969970905,True
0,0,0.00119901957287,True
0,0,0.00140715464289,True
0,0,0.00340511171533,True
0,0,0.000743198878966,True
0,0,0.000209405510544,True
0,0,0.000288212755062,True
0,0,0.000223337879912,True
0,0,0.00167155732472,True
0,0,0.0375472745871,True
0,0,0.00747897644962,True
0,0,0.00248634617026,True
0,0,0.00219954242514,True
0,0,0.000377814066117,True
0,0,0.00181942115939,True
0,0,0.000599580328531,True
0,0,0.00178201564197,True
0,0,0.00125740915943,True
0,0,0.00166473817208,True
0,0,0.0007078860817,True
0,0,0.000802445893991,True
0,0,0.445613665071,True
0,0,0.000470511649577,True
0,0,0.0163508154345,True
0,0,0.00125577261735,True
0,0,0.00122938463827,True
0,0,0.000226980840754,True
0,0,0.000693800478947,True
0,0,0.0134744361637,True
0,0,0.000904882231722,True
0,0,0.000521780013787,True
0,0,0.262875648036,True
0,0,0.0137816166003,True
0,0,0.000777155259061,True
0,0,0.00110710684692,True
0,0,0.00064732445912,True
0,0,0.000799359938042,True
1,1,0.834801542351,True
0,0,0.00108433170785,True
0,0,0.00178063685619,True
0,0,0.000484513666508,True
0,0,0.00160769828941,True
0,0,0.000918238537481,True
0,0,0.00102496841338,True
0,0,0.00182125922767,True
0,0,0.00024421830318,True
0,0,0.00141540674956,True
0,0,0.00221281650658,True
0,0,0.000377729196331,True
0,0,0.0015580387623,True
0,0,0.000567903985568,True
0,0,0.00618708841597,True
0,0,0.00150116545312,True
0,0,0.00135651758661,True
0,0,0.000770430474171,True
0,0,0.000454461966271,True
0,0,0.000682237236749,True
0,0,0.000592056606139,True
0,0,0.00167702966668,True
0,0,0.000440556249037,True
1,1,0.93242687997,True
0,0,0.000421620482461,True
0,0,0.108257785485,True
0,0,0.00123419207499,True
0,0,0.00184094796194,True
0,0,0.000766377401252,True
0,0,0.00048156715089,True
0,0,0.000911959094895,True
0,0,0.00142735387475,True
0,0,0.00320695922288,True
0,0,0.000856400267504,True
0,0,0.000560521659446,True
0,0,0.00128559328835,True
0,0,0.0011695067035,True
0,0,0.000328107482593,True
0,0,0.00032413320358,True
0,0,0.000642254965205,True
0,0,0.00291450990181,True
0,0,0.0513304385648,True
0,0,0.000417857110275,True
0,0,0.00103936308695,True
0,0,0.000421578063637,True
0,0,0.00125480675541,True
0,0,0.00128295225558,True
0,0,0.00264250515776,True
0,0,0.000599430387265,True
0,0,0.00036645842658,True
0,0,0.00770018105767,True
0,0,0.0100782717425,True
0,0,0.000556827071973,True
1,1,0.723004953011,True
0,0,0.000272158644817,True
0,0,0.0105832565303,True
0,0,0.000965716184363,True
0,0,0.000767072242427,True
0,0,0.00422514102689,True
0,0,0.000565039436452,True
0,0,0.00013268887028,True
0,0,0.00452828089995,True
0,0,0.00038895646984,True
1,1,0.788631599428,True
0,0,0.000843546872561,True
0,1,0.660494047461,False
0,0,0.00152715647284,True
0,0,0.000678008867492,True
0,0,0.00055047831059,True
0,0,0.000465823100917,True
0,0,0.000927828869937,True
0,0,0.000868361884039,True
0,0,0.000708826178058,True
0,0,0.002063646732,True
0,0,0.0186160034947,True
0,0,0.0114002154429,True
0,0,0.0200561695296,True
0,0,0.000526395338923,True
0,0,0.00217612267607,True
0,0,0.00106109388609,True
0,0,0.00891498844659,True
0,0,0.000575666284622,True
0,0,0.00292081817644,True
0,0,0.0017741443973,True
0,0,0.000600728130333,True
0,0,0.00172299141181,True
0,0,0.00124142016528,True
0,0,0.127040076785,True
0,0,0.0012027345099,True
0,0,0.0290461763535,True
0,0,0.0281877298771,True
0,0,0.000731274238622,True
0,0,0.026632042057,True
0,0,0.00242482411578,True
0,0,0.00180553062584,True
0,0,0.000547309787062,True
0,0,0.00284365781917,True
0,0,0.00120898303984,True
0,0,0.00673697211807,True
0,0,0.0023773627095,True
0,0,0.000797631755159,True
0,0,0.000725707034253,True
0,0,0.00143013880853,True
0,0,0.00119169975673,True
0,0,0.00296455429912,True
0,0,0.469197724051,True
1,1,0.931180807674,True
0,0,0.00199097085519,True
0,0,0.00230288307509,True
0,0,0.00385494097131,True
0,0,0.000378921951047,True
0,0,0.00224931041469,True
0,0,0.000592781971274,True
0,0,0.0061857441963,True
0,0,0.00107951502718,True
0,0,0.00049098057865,True
0,0,0.000797856163768,True
0,0,0.000114367697437,True
0,0,0.00199153181447,True
0,0,0.00160572771231,True
0,0,0.00117825577771,True
0,0,0.00908330093607,True
0,0,0.00374503087149,True
0,0,0.000904130999979,True
0,0,0.00120568613117,True
0,0,0.00247830076463,True
0,0,0.00118243245016,True
1,0,0.170004104824,False
0,0,0.00167443356266,True
0,0,0.00135144713897,True
0,0,0.000397964031261,True
0,0,0.00198901634103,True
0,0,0.000932553585575,True
0,0,0.00345323202557,True
0,0,0.00107587465276,True
0,0,0.00144618176675,True
0,0,0.00134732413574,True
0,0,0.00234421516745,True
0,0,0.000533217374654,True
0,0,0.00115545786255,True
0,0,0.00294323491963,True
0,0,0.00196087246503,True
0,0,0.00171142215927,True
0,0,0.000810109799559,True
0,0,0.0166109118579,True
0,0,0.00327360587823,True
0,0,0.00045814819791,True
0,0,0.000434618453845,True
0,0,0.000611177283743,True
0,0,0.000625335385618,True
0,0,0.00074122509932,True
0,0,0.00137866529316,True
0,0,0.000825326305885,True
0,0,0.000841964419223,True
0,0,0.000272100154546,True
0,0,0.000601261701907,True
0,0,0.000670225177534,True
0,0,0.000616281754636,True
0,0,0.0012225131901,True
0,0,0.00435846742449,True
0,0,0.0677289437646,True
0,0,0.00334691504917,True
0,0,0.00299448865545,True
0,0,0.0345304104214,True
0,0,0.0039754499177,True
0,0,0.00256685136661,True
0,0,0.000656393862997,True
0,0,0.00199813550463,True
0,0,0.141521074456,True
0,0,0.0388808332472,True
0,0,0.00918921247395,True
0,0,0.255776198855,True
0,0,0.000752014948067,True
0,0,0.00173600842823,True
0,0,0.00149190347093,True
0,0,0.00178045323407,True
0,0,0.00139759485406,True
0,0,0.000865195964321,True
0,0,0.00321835862363,True
0,0,0.000529119109374,True
0,0,0.00190277490277,True
0,0,0.000722439119388,True
0,0,0.00123639667344,True
0,0,0.00199300600162,True
0,0,0.00100232745364,True
0,0,0.00186512834636,True
0,0,0.0012721693012,True
0,0,0.000681630253778,True
0,0,0.00272266729144,True
1,0,0.164537682489,False
0,0,0.00152711181215,True
0,0,0.021358270924,True
0,0,0.00190425238237,True
0,0,0.0291655362852,True
0,0,0.0756470255089,True
0,0,0.00188547698588,True
0,0,0.000576828670867,True
0,0,0.000857181308297,True
0,0,0.000371560770271,True
0,0,0.00081059934807,True
0,0,0.000579745935358,True
0,0,0.000927824792335,True
0,0,0.00108965520369,True
0,0,0.00233851972015,True
0,0,0.00019826768536,True
0,0,0.000924270186735,True
0,0,0.000516432918977,True
0,0,0.000490100521071,True
0,0,0.000413888936643,True
0,0,0.310320102315,True
0,0,0.000933170452382,True
0,0,0.00147860627684,True
0,0,0.000965550190997,True
0,0,0.000689252369748,True
0,0,0.00472991344234,True
0,0,0.0017701258811,True
0,0,0.0021325926518,True
0,0,0.00104780433071,True
1,1,0.964710337011,True
0,0,0.000377095717497,True
0,0,0.00080864746628,True
0,0,0.00112151576108,True
0,0,0.00414704173282,True
0,0,0.00202560110198,True
0,0,0.000230822036021,True
0,0,0.00281443760425,True
0,0,0.00120171312058,True
0,0,0.00183679614867,True
0,0,0.00273923988206,True
0,0,0.0018934875411,True
0,0,0.00112411737923,True
0,0,0.00107280510984,True
0,0,0.000702543097651,True
0,0,0.000427358310362,True
0,0,0.00066160070452,True
0,0,0.0280456347745,True
0,0,0.00128639010652,True
0,0,0.00272963231856,True
0,0,0.148515030899,True
0,0,0.000632530030753,True
0,0,0.123662710043,True
0,0,0.00134123879636,True
0,0,0.000291921295926,True
0,0,0.000482402995279,True
0,0,0.00175467377217,True
0,0,0.000180056946277,True
0,0,0.000860435299276,True
0,0,0.00337049937282,True
0,0,0.000512069112648,True
0,0,0.00110204339974,True
0,0,0.00115225992168,True
0,0,0.000486705858632,True
0,0,0.00160920066187,True
0,0,0.00124149242551,True
1,1,0.942961483491,True
0,0,0.00167813942969,True
0,0,0.00180258069064,True
0,0,0.00165974930871,True
0,0,0.0516763750771,True
1,1,0.76753472308,True
0,0,0.000447567303017,True
0,0,0.0293624374702,True
0,0,0.00049719247328,True
1,1,0.998386639637,True
0,0,0.000671566314364,True
0,0,0.00191785879649,True
1,1,0.936486073012,True
0,0,0.00216414914776,True
0,0,0.00283035881704,True
0,0,0.000422384028185,True
0,0,0.08428084753,True
0,0,0.00205150104435,True
0,0,0.00716215182865,True
0,0,0.000812862955746,True
0,0,0.00635776313868,True
0,0,0.00185321099594,True
0,0,0.0215205296234,True
0,0,0.000975292002552,True
0,0,0.000822999065754,True
0,0,0.00455434928221,True
0,0,0.000460012756147,True
0,0,0.00182910139925,True
0,0,0.0343049399064,True
0,0,0.00595628519957,True
0,0,0.00055942951206,True
0,0,0.00143532987283,True
0,0,0.00104189679643,True
0,0,0.00177353907343,True
0,0,0.000556733650613,True
0,0,0.00129179162338,True
0,0,0.00801501693912,True
0,0,0.0150114241199,True
0,0,0.000884838162482,True
0,0,0.000547116942662,True
0,0,0.00204317414549,True
0,0,0.000896147082572,True
0,0,0.000609887746872,True
0,0,0.00120687328122,True
0,0,0.000678656099992,True
0,0,0.000750062010308,True
0,0,0.00206577166716,True
0,0,0.00345687599817,True
0,0,0.0621140015704,True
0,0,0.000723915961329,True
0,0,0.00366506977004,True
1,1,0.758017435978,True
0,0,0.000335786861425,True
0,0,0.000708826178058,True
0,0,0.00163084012903,True
0,0,0.00144229299357,True
0,0,0.00103414178616,True
0,0,0.000843400819276,True
0,0,0.000700817174015,True
0,0,0.000202476441262,True
0,0,0.000837163029643,True
0,0,0.00143654757012,True
0,0,0.000874916978092,True
0,0,0.00169039636138,True
0,0,0.000890424778085,True
0,0,0.000808619811189,True
0,0,0.00335016471965,True
0,0,0.0535984868109,True
0,0,0.000649261195955,True
1,1,0.899638941293,True
0,0,0.00146131292216,True
0,0,0.00211489848965,True
0,0,0.000908324056184,True
0,0,0.190980679911,True
0,0,0.00124043603649,True
0,0,0.00177399740971,True
0,0,0.000955722251589,True
0,0,0.00101589681891,True
0,0,0.000663329267731,True
0,0,0.00317557043509,True
0,0,0.002043395452,True
0,0,0.000681503932177,True
0,0,0.00461992052851,True
0,0,0.0025652186114,True
0,0,0.00195199216554,True
0,0,0.00105334821274,True
0,0,0.00157053141753,True
0,0,0.00127514785368,True
0,0,0.000675171646888,True
0,0,0.0993759970115,True
0,0,0.00288896539062,True
0,0,0.00039012218261,True
0,0,0.000548465473217,True
0,0,0.00197282559551,True
0,0,0.000995458893382,True
0,0,0.00038535054143,True
0,0,0.000798684312283,True
0,0,0.000411691681712,True
0,0,0.0104535223006,True
0,0,0.0171691819742,True
0,0,0.00739810218474,True
0,0,0.011011068035,True
1,1,0.725949245767,True
0,0,0.00138005406153,True
0,0,0.152052922004,True
0,0,0.0277148559306,True
0,0,0.00193945255271,True
0,0,0.000454348901801,True
0,0,0.00425174941786,True
0,0,0.00126037550481,True
0,0,0.0156929638289,True
0,0,0.00165013332675,True
0,0,0.00137909208344,True
0,0,0.000654642883519,True
0,0,0.000415324252488,True
0,0,0.00393331098361,True
0,0,0.00101374765997,True
0,0,0.00118456006868,True
0,0,0.00242976093132,True
0,0,0.00822919799875,True
0,0,0.0017383886589,True
0,0,0.0147979296487,True
0,0,0.000394373102071,True
0,0,0.000351858714985,True
0,0,0.00205026948728,True
0,0,0.000886160280203,True
0,0,0.0024350526343,True
0,0,0.000755508809448,True
0,0,0.00106737877767,True
0,0,0.00197157422012,True
1,1,0.911223076555,True
0,0,0.000476003419403,True
0,0,0.00172730100979,True
1,1,0.769708789983,True
0,0,0.000386156913697,True
0,0,0.0532526452712,True
0,0,0.000725850506044,True
0,0,0.00307753667479,True
0,0,0.00163610606102,True
0,0,0.0006919227074,True
0,0,0.000809019518778,True
0,0,0.00116160266899,True
0,0,0.000792543213217,True
0,0,0.00144149560932,True
0,0,0.00229266212062,True
0,0,0.000968741592425,True
0,0,0.000250215705051,True
0,0,0.000509943563282,True
0,0,0.00167023068831,True
0,0,0.00135235124665,True
0,0,0.000530306643513,True
0,0,0.00127763552623,True
0,0,0.000843086225444,True
0,0,0.00117714373705,True
0,0,0.00108037814046,True
0,0,0.000833073133943,True
0,0,0.000850171569627,True
0,0,0.0253073799289,True
0,0,0.000480187180419,True
0,0,0.000936041056465,True
0,0,0.000915059742554,True
0,0,0.00129700341243,True
1,1,0.920806765082,True
0,0,0.00184366323938,True
0,0,0.00150429339138,True
0,0,0.000880181709092,True
0,0,0.00038365132127,True
0,0,0.000737133218577,True
0,0,0.00126691561551,True
0,0,0.0282586224992,True
0,0,0.00673011630246,True
0,0,0.000613223184364,True
0,0,0.00390808466895,True
0,0,0.000920207558687,True
0,0,0.000703449321806,True
0,0,0.000987445259038,True
0,0,0.000893214936168,True
0,0,0.000686344637304,True
0,0,0.00223777177876,True
0,0,0.00101575543568,True
0,0,0.00157708863777,True
0,0,0.00697741217291,True
0,0,0.00252472551321,True
0,0,0.0821798050544,True
0,0,0.000774561399973,True
0,0,0.0264650815578,True
0,0,0.00418775540107,True
0,0,0.0211326425869,True
0,0,0.00231000477047,True
0,0,0.000509587291703,True
0,0,0.00076542607574,True
0,0,0.00138837459762,True
0,0,0.000681066113798,True
0,0,0.000436145927425,True
0,0,0.000693040283052,True
0,0,0.00166781175276,True
0,0,0.00124940859462,True
0,0,0.00207446208906,True
0,0,0.0074710593778,True
0,0,0.00157398265984,True
0,0,0.00450353409291,True
0,0,0.000584367176005,True
0,0,0.00141029115686,True
0,0,0.000578599471282,True
0,0,0.00090165300601,True
0,0,0.00097073630804,True
0,0,0.00198240286343,True
0,0,0.00053605620313,True
0,0,0.000703193345867,True
0,0,0.00118266657724,True
0,0,0.000697175736572,True
0,0,0.0703178807674,True
0,0,0.00229603022993,True
0,0,0.0528765395675,True
0,0,0.00105517634248,True
0,0,0.00294830500148,True
0,0,0.0222206525183,True
0,0,0.00264187861752,True
0,0,0.000695229832895,True
0,0,0.00194522278174,True
0,0,0.00116517215519,True
0,0,0.0197192523656,True
0,0,0.000612003251635,True
0,0,0.00277049704161,True
0,0,0.00148832753956,True
0,0,0.00149968012225,True
0,0,0.000780108715812,True
0,0,0.00107045222282,True
0,0,0.00700900419645,True
0,0,0.000464306077227,True
0,0,0.000644606304386,True
0,0,0.0010822855312,True
0,0,0.00122281011476,True
0,0,0.00150610684721,True
0,0,0.052102912052,True
0,0,0.00101582579018,True
0,0,0.00146983114046,True
0,0,0.0257274801065,True
0,0,0.00639026126719,True
0,0,0.000650037233019,True
0,0,0.00108806353758,True
0,0,0.000833457660038,True
0,0,0.00183621391947,True
0,0,0.00202584911573,True
0,0,0.00990469797298,True
0,0,0.000383884149105,True
0,0,0.000941930164762,True
1,1,0.753916307717,True
0,0,0.000710011433549,True
0,0,0.00196193760121,True
0,0,0.00112352878471,True
0,0,0.00122125682733,True
0,0,0.0166334919529,True
0,0,0.00146118206052,True
0,0,0.00153294182783,True
0,0,0.000717581528995,True
0,0,0.00199198046518,True
0,0,0.000755823795711,True
0,0,0.00189498265917,True
0,0,0.0112115951837,True
0,0,0.00183866124427,True
0,0,0.000963845047385,True
0,0,0.0107418237139,True
0,0,0.00199018147056,True
0,0,0.25470227158,True
0,0,0.00078630641518,True
0,0,0.000378860578684,True
0,0,0.000458987015345,True
0,0,0.000827026772373,True
0,0,0.00110913979175,True
0,0,0.00948458034218,True
0,0,0.00102902772969,True
0,0,0.0005732640117,True
0,0,0.000513067446236,True
0,0,0.000516864329081,True
0,0,0.000541773693107,True
0,0,0.00260732325522,True
0,0,0.00142834769524,True
0,0,0.00147399757218,True
0,0,0.213314966389,True
0,0,0.00259266550049,True
0,0,0.000368557209433,True
0,0,0.0178275334832,True
0,0,0.00059246497612,True
0,0,0.000703460846314,True
1,1,0.954454296266,True
0,0,0.00110015176012,True
0,0,0.0599212146707,True
0,0,0.00211353461034,True
0,0,0.0915892527956,True
0,0,0.000214119785851,True
0,0,0.0252377938542,True
0,0,0.00110130301004,True
0,0,0.000351803871306,True
0,0,0.000906166457502,True
0,0,0.00235695390596,True
0,0,0.00152392729862,True
0,0,0.0799034287118,True
0,0,0.000422704971036,True
0,0,0.132606049805,True
0,0,0.000541201304839,True
0,0,0.000288429087646,True
0,0,0.000814274667165,True
0,0,0.000664604646125,True
0,0,0.000708838939822,True
0,0,0.00122048569063,True
0,0,0.00128432045413,True
0,0,0.0016862838364,True
0,0,0.000315911274953,True
0,0,0.000631783830748,True
0,0,0.00208984502978,True
0,0,0.00110890823262,True
0,0,0.000430525913491,True
0,0,0.00113049208824,True
0,0,0.00086276821153,True
0,0,0.00143262210299,True
0,0,0.000733177179955,True
0,0,0.00128887739225,True
0,0,0.0012405875623,True
0,0,0.000920977186185,True
0,0,0.00036452219095,True
0,0,0.00311666171888,True
0,0,0.00180213705118,True
0,0,0.0210886191598,True
0,0,0.000754955327018,True
0,0,0.00197015453217,True
0,0,0.0249524683606,True
0,0,0.000700137538668,True
0,0,0.0135630978533,True
0,0,0.000341427686407,True
0,0,0.0437041845152,True
0,0,0.00162284986087,True
0,0,0.00353915818717,True
0,0,0.0190615292982,True
0,0,0.00262855217389,True
0,0,0.0206727045484,True
0,0,0.000654469614735,True
0,0,0.000750364338569,True
0,0,0.00652256862692,True
0,0,0.0569703275649,True
0,0,0.000638026009179,True
0,0,0.000932029476907,True
0,0,0.00040529009914,True
0,0,0.000869330068724,True
0,0,0.00149995367522,True
0,0,0.00056439543629,True
0,0,0.0164706087619,True
0,0,0.00264598021675,True
0,0,0.000961866635061,True
0,0,0.00105544627016,True
0,0,0.00111077592491,True
1,0,0.0820158190543,False
0,0,0.00092531990269,True
0,0,0.00173372426749,True
0,0,0.00422877101657,True
0,0,0.00421515984883,True
0,0,0.00174420413554,True
0,0,0.00153296514835,True
0,0,0.0012407777207,True
0,0,0.000930444482518,True
0,0,0.00140246896626,True
0,0,0.00164901026657,True
0,0,0.00216850754888,True
0,0,0.00139461775175,True
0,0,0.000612812558565,True
0,0,0.00398486842585,True
0,0,0.0025886608629,True
0,0,0.000705800562908,True
0,0,0.00121145209822,True
0,0,0.00120930869903,True
0,0,0.000570261911101,True
0,0,0.00154933153261,True
0,0,0.000989454297302,True
0,0,0.000647965242713,True
1,1,0.962380680723,True
0,0,0.00103180965493,True
0,0,0.000510227963084,True
0,0,0.00172676695776,True
0,0,0.0300247263222,True
0,0,0.00102886361439,True
0,0,0.000298571830543,True
0,0,0.00233438031764,True
0,0,0.0766550270405,True
0,0,0.000488831034226,True
0,0,0.000746109121656,True
0,0,0.00204227793714,True
0,0,0.000623003077885,True
0,0,0.00110271133909,True
0,0,0.00841427193118,True
0,0,0.039201413554,True
0,0,0.156190246977,True
0,0,0.000596277756627,True
0,0,0.00126053695261,True
0,0,0.00184292106029,True
0,0,0.00390704570484,True
0,0,0.00112407831987,True
0,0,0.000610644218415,True
0,0,0.00151778048252,True
0,0,0.00449089336571,True
0,0,0.0009227433232,True
0,0,0.00192397401487,True
0,0,0.000675570058636,True
0,0,0.00322990536009,True
0,0,0.000578852008505,True
1,1,0.692437145362,True
0,0,0.0712534932532,True
0,0,0.0622515034977,True
0,1,0.551967205286,False
0,0,0.00119331130883,True
0,0,0.00157732878779,True
0,0,0.00122716998262,True
0,0,0.000809874861066,True
0,0,0.00109006068607,True
0,0,0.00247472126756,True
0,0,0.000822816814402,True
0,0,0.00119895096201,True
0,0,0.000733207964217,True
0,0,0.00128749621196,True
0,0,0.00129044402921,True
0,0,0.00073451241804,True
0,0,0.000700817174015,True
0,0,0.000407443338045,True
0,0,0.0204029900353,True
0,0,0.00253544202322,True
1,1,0.738872687797,True
0,0,0.00314130375163,True
0,0,0.000720005277714,True
0,0,0.000636065837248,True
0,0,0.00168351833719,True
0,0,0.000489700822041,True
0,0,0.000572882594233,True
0,0,0.00128389083083,True
1,0,0.0250370459378,False
0,0,0.00079871747395,True
0,0,0.000761924559431,True
0,0,0.000448357828137,True
0,0,0.00190978825688,True
0,0,0.0373789290229,True
0,0,0.00279059302171,True
0,0,0.00293583550925,True
0,0,0.00278996457666,True
0,0,0.0011508078967,True
0,0,0.000560269259865,True
0,0,0.00445676569279,True
0,0,0.00263972646304,True
0,0,0.000907597373753,True
0,0,0.00132693468469,True
0,0,0.000480270660796,True
0,0,0.0531357855632,True
0,0,0.00110785703256,True
0,0,0.000249121689861,True
0,0,0.000526581701672,True
0,0,0.000597800549102,True
0,0,0.00150861488146,True
0,0,0.000507528915869,True
0,0,0.000968111232359,True
0,0,0.218743365007,True
0,0,0.000857608950936,True
0,0,0.000384346366705,True
0,0,0.00103622760375,True
0,0,0.409538698893,True
0,0,0.000900831002858,True
0,0,0.0011171012673,True
0,0,0.0581055474001,True
0,0,0.00156854767173,True
0,0,0.000562131264546,True
0,0,0.000770361455201,True
0,0,0.000385450550425,True
0,0,0.00581878202331,True
0,0,0.00033194565541,True
0,0,0.00120952248306,True
0,0,0.00282200531737,True
0,0,0.0532186091591,True
0,0,0.000440715887884,True
0,0,0.00037455506324,True
0,0,0.00381551345448,True
0,0,0.000546492617381,True
0,0,0.00318513634413,True
0,0,0.00101848166746,True
0,0,0.122958234482,True
0,0,0.00381655601297,True
0,0,0.000965656752508,True
0,0,0.00118839030602,True
0,0,0.00276085981019,True
0,0,0.00233162268599,True
0,0,0.00150564353699,True
0,0,0.00228371438935,True
0,0,0.00146159078753,True
0,0,0.00328493038557,True
0,0,0.000740108087662,True
0,0,0.00202289672051,True
0,0,0.000300896559359,True
0,0,0.000956629146216,True
0,0,0.000314392538618,True
0,0,0.00107739743213,True
0,0,0.000341978237844,True
0,0,0.000631592760368,True
0,0,0.000273961584155,True
0,0,0.000539119102813,True
0,0,0.000401506857447,True
0,0,0.00197318087849,True
0,0,0.0016535135194,True
0,0,0.00163310491171,True
0,0,0.000856468636342,True
0,0,0.00223031960483,True
0,0,0.00096074158479,True
0,0,0.00155314132241,True
0,0,0.000194249222476,True
0,0,0.00152174127329,True
0,0,0.00048220629594,True
0,0,0.00114186922404,True
0,0,0.0012537117376,True
0,0,0.000344717508085,True
0,0,0.00345170050259,True
0,0,0.00189383053841,True
0,0,0.000496043444912,True
0,0,0.0615490865776,True
0,0,0.000676918667281,True
0,0,0.000719905499362,True
1,1,0.878906324613,True
0,0,0.0014143063506,True
0,0,0.125590082861,True
0,0,0.0022421677809,True
0,0,0.00275872920386,True
0,0,0.000897389049552,True
0,0,0.000942267406843,True
0,0,0.000829917765437,True
0,0,0.0843123775585,True
0,0,0.00266215674496,True
0,0,0.00111618575039,True
0,0,0.000766965201014,True
0,0,0.00265502198093,True
0,0,0.00142085667031,True
0,0,0.0011219034816,True
0,0,0.000905022258954,True
0,0,0.000564762591942,True
0,0,0.00051585017175,True
0,0,0.0102040784763,True
0,0,0.000644394413219,True
0,0,0.000541602377249,True
0,0,0.00132782892859,True
0,0,0.0226382477707,True
0,0,0.0498644155948,True
0,0,0.00285466872779,True
0,0,0.000503673799227,True
0,0,0.000371369961061,True
0,0,0.000318782513269,True
0,0,0.00187734813172,True
0,0,0.00153467018807,True
0,0,0.00148200598904,True
0,0,0.000316909096807,True
1,1,0.572735862915,True
0,0,0.0253039839776,True
0,0,0.000423993263914,True
1,1,0.716948912381,True
0,0,0.00241812535233,True
0,0,0.00129598308314,True
0,0,0.00202306193901,True
0,0,0.000745315510825,True
0,0,0.00112943734117,True
0,0,0.00351642164956,True
0,0,0.00139140568012,True
0,0,0.00369049212292,True
0,0,0.00110836834101,True
0,0,0.00234447344207,True
0,0,0.00126293891539,True
0,0,0.00170106734463,True
0,0,0.000927071114035,True
0,0,0.00530818612446,True
0,0,0.0167152893682,True
0,0,0.000499947839567,True
0,0,0.00104672517317,True
0,0,0.000371860077915,True
0,0,0.00128778792189,True
0,0,0.0018559997341,True
0,0,0.000906511731848,True
0,0,0.00181347251332,True
0,0,0.00474425271755,True
1,1,0.807561009178,True
0,0,0.0011646145179,True
0,0,0.00106680087276,True
0,0,0.000930794493886,True
0,0,0.00107775200852,True
0,0,0.00100597509351,True
0,0,0.0018999982224,True
0,0,0.0108774225445,True
0,0,0.000827127479274,True
0,0,0.0884517180309,True
0,0,0.00051595144387,True
0,0,0.00133920577721,True
0,0,0.00124139953565,True
0,0,0.00134193496927,True
0,0,0.000931589579275,True
0,0,0.00388937493169,True
0,0,0.111455859881,True
0,0,0.00116166067752,True
0,0,0.0217171750035,True
0,0,0.00109523799558,True
0,0,0.0181769529645,True
0,0,0.000821669264452,True
1,0,0.119514247761,False
0,0,0.0118356973167,True
0,0,0.00262630721705,True
0,0,0.000429398656182,True
0,0,0.0514490285178,True
0,0,0.00316885011798,True
0,0,0.00108718535508,True
0,0,0.00132623335286,True
0,0,0.00231103268194,True
0,0,0.00182949772666,True
0,0,0.00143317534134,True
0,0,0.00189284017312,True
0,0,0.123880164082,True
0,0,0.000411212483777,True
0,0,0.000697935683795,True
0,0,0.00135439171309,True
0,0,0.000936915860314,True
1,0,0.479192063442,False
0,0,0.00150429339138,True
0,0,0.00345716069695,True
0,0,0.000739451681175,True
0,0,0.0024826285125,True
0,0,0.0048792883535,True
1,1,0.982398373396,True
0,0,0.00112524833266,True
0,0,0.101281889908,True
0,0,0.010097626899,True
0,0,0.00102237738947,True
0,0,0.00103732084923,True
0,0,0.00254654320719,True
0,0,0.00126761699636,True
0,0,0.00212295664489,True
0,0,0.000560269259865,True
0,0,0.000460200310848,True
0,0,0.000699353247794,True
0,0,0.000901579250439,True
0,0,0.000363277855468,True
0,0,0.000642984900548,True
0,0,0.0104064096816,True
0,0,0.0374245080352,True
0,0,0.000309837623033,True
0,0,0.108262297107,True
0,0,0.000932069534356,True
0,0,0.00187693853442,True
0,0,0.0017045200627,True
0,0,0.00149660661101,True
0,0,0.000872566541579,True
0,0,0.00100088772277,True
0,0,0.00152811904887,True
0,0,0.0133627004397,True
0,0,0.00125221809447,True
0,0,0.000725741227598,True
0,0,0.00165099605945,True
0,0,0.000344049513334,True
0,0,0.00503309567615,True
0,0,0.000772845092771,True
0,0,0.00198108065876,True
0,0,0.0158471739809,True
0,0,0.00122018243194,True
0,0,0.00247616941652,True
0,0,0.000745923994302,True
0,0,0.000816668617828,True
0,0,0.00157128546541,True
0,0,0.000744680594152,True
0,0,0.00383820344864,True
0,0,0.00107089541877,True
0,0,0.000800555101547,True
0,0,0.0046749733481,True
0,0,0.00237699752443,True
0,0,0.00161461387092,True
0,0,0.000567487389047,True
0,0,0.0876155580988,True
0,0,0.000936607141777,True
0,0,0.000365914656909,True
0,0,0.00113641648902,True
0,0,0.0631375837867,True
0,0,0.00103741305485,True
0,0,0.0244160436361,True
1,1,0.78473208299,True
0,0,0.000613370828937,True
0,0,0.0183908049277,True
0,0,0.00257487210485,True
0,0,0.00172033341797,True
0,0,0.00329106762954,True
0,0,0.00117541685382,True
0,0,0.000982982867639,True
0,0,0.00032986956161,True
0,0,0.000385414516845,True
0,0,0.000381160798911,True
0,0,0.000316067933871,True
0,0,0.00108712490188,True
0,0,0.00131638192149,True
0,0,0.000258397271314,True
0,0,0.00128125754861,True
1,1,0.913286695559,True
0,0,0.000814106750374,True
0,0,0.00130109567652,True
0,0,0.000394373146196,True
0,0,0.000518297311868,True
0,0,0.000427449320598,True
0,0,0.00221238152434,True
0,0,0.000770990633053,True
0,0,0.0653968062115,True
0,0,0.00072818922087,True
0,0,0.00166279258017,True
0,0,0.00192714172439,True
0,0,0.0323884203796,True
0,0,0.000636915738299,True
0,0,0.000714121375779,True
0,0,0.0010592355536,True
0,0,0.00047079502331,True
0,0,0.00136610984242,True
0,0,0.000841272518447,True
0,0,0.000934209248127,True
0,0,0.000656259897669,True
0,0,0.00124367903485,True
0,0,0.0151194039342,True
0,0,0.00182617830527,True
0,0,0.000798346898787,True
0,0,0.00120593472353,True
0,0,0.00236525807479,True
0,0,0.0119343739244,True
0,0,0.00134704512968,True
0,0,0.00107736735418,True
0,0,0.00103105875922,True
0,0,0.000604681830449,True
0,0,0.00345753952201,True
0,0,0.000489676401548,True
0,0,0.00106211772906,True
0,0,0.00051147640262,True
0,0,0.000771581339403,True
0,0,0.000194612338547,True
0,0,0.00145969313544,True
0,0,0.000696057147902,True
0,0,0.00178060613821,True
0,0,0.000395340564665,True
0,0,0.00199229462911,True
0,0,0.0128914881939,True
0,0,0.00172734526313,True
0,0,0.000836397953857,True
0,0,0.000721132542581,True
0,0,0.000643819886748,True
0,0,0.00205712197259,True
0,0,0.00120115394792,True
0,0,0.000387615057546,True
0,0,0.00137024300904,True
0,0,0.00157089189234,True
0,0,0.000596192812427,True
0,0,0.000626424404964,True
0,0,0.010003958042,True
0,0,0.00166159995277,True
0,0,0.00138583328902,True
0,0,0.000516680964693,True
0,0,0.000471770842864,True
0,0,0.0008788842556,True
0,0,0.00186704714489,True
0,0,0.00142582111731,True
0,0,0.00102306687721,True
0,0,0.000388117967829,True
0,0,0.000383884149105,True
0,0,0.000482868871263,True
0,0,0.000557435965937,True
0,0,0.000706068550861,True
0,0,0.000890339048403,True
0,0,0.000845186861458,True
0,0,0.000847772970507,True
0,0,0.001075740862,True
0,0,0.00143506459262,True
1,1,0.859108990833,True
0,0,0.000433688067353,True
0,0,0.000875292344679,True
0,0,0.000771126422793,True
0,0,0.00996646243842,True
0,0,0.000577199725903,True
0,0,0.0376200781822,True
0,0,0.00142834769524,True
0,0,0.000450480851298,True
0,0,0.00105398899582,True
0,0,0.000479265571029,True
0,0,0.000987276095424,True
0,0,0.112895599507,True
0,0,0.00118491276895,True
0,0,0.00278907185128,True
0,0,0.000210971974208,True
0,0,0.00411234135976,True
0,0,0.000152469823444,True
0,0,0.168168875939,True
0,0,0.00118092232932,True
0,0,0.00205031551728,True
0,0,0.000981705636802,True
0,0,0.00115536864144,True
0,0,0.000823574584291,True
0,0,0.00107209413117,True
0,0,9.56311174343e-05,True
0,0,0.000882381288963,True
0,0,0.000567484816244,True
0,0,0.000716818735901,True
0,0,0.00344375289871,True
0,0,0.000432436122747,True
0,0,0.017645460988,True
0,0,0.000962395909343,True
0,0,0.000595232601905,True
0,0,0.00210604482299,True
0,0,0.00164088010563,True
0,0,0.000463280717496,True
0,0,0.00105015966099,True
1,0,0.150428933343,False
0,0,0.00137135439925,True
0,0,0.000727083950363,True
0,0,0.00234801399629,True
0,0,0.000921656758528,True
0,0,0.000862922429953,True
0,0,0.000584267407323,True
0,0,0.0022928221745,True
0,0,0.00268848498391,True
0,0,0.00504628036692,True
0,0,0.000723915961329,True
0,0,0.00115013800005,True
0,0,0.00127702641418,True
0,0,0.00139709702684,True
0,0,0.000432296313614,True
0,0,0.000634765494748,True
0,0,0.00145734355868,True
0,0,0.0284289641629,True
0,0,0.00109835342764,True
0,0,0.000243377302595,True
0,0,0.000660973567776,True
0,0,0.00131464999295,True
0,0,0.00267601939379,True
0,0,0.127040927166,True
0,0,0.00261644091118,True
0,0,0.00108328142277,True
0,0,0.00283982603133,True
0,0,0.000560269259865,True
0,0,0.000490455460623,True
0,0,0.00241725942842,True
0,0,0.00045308174703,True
0,0,0.00105300727325,True
0,0,0.00142511474256,True
0,0,0.000583967211059,True
0,0,0.000942154908528,True
0,0,0.0008898978225,True
0,0,0.0252091007076,True
0,0,0.000572302190758,True
0,0,0.00241405415851,True
0,0,0.0613835603086,True
0,0,0.00142443479237,True
0,0,0.00085910416992,True
0,0,0.00229589085275,True
0,0,0.000927200444072,True
0,0,0.000333823098408,True
0,0,0.000564170821285,True
0,0,0.000790783215285,True
0,0,0.000938575404612,True
0,0,0.0043174176624,True
0,0,0.00157477072063,True
0,0,0.00104023956543,True
0,0,0.00110209835734,True
0,0,0.000734693433318,True
0,0,0.000888541705065,True
0,0,0.000542825223708,True
0,0,0.00291762877423,True
0,0,0.000942762233987,True
0,0,0.000493369333631,True
0,0,0.00100148153867,True
0,0,0.00119883228977,True
0,0,0.0536550520957,True
0,0,0.00727262220616,True
0,0,0.000268702728509,True
0,0,0.00397095211567,True
0,0,0.000775187909719,True
0,0,0.00114740636656,True
0,0,0.00101080411158,True
0,0,0.00353518011983,True
0,0,0.000817513202195,True
1,1,0.977482350492,True
0,0,0.000681266491832,True
0,0,0.00114673959064,True
0,0,0.00214840188137,True
0,0,0.00233416646665,True
0,0,0.00122472573823,True
0,0,0.000374666640602,True
0,0,0.000395245371416,True
0,0,0.00107873767704,True
0,0,0.00147222661608,True
0,0,0.00230354229519,True
0,0,0.000900291188337,True
0,0,0.000701087203229,True
0,0,0.0422349487913,True
0,0,0.0423661554693,True
0,0,0.0016526194186,True
0,0,0.000788031179967,True
0,0,0.00092571180906,True
0,0,0.00127323951566,True
0,0,0.00147334155154,True
0,0,0.00435532511261,True
1,0,0.347563525493,False
0,0,0.00150606580875,True
0,0,0.20810389735,True
0,0,0.000795113205863,True
0,0,0.00229805345005,True
0,0,0.000697757148924,True
0,0,0.0715876041909,True
0,0,0.00520927860311,True
0,0,0.00113148406543,True
0,0,0.000568113217285,True
0,0,0.0647121219443,True
0,0,0.000700830936479,True
0,0,0.00139220177846,True
0,0,0.000973936966937,True
0,0,0.000760820452166,True
0,0,0.000802195748467,True
0,0,0.00124449675906,True
0,0,0.00161971728227,True
0,0,0.00262658480423,True
0,0,0.00221211485193,True
0,0,0.002606180903,True
0,0,0.00298104249214,True
0,0,0.000538957914523,True
0,0,0.000548684825951,True
0,0,0.0425972084978,True
0,0,0.0016866643343,True
0,0,0.000877666282832,True
0,0,0.000831068829564,True
0,0,0.000713298183759,True
0,0,0.00115178448774,True
0,0,0.00116803008163,True
0,0,0.000722990287752,True
0,0,0.00134251143848,True
0,0,0.000241174348346,True
0,0,0.00135162526746,True
0,0,0.00296637548617,True
0,0,0.100882311497,True
0,0,0.00107291929672,True
1,0,0.230340391995,False
0,0,0.00110421576314,True
0,0,0.000608249907518,True
0,0,0.00541752105402,True
0,0,0.00070530548873,True
0,0,0.00776177083448,True
0,0,0.000626041787565,True
0,0,0.00209345694984,True
0,0,0.000730349171857,True
0,0,0.00121359407097,True
0,0,0.00157520751373,True
0,0,0.00146826368432,True
0,0,0.00155728249547,True
0,0,0.00103743858133,True
0,0,0.0367581695196,True
0,0,0.000861823506258,True
0,0,0.0871360463527,True
1,1,0.868894942702,True
0,0,0.0337390740807,True
0,0,0.00132297862146,True
0,0,0.0628094480459,True
0,0,0.000834756192156,True
0,0,0.000791619143346,True
0,0,0.00168554110204,True
0,0,0.00147192851713,True
0,0,0.00163888109946,True
0,0,0.00126124810694,True
0,0,0.00199700638839,True
0,0,0.000786605372978,True
0,0,0.000670739510647,True
0,0,0.000779087366981,True
0,0,0.00050585812073,True
0,0,0.000656552938565,True
0,0,0.00106322338546,True
0,0,0.000276738097415,True
0,0,0.398567110056,True
0,0,0.00177931359693,True
0,0,0.000856578103211,True
0,0,0.0010568066601,True
0,0,0.000246213076926,True
0,0,0.00516940408449,True
0,0,0.00154736113623,True
0,0,0.00192405166694,True
0,0,0.0364398621158,True
0,0,0.000869873643072,True
0,0,0.0606236216917,True
0,0,0.00101813180457,True
0,0,0.000742835023774,True
0,0,0.0687839344296,True
0,0,0.00295428481591,True
0,0,0.000847412662412,True
0,0,0.000330761056694,True
0,0,0.000728369581401,True
0,0,0.0516129731065,True
0,0,0.00115641844843,True
0,0,0.00197591189419,True
0,0,0.000654416669534,True
0,0,0.00327398813804,True
0,0,0.00100531011511,True
0,0,0.00249380651355,True
0,0,0.00120272114637,True
0,0,0.00256721581841,True
0,0,0.000970147458566,True
0,0,0.0648190391182,True
0,0,0.0152872031968,True
0,0,0.00103309315366,True
0,0,0.000472900866362,True
0,0,0.000934876194929,True
0,0,0.00112362821807,True
0,0,0.000821344199078,True
0,0,0.000289985071136,True
0,0,0.00246543425635,True
0,0,0.000946869169148,True
0,0,0.00117665624611,True
0,0,0.00112407831987,True
0,0,0.00335542535513,True
0,0,0.0068212071755,True
0,0,0.000790355378116,True
0,0,0.000681760823292,True
0,0,0.0032933647541,True
0,0,0.00146357315861,True
0,0,0.00139855437917,True
0,0,0.00276042798342,True
0,0,0.00169768999793,True
0,0,0.00139267083974,True
0,0,0.00114826725747,True
0,0,0.000668042242906,True
0,0,0.000526712540335,True
0,0,0.000428360848948,True
1,1,0.849197808019,True
0,0,0.00185890054119,True
0,0,0.000605301942431,True
0,0,0.00139855193596,True
0,0,0.000440117473413,True
1,1,0.740467800069,True
0,0,0.00109578896909,True
0,0,0.000832972504681,True
1,1,0.831570333103,True
0,0,0.00355272846013,True
0,0,0.00158192576692,True
0,0,0.00460547223403,True
0,0,0.000677626044793,True
0,0,0.000738232302192,True
0,0,0.000961155173872,True
0,0,0.0015887711502,True
0,0,0.000692517623033,True
0,0,0.00213075059256,True
0,0,0.000965361127502,True
0,0,0.0582798820558,True
0,0,0.00201521756165,True
0,0,0.00102862451609,True
0,0,0.00135400919702,True
0,0,0.00655468739648,True
1,1,0.975797527106,True
0,0,0.00256091994827,True
0,0,0.0620745051175,True
0,0,0.0360355288895,True
0,0,0.000837817122187,True
0,0,0.000739785242697,True
0,0,0.000839916349892,True
0,0,0.00196630701721,True
0,0,0.0146453162316,True
0,0,0.031064322576,True
1,1,0.686855779049,True
0,0,0.000796200663668,True
0,0,0.00234421516745,True
0,0,0.000641106588089,True
0,0,0.00652674187343,True
0,0,0.00212892818924,True
0,0,0.000590217532331,True
0,0,0.00195947332748,True
0,0,0.000901032274031,True
0,0,0.000413871704869,True
0,0,0.000771398513205,True
0,0,0.000639119839411,True
0,0,0.00104596654706,True
0,0,0.00086032712905,True
0,0,0.0825029976744,True
0,0,0.00100720455263,True
0,0,0.00063484965014,True
0,0,0.0008603167787,True
0,0,0.00173656561775,True
0,0,0.00196432526154,True
0,0,0.00478013989952,True
0,0,0.00110412613138,True
0,0,0.000312442474047,True
0,0,0.027404326148,True
1,0,0.207717605437,False
0,0,0.00946088357861,True
0,0,0.00151506370941,True
0,0,0.00079885279706,True
0,0,0.00136906096412,True
0,0,0.00117108770356,True
0,0,0.00333007753634,True
0,0,0.000957317068295,True
0,0,0.0222944550056,True
0,0,0.00152207575211,True
0,0,0.00185219459572,True
0,0,0.0221495593415,True
0,0,0.000991428635774,True
0,0,0.00135038204986,True
0,0,0.00685251945973,True
0,0,0.000647965242713,True
0,0,0.000694944990934,True
0,0,0.00180381163108,True
0,0,0.00194162045672,True
0,0,0.00183782852102,True
0,0,0.0610624676335,True
0,0,0.00102153000313,True
0,0,0.0430642511385,True
0,0,0.000856032205866,True
0,0,0.0212945442383,True
0,0,0.000465512926196,True
0,0,0.00143338778416,True
0,0,0.000852214602619,True
0,0,0.00125562243084,True
0,0,0.181269569836,True
0,0,0.00314438677603,True
0,0,0.00194383881196,True
1,1,0.650323330233,True
0,0,0.00172194928864,True
0,0,0.000597117121091,True
0,0,0.00143381007561,True
0,0,0.000799561013191,True
0,0,0.00615315910645,True
0,0,0.000679619714098,True
0,0,0.00249842927777,True
0,0,0.000699310181779,True
0,0,0.00137756559597,True
0,0,0.000573442811459,True
0,0,0.000220594268127,True
0,0,0.000994169021348,True
0,0,0.00259618349434,True
0,0,0.00131323811439,True
0,0,0.00140245460176,True
0,0,0.000984932023648,True
0,0,0.00219212522689,True
0,0,0.000888468390946,True
0,0,0.00113960514333,True
0,0,0.00237395621515,True
0,0,0.000761621733383,True
0,0,0.00109006777604,True
0,0,0.000179876060575,True
0,0,0.00163764247425,True
0,0,0.000994889783585,True
0,0,0.000417225931132,True
0,0,0.000350921664296,True
0,0,0.000437138914312,True
0,0,0.000527622780165,True
0,0,0.000446470521291,True
0,0,0.139812685331,True
0,0,0.000679757048298,True
1,1,0.908802346546,True
0,0,0.0025161711632,True
0,0,0.000890080505273,True
0,0,0.00442535144123,True
0,0,0.00116421522337,True
0,0,0.039511039879,True
0,0,0.00123026082785,True
0,0,0.00111811851742,True
0,0,0.000197264690277,True
0,0,0.00442606864831,True
1,1,0.913282686816,True
0,0,0.00212336299246,True
0,0,0.00214511121218,True
0,0,0.0010842084666,True
0,0,0.000837071528836,True
0,0,0.00113231700061,True
0,0,0.00143651948862,True
0,0,0.00128330169872,True
0,0,0.000529636796389,True
0,0,0.0325276540064,True
0,0,0.00476649421685,True
0,0,0.00204843397709,True
0,0,0.000378940310196,True
0,0,0.00067421209967,True
0,0,0.00170825025804,True
0,0,0.00194694068839,True
0,0,0.000369960792476,True
0,0,0.00491539222345,True
1,1,0.854450419725,True
0,0,0.0313508812038,True
0,0,0.000993828864674,True
0,0,0.000878679937966,True
0,0,0.0026175349583,True
0,0,0.000179573511964,True
0,0,0.000739179244149,True
0,0,0.00218406867217,True
0,0,0.00278073091361,True
0,0,0.0337076763028,True
0,0,0.000570839933909,True
0,0,0.00274635132745,True
0,0,0.00451170257966,True
0,0,0.00107172734288,True
0,0,0.0020809289456,True
0,0,0.276129198882,True
0,0,0.086048579842,True
0,0,0.000481508991001,True
0,0,0.00140039855168,True
0,0,0.00096966070121,True
0,0,0.000949854658732,True
0,0,0.000557150754784,True
0,0,0.00218121109097,True
0,0,0.000621572304574,True
0,0,0.000731556065273,True
0,0,0.000995345117872,True
0,0,0.00180736862119,True
0,0,0.00120482201364,True
0,0,0.000669714460573,True
0,0,0.00104717951311,True
0,0,0.0048556708963,True
0,0,0.000972162719803,True
0,0,0.00566646818728,True
0,0,0.00070418586551,True
0,0,0.0200234178177,True
0,0,0.000743404311336,True
0,0,0.375793691379,True
0,0,0.126698543645,True
0,0,0.000646232629943,True
0,0,0.00387850774809,True
0,0,0.00269270142363,True
0,0,0.000792319943498,True
0,0,0.000830225646019,True
0,0,0.00138978456817,True
0,0,0.000974378714526,True
0,0,0.0236253354568,True
0,0,0.000285516338149,True
0,0,0.00129390018616,True
0,0,0.0014605171074,True
0,0,0.000888181366541,True
0,0,0.00138583328902,True
0,0,0.00177594548531,True
0,0,0.000865358671208,True
0,0,0.000929664717959,True
1,1,0.836805103902,True
0,0,0.0358009912,True
0,0,0.00373661445337,True
0,0,0.00105783099775,True
0,0,0.00101234745481,True
0,0,0.0931049824987,True
0,0,0.00100579688619,True
0,0,0.00100160361638,True
0,0,0.000737362729303,True
0,0,0.00364804697798,True
0,0,0.00120694986713,True
0,0,0.133528002912,True
0,0,0.000854618645912,True
0,0,0.00350702394553,True
0,0,0.000941721342202,True
0,0,0.000864697024641,True
1,1,0.976294048714,True
0,0,0.00264147664345,True
0,0,0.0019503811328,True
0,0,0.000569115782178,True
0,0,0.0592230638339,True
0,0,0.00121909454892,True
0,0,0.00274427858621,True
0,0,0.110682532276,True
0,0,0.00374581393535,True
0,0,0.000874652491514,True
0,0,0.00133643804495,True
0,0,0.0010739416116,True
0,0,0.000707502037021,True
0,0,0.0226120438061,True
0,0,0.00149212978687,True
0,0,0.138618559583,True
0,0,0.011174510255,True
0,0,0.00172120773545,True
0,0,0.00088417194167,True
0,0,0.00139093688475,True
0,0,0.000461620663576,True
0,0,0.00126257377577,True
0,0,0.000574119087739,True
0,0,0.170147664667,True
0,0,0.000419158212981,True
0,0,0.000778603793815,True
0,0,0.00173195669729,True
0,0,0.0879693130504,True
0,0,0.000706293706794,True
0,0,0.0356014887214,True
0,0,0.000440164179371,True
0,0,0.0295566814983,True
0,0,0.00233865748081,True
0,0,0.000617871248901,True
0,0,0.000669334366263,True
0,0,0.000571376544112,True
0,0,0.00134164730989,True
0,0,0.0163154093856,True
0,0,0.0445855505139,True
0,0,0.000132243504479,True
0,0,0.0106731708082,True
0,0,0.000196515240611,True
0,0,0.000282977956781,True
0,0,0.000220594268127,True
1,1,0.896624303487,True
0,0,0.000775074647478,True
0,0,0.0418144416013,True
0,0,0.000548562970042,True
0,0,0.00212410288865,True
0,0,0.00281937945021,True
0,0,0.000746143063012,True
0,0,0.000372200075141,True
0,0,0.000567680439295,True
0,0,0.000822986935937,True
0,0,0.000963865934895,True
0,0,0.00138123750714,True
0,0,0.00114160142965,True
0,0,0.000815633517989,True
0,0,0.00150250017538,True
0,0,0.00141940698103,True
0,0,0.00924022010926,True
0,0,0.00373901936021,True
0,0,0.00117010431202,True
0,0,0.00524999570572,True
0,0,0.0014196017816,True
0,0,0.00576576522682,True
0,0,0.000721925305425,True
0,0,0.000568995179674,True
0,0,0.000783050359162,True
0,0,0.165963505402,True
0,0,0.00152618824122,True
0,0,0.000408837772784,True
0,0,0.000989546092208,True
0,0,0.00166878787342,True
0,0,0.000919117622968,True
0,0,0.0320432902909,True
0,0,0.0915413870347,True
0,0,0.00256499660916,True
0,0,0.00145823762295,True
1,1,0.99401473536,True
0,0,0.0895111333327,True
0,0,0.00124573751229,True
0,0,0.000930178348863,True
0,0,0.00420725328259,True
0,0,0.0175731120241,True
0,0,0.000625939665835,True
0,0,0.00423068356182,True
0,0,0.00130012474856,True
0,0,0.00231060793391,True
0,1,0.625911571662,False
0,0,0.0711710562774,True
0,0,0.00198491500224,True
0,0,0.000734547028869,True
0,0,0.00102417900945,True
0,0,0.00130508402818,True
0,0,0.00147942773173,True
0,0,0.00117289394758,True
0,0,0.00371996398558,True
0,0,0.0866904592485,True
0,0,0.00156415851795,True
0,0,0.000387949674885,True
0,0,0.00223027240126,True
0,0,0.0324297033087,True
0,0,0.000860577600724,True
0,0,0.00165350342575,True
1,1,0.649499706449,True
0,0,0.00138983677696,True
0,0,0.000646157384686,True
0,0,0.00117345938538,True
0,0,0.00169605559256,True
0,0,0.000838640143711,True
0,0,0.001326006623,True
0,0,0.000808382844418,True
0,0,0.0020555473243,True
0,0,0.000739514456653,True
0,0,0.00213748529149,True
0,0,0.00339369548916,True
0,0,0.0038013400239,True
0,0,0.0010844389757,True
0,0,0.00166353670361,True
0,0,0.207004036234,True
0,0,0.000668990039917,True
0,0,0.00493744250137,True
0,0,0.000700646665479,True
0,0,0.000713407594306,True
0,0,0.00126228406384,True
0,0,0.00212594176819,True
0,0,0.00103942998935,True
0,0,0.000562084926658,True
0,0,0.000494965083294,True
0,0,0.00105091986375,True
0,0,0.000869748900465,True
0,0,0.00130412362264,True
0,0,0.00141000148232,True
0,0,0.000248983753866,True
0,0,0.00392396413948,True
0,0,0.00135750259694,True
0,0,0.000541635839071,True
0,0,0.00144193991859,True
0,0,0.00250360090171,True
0,0,0.00172473059756,True
0,0,0.000878502814496,True
0,0,0.00117184805035,True
0,0,0.0144922922409,True
0,0,0.000968697907576,True
0,0,0.000902622202979,True
0,0,0.00219352945914,True
0,0,0.00123117137385,True
0,0,0.000941144211372,True
0,0,0.000536235489503,True
0,0,0.000348654677998,True
0,0,0.00424650198295,True
0,0,0.00121014785677,True
0,0,0.000406150677075,True
0,0,0.00089014812216,True
0,0,0.000602393291839,True
0,0,0.000925463117049,True
0,0,0.000747132030052,True
0,0,0.000889975295121,True
0,0,0.000875859589965,True
0,0,0.0018948756894,True
0,0,0.000887956819129,True
0,0,0.00138074059024,True
0,0,0.000969489978308,True
0,0,0.000776446258091,True
0,0,0.00137388415805,True
0,0,0.00223892546967,True
0,0,0.000256145743788,True
0,0,0.000937023641433,True
0,0,0.00110310165158,True
0,0,0.000759344507795,True
0,0,0.000714513009354,True
0,0,0.00195962662329,True
0,0,0.00910273791579,True
0,0,0.000476343934602,True
0,0,0.000727498689722,True
0,0,0.000945233506429,True
0,0,0.00230127974184,True
0,0,0.000697635727432,True
1,1,0.974519345029,True
0,0,0.00103987294769,True
0,0,0.000853234928891,True
0,0,0.000222782136229,True
0,0,0.00134623889613,True
0,0,0.000881103673541,True
0,0,0.00119194657453,True
0,0,0.0016038749992,True
0,0,0.00140030030303,True
0,0,0.00646427080369,True
0,0,0.00109629520271,True
0,0,0.00102274157527,True
0,0,0.000649261195955,True
0,0,0.000363638117491,True
0,0,0.000915843934176,True
0,0,0.00114990266366,True
0,0,0.0497947710013,True
0,0,0.00394932759582,True
0,0,0.0010256180585,True
0,0,0.00182257893761,True
0,0,0.00145190699584,True
0,0,0.000723915961329,True
0,0,0.00203373959339,True
0,0,0.0011882041401,True
0,0,0.00149862670445,True
0,0,0.00189060250238,True
0,0,0.000708826178058,True
0,0,0.000820713817332,True
0,0,0.00169153480563,True
0,0,0.00192198702918,True
0,0,0.000747162421647,True
0,0,0.00228785218049,True
0,0,0.00105978392407,True
0,0,0.000502473187533,True
0,0,0.00175802507379,True
0,0,0.000867597988739,True
0,0,0.00162129783479,True
0,0,0.00105921550331,True
0,0,0.00263922360289,True
0,0,0.00270537302714,True
0,0,0.0416650414412,True
0,0,0.0713946065383,True
0,0,0.00148197473924,True
0,0,0.000503490828001,True
0,0,0.000617713332239,True
0,0,0.00133154316681,True
0,0,0.000996013042809,True
0,0,0.00454375837716,True
0,0,0.00420725328259,True
0,0,0.00749607005881,True
0,0,0.00126563700568,True
1,0,0.320253116072,False
0,0,0.00139026480523,True
1,1,0.910995077562,True
0,0,0.00105842936102,True
0,0,0.00193072693065,True
0,0,0.00034996138688,True
0,0,0.00082872637562,True
0,0,0.000334367440945,True
0,0,0.00203157896416,True
0,0,0.00268082605463,True
0,0,0.000656757934925,True
0,0,0.000489418718856,True
0,0,0.0245492728738,True
0,0,0.000468596689126,True
0,0,0.00114905128987,True
0,0,0.0141432338204,True
0,0,0.000354191043166,True
0,0,0.00880702464696,True
0,0,0.000902115060878,True
0,0,0.00446858252633,True
0,0,0.000984055520135,True
0,0,0.000831305929494,True
0,0,0.000852445064549,True
0,0,0.0011804952879,True
0,0,0.00157623676342,True
0,0,0.129615113012,True
1,0,0.458852698069,False
0,0,0.000946271428535,True
0,0,0.0138378425215,True
0,0,0.301252852234,True
0,0,0.00626150965534,True
0,0,0.0156308141861,True
0,0,0.000745054426955,True
0,0,0.004279738043,True
0,0,0.00165146363639,True
0,0,0.00157418111391,True
0,0,0.000558015025043,True
0,0,0.0181312424322,True
0,0,0.00244604706359,True
0,0,0.00184357613302,True
0,0,0.0012427348391,True
0,0,0.0776697267274,True
1,1,0.921345296863,True
0,0,0.0456724265769,True
0,0,0.00222658678908,True
0,0,0.00240323700902,True
0,0,0.080380495541,True
0,0,0.000695018044558,True
0,0,0.00112617046316,True
0,0,0.000311094678627,True
1,1,0.626816358663,True
0,0,0.0282688746715,True
0,0,0.000944228912096,True
0,0,0.00214955907245,True
0,0,0.00221728965482,True
0,0,0.000527200292632,True
0,0,0.000239882345142,True
0,0,0.000639256859135,True
0,0,0.00110467524009,True
0,0,0.000957467695704,True
0,0,0.00460542079231,True
0,0,0.00188199078537,True
0,0,0.00153237014234,True
0,0,0.00179501513083,True
0,0,0.00071117052226,True
0,0,0.000362638609009,True
0,0,0.00165507473072,True
0,0,0.000734679496747,True
0,0,0.00251663680123,True
0,0,0.00142733629284,True
0,0,0.000835131201522,True
0,0,0.000532631353132,True
0,0,0.0021796637779,True
0,0,0.00266435990083,True
0,0,0.00055511772418,True
0,0,0.000624805835559,True
0,0,0.000772366539629,True
0,0,0.00224617362618,True
0,0,0.00178717131105,True
0,0,0.0021341788998,True
0,0,0.000666714319735,True
0,0,0.00068155546719,True
0,0,0.00277700337481,True
0,0,0.000655964217182,True
0,0,0.0142626480419,True
1,0,0.368827995772,False
0,0,0.00031811703215,True
0,0,0.0173529461033,True
0,0,0.115536500118,True
0,0,0.00111826455348,True
0,0,0.00183179762378,True
0,0,0.000459138942653,True
0,0,0.00102879211755,True
0,0,0.00184537611378,True
0,0,0.00103804728234,True
0,0,0.0161457136872,True
0,0,0.00119954604483,True
0,0,0.00026239461628,True
0,0,0.000888823184269,True
0,0,0.00111636102365,True
0,0,0.0113682311892,True
0,0,0.0557471554893,True
0,0,0.000880809308986,True
0,0,0.0026879547612,True
0,0,0.00271480506041,True
0,0,0.00143785283572,True
0,0,0.000415324252488,True
0,0,0.00188640258248,True
0,0,0.00097394351384,True
0,0,0.00309090323202,True
0,0,0.0487521842318,True
0,0,0.000855526347957,True
0,0,0.00101776633097,True
0,0,0.000371493939523,True
0,0,0.000465512926196,True
0,0,0.00067748285327,True
0,0,0.0012910637309,True
0,0,0.0762162356439,True
0,0,0.00328290457083,True
0,0,0.000865358671208,True
0,0,0.00222983553902,True
0,0,0.000432508524841,True
0,0,0.000367184624595,True
0,0,0.00106983302198,True
0,0,0.000946756674074,True
0,0,0.00052091650701,True
0,0,0.000787883751293,True
0,0,0.000572294537831,True
0,0,0.00220397758251,True
1,1,0.60040598512,True
0,0,0.000572141958612,True
0,0,0.00042744082311,True
0,0,0.000750567331071,True
0,0,0.000647104651092,True
0,0,0.000479700443069,True
0,0,0.000665440134681,True
0,0,0.000686341795404,True
0,0,0.00325101904191,True
0,0,0.000919207295396,True
0,0,0.00232123316418,True
0,0,0.000682624773374,True
0,0,0.0083743232214,True
0,0,0.00209811281095,True
0,0,0.00189330841223,True
0,0,0.00137926951708,True
0,0,0.00154173225598,True
0,0,0.000514602433845,True
0,0,0.00480002447664,True
0,0,0.0011429500121,True
0,0,0.00563855207656,True
0,0,0.000192671561445,True
0,0,0.000983239251078,True
0,0,0.00071090335402,True
0,0,0.00218418504042,True
0,0,0.00105999762286,True
0,0,0.000327506665161,True
0,0,0.000429050170747,True
0,0,0.00158829737998,True
0,0,0.00391317665513,True
0,0,0.000688571313771,True
0,0,0.000712691500643,True
0,0,0.000706493368672,True
0,0,0.00284578755953,True
0,0,0.00288717890784,True
0,0,0.00143523955765,True
0,0,0.000790000127943,True
0,0,0.000825997588786,True
0,0,0.000761954310869,True
0,0,0.0523411036009,True
0,0,0.0115689952159,True
0,0,0.00138431836808,True
0,0,0.000769335179408,True
0,0,0.00507222853301,True
0,0,0.000654496274956,True
0,0,0.0170782202569,True
1,1,0.882329439875,True
0,0,0.0035134187853,True
0,0,0.000523271730905,True
0,0,0.00202370739228,True
0,0,0.000387110457571,True
0,0,0.000988803961255,True
0,0,0.000559592045627,True
0,0,0.000583406311248,True
0,0,0.000681317696438,True
0,0,0.00254922550906,True
0,0,0.00276043690916,True
0,0,0.000842403819739,True
0,0,0.0318626433546,True
0,0,0.000552955519363,True
0,0,0.00053859149001,True
0,0,0.00384433177793,True
0,0,0.0013564553143,True
0,0,0.000911367177322,True
0,0,0.00300503078114,True
0,0,0.00150287439149,True
0,0,0.00103973666807,True
0,0,0.000376839657414,True
0,0,0.000459092663423,True
0,0,0.00389384816574,True
1,1,0.860989836814,True
0,0,0.000592998054755,True
0,0,0.0382338353959,True
0,0,0.000302613530464,True
0,0,0.00261449154539,True
0,0,0.000917000823205,True
0,0,0.001326006623,True
0,0,0.153068863332,True
0,0,0.325288293481,True
0,0,0.00282765707749,True
0,0,0.00787614585208,True
0,0,0.000822249576274,True
0,0,0.00210112502276,True
0,0,0.00105015966099,True
0,0,0.000564850319831,True
0,0,0.00115545786255,True
0,0,0.000617069899325,True
0,0,0.00142107350889,True
0,0,0.00058806342678,True
0,0,0.000887006777702,True
0,0,0.000132243504479,True
0,0,0.00223253464095,True
1,0,0.109752629391,False
0,0,0.000298317776445,True
0,0,0.00171942757499,True
0,0,0.176881037046,True
0,0,0.00329271260011,True
0,0,0.00163381672744,True
0,0,0.00195616831606,True
0,0,0.00388234622591,True
0,0,0.000581289440749,True
0,0,0.00109209553638,True
0,0,0.000842908676958,True
0,0,0.00143171904275,True
0,0,0.00202546120058,True
0,0,0.00477936917894,True
0,0,0.000937119724019,True
0,0,0.000339856664261,True
0,0,0.0332333183809,True
0,0,0.00391317665513,True
0,0,0.000417261437387,True
0,0,0.00206725434113,True
0,0,0.000555591041174,True
0,0,0.000532864717712,True
0,0,0.000725115894455,True
0,0,0.000550064629413,True
0,0,0.000701673644524,True
0,0,0.00246301878139,True
0,0,0.00114920792816,True
0,0,0.00846385305743,True
0,0,0.00414514139612,True
0,0,0.00204871683611,True
0,0,0.000610066053747,True
0,0,0.000562131264546,True
0,0,0.000730269870916,True
0,0,0.00277132915148,True
0,0,0.00115136179215,True
0,0,0.00109854975316,True
0,0,0.0140986236574,True
0,0,0.000431469330429,True
0,0,0.00398568249445,True
0,0,0.000461873549393,True
0,0,0.000750817537026,True
0,0,0.00301369446465,True
0,0,0.000516666568865,True
0,0,0.00190220743035,True
0,0,0.000811992057629,True
0,0,0.000557525949145,True
0,0,0.0182408707084,True
0,0,0.00100750084669,True
0,0,0.000512606072696,True
0,0,0.00301894172858,True
0,0,0.0015193179695,True
0,0,0.0480695822488,True
0,0,0.000633606536147,True
0,0,0.000483142551914,True
0,0,0.000700817174015,True
1,1,0.911667016693,True
0,0,0.000872539872642,True
0,0,0.00483205682027,True
0,0,0.00180792424917,True
0,0,0.00133154316681,True
0,0,0.0135311229574,True
0,0,0.00116675286893,True
0,0,0.00145653335927,True
0,0,0.000969609151486,True
0,0,0.0114594666656,True
0,0,0.000296877784457,True
0,0,0.00291506110739,True
0,0,0.000922241402474,True
0,0,0.00139860592616,True
0,0,0.000721830468307,True
0,0,0.000656259897669,True
0,0,0.000832089827586,True
0,0,0.00134582486629,True
1,1,0.991020983345,True
0,0,0.000800559899387,True
0,0,0.000869426475271,True
0,0,0.000423336870722,True
0,0,0.00101964937384,True
0,0,0.00579485684579,True
0,0,0.000260425258949,True
0,0,0.00119406211971,True
0,0,0.00162847148168,True
0,0,0.00293317678364,True
0,0,0.0010253665172,True
0,0,0.000798613307067,True
0,0,0.00134369024751,True
0,0,0.00120761282672,True
0,0,0.00112229260223,True
0,0,0.00871172990953,True
0,0,0.00160947153954,True
0,0,0.000847568980981,True
0,0,0.000943362203181,True
0,0,0.000881162289284,True
0,0,0.000683812054852,True
0,0,0.00140749823636,True
0,0,0.00039900823024,True
0,0,0.00119787921175,True
0,0,0.000985049264637,True
0,0,0.00458007569332,True
0,0,0.000871059866238,True
0,0,0.000846661746491,True
0,0,0.000413787277483,True
0,0,0.000990164599475,True
0,0,0.00369762568189,True
0,0,0.0384797997666,True
0,0,0.000311094678627,True
0,0,0.000358471278991,True
0,0,0.000426528917699,True
0,0,0.00444897860696,True
0,0,0.00120443890368,True
0,0,0.126337776116,True
0,0,0.000335548623809,True
1,1,0.961569594791,True
0,0,0.000770688811447,True
0,0,0.0107081518601,True
0,0,0.0160761759838,True
0,0,0.00128573088439,True
0,0,0.13338748949,True
0,0,0.000755383010093,True
0,0,0.00178432373956,True
0,0,0.00174846343521,True
0,0,0.00219769942208,True
0,0,0.00160736614185,True
0,0,0.00137389960549,True
0,0,0.00147805194681,True
0,0,0.0012610477251,True
0,0,0.00297068267437,True
0,0,0.00139296618527,True
0,0,0.00113865878928,True
0,0,0.0052592461347,True
0,0,0.0195875925227,True
0,0,0.000874593343545,True
0,0,0.000945650478576,True
0,0,0.00194162045672,True
0,0,0.0014358116255,True
0,0,0.0589696902539,True
0,0,0.000696740291231,True
0,0,0.000830657678376,True
0,0,0.0155711143289,True
0,0,0.00110792604978,True
0,0,0.000826903984057,True
0,0,0.00109325991548,True
0,0,0.000735789366729,True
0,0,0.000634267272629,True
0,0,0.000976852170497,True
0,0,0.00501144162708,True
0,0,0.000803141057655,True
0,0,0.000903232304254,True
0,0,0.0502511242396,True
0,0,0.001245341209,True
0,0,0.00103713806318,True
0,0,0.122671810821,True
0,0,0.00219952883129,True
0,0,0.000932110517789,True
0,0,0.00408067190376,True
0,0,0.000837797399958,True
0,0,0.0572032502583,True
0,0,0.00933821860153,True
0,0,0.000411371954078,True
0,0,0.00106718790927,True
0,0,0.0263119815925,True
0,0,0.222893765882,True
0,0,0.00105477523794,True
0,0,0.00182440629233,True
0,0,0.000973134807377,True
0,0,0.000583205803242,True
0,0,0.000543134301242,True
0,0,0.0805640808915,True
0,0,0.001079674907,True
0,0,0.000558794269359,True
0,0,0.000593235923289,True
0,0,0.000873611343088,True
0,0,0.00115873787935,True
0,0,0.00158185956603,True
0,0,0.000651619487842,True
0,0,0.00051796045446,True
0,0,0.000601236720266,True
0,0,0.0111665578746,True
0,0,0.00284856001957,True
0,0,0.00255297546614,True
0,0,0.00200175072259,True
0,0,0.00241917386634,True
0,0,0.000600764915406,True
0,0,0.00141506581656,True
0,0,0.0137625776096,True
0,0,0.000965717275808,True
0,0,0.000453273638932,True
0,0,0.0194521312566,True
0,0,0.000345542842952,True
0,0,0.00194179974708,True
0,0,0.00216040069635,True
0,0,0.149692604596,True
0,0,0.00124914794216,True
0,0,0.000567228869367,True
0,0,0.00063219903842,True
0,0,0.00116059629701,True
0,0,0.00282097012098,True
0,0,0.0554542070192,True
0,0,0.00053026523631,True
0,0,0.00101586851446,True
0,0,0.0389717220298,True
0,0,0.000262697081705,True
0,0,0.00159662109453,True
0,0,0.000564715448656,True
0,0,0.00121101627119,True
0,0,0.00120249746908,True
0,0,0.00289211338232,True
0,0,0.000909478232992,True
0,0,0.00141144632938,True
0,0,0.00161771015534,True
0,0,0.00333048701784,True
0,0,0.00190174035362,True
0,0,0.000880456138803,True
0,0,0.00218465251657,True
0,0,0.00208508681219,True
0,0,0.000357022061218,True
0,0,0.000646325983093,True
0,0,0.00115070194732,True
0,0,0.000999006997785,True
0,0,0.00194471941065,True
0,0,0.00075426128463,True
0,0,0.246155967378,True
0,0,0.000827339777709,True
0,0,0.00062765054116,True
0,0,0.0020950854943,True
0,0,0.00168888210281,True
0,0,0.00103436844844,True
0,0,0.000573219118692,True
0,0,0.000715110436673,True
0,0,0.000739088941029,True
0,0,0.00200282022192,True
0,0,0.00040480453355,True
0,0,0.000598056390171,True
0,0,0.00409804545319,True
0,0,0.000447965584259,True
0,0,0.000818725829912,True
0,0,0.00100518913822,True
0,0,0.000648544711561,True
0,0,0.000397877725774,True
0,0,0.00141889631647,True
0,0,0.00169794215869,True
0,0,0.210032910787,True
0,0,0.000777744178758,True
1,1,0.819818848045,True
0,0,0.000918671780508,True
0,0,0.00130572470481,True
0,0,0.000828913349075,True
0,0,0.0106609402401,True
0,0,0.00176644647498,True
0,0,0.00160007801449,True
0,0,0.22700075577,True
0,0,0.00467320226782,True
0,0,0.0010536677341,True
1,1,0.879136810031,True
0,0,0.000204799844638,True
0,0,0.00033092588065,True
0,0,0.00257611518361,True
0,0,0.000925098161608,True
0,0,0.00352102781014,True
0,0,0.0032999274236,True
0,0,0.00077621194872,True
0,0,0.00593545990166,True
0,0,0.0195976670252,True
0,0,0.000427829562276,True
0,0,0.000628170154043,True
0,0,0.000939919301064,True
0,0,0.000748364799908,True
0,0,0.0267797217356,True
0,0,0.000889833857043,True
0,0,0.00122591025083,True
0,0,0.000447188901453,True
0,0,0.0256155306489,True
0,0,0.181114855553,True
0,0,0.0239649964232,True
0,0,0.00128487455412,True
0,0,0.00139476958204,True
0,0,0.000220435926841,True
0,0,0.00098326555962,True
0,0,0.000644664354127,True
0,0,0.00177133944313,True
0,0,0.000782010684526,True
0,0,0.000741791269275,True
0,0,0.0318405092925,True
0,0,0.00257307132285,True
0,0,0.0221031776552,True
0,0,0.000991010647989,True
0,0,0.0037747326771,True
0,0,0.000927418130377,True
0,0,0.000709255460875,True
0,0,0.00115725899348,True
0,0,0.000164931480366,True
0,0,0.0016192942511,True
0,0,0.00205226825954,True
0,0,0.000374519865566,True
0,0,0.00113808140871,True
0,0,0.00258173212216,True
0,0,0.000798021505159,True
0,0,0.00075307371181,True
0,0,0.000681591706157,True
0,0,0.00255018412796,True
0,0,0.00141012281988,True
0,0,0.00383002942646,True
0,0,0.00214622751744,True
0,0,0.000680369058892,True
0,0,0.000369027268594,True
0,0,0.0802517821912,True
0,0,0.00119921605586,True
0,0,0.00105900979348,True
1,1,0.741466948575,True
0,0,0.00241308808912,True
0,0,0.00235947007207,True
0,0,0.00071086998035,True
0,0,0.0014605171074,True
0,0,0.00145804543674,True
1,0,0.172259089513,False
0,0,0.000826240779028,True
0,0,0.000477847573303,True
0,0,0.00219809510051,True
0,0,0.00425528456288,True
0,0,0.00122201636001,True
0,0,0.000312392674259,True
0,0,0.000642867475607,True
0,0,0.000846569671676,True
0,0,0.000953237345083,True
0,0,0.00102994718168,True
0,0,0.00106067823694,True
0,0,0.00138822867555,True
0,0,0.0016633731949,True
0,0,0.00145516426501,True
0,0,0.0017546536522,True
0,0,0.000790443639901,True
0,0,0.0011024314776,True
0,0,0.0012416776806,True
0,0,0.000360266229356,True
0,0,0.00154482583974,True
1,1,0.778649910563,True
0,0,0.000808455813372,True
0,0,0.0125826049516,True
0,0,0.00128666781354,True
0,0,0.00397095211567,True
0,0,0.000916162615393,True
0,0,0.00531324784528,True
0,0,0.000714565758577,True
0,0,0.00311881038925,True
0,0,0.000747791351805,True
0,0,0.0008737083617,True
0,0,0.000732347911196,True
0,0,0.00732729715525,True
0,0,0.0179882835069,True
0,0,0.00197788591512,True
0,0,0.00154773638561,True
0,0,0.00106999873356,True
0,0,0.000787545006513,True
0,0,0.000909432769936,True
0,0,0.00045839235004,True
0,0,0.0220147987295,True
0,0,0.000294046689119,True
0,0,0.000505427728286,True
0,0,0.00309717294798,True
0,0,0.00376486952872,True
0,0,0.000808504656484,True
0,0,0.00135433383439,True
0,0,0.00152137352058,True
0,0,0.00386440363378,True
0,0,0.0562258966584,True
0,0,0.000679832771631,True
0,0,0.000522904722333,True
0,0,0.293642950453,True
0,0,0.00150734276474,True
0,0,0.000636108260668,True
0,0,0.000984055520135,True
0,0,0.000289198686465,True
0,0,0.000413650008753,True
0,0,0.00103658285101,True
0,0,0.0081683803281,True
0,0,0.00205666898893,True
0,0,0.00173598702951,True
0,0,0.000614793014706,True
0,0,0.00172969009179,True
0,0,0.0035084879106,True
0,0,0.00315692895439,True
0,0,0.00106596841893,True
0,0,0.00152804174616,True
0,0,0.000552018136192,True
0,0,0.00121820318489,True
0,0,0.000620109184914,True
0,0,0.00088983308918,True
0,0,0.0010851733934,True
0,0,0.000551493219929,True
0,0,0.00163055210493,True
1,1,0.870038394938,True
0,0,0.000658917827233,True
0,0,0.00106792693638,True
0,0,0.00146361396616,True
0,0,0.00182785628132,True
0,0,0.0363666682593,True
0,0,0.000816986018406,True
0,0,0.00460380898309,True
0,0,0.000220464912539,True
0,0,0.00069619440487,True
0,0,0.000937154373314,True
0,0,0.000891032279635,True
0,0,0.00238222897805,True
0,0,0.000244707791128,True
0,0,0.0011018170332,True
0,0,0.000316268145097,True
0,0,0.00185996234285,True
0,0,0.00280945540204,True
0,0,0.00226715864777,True
0,0,0.000880555914601,True
0,0,0.00197692827189,True
0,0,0.00336773267158,True
0,0,0.000715301578423,True
0,0,0.00484272952825,True
0,0,0.000673601445969,True
0,0,0.00120746546097,True
0,0,0.000719463715188,True
1,1,0.768970507581,True
0,0,0.0038442575606,True
0,0,0.0032211845261,True
0,0,0.00253383177237,True
0,0,0.000782060195399,True
0,0,0.0228756800191,True
0,0,0.00890873333535,True
0,0,0.000707646461133,True
1,1,0.896496427899,True
0,0,0.00139099448377,True
0,0,0.00401741556571,True
0,0,0.00158012998799,True
0,0,0.00119130487665,True
0,0,0.00141541405992,True
0,0,0.00179635454708,True
0,0,0.00086415262654,True
0,0,0.000804374149238,True
0,0,0.000578613425266,True
0,0,0.000437741428782,True
0,0,0.00126081505296,True
0,0,0.000846114493277,True
0,0,0.0138791388736,True
0,0,0.000710209896851,True
0,0,0.000524798395814,True
0,0,0.000733097480552,True
0,0,0.00157566920533,True
0,0,0.00121241539614,True
0,0,0.00762274879412,True
0,0,0.00260437099853,True
0,0,0.00295311398145,True
0,0,0.00130042051501,True
0,0,0.00115704667617,True
0,0,0.00297604371864,True
0,0,0.000982186414527,True
0,0,0.000523703584704,True
0,0,0.000972665290085,True
0,0,0.00110164228263,True
0,0,0.000771419763839,True
0,0,0.0021863005415,True
0,0,0.00086631529694,True
0,0,0.00160973090809,True
0,0,0.00175884301849,True
0,0,0.00180784179189,True
0,0,0.00171465285403,True
0,0,0.0013894057265,True
0,0,0.00228437418803,True
0,0,0.00222606150031,True
0,0,0.000590019648749,True
0,0,0.00110031499131,True
1,1,0.735816885915,True
0,0,0.00303314188454,True
0,0,0.000578871837657,True
0,0,0.00169337864994,True
0,0,0.000437450011137,True
1,0,0.293827731324,False
0,0,0.000388226186369,True
0,0,0.00123102483961,True
0,0,0.00118250240995,True
0,0,0.00198664126087,True
0,0,0.00201278854648,True
0,0,0.000847825263358,True
0,0,0.00150120490381,True
0,0,0.0011180969882,True
0,0,0.000338821853185,True
0,0,0.00129679384281,True
0,0,0.00111004573892,True
0,0,0.000748996049999,True
0,0,0.0175410305113,True
0,0,0.00415021631492,True
1,1,0.680528419785,True
0,0,0.0012641132276,True
0,0,0.000763926348507,True
0,0,0.00122612558563,True
0,0,0.000888258138196,True
0,0,0.00510659875629,True
0,0,0.00121069135015,True
0,0,0.000511766212265,True
0,0,0.00279618831963,True
0,0,0.000994661242065,True
0,0,0.000753316337505,True
0,0,0.13388176557,True
0,0,0.00170794051179,True
0,0,0.00481763906534,True
0,0,0.000443234751913,True
0,0,0.000635623282144,True
0,0,0.00147462261613,True
0,0,0.0742310748889,True
0,0,0.000829917765437,True
0,0,0.00191955296393,True
0,0,0.0010886158008,True
0,0,0.000406529978615,True
0,0,0.00071078943728,True
0,0,0.000939589738847,True
0,0,0.00337694049364,True
0,0,0.0034662008004,True
0,0,0.00071430498731,True
1,1,0.924467456525,True
0,0,0.00206310056536,True
0,0,0.000473091737444,True
0,0,0.00061283369731,True
0,0,0.044852885922,True
0,0,0.000702571364353,True
0,0,0.000811587732529,True
0,0,0.000583212443318,True
0,0,0.00134114726624,True
0,0,0.00231357844009,True
0,0,0.000789225091625,True
0,0,0.000580487284228,True
0,0,0.0324425134352,True
0,0,0.000628332734036,True
0,0,0.00112209498915,True
0,0,0.00167035227268,True
0,0,0.00216795081987,True
0,0,0.0001903813079,True
0,0,0.0609809160233,True
0,0,0.00552704814962,True
0,0,0.00192000769734,True
0,0,0.00123203887432,True
0,0,0.00102849037992,True
0,0,0.0351799506324,True
0,0,0.00145267686209,True
0,0,0.00180454980454,True
0,0,0.000623693530248,True
0,0,0.00238203984231,True
0,0,0.000796378974544,True
0,0,0.00253361687985,True
0,0,0.00243440125952,True
0,0,0.00122803438391,True
0,0,0.00080662529,True
0,0,0.00178311711764,True
1,1,0.8672562471,True
0,0,0.00143233972234,True
0,0,0.00136122751126,True
0,0,0.000943073419383,True
0,0,0.000226663268413,True
0,0,0.000444094333164,True
0,0,0.000110236495573,True
0,0,0.000277699688539,True
0,0,0.000345914723828,True
0,0,0.00228615955692,True
0,0,0.00245779403345,True
0,0,0.00234736094067,True
0,0,0.00117936792504,True
0,0,0.0302548730124,True
0,0,0.000744170908999,True
0,0,0.001452344231,True
0,0,0.0167081868055,True
0,0,0.395757322145,True
0,0,0.00415826232011,True
0,0,0.00206278378832,True
0,0,0.00104084092578,True
0,0,0.00073071439372,True
0,0,0.000964616856394,True
0,0,0.00109705274444,True
0,0,0.0075355202236,True
0,0,0.0011231379296,True
0,0,0.00100424321689,True
0,0,0.000776277789503,True
0,0,0.000616711760601,True
1,1,0.931126387601,True
0,0,0.00165146363639,True
0,0,0.00068155546719,True
0,0,0.00124008154586,True
0,0,0.00100217559897,True
0,0,0.000873260145541,True
0,0,0.00112004039406,True
0,0,0.0019739243107,True
0,0,0.00139981311541,True
0,0,0.00267733380048,True
0,0,0.00073131947462,True
0,0,0.000685736407315,True
0,0,0.00467819908363,True
0,0,0.000799126575334,True
0,0,0.00352342571511,True
0,0,0.000884634187146,True
0,0,0.00119859562874,True
0,0,0.0720005245821,True
0,0,0.00313140375101,True
0,0,0.00106394038731,True
0,0,0.000802519686688,True
0,0,0.000702900653394,True
0,0,0.000467802923163,True
0,0,0.000622280922112,True
0,0,0.000504436355903,True
0,0,0.00793654200743,True
0,0,0.00068620962773,True
0,0,0.000677139767789,True
0,0,0.000950819237395,True
0,0,0.00123948542859,True
0,0,0.00188302250511,True
0,0,0.00192061737168,True
0,0,0.00313847916096,True
0,0,0.00147398586639,True
0,0,0.000922933484719,True
0,0,0.0328185659176,True
0,0,0.0862816702548,True
0,0,0.000574275090692,True
0,0,0.000403453504507,True
0,0,0.0754111059765,True
0,0,0.00386876115456,True
0,0,0.0117526451613,True
0,0,0.00105109367043,True
0,0,0.000658100865996,True
0,0,0.000998434013879,True
0,0,0.0784841649044,True
0,0,0.00163553621524,True
0,0,0.00516075297078,True
0,0,0.000449950738698,True
1,1,0.962875481574,True
0,0,0.00207448070844,True
0,0,0.00176644647498,True
0,0,0.000904667703811,True
0,0,0.000671935895877,True
0,0,0.00134895795248,True
0,0,0.00159042355685,True
0,0,0.0662003381164,True
0,0,0.00103850341296,True
0,0,0.002227533503,True
0,0,0.00114462402208,True
0,0,0.000788858430046,True
0,0,0.00125821595261,True
0,0,0.000425164496274,True
1,1,0.88666360142,True
0,0,0.000878507643704,True
0,0,0.00326560295258,True
0,0,0.00157681485984,True
0,0,0.000772780878329,True
0,0,0.00063193790199,True
1,1,0.7774960296,True
0,0,0.00390859747637,True
0,0,0.000934651156388,True
0,0,0.00154100705887,True
0,0,0.0021359372937,True
0,0,0.00166837347237,True
0,0,0.0113056661388,True
0,0,0.00130157613621,True
0,0,0.00128744730194,True
0,0,0.000807220332579,True
0,0,0.00395763675141,True
0,0,0.00279627376442,True
0,0,0.114981769668,True
0,0,0.0383557469403,True
0,0,0.00144407192608,True
0,0,0.000820753059276,True
0,0,0.000560784526049,True
0,0,0.00195593467588,True
0,0,0.000894385566769,True
0,0,0.000653084505928,True
0,0,0.00121293182503,True
0,0,0.000716007393351,True
0,0,0.000549107146409,True
0,0,0.0835419854512,True
0,0,0.00451357818596,True
1,1,0.927400390588,True
0,0,0.0185058138668,True
0,0,0.0014376359166,True
0,0,0.000520009445983,True
0,0,0.000745277933742,True
0,0,0.00169045751793,True
0,0,0.000710650622919,True
0,0,0.0013385403387,True
0,0,0.00348947176034,True
0,0,0.000501309844548,True
0,0,0.0123400187324,True
1,1,0.669657305987,True
0,0,0.000401919127217,True
0,0,0.00128726301209,True
0,0,0.000849474163519,True
0,0,0.0279013639299,True
0,0,0.00031920203465,True
0,0,0.000900426725951,True
0,0,0.00129735937476,True
0,0,0.000731790980669,True
0,0,0.00216230042514,True
0,0,0.00978864577856,True
0,0,0.00195664755299,True
0,0,0.000792316768731,True
0,0,0.000720882387385,True
0,0,0.000897230307934,True
0,0,0.00106058167928,True
0,0,0.0102056010055,True
0,0,0.00101304818342,True
0,0,0.00107692689268,True
0,0,0.00113444756584,True
0,0,0.000795325265328,True
0,0,0.000469784825511,True
0,0,0.00553150800854,True
0,0,0.000863613680855,True
0,0,0.00209064047117,True
0,0,0.000546373183506,True
0,0,0.00055784387346,True
0,0,0.062352598017,True
0,0,0.00140090089732,True
0,0,0.00127962336687,True
0,0,0.00489194429971,True
0,0,0.00136668587992,True
0,0,0.000861575934759,True
0,0,0.0021417262422,True
0,0,0.00204618864896,True
0,0,0.00262260310365,True
0,0,0.00248231734875,True
0,0,0.0016633429348,True
0,0,0.00512195337428,True
0,0,0.000932553585575,True
0,0,0.00141015620511,True
0,0,0.000883006094702,True
0,0,0.000976646152246,True
0,0,0.000129600158882,True
0,0,0.000617931275291,True
0,0,0.336035021723,True
0,0,0.00180640045114,True
0,0,0.0353347452598,True
0,0,0.00144912661248,True
0,0,0.000403076724698,True
0,0,0.00245864813628,True
0,0,0.00396156224465,True
0,0,0.00241350925807,True
0,0,0.000325437675974,True
0,0,0.000645484071692,True
0,0,0.00175963379198,True
1,1,0.665833912526,True
0,0,0.000966976810739,True
0,0,0.327630313102,True
0,0,0.186957499915,True
0,0,0.00140137179143,True
0,0,0.000944080278365,True
0,0,0.0033751682152,True
0,0,0.093308436454,True
0,0,0.00185206575948,True
0,0,0.0271536313458,True
0,0,0.0014222075208,True
1,1,0.767025723354,True
0,0,0.0073004184675,True
0,0,0.000465512926196,True
0,0,0.00107640307303,True
0,0,0.00112668251508,True
0,0,0.00354658943072,True
0,0,0.000681317696438,True
0,0,0.00226169553528,True
0,0,0.00103401122007,True
0,0,0.00160130468634,True
0,0,0.00256122110319,True
0,0,0.00327034901167,True
0,0,0.0371945738631,True
0,0,0.000678876075458,True
0,0,0.00126864206817,True
0,0,0.0020906837371,True
0,0,0.000175771462076,True
0,0,0.0059431312023,True
0,0,0.000358909108255,True
0,0,0.00143118810118,True
0,0,0.00168888210281,True
0,0,0.00320934385301,True
0,0,0.000316442369432,True
0,0,0.000576766875138,True
0,0,0.0425393120404,True
0,0,0.00100736618003,True
0,0,0.000734322515803,True
0,0,0.000848241652329,True
1,1,0.993670690024,True
0,0,0.00188324075501,True
0,0,0.00106876578167,True
0,0,0.00107286808261,True
0,0,0.0016078665118,True
0,0,0.000556835968717,True
1,0,0.244344269448,False
0,0,0.0253340084394,True
0,0,0.00256224181708,True
0,0,0.000934726417999,True
0,0,0.0038848473319,True
0,0,0.00070530548873,True
0,0,0.000834965692879,True
0,0,0.0012858370557,True
0,0,0.00109252509033,True
0,0,0.00216887966502,True
0,0,0.00481809648932,True
0,0,0.000286878125577,True
0,0,0.00173467744226,True
0,0,0.00108027893298,True
0,0,0.00170590132834,True
0,0,0.000911866704912,True
0,0,0.00112408949894,True
0,0,0.000482430260003,True
0,0,0.00116978526221,True
0,0,0.00540136389707,True
0,0,0.00237685196064,True
0,0,0.00207079993505,True
0,0,0.00101045937683,True
0,0,0.00123059488274,True
0,0,0.00916671504402,True
0,0,0.000953756267969,True
0,0,0.000277279023994,True
0,0,0.00134581655556,True
0,0,0.000993450001458,True
0,0,0.00100592748598,True
0,0,0.00127335655098,True
0,0,0.00141106876007,True
0,0,0.000927256891315,True
0,0,0.000541765523914,True
0,0,0.000639006760372,True
0,0,0.000703102482644,True
0,0,0.00184577059968,True
0,0,0.0137447098472,True
0,0,0.000664866280188,True
0,0,0.00066445274774,True
0,0,0.0433331002398,True
0,0,0.000877477786995,True
0,0,0.000869330068724,True
0,0,0.00468262374638,True
0,0,0.109495719587,True
0,0,0.000266961642394,True
0,0,0.000967465840823,True
0,0,0.00160572771231,True
0,0,0.00535473817238,True
0,0,0.000816892916888,True
0,0,0.0029247792035,True
0,0,0.000386750808069,True
0,0,0.001079674907,True
0,0,0.00189866593378,True
0,0,0.000741106213407,True
0,0,0.000737872883738,True
0,0,0.000908409114687,True
0,0,0.00422653650578,True
0,0,0.000682629745063,True
0,0,0.0016402110976,True
0,0,0.00177509024932,True
0,0,0.00148393538185,True
0,0,0.000519991403335,True
0,0,0.00110835849538,True
0,0,0.0682422244973,True
0,0,0.00103389263772,True
0,0,0.000614991387045,True
0,0,0.000536117594621,True
0,0,0.00822399074902,True
1,1,0.73033908452,True
0,0,0.000778633049133,True
0,0,0.00103949250704,True
0,0,0.000659571254307,True
0,0,0.000567330992706,True
0,0,0.00135363194973,True
0,0,0.00064330925583,True
0,0,0.000637406604213,True
0,0,0.000181989948881,True
0,0,0.000705064360436,True
0,0,0.00065394614457,True
0,0,0.00486324976436,True
0,0,0.000784368608675,True
0,0,0.00160456315573,True
0,0,0.00217229891195,True
0,0,0.0336413301268,True
0,0,0.000897541572312,True
0,0,0.000855123692272,True
0,0,0.000812761538275,True
0,0,0.000599700247747,True
0,0,0.000762724854239,True
0,0,0.000815965342683,True
0,0,0.0014211917804,True
0,0,0.00344146792044,True
0,0,0.000300483696682,True
0,0,0.000249519269213,True
0,0,0.0010003693573,True
0,0,0.000714573297523,True
0,0,0.00147443593119,True
0,0,0.00247642983558,True
0,0,0.00233379344817,True
0,0,0.00243134324063,True
0,0,0.00110776954318,True
1,1,0.936993895017,True
1,1,0.798156842416,True
0,0,0.000691223698184,True
0,0,0.000300101608505,True
0,0,0.00116950264264,True
0,0,0.00444884589869,True
0,0,0.245332891518,True
0,0,0.000951084846997,True
0,0,0.00103015326245,True
0,0,0.00370975993478,True
0,0,0.000685590498358,True
0,0,0.002589747338,True
0,0,0.00223534735694,True
0,0,0.00296780305072,True
0,0,0.00112403840482,True
0,0,0.00149386273896,True
0,0,0.000834178517137,True
0,0,0.00255155261056,True
0,0,0.00147297534824,True
0,0,0.105349611938,True
0,0,0.00119922148992,True
0,0,0.000579905711412,True
0,0,0.0048594299638,True
0,0,0.0239144677603,True
0,0,0.00149354012482,True
0,0,0.0237450879061,True
0,0,0.000545551284085,True
0,0,0.000891068297489,True
0,0,0.00139093688475,True
0,0,0.000478119381941,True
0,0,0.00154479462437,True
0,0,0.00140690467203,True
1,1,0.809723509342,True
0,0,0.00360997029534,True
0,0,0.0559966364559,True
0,0,0.000641767280955,True
0,0,0.00275648126713,True
0,0,0.00233703719052,True
0,0,0.0031571475144,True
0,0,0.00114320019681,True
0,0,0.00149788373559,True
0,0,0.000617765416436,True
0,0,0.00110735759675,True
0,0,0.00176970165352,True
0,0,0.00316852371779,True
0,0,0.00114905083438,True
0,0,0.000965099789246,True
0,0,0.000192601744028,True
0,0,0.0016119385837,True
0,0,0.0024436069207,True
0,0,0.00125209351971,True
0,0,0.00182500791251,True
0,0,0.00047232495477,True
0,0,0.00132919487481,True
0,0,0.00166218511348,True
0,0,0.00114009595587,True
0,0,0.00164791350323,True
0,0,0.00103961164786,True
0,0,0.000654130696537,True
0,0,0.000917082238347,True
0,0,0.000543123043292,True
0,0,0.000941483558893,True
0,0,0.000985269780841,True
1,1,0.885486049098,True
0,0,0.0114303209869,True
0,0,0.000283106543427,True
0,0,0.000677107726738,True
0,0,0.000772866427433,True
0,0,0.0779037843206,True
0,0,0.0325192039584,True
0,0,0.0114594158846,True
0,0,0.00085240054467,True
0,0,0.00130487723094,True
0,0,0.00138490295957,True
0,0,0.0473814588707,True
0,0,0.000959370012328,True
0,0,0.00125392662403,True
0,0,0.000534969799427,True
0,0,0.00274423597424,True
0,0,0.00162394743051,True
0,0,0.091122361266,True
0,0,0.00112549107309,True
0,0,0.00140785909918,True
0,0,0.00116316137334,True
0,0,0.00119682990725,True
0,0,0.00249365088152,True
0,0,0.000352128171977,True
0,0,0.00101827517927,True
0,0,0.000832838418457,True
0,0,0.0010150193909,True
0,0,0.000850958888326,True
0,0,0.000411773295717,True
0,0,0.00193022713479,True
0,0,0.0061393884427,True
0,0,0.00115225018197,True
0,0,0.000443026526654,True
0,0,0.000608249907518,True
0,0,0.00102119613455,True
0,0,0.0018371468572,True
0,0,0.000791160017007,True
0,0,0.00169401120682,True
0,0,0.00201909565131,True
0,0,0.00093021261182,True
0,0,0.0010207367556,True
0,0,0.0103176199657,True
0,0,0.000695318851302,True
0,0,0.0497787478591,True
0,0,0.000533339559804,True
0,0,0.00135440394541,True
0,0,0.000795123041166,True
0,0,0.00135758373109,True
0,0,0.00117267679012,True
0,0,0.00118886438257,True
0,0,0.000325921165899,True
0,0,0.00234775669144,True
0,0,0.0014908207525,True
0,0,0.000361826810199,True
0,0,0.053385035883,True
0,0,0.000338195844421,True
0,0,0.000543862236825,True
0,0,0.00164068033935,True
0,0,0.000317860790474,True
0,0,0.000889722509677,True
0,0,0.00102458205732,True
0,0,0.00135297735891,True
0,0,0.0016987512713,True
0,0,0.000432237442692,True
0,0,0.00165866504392,True
0,0,0.0558528372323,True
0,0,0.00294328038426,True
0,0,0.00132919487481,True
0,0,0.000272128350663,True
0,0,0.00110039618677,True
0,0,0.000409608929495,True
0,0,0.00151972172365,True
0,0,0.000583805147869,True
0,0,0.00105743665588,True
0,0,0.000289884269363,True
0,0,0.000368549367838,True
0,0,0.000811043366669,True
0,0,0.0008737083617,True
0,0,0.00150842372713,True
1,1,0.985198139217,True
0,0,0.00176468187836,True
0,0,0.00170185337192,True
0,0,0.00145516426501,True
0,0,0.000548308654579,True
0,0,0.000867921016611,True
0,0,0.000937955138227,True
0,0,0.000659674325624,True
1,1,0.840031582555,True
0,0,0.00132385769509,True
0,0,0.000188311562818,True
0,0,0.00677051843565,True
0,0,0.00137599382325,True
0,0,0.00112704371987,True
0,0,0.00298840326969,True
0,0,0.000463309500699,True
0,0,0.000618814603059,True
0,0,0.000827244075949,True
0,0,0.0960796656432,True
0,0,0.00163553621524,True
0,0,0.00226337367296,True
0,0,0.0729247456101,True
0,0,0.0231997326452,True
0,0,0.0439884310919,True
0,0,0.000999721358177,True
0,0,0.00186715741273,True
0,0,0.000653307467029,True
0,0,0.000860177413882,True
0,0,0.00193648707959,True
0,0,0.00170600985543,True
0,0,0.00146097296507,True
0,0,0.00118012173523,True
1,1,0.916344443483,True
0,0,0.00111803160916,True
0,0,0.00118900210803,True
0,0,0.00243824336353,True
0,0,0.0383575759835,True
0,0,0.000657967915257,True
0,0,0.000670046346267,True
0,0,0.00113662403691,True
0,0,0.00171712790672,True
0,0,0.00103893224828,True
0,0,0.00162475872627,True
0,0,0.00142607555708,True
0,0,0.00305335408619,True
0,0,0.000275046007437,True
0,0,0.00121750387027,True
0,0,0.0180693004391,True
0,0,0.00240545698033,True
0,0,0.00192364407864,True
0,0,0.000453129029711,True
0,0,0.0254507979464,True
0,0,0.00857087110752,True
0,0,0.000603539629628,True
0,0,0.000869278136224,True
0,0,0.000665602039129,True
0,0,0.000931112439576,True
0,0,0.000579778483471,True
0,0,0.0028038957849,True
0,0,0.00161803506878,True
0,0,0.000636393736599,True
0,0,0.00169140202463,True
0,0,0.00131685631173,True
0,0,0.000689355530297,True
0,0,0.000488831034226,True
0,0,0.00114220608064,True
0,0,0.00289594017682,True
0,0,0.00046530983048,True
0,0,0.00102179110064,True
0,0,0.00127702399204,True
0,0,0.000522795379626,True
0,0,0.000522678162666,True
0,0,0.000632225448029,True
1,1,0.909419796354,True
0,0,0.000383723121216,True
0,0,0.000453489295678,True
0,0,0.000885629259063,True
0,0,0.000556679783942,True
0,0,0.000643834047646,True
0,0,0.00246507020099,True
0,0,0.00048798310733,True
0,0,0.00156719250132,True
0,0,0.00441154681786,True
0,0,0.00175663116881,True
0,0,0.0546240115026,True
0,0,0.00190992617616,True
0,0,0.000568044568913,True
0,0,0.00116651699991,True
0,0,0.00212008418999,True
0,0,0.000574930953626,True
0,0,0.000700817174015,True
0,0,0.00127485231929,True
0,0,0.000451299052514,True
0,0,0.291888122134,True
0,0,0.00257505276727,True
0,0,0.0025879349356,True
0,0,0.000309425040356,True
0,0,0.000621689649036,True
0,0,0.0690713617188,True
0,0,0.000471750717004,True
0,0,0.000192671561445,True
0,0,0.000470613076755,True
0,0,0.0875429208957,True
0,0,0.127045301289,True
0,0,0.000173148521942,True
0,0,0.000373611819497,True
0,0,0.00092215947362,True
0,0,0.0152946841487,True
0,0,0.000695512806137,True
0,0,0.00162630300027,True
0,0,0.00299523288206,True
0,0,0.00069910828123,True
0,0,0.0012187485628,True
0,0,0.00103247739522,True
0,0,0.000844495005917,True
0,0,0.000451067863204,True
0,0,0.00181040739773,True
0,0,0.000708826178058,True
0,0,0.000974810990071,True
0,0,0.00115910837915,True
0,0,0.00137428070473,True
0,0,0.00835148018574,True
0,0,0.000771419763839,True
0,0,0.00250585444029,True
0,0,0.00127985216373,True
0,0,0.000568951792961,True
0,0,0.00144143461112,True
0,0,0.000765229786368,True
0,0,0.00172586461343,True
0,0,0.000469135089978,True
0,0,0.00480039092292,True
0,0,0.00102437668125,True
0,0,0.000763849057564,True
0,0,0.000942901575854,True
0,0,0.00165341582017,True
0,0,0.00629857124202,True
0,0,0.00254310932178,True
0,0,0.00135952177725,True
0,0,0.000679492181263,True
0,0,0.00183158718991,True
0,0,0.00139016786737,True
0,0,0.00120644017829,True
0,0,0.0155273590982,True
0,0,0.00168028761213,True
0,0,0.000224238333822,True
0,0,0.00267801361436,True
0,0,0.001138633384,True
0,0,0.00162131488011,True
0,0,0.00217252036564,True
0,0,0.000895024649192,True
0,0,0.0169259087795,True
0,0,0.00460279685558,True
0,0,0.000711053783904,True
0,0,0.000270118819766,True
0,0,0.00198174516102,True
0,0,0.00113163802043,True
0,0,0.00157963858744,True
0,0,0.00224500426191,True
0,0,0.00103385080975,True
0,0,0.0047628812339,True
0,0,0.00102419677484,True
0,0,0.000808797844852,True
0,0,0.00771406014875,True
0,0,0.00258868762881,True
0,0,0.124759871573,True
0,0,0.00107258396927,True
0,0,0.000266743774991,True
0,0,0.00296040541999,True
0,0,0.000845268669294,True
0,0,0.00069658669376,True
0,0,0.000572882594233,True
0,0,0.00330317297489,True
0,0,0.000771981281859,True
0,0,0.00208692241297,True
0,0,0.00150181911599,True
0,0,0.40689393528,True
0,0,0.000316268145097,True
0,0,0.000858073883331,True
0,0,0.000516889839894,True
0,0,0.000900601046227,True
0,0,0.00161446007187,True
0,0,0.00110739952587,True
0,0,0.000630514247345,True
0,0,0.105911494603,True
0,0,0.00123881193104,True
0,0,0.00147853356239,True
0,0,0.000517644654656,True
0,0,0.000974978740876,True
0,0,0.000857804594916,True
0,0,0.00157094092916,True
0,0,0.154593787809,True
0,0,0.00185108612732,True
0,0,0.000664277694366,True
0,0,0.00218554594092,True
0,0,0.00543705871635,True
0,0,0.000547522904734,True
0,0,0.00270577259637,True
0,0,0.000692556080836,True
0,0,0.00175609144931,True
0,0,0.00125333626755,True
0,0,0.000641535311425,True
0,0,0.000912468788624,True
0,0,0.00131879665104,True
0,0,0.0351658907014,True
0,0,0.00121185865177,True
0,0,0.000709803173402,True
0,0,0.000995517035668,True
0,0,0.00230089339396,True
0,0,0.000756480466496,True
0,0,0.000584789380072,True
0,0,0.00816764745244,True
0,0,0.000614656681307,True
0,0,0.00210571415953,True
0,0,0.00118092232932,True
0,0,0.000515608796393,True
0,0,0.000589313780433,True
0,0,0.00241327140469,True
0,0,0.00102688845007,True
0,0,0.000536769217746,True
0,0,0.00482904664179,True
0,0,0.000697879506898,True
0,0,0.000812921441208,True
0,0,0.0019424903746,True
0,0,0.000676779648243,True
0,0,0.00845159197107,True
0,0,0.00159872098806,True
0,0,0.000971225342698,True
0,0,0.00103961164786,True
0,0,0.00648213198657,True
0,0,0.000849102236072,True
0,0,0.00277765679689,True
0,0,0.0011348454336,True
0,0,0.000923014455974,True
0,0,0.00135768038517,True
0,0,0.0036010789533,True
0,0,0.0011008319015,True
0,0,0.00131622219938,True
0,0,0.00367453165874,True
0,0,0.000323738023901,True
0,0,0.000406897470749,True
0,0,0.00166266352234,True
0,0,0.00133233152617,True
0,0,0.00155848604745,True
0,0,0.000746560277627,True
0,0,0.00160500549136,True
0,0,0.000628369078888,True
0,0,0.00175144726278,True
0,0,0.000996804642824,True
0,0,0.00448992305322,True
0,0,0.00073986064544,True
0,0,0.0036968271855,True
0,0,0.00122846100793,True
0,0,0.000952253546039,True
0,0,0.0126047300945,True
1,1,0.866939461201,True
0,0,0.00142471417294,True
0,0,0.000803215754141,True
0,0,0.000251581085339,True
0,0,0.0331005935438,True
0,0,0.000697935683795,True
0,0,0.000842959243196,True
0,0,0.00464276187288,True
0,0,0.0511345065488,True
0,0,0.00152904039849,True
0,0,0.36019938136,True
0,0,0.00159552961466,True
0,0,0.00102141040643,True
0,0,0.000888043548284,True
0,0,0.000712835258284,True
0,0,0.00435375501391,True
0,0,0.00106035612109,True
0,0,0.00174594750753,True
0,0,0.00776510171684,True
0,0,0.000724735366795,True
0,0,0.00072408882226,True
0,0,0.000321874325885,True
0,0,0.00014639040021,True
0,0,0.00192202810684,True
0,0,0.00236893381102,True
0,0,0.00200100353713,True
1,0,0.172307090725,False
0,0,0.000525351733853,True
0,0,0.0682460450932,True
0,0,0.00213203022983,True
0,0,0.00164440839979,True
0,0,0.00187680561062,True
0,0,0.00208775453934,True
0,0,0.000579973941374,True
0,0,0.000861999130381,True
0,0,0.00118361777035,True
0,0,0.0589811393959,True
0,0,0.000682398526882,True
0,0,0.0088654817191,True
0,0,0.00268917081597,True
0,0,0.00282670689701,True
0,0,0.00075076474972,True
0,0,0.000490319276146,True
1,1,0.74511498871,True
0,0,0.00212820669796,True
0,0,0.00120087161407,True
0,0,0.00936341446528,True
0,0,0.000758784013783,True
0,0,8.24109599346e-05,True
0,0,0.0115973748629,True
0,0,0.00197346755158,True
0,0,0.0012715990748,True
0,0,0.0214400062648,True
0,0,0.000503122560326,True
0,0,0.00178977376347,True
0,0,0.00451523788433,True
0,0,0.000673469137865,True
0,0,0.000771570230061,True
0,0,0.00350967608251,True
0,0,0.000659379457814,True
0,0,0.00564727124434,True
0,0,0.00132684462192,True
0,0,0.00137534377951,True
0,0,0.000101032214568,True
0,0,0.00146483691031,True
0,0,0.067615681879,True
0,0,0.00113026485609,True
0,0,0.00088501295757,True
0,0,0.000633865883989,True
0,0,0.00514441611309,True
0,0,0.00101226539834,True
0,0,0.000581502155357,True
0,0,0.000333553836513,True
0,0,0.000943829562735,True
0,0,0.0022962666449,True
0,0,0.00298117166009,True
0,0,0.00134423910087,True
0,0,0.000885268894423,True
0,0,0.000678606681592,True
0,0,0.000451067863204,True
0,0,0.000710330727757,True
0,0,0.000236095007034,True
0,0,0.00105842936102,True
0,0,0.000569553130512,True
0,0,0.0338464419418,True
0,0,0.00316450240268,True
0,0,0.00105783099775,True
1,1,0.995026480329,True
0,0,0.000816861742865,True
0,0,0.00160947153954,True
0,0,0.000964160511597,True
0,0,0.000905983013058,True
0,0,0.00055942951206,True
0,0,0.00145234279698,True
0,0,0.00106039830746,True
0,0,0.000762205296037,True
0,0,0.0286769518071,True
0,0,0.00287756151255,True
0,0,0.000671862441953,True
0,0,0.000583205803242,True
0,0,0.000593608021675,True
0,0,0.000762144801131,True
0,0,0.000328416153617,True
0,0,0.000856032205866,True
0,0,0.000791249429736,True
0,0,0.000338712485499,True
0,0,0.00117776664081,True
0,0,0.0029053337567,True
0,0,0.00105718536187,True
0,0,0.000839851260062,True
0,0,0.000703908545409,True
0,0,0.00277986259224,True
0,0,0.000402685288714,True
0,0,0.000755870913616,True
0,0,0.000508675155778,True
0,0,0.000687267899907,True
0,0,0.000969912821101,True
0,0,0.000331649697462,True
0,0,0.00101916760927,True
0,0,0.00218183394223,True
0,0,0.000618120452725,True
0,0,0.000317533931427,True
0,0,0.000914415462496,True
0,0,0.000745934028151,True
0,0,0.00328200872159,True
0,0,0.00126908464703,True
0,0,0.00131257929993,True
0,0,0.00230047895749,True
0,0,0.00171738986467,True
0,0,0.000151105592421,True
0,0,0.00168948957726,True
0,0,0.102611904819,True
0,0,0.00584453574461,True
0,0,0.000831379111328,True
0,0,0.000874859724694,True
0,0,0.000280580145166,True
0,0,0.0833233947594,True
1,0,0.459378155323,False
0,0,0.0009361605348,True
0,0,0.000463114298401,True
0,0,0.000923959437184,True
0,0,0.0348926538507,True
0,0,0.00616067854956,True
0,0,0.0022972573418,True
0,0,0.000356676768739,True
0,0,0.00123051198455,True
0,0,0.00238292263244,True
0,0,0.000795121254525,True
0,0,0.000223711698142,True
0,0,0.000937812993626,True
0,0,0.00150564585719,True
0,0,0.0204620743762,True
0,0,0.000900254501012,True
0,0,0.000876398008007,True
1,1,0.505235439242,True
0,0,0.000956850860902,True
0,0,0.00313139789749,True
0,0,0.00174983912972,True
0,0,0.00263508654137,True
0,0,0.00202003836356,True
1,1,0.624086323305,True
0,0,0.00133887888808,True
0,0,0.000606253694183,True
0,0,0.000522180563027,True
0,0,0.00107773565426,True
0,0,0.000837205313249,True
0,0,0.00158168142621,True
0,0,0.00551461321879,True
0,0,0.00158259552356,True
0,0,0.045443550378,True
0,0,0.00031402397019,True
0,0,0.00286736667131,True
0,0,0.00073696364355,True
0,0,0.000548253646714,True
0,0,0.0042332153793,True
1,1,0.87532395164,True
0,0,0.000530084546435,True
0,0,0.00110475078448,True
0,0,0.0332727561265,True
0,0,0.000563513198591,True
0,0,0.00144419620579,True
0,0,0.0014746796861,True
0,0,0.00131198829956,True
0,0,0.00291919810699,True
0,0,0.00172854604387,True
0,0,0.000466328055003,True
0,0,0.0015966585176,True
0,0,0.000445621113242,True
0,0,0.000355498202916,True
0,0,0.000690323211674,True
0,0,0.000623953423367,True
0,0,0.00184710775249,True
1,1,0.845974073692,True
0,0,0.000700958911324,True
0,0,0.0129277259842,True
1,1,0.838128383012,True
1,0,0.444727096493,False
0,0,0.00151845713756,True
0,0,0.000870313779561,True
0,0,0.00429173055438,True
0,0,0.00112874549007,True
0,0,0.00161098456129,True
0,0,0.00815068815067,True
0,0,0.00160787878007,True
0,0,0.00146948479837,True
0,0,0.00329378398587,True
0,0,0.00117385735319,True
0,0,0.00274655284839,True
0,0,0.0435273394289,True
0,0,0.00070530548873,True
0,0,0.0013451243162,True
0,0,0.00324450873091,True
0,0,0.00407178913851,True
0,0,0.0363468054812,True
0,0,0.00890971233787,True
0,0,0.0480560823378,True
0,0,0.00141066512682,True
0,0,0.000369101692369,True
0,0,0.000416955357749,True
0,0,0.000630650175789,True
0,0,0.00075426128463,True
0,0,0.00434125181771,True
0,0,0.0383975765341,True
0,0,0.00169938710156,True
0,0,0.00127485120733,True
0,0,0.00269423707827,True
0,0,0.00178915539428,True
0,0,0.0012026970736,True
0,0,0.00140039855168,True
0,0,0.000702084662884,True
0,0,0.000970706954566,True
0,0,0.00215380577004,True
0,0,0.00135165329694,True
0,0,0.00339191917712,True
0,0,0.0013972356297,True
0,0,0.000231941994671,True
0,0,0.00118965657208,True
0,0,0.00259255999578,True
0,0,0.000387664530244,True
0,0,0.000466179920279,True
0,0,0.000727241676829,True
0,0,0.0130953135345,True
0,0,0.00247184567443,True
0,0,0.00261156659433,True
0,0,0.000264373594767,True
0,0,0.000536293451187,True
0,0,0.000774085711501,True
0,0,0.00110156757601,True
0,0,0.000190756524296,True
0,0,0.0044364414465,True
0,0,0.00156274503462,True
0,0,0.00263273218553,True
0,0,0.00147513265446,True
0,0,0.0646424838854,True
0,0,0.00420924588983,True
0,0,0.00507689672497,True
0,0,0.00160104130504,True
0,0,0.00228652114226,True
0,0,0.000728690618798,True
0,0,0.00118431541418,True
0,0,0.00159158387291,True
0,0,0.000560831202139,True
0,0,0.00173587184897,True
0,0,0.000808182054054,True
0,0,0.00118828186054,True
0,0,0.000667241849432,True
0,0,0.00098398608613,True
0,0,0.0034500665954,True
0,0,0.0017156447149,True
0,0,0.00163856885943,True
0,0,0.00594251186351,True
0,0,0.000148484696077,True
0,0,0.000514940466129,True
0,0,0.00287972682327,True
0,0,0.00145586298324,True
0,0,0.00117732995137,True
0,0,0.00103230962644,True
0,0,0.000839567511787,True
1,1,0.839312590588,True
0,0,0.00132276366094,True
0,0,0.0013167720774,True
0,0,0.000820549603883,True
0,0,0.000563530253884,True
0,0,0.00124060258105,True
0,0,0.00959343022883,True
0,0,0.00110575832326,True
0,0,0.00411360358412,True
0,0,0.00163405204018,True
0,0,0.0010267536039,True
0,0,0.00231614310411,True
0,0,0.00034462814373,True
0,0,0.000843216558268,True
0,0,0.00129807263502,True
0,0,0.00210022831079,True
0,0,0.0194975943251,True
0,0,0.00148166703816,True
0,0,0.00292091635995,True
0,0,0.000982639371689,True
0,0,0.00355790280191,True
0,0,0.0294167292946,True
0,1,0.533277366306,False
0,0,0.00068471166989,True
0,0,0.0106867575527,True
0,0,0.00227055285299,True
0,0,0.000437517240574,True
0,0,0.000949993004446,True
0,0,0.0411828033916,True
0,0,0.000430480877814,True
0,0,0.00214837942861,True
0,0,0.000504520373867,True
0,0,0.00137460874885,True
0,0,0.00146787570765,True
0,0,0.0006919227074,True
0,0,0.00053426712778,True
0,0,0.00130383918013,True
0,0,0.000780528474228,True
0,0,0.00025140272108,True
0,0,0.000317940394279,True
0,0,0.00130716287059,True
0,0,0.000679309720329,True
0,0,0.0011327928892,True
0,0,0.000612801710761,True
0,0,0.0018587159181,True
0,0,0.000766135384902,True
1,1,0.798327046949,True
0,0,0.00310404565079,True
0,0,0.00158673202538,True
0,0,0.00100695496864,True
0,0,0.00404837821647,True
0,0,0.00159364603339,True
0,0,0.000904452111741,True
0,0,0.000346810993309,True
0,0,0.00170054771514,True
0,0,0.000487941220222,True
0,0,0.00174491383944,True
0,0,0.00168641773094,True
0,0,0.000899660624538,True
0,0,0.00149621821083,True
0,0,0.00781042838572,True
0,0,0.000867921016611,True
0,0,0.00128703188181,True
0,0,0.0860405837998,True
0,0,0.000328038627701,True
0,0,0.000423434047982,True
0,0,0.016810110201,True
0,0,0.00141109954767,True
0,0,0.0016118232638,True
0,0,0.00202971729366,True
0,0,0.00185261688508,True
1,1,0.905957255514,True
0,0,0.222298569292,True
0,0,0.00150134236401,True
0,0,0.00196769207446,True
0,0,0.00234564306345,True
0,0,0.0906473978487,True
0,0,0.000780183752099,True
0,0,0.00694949576133,True
0,0,0.0123436406269,True
0,0,0.000701059638068,True
0,0,0.00101966984133,True
0,0,0.00128108604352,True
0,0,0.00125310591213,True
0,0,0.00422065949231,True
0,0,0.00736152421318,True
1,0,0.408928404566,False
0,0,0.00113883239386,True
0,0,0.000985328635991,True
0,0,0.00142256526198,True
0,0,0.000758679612879,True
0,0,0.0481267624349,True
0,0,0.00103364023702,True
0,0,0.00306886918645,True
0,0,0.00136094964609,True
0,0,0.00115558534547,True
0,0,0.000879291986287,True
0,0,0.000469515873824,True
0,0,0.0547937794456,True
0,0,0.00238869957854,True
0,0,0.00349097854885,True
0,0,0.000584780447633,True
0,0,0.00103004398086,True
0,0,0.00033711987544,True
0,0,0.000156616713988,True
0,0,0.00103496128032,True
0,0,0.00100295357699,True
0,0,0.0190728709431,True
0,0,0.00135600270602,True
0,0,0.00489376821926,True
0,0,0.00102846563284,True
0,0,0.000968720386049,True
0,0,0.00135670032881,True
0,0,0.000353629064935,True
0,0,0.00139363664365,True
0,0,0.000984569192168,True
0,0,0.000356216368955,True
0,0,0.000939149134776,True
0,0,0.00130495166183,True
0,0,0.00124421305836,True
0,0,0.0169105199201,True
0,0,0.000552192609695,True
0,0,0.00187859696895,True
0,0,0.000583565067129,True
0,0,0.000192671561445,True
1,1,0.91115806766,True
0,0,0.00126590959217,True
0,0,0.00119556603022,True
0,0,0.00050376420263,True
0,0,0.00104179434542,True
0,0,0.000905616142248,True
0,0,0.00216959898338,True
0,0,0.000950773859166,True
0,0,0.000416415051786,True
0,0,0.000440752524855,True
0,0,0.0051337596732,True
0,0,0.0025960636785,True
0,0,0.000642933694621,True
0,0,0.00177448856541,True
0,0,0.00152997408895,True
0,0,0.00105133378185,True
0,0,0.0625427585838,True
0,0,0.000623003077885,True
0,0,0.000420076571183,True
0,0,0.00140213959991,True
0,0,0.000578591352154,True
0,0,0.000731387870165,True
0,0,0.000486529608541,True
0,0,0.000641560751889,True
0,0,0.000868871489039,True
0,0,0.000992180255228,True
0,0,0.00100554651674,True
0,0,0.00118147942589,True
0,0,0.13748248898,True
0,0,0.00172463897206,True
0,0,0.00235434253145,True
0,0,0.00100210108395,True
0,0,0.000331216903668,True
0,0,0.0416972726726,True
0,0,0.000696477262745,True
0,0,0.00201871517207,True
0,0,0.00137146482163,True
0,0,0.00110913979175,True
0,0,0.000998261757886,True
0,0,0.172075070927,True
1,1,0.765433982656,True
0,0,0.0490781313032,True
0,0,0.00734577241277,True
0,0,0.0013372377756,True
0,0,0.000970200525846,True
0,0,0.000765546319194,True
0,0,0.00168888210281,True
0,0,0.0155259714002,True
0,0,0.00935104738246,True
0,0,0.00063219903842,True
0,0,0.000934279425584,True
0,0,0.00192943374711,True
0,0,0.000276831501936,True
0,0,0.00147559465005,True
0,0,0.000779404301904,True
0,0,0.00117966774804,True
0,0,0.00251728938585,True
0,0,0.00116329410835,True
0,0,0.0041693161875,True
0,0,0.0103922867292,True
0,0,0.000490844215324,True
0,0,0.00055621156707,True
0,0,0.00244345657492,True
0,0,0.000735274444639,True
0,0,0.00212439543826,True
0,0,0.000386156394124,True
0,0,0.000735007172867,True
0,0,0.00225239474399,True
0,0,0.000904365705302,True
0,0,0.00195363449034,True
0,0,0.00206805486964,True
0,0,0.00195958654938,True
0,0,0.00047284586464,True
0,0,0.00208064804217,True
0,0,0.0127915721091,True
0,0,0.00426125200739,True
0,0,0.00055850257937,True
0,0,0.00130838018897,True
0,0,0.000956759505126,True
0,0,0.000771117527556,True
1,1,0.960878950241,True
0,0,0.00228816107279,True
0,0,0.000738416828507,True
1,1,0.812115898991,True
0,0,0.00196844317196,True
0,0,0.0010806605174,True
0,0,0.000219885934719,True
0,0,0.00191133199601,True
0,0,0.000462494328785,True
0,0,0.0045629167347,True
0,0,0.00173126207512,True
0,0,0.000700817174015,True
0,0,0.000434413669453,True
0,0,0.000243804762602,True
0,0,0.00208194406415,True
0,0,0.000559965401516,True
0,0,0.00288701820065,True
0,0,0.00171004851209,True
1,1,0.764805031268,True
0,0,0.000709919157844,True
0,0,0.028928136734,True
0,0,0.000729872889514,True
0,0,0.000535972598051,True
0,0,0.0153486391727,True
0,0,0.00216530542746,True
0,0,0.00799310820149,True
0,0,0.00265583171363,True
0,0,0.00110385079949,True
0,0,0.0012482834783,True
0,0,0.00139945493651,True
0,0,0.00159505431004,True
0,0,0.000192280218996,True
0,0,0.000561232289834,True
0,0,0.0726278731406,True
0,0,0.000799183620539,True
0,0,0.00137236811669,True
0,0,0.00134015205311,True
0,0,0.00412947207978,True
0,0,0.0293230672885,True
0,0,0.00209665867578,True
0,0,0.000556474481551,True
0,0,0.000800555101547,True
0,0,0.0195868794656,True
0,0,0.00215165071672,True
0,0,0.00119741544929,True
0,0,0.00147321006277,True
0,0,0.0937747902037,True
0,0,0.000201425265879,True
0,0,0.00128453927244,True
0,0,0.000962061797438,True
0,0,0.00337191870849,True
0,0,0.000832071876709,True
0,0,0.00113408716843,True
0,0,0.000600669922459,True
0,0,0.0025526786797,True
0,0,0.000999212280538,True
0,0,0.00110736273191,True
0,0,0.000835868587098,True
0,0,0.00265032021311,True
0,0,0.00135538870483,True
0,0,0.000681114851446,True
0,0,0.00148415804861,True
0,0,0.0116469207647,True
0,0,0.00103108765578,True
0,0,0.0843800346895,True
0,0,0.00211568168513,True
0,0,0.186205204654,True
0,0,0.0746993773566,True
0,0,0.00174861006326,True
0,0,0.000989223282115,True
0,0,0.00230712249398,True
0,0,0.0011659385453,True
0,0,0.000876696663186,True
0,0,0.000965481174967,True
0,0,0.000564817708689,True
0,0,0.000904244515223,True
0,0,0.00118250532583,True
0,0,0.376599859671,True
0,0,0.00070119990167,True
0,0,0.000426261781226,True
1,0,0.383337800613,False
0,0,0.000321233562173,True
0,0,0.00141374094054,True
0,0,0.003323150848,True
0,0,0.00249911425276,True
0,0,0.00272503117729,True
0,0,0.000700817174015,True
0,0,0.0138352202642,True
0,0,0.00122688179556,True
0,0,0.000560205581722,True
0,0,0.00113883239386,True
0,0,0.0023694670757,True
0,0,0.000459266983297,True
0,0,0.000524574964672,True
0,0,0.000570898922602,True
0,0,0.000473423850709,True
0,0,0.000849665983961,True
0,0,0.000454182035046,True
0,0,0.00171191095735,True
0,0,0.0011382830684,True
0,0,0.0017130032977,True
0,0,0.00121831733708,True
0,0,0.00788681749053,True
0,0,0.00103613621532,True
0,0,0.000666537885608,True
0,0,0.0017206002053,True
0,0,0.000658131176356,True
0,0,0.000685476203509,True
0,0,0.00098772771998,True
0,0,0.00120833484463,True
0,0,0.00124387505111,True
0,0,0.0012215320111,True
0,0,0.00054796889036,True
0,0,0.00205693039448,True
0,0,0.00184832797207,True
0,0,0.00123805983294,True
0,0,0.000627143061622,True
0,0,0.000823775317432,True
0,0,0.00070530548873,True
0,0,0.000606148046822,True
0,0,0.037507850016,True
0,0,0.00122253761633,True
0,0,0.00075219501466,True
0,0,0.108563369258,True
0,0,0.000521442949298,True
0,0,0.00108328142277,True
0,0,0.000598147383503,True
0,0,0.0207518451346,True
0,0,0.00128773617868,True
0,0,0.000568194879212,True
0,0,0.00156023670187,True
0,0,0.00181898040851,True
0,0,0.0466625795634,True
0,0,0.000711458413094,True
0,0,0.000635648496072,True
0,0,0.0015885698693,True
0,0,0.00117834347171,True
1,1,0.925516543791,True
0,0,0.0009758268527,True
0,0,0.000695565265544,True
0,0,0.000984379568291,True
0,0,0.00701163525342,True
0,0,0.000796207753418,True
0,0,0.000808504656484,True
0,0,0.00345171614051,True
0,0,0.00132668175879,True
0,0,0.103298964249,True
0,0,0.0037275489425,True
0,0,0.000804904835943,True
0,0,0.00881833045972,True
0,0,0.0846965521529,True
0,0,0.000829491152121,True
0,0,0.000995980735803,True
0,0,0.0757441198505,True
0,0,0.00145284386592,True
0,0,0.00115562547432,True
0,0,0.00117097024039,True
0,0,0.00109908750697,True
0,0,0.00114529186101,True
0,0,0.000549984160331,True
0,0,0.00214988175003,True
0,0,0.00147757154445,True
0,0,0.152153123001,True
0,0,0.0494838845614,True
0,0,0.00114756529904,True
0,0,0.000452093015139,True
0,0,0.000570628391697,True
0,0,0.000212589582452,True
0,0,0.00186944195418,True
0,0,0.00114244167656,True
0,0,0.000544181215795,True
0,0,0.00150098110725,True
0,0,0.000967342572332,True
0,0,0.00109059340579,True
1,0,0.498700953547,False
0,0,0.000898981241591,True
0,0,0.00379278901404,True
0,0,0.00178265258663,True
0,0,0.000271081884297,True
0,0,0.000744525908963,True
0,0,0.00182874243377,True
0,0,0.071620175813,True
0,0,0.00164897764214,True
0,0,0.00481467140956,True
0,0,0.0366461882105,True
0,0,0.00176189438021,True
0,0,0.000758518558837,True
0,0,0.000503830827446,True
0,0,0.000645229641863,True
0,0,0.000434516795091,True
0,0,0.00121703601254,True
0,0,0.000540223853018,True
1,1,0.903568932962,True
0,0,0.000442357956479,True
0,0,0.00176531942964,True
0,0,0.00111636102365,True
0,0,0.000930641353337,True
1,1,0.830100580198,True
0,0,0.139066494788,True
0,0,0.000474823193379,True
0,0,0.000651320678094,True
0,0,0.00586257138228,True
0,0,0.000750916786471,True
0,0,0.00231498193459,True
0,0,0.00055784387346,True
0,0,0.00141031266025,True
0,0,0.000296401655614,True
0,0,0.000432735472091,True
0,0,0.000627269764755,True
0,0,0.00055167975904,True
0,0,0.00131100591136,True
0,0,0.000732090726631,True
0,0,0.00149125927436,True
0,0,0.00122010390755,True
0,0,0.00903298791438,True
0,0,0.000994943649403,True
0,0,0.00384581805397,True
0,0,0.00092864802429,True
0,0,0.0024982302393,True
0,0,0.00154508788264,True
0,0,0.0025959214643,True
0,0,0.000810451767613,True
0,0,0.00206273013829,True
0,0,0.00580544621509,True
0,0,0.000419100700967,True
0,0,0.000601824403533,True
0,0,0.000226773803837,True
0,0,0.0769399862034,True
0,0,0.0807685859312,True
0,0,0.00190174245169,True
0,0,0.000622559911294,True
1,1,0.956959146916,True
0,0,0.00187543604389,True
0,0,0.000562909778976,True
0,0,0.00096447840827,True
0,0,0.00128721665484,True
0,0,0.000452831287696,True
0,0,0.0253491612057,True
0,0,0.000802519686688,True
0,0,0.000446520417767,True
0,0,0.000500763218178,True
0,0,0.00157432285603,True
0,0,0.000760062972135,True
0,0,0.000644664354127,True
0,0,0.00143036434283,True
0,0,0.00131641946698,True
0,0,0.00328117542604,True
0,0,0.000861094034609,True
0,0,0.00928162427225,True
0,0,0.000824102040321,True
0,0,0.000887540104705,True
0,0,0.00232819601887,True
0,0,0.00311815582291,True
0,0,0.00230708609582,True
0,0,0.00152618824122,True
1,1,0.951379234228,True
0,0,0.0021003114757,True
0,0,0.00144002148203,True
0,0,0.00382954254382,True
0,0,0.0031602975312,True
0,0,0.0013598269479,True
0,0,0.000229525083646,True
0,0,0.000896598937733,True
0,0,0.000630658446312,True
0,0,0.0397508253913,True
0,0,0.00123113181404,True
0,0,0.000965987814754,True
0,0,0.000553952196596,True
0,0,0.00038919215728,True
0,0,0.000145451696697,True
0,0,0.00186120308939,True
0,0,0.000569234345966,True
0,0,0.00330972484855,True
0,0,0.00055784387346,True
0,0,0.0444116414041,True
0,0,0.000994408620956,True
0,0,0.00103664382955,True
0,0,0.000900844577276,True
0,0,0.000512537422654,True
0,0,0.00053217472557,True
0,0,0.00176802002534,True
1,1,0.834330716578,True
0,0,0.000609723084075,True
0,0,0.000331756608982,True
0,0,0.00107131060885,True
0,0,0.00253771908125,True
0,0,0.000667206614336,True
0,0,0.000739325787018,True
0,0,0.00423964140977,True
0,0,0.0744846838319,True
0,0,0.00276650561731,True
0,0,0.00240564738061,True
0,0,0.00169410140416,True
0,0,0.010406824443,True
0,0,0.00225369060593,True
0,0,0.00032054356453,True
0,0,0.0959879116212,True
0,0,0.00305833641662,True
0,0,0.0421967751029,True
0,0,0.00126214108879,True
0,0,0.000914042316671,True
0,0,0.000969998033581,True
0,0,0.000947897913827,True
0,0,0.00129593168295,True
0,0,0.000194563095326,True
0,0,0.000469485967752,True
0,0,0.000732664204395,True
0,0,0.000617146283965,True
0,0,0.000630284819312,True
0,0,0.0320397887767,True
0,0,0.0213948558123,True
0,0,0.00121339024476,True
0,0,0.00196356705999,True
0,0,0.000574281771077,True
0,0,0.000904130999979,True
0,0,0.00146012048635,True
0,0,0.000394869501331,True
0,0,0.00173483996969,True
0,0,0.00097651654001,True
0,0,0.00156671252908,True
0,0,0.00194263248473,True
0,0,0.0190061994739,True
0,0,0.000534218813365,True
0,0,0.00278235720187,True
0,0,0.000718590662717,True
0,0,0.220959643493,True
0,0,0.00124155499412,True
0,0,0.00178405662732,True
0,0,0.00274115859337,True
0,0,0.000643506934924,True
0,0,0.00152308822153,True
0,0,0.00374328616374,True
0,0,0.000590475423697,True
0,0,0.000799477430442,True
1,0,0.326239826828,False
0,0,0.0010427490605,True
0,0,0.0014872571057,True
0,0,0.00154708641045,True
0,0,0.000789692184233,True
0,0,0.000574221906458,True
0,0,0.000793896474473,True
0,0,0.000773138802941,True
0,0,0.00348650788317,True
0,0,0.000896809741213,True
0,0,0.00219164452298,True
0,0,0.00103947440358,True
0,0,0.00121152214368,True
0,0,0.00134287094474,True
0,0,0.000311094678627,True
1,1,0.881000619686,True
0,0,0.0355346123813,True
0,0,0.00214085420323,True
0,0,0.00271986294386,True
0,0,0.00135971974682,True
0,0,0.00182218977448,True
0,0,0.000682629745063,True
0,0,0.000542412335234,True
0,0,0.000906511731848,True
0,0,0.00100257968003,True
0,0,0.00179692261125,True
0,0,0.0039696021763,True
0,0,0.00120340581411,True
0,0,0.0024658731624,True
0,0,0.00218105337579,True
0,0,0.000553817975346,True
0,0,0.00619793951742,True
0,0,0.00115558293555,True
0,0,0.0187918822673,True
0,0,0.00100021823917,True
0,0,0.0796965082113,True
0,0,0.00103697453886,True
0,0,0.000455187605618,True
0,0,0.0012196199289,True
0,0,0.00184919294847,True
0,0,0.000486085458407,True
0,0,0.00372442515206,True
0,0,0.000973559526473,True
0,0,0.00128781950747,True
0,0,0.00451432553125,True
0,0,0.00154594453375,True
0,0,0.0163666966675,True
0,0,0.00125104164905,True
0,0,0.000343607750677,True
0,1,0.631872992233,False
0,0,0.000894964950206,True
0,0,0.00050113534935,True
0,0,0.00808743894304,True
0,0,0.00132846217065,True
0,0,0.0134603812954,True
0,0,0.000728128693965,True
0,0,0.000798116300456,True
0,0,0.000700817174015,True
0,0,0.00372447056493,True
0,0,0.000916798902397,True
0,0,0.000890285008478,True
0,0,0.000826230486287,True
0,0,0.0124661360919,True
0,0,0.000575114369355,True
0,0,0.00104636029315,True
0,0,0.000400250013152,True
0,0,0.0246315212726,True
0,0,0.000871348403432,True
0,0,0.000976040340018,True
0,0,0.00122434121426,True
0,0,0.00130066481054,True
0,0,0.000770859636174,True
0,0,0.00152610047284,True
0,0,0.00125134684183,True
0,0,0.00554664685874,True
0,0,0.00273913326612,True
0,0,0.00118625787077,True
0,0,0.000364898121983,True
0,0,0.00145626666082,True
1,1,0.678535905308,True
0,0,0.00119963353379,True
0,0,0.000688351430874,True
0,0,0.000511038983747,True
0,0,0.00107125847387,True
0,0,0.000357278886778,True
0,0,0.00115910837915,True
0,0,0.000471024439872,True
0,0,0.00126168684054,True
0,0,0.00105611195601,True
0,0,0.0888412308085,True
0,0,0.000796270414168,True
0,0,0.0130514480561,True
0,0,0.000931829301644,True
0,0,0.00155137542187,True
0,0,0.0017111621372,True
0,0,0.00066430593324,True
0,0,0.0004095354591,True
0,0,0.0624509232701,True
0,0,0.000894130795712,True
0,0,0.00205729986448,True
0,0,0.00220213823755,True
0,0,0.000712418081097,True
0,0,0.000551234693092,True
0,0,0.000268020017442,True
0,0,0.000866639421333,True
0,0,0.00402547204594,True
0,0,0.00181316661337,True
0,0,0.00104194219564,True
0,0,0.00203977203552,True
1,1,0.670247955239,True
0,0,0.00052880676026,True
1,1,0.660512235948,True
0,0,0.00130789009901,True
0,0,0.00092878672758,True
0,0,0.00189111672542,True
0,0,0.000928238191636,True
0,0,0.000858051309679,True
0,0,0.0792027330028,True
0,0,0.133895644468,True
0,0,0.000701040722071,True
0,0,0.0011017213045,True
0,0,0.00113102918224,True
0,0,0.0023013938233,True
0,0,0.0809102647324,True
0,0,0.000900811526105,True
0,0,0.000882457194995,True
0,0,0.000924960231469,True
0,0,0.000347271052543,True
0,0,0.000745789974072,True
0,0,0.0473271950884,True
0,0,0.00189049377564,True
0,0,0.00824931846084,True
0,0,0.000796092736048,True
0,0,0.00163695594791,True
0,0,0.00712900295299,True
0,0,0.000442363220703,True
0,0,0.00292008436253,True
0,0,0.00280700478512,True
0,0,0.000577913216334,True
0,0,0.00564349474267,True
0,0,0.00150410424967,True
0,0,0.00251752549784,True
1,1,0.984414547446,True
0,0,0.000454187100262,True
0,0,0.000785045315464,True
0,0,0.00104986340169,True
0,0,0.00374655758647,True
0,0,0.00127641940464,True
0,0,0.0020526751574,True
0,0,0.00287946545547,True
0,0,0.00132674100946,True
0,0,0.00119185899347,True
0,0,0.00128429318062,True
0,0,0.000722472341979,True
0,0,0.000746908995648,True
0,0,0.00108244924085,True
0,0,0.00260495792483,True
0,0,0.000759740149721,True
0,0,0.00780935320637,True
0,0,0.000558622211108,True
0,0,0.0742321217156,True
0,0,0.000394329275896,True
0,0,0.000818349124703,True
0,0,0.000924592898716,True
1,1,0.762430042345,True
0,0,0.00065781934971,True
0,0,0.000688434266186,True
0,0,0.00127056282728,True
0,0,0.00148439769796,True
0,0,0.00128769560019,True
0,0,0.00233200100915,True
0,0,0.00389140008937,True
1,1,0.60230386718,True
0,0,0.000834633705091,True
0,0,0.00146405178495,True
0,0,0.000529401008758,True
0,0,0.000963322236634,True
0,0,0.000778434234341,True
0,0,0.000667619052347,True
0,0,0.000872836587213,True
0,0,0.000818812455661,True
0,0,0.000628982750675,True
0,0,0.000716678134083,True
0,0,0.0426815326643,True
0,0,0.000618248019843,True
0,0,0.0022495383536,True
0,0,0.00326754213223,True
0,0,0.00695040808311,True
0,0,0.094069324695,True
0,0,0.000587500802797,True
0,0,0.00602817059182,True
0,0,0.000671423028705,True
0,0,0.000540855582976,True
1,1,0.751296899592,True
0,0,0.027251767303,True
0,0,0.00204182821453,True
0,0,0.00127531892977,True
0,0,0.00099681145387,True
1,1,0.513427714683,True
0,0,0.000444130459094,True
0,0,0.000893585589778,True
0,0,0.0148137000235,True
0,0,0.00170319955884,True
0,0,0.00120258685677,True
0,0,0.000392131240122,True
0,0,0.00108761061261,True
0,0,0.000988683122909,True
0,0,0.039068153442,True
0,0,0.00310710915454,True
0,0,0.00179083113403,True
0,0,0.00542599562516,True
0,0,0.037430407953,True
0,0,0.0019575219141,True
0,0,0.00122751471963,True
0,0,0.000560108476795,True
0,0,0.00155984846721,True
0,0,0.00159764479983,True
0,0,0.00180253480785,True
0,0,0.000444227480665,True
0,0,0.00185230636273,True
0,0,0.00103506807315,True
0,0,0.00141854617526,True
0,0,0.0332970535795,True
0,0,0.0227269705408,True
0,0,0.00102985919326,True
0,0,0.00229941899051,True
0,0,0.000747660265929,True
0,0,0.0014169733134,True
0,0,0.000969004335995,True
0,0,0.00125280943629,True
0,0,0.000697242760954,True
0,0,0.00276087321976,True
0,0,0.00179851572716,True
0,0,0.000640766848807,True
0,0,0.000481466907803,True
1,1,0.895106938611,True
0,0,0.0148507104716,True
0,0,0.0156515440454,True
0,0,0.0014020965882,True
0,0,0.103522629293,True
0,0,0.000669180964834,True
0,0,0.000763928413226,True
0,0,0.0819645004076,True
0,0,0.0388860488884,True
0,0,0.000441001558632,True
1,1,0.622017659908,True
1,1,0.845786070388,True
0,0,0.00120291035843,True
0,0,0.00162113521679,True
0,0,0.00202622491999,True
0,0,0.000834617573282,True
0,0,0.00102165219921,True
0,0,0.00126652841555,True
0,0,0.00383978688564,True
0,0,0.00267735364987,True
0,0,0.000963619944995,True
0,0,0.00113896800705,True
1,1,0.82170379211,True
0,0,0.0263405536687,True
0,0,0.0010101039738,True
0,0,0.00394737478736,True
0,0,0.000996567849504,True
0,0,0.0159540507646,True
0,0,0.000644394413219,True
0,0,0.0205600141327,True
0,0,0.000488752281492,True
0,0,0.00325537001278,True
0,0,0.000705438911983,True
0,0,0.00130727357504,True
0,0,0.00135410816445,True
0,0,0.000754569893187,True
0,0,0.00683990544075,True
0,0,0.000354200825393,True
0,0,0.000395775562173,True
0,0,0.00154557916049,True
0,0,0.00288770292356,True
0,0,0.00055909748544,True
0,0,0.00165649766608,True
0,0,0.000927740821623,True
0,0,0.000196208962652,True
0,0,0.00101565252554,True
0,0,0.00290676267904,True
0,0,0.000936216784572,True
0,0,0.000254912996015,True
1,1,0.994123305613,True
0,0,0.00279087800911,True
0,0,0.00190355330128,True
0,0,0.000793337104579,True
0,0,0.005075492933,True
0,0,0.000861135130492,True
0,0,0.000598822353585,True
0,0,0.00115180898144,True
0,0,0.000626041787565,True
0,0,0.00217222097186,True
0,0,0.000918237823248,True
0,0,0.000324465044858,True
0,0,0.00139615051623,True
1,0,0.383337800613,False
0,0,0.000228278863662,True
0,0,0.00126652606844,True
0,0,0.00136783307449,True
0,0,0.00064009885421,True
0,0,0.000582261048611,True
0,0,0.000744478107861,True
0,0,0.000797592971986,True
0,0,0.000638125243266,True
0,0,0.00228964141986,True
0,0,0.00181175983038,True
0,0,0.00100288773936,True
0,0,0.0295719523718,True
0,0,0.000661254543962,True
0,0,0.00265563637299,True
0,0,0.00752868803042,True
0,0,0.0307699174495,True
0,0,0.00109645921756,True
0,0,0.000713006556691,True
1,1,0.935999572766,True
0,0,0.000589313780433,True
0,0,0.00156168414898,True
0,0,0.00177887053907,True
1,1,0.944406031532,True
0,0,0.000670764852355,True
0,0,0.00241362570828,True
0,0,0.000995517035668,True
0,0,0.058429954207,True
0,0,0.000646492432287,True
0,0,0.000359723178622,True
0,0,0.00255389859391,True
0,0,0.00075376488297,True
0,0,0.000644452092754,True
0,0,0.0114595578948,True
0,0,0.0027146338847,True
0,0,0.0677749524449,True
0,0,0.000626506389318,True
0,0,0.00115779558357,True
0,0,0.00171566941075,True
0,0,0.00143602283144,True
0,0,0.0010981455443,True
0,0,0.000210979357659,True
0,0,0.000353922018332,True
0,0,0.000527241383034,True
0,0,0.000358567772057,True
0,0,0.000948821423607,True
1,1,0.841926025326,True
0,0,0.0133280443792,True
0,0,0.000339144426345,True
0,0,0.00200494865588,True
0,0,0.00172539016843,True
0,0,0.000794015740476,True
0,0,0.0668435537214,True
0,0,0.000962362744909,True
0,0,0.000955020935424,True
0,0,0.0419080479088,True
0,0,0.00101388740191,True
0,0,0.00349897415962,True
0,0,0.0521528794659,True
0,0,0.000975793411357,True
0,0,0.000630514247345,True
0,0,0.000478081529106,True
0,0,0.00081894588096,True
0,0,0.00127094055433,True
0,0,0.000893911800605,True
0,0,0.00205811806005,True
0,0,0.00102685767071,True
0,0,0.00118246880721,True
0,0,0.000515193226735,True
1,1,0.957838075217,True
0,0,0.000977366939395,True
0,0,0.000558855378011,True
0,0,0.00174222679157,True
0,0,0.00118149136916,True
0,0,0.00330665381747,True
0,0,0.000468523463929,True
0,0,0.000583205803242,True
0,0,0.00213799470553,True
0,0,0.00101921468298,True
0,0,0.00117695881572,True
0,0,0.00101663768543,True
0,0,0.00114501548141,True
0,0,0.0199899163239,True
0,0,0.000668371033096,True
0,0,0.000918776580217,True
0,0,0.00219257478608,True
0,0,0.00126144186703,True
0,0,0.000574813902844,True
0,0,0.000945480835979,True
0,0,0.0121805282465,True
0,0,0.00157372700238,True
0,0,0.000770138883386,True
0,0,0.000841554094755,True
0,0,0.000642800439823,True
0,0,0.185713741726,True
0,0,0.000639830626198,True
0,0,0.000502466350832,True
0,0,0.00721675844912,True
0,0,0.000456169406047,True
0,0,0.00226900017667,True
0,0,0.0013858319886,True
0,0,0.0381000357839,True
0,0,0.0019553054705,True
1,1,0.934611262058,True
0,0,0.00497612885165,True
0,0,0.0174610615881,True
0,0,0.000700817174015,True
0,0,0.00121052025476,True
0,0,0.00825246837533,True
0,0,0.000397843449574,True
0,0,0.000570955175558,True
0,0,0.000574986955103,True
