row_index,split,y_true,y_pred,residual
47745,train,74.83,62.78155074062109,12.048449259378906
57936,train,65.05,62.91366329428442,2.1363367057155784
82213,train,63.52,60.70108434886791,2.8189156511320945
85198,train,54.37,62.05644539775671,-7.686445397756714
61237,train,55.85,64.61812025909063,-8.76812025909063
43458,train,73.8,64.76072060496341,9.039279395036587
80595,train,81.28,63.414642139739236,17.865357860260765
52978,train,64.31,61.7443660984605,2.565633901539499
4727,train,64.64,63.38080302004847,1.2591969799515326
2129,train,53.89,60.77199623693918,-6.88199623693918
17337,train,57.81,63.07908108296431,-5.2690810829643056
58439,train,57.36,60.59341876709023,-3.233418767090228
93375,train,66.88,64.84899466693264,2.0310053330673554
35480,train,45.62,59.30817430762078,-13.688174307620784
31591,train,68.43,60.58377708357128,7.846222916428729
44701,train,94.44,68.29094690417453,26.149053095825465
34035,train,72.92,61.342050945477865,11.577949054522136
21047,train,69.07,65.7938201379658,3.2761798620341978
93628,train,59.67,59.93195487047612,-0.2619548704761172
14888,train,64.69,64.76265965883118,-0.07265965883118497
53422,train,65.89,64.2292453459519,1.6607546540481053
27022,train,35.88,57.93089814158141,-22.050898141581406
45582,train,80.34,65.90802120818353,14.431978791816476
17613,train,66.28,64.69761937037542,1.5823806296245806
80487,train,55.94,63.80096653470869,-7.8609665347086946
8035,train,73.98,61.857590217389806,12.122409782610198
60537,train,65.56,64.70040770099031,0.8595922990096909
27595,train,66.14,60.902931707572264,5.237068292427736
4151,train,57.2,65.14278483406434,-7.942784834064341
65905,train,97.98,65.97079526253121,32.00920473746879
35067,train,83.17,65.7928449487099,17.377155051290103
95115,train,68.63,62.578062350843226,6.05193764915677
980,train,72.28,64.65630544364757,7.623694556352433
75292,train,77.36,65.74295638648142,11.617043613518575
9981,train,77.24,64.23704761808064,13.002952381919357
91411,train,54.79,64.77250230074846,-9.982502300748457
41204,train,52.33,62.96869098161018,-10.638690981610182
46016,train,67.56,66.143262661438,1.416737338562001
78746,train,50.43,60.172740527077075,-9.742740527077075
69945,train,56.78,61.39356933544636,-4.613569335446357
49342,train,90.5,68.39176063276764,22.108239367232358
72858,train,69.62,64.2594223183572,5.360577681642809
31451,train,92.39,66.00890093768962,26.381099062310383
34606,train,51.39,59.07825802764652,-7.688258027646519
15152,train,64.68,64.70040770099031,-0.020407700990304534
34280,train,62.47,61.68875264154692,0.7812473584530792
49660,train,38.13,62.6777994814233,-24.547799481423297
51246,train,54.29,64.61812025909063,-10.328120259090632
10926,train,47.66,59.99382422258003,-12.333824222580034
70756,train,73.17,67.49726052523268,5.672739474767326
94379,train,61.93,65.18256234681421,-3.2525623468142086
66693,train,67.06,61.0793496835046,5.9806503164953995
14106,train,71.31,60.77199623693918,10.538003763060821
62749,train,44.64,58.40521754237951,-13.76521754237951
1574,train,55.23,63.992356105516755,-8.762356105516758
34605,train,78.49,66.83659357278154,11.653406427218457
83890,train,59.57,63.4668988399409,-3.896898839940903
78614,train,65.88,57.94631160725173,7.933688392748266
40199,train,67.47,60.129054189521845,7.3409458104781535
2502,train,78.42,65.25801341004264,13.161986589957365
79976,train,82.4,66.271576930009,16.128423069991
90530,train,43.52,61.791530834907014,-18.27153083490701
23145,train,54.52,57.365116988978826,-2.8451169889788233
9263,train,45.4,58.04388101891287,-12.643881018912872
8641,train,63.16,63.20729004226114,-0.04729004226114597
41654,train,63.31,63.98287337051926,-0.6728733705192553
19294,train,61.03,61.99728410887827,-0.9672841088782675
41272,train,59.5,60.26784772818332,-0.7678477281833196
97292,train,66.91,62.9865097396943,3.923490260305698
65880,train,49.4,62.910010655298514,-13.510010655298515
79958,train,72.63,66.72254251324995,5.907457486750047
5711,train,70.03,66.90089396570015,3.129106034299852
64679,train,49.86,60.91725358864879,-11.057253588648791
30417,train,63.94,62.93294781498595,1.0070521850140466
87118,train,56.59,63.81920663406207,-7.229206634062066
74439,train,52.93,63.8774700299553,-10.947470029955298
65732,train,50.34,62.20727823098251,-11.867278230982507
19436,train,58.51,62.796284091419544,-4.286284091419546
65335,train,47.65,61.87073279123473,-14.220732791234731
20282,train,94.88,66.51514383002866,28.364856169971333
8311,train,94.5,67.04783463038969,27.452165369610313
14607,train,81.4,67.0928485678213,14.3071514321787
11746,train,61.58,62.287489650171125,-0.7074896501711265
9660,train,76.62,62.13201835664021,14.487981643359795
89408,train,36.05,61.158321542738925,-25.108321542738928
58452,train,62.56,58.3641458070179,4.195854192982104
60273,train,68.11,60.97851603143051,7.131483968569491
46677,train,65.72,60.23659132443905,5.483408675560952
29869,train,75.06,64.4988918139005,10.561108186099503
41276,train,34.76,62.556082613427485,-27.796082613427487
67033,train,50.92,63.77311708427186,-12.853117084271858
62786,train,64.08,59.44636829271526,4.633631707284735
23861,train,55.11,61.03859465784239,-5.928594657842389
74688,train,74.18,62.14265760173647,12.03734239826354
33915,train,67.69,61.7104615812823,5.979538418717695
34170,train,49.22,64.11456916639644,-14.894569166396437
86688,train,76.61,68.26632551324923,8.343674486750771
12966,train,77.67,65.48748070343967,12.18251929656033
56275,train,51.95,63.65668850277666,-11.706688502776657
56405,train,77.27,67.20423006493462,10.065769935065376
98189,train,44.57,61.47728990227351,-16.90728990227351
88894,train,90.21,65.51736031268729,24.692639687312706
76914,train,52.8,58.45152638119242,-5.651526381192426
69228,train,63.32,59.49973492031107,3.82026507968893
97087,train,52.57,61.022986831785126,-8.452986831785125
41301,train,34.27,59.50978510100265,-25.239785101002646
49042,train,62.06,59.92938136631684,2.130618633683163
88173,train,90.17,67.96743819018012,22.202561809819883
95149,train,87.95,63.967991079661296,23.982008920338707
58170,train,60.4,61.556711102161664,-1.1567111021616654
92555,train,43.7,59.503298877802166,-15.803298877802163
5743,train,63.85,64.7760221368036,-0.9260221368036028
78271,train,55.27,60.17477563284784,-4.904775632847837
87401,train,43.11,56.2048189660252,-13.094818966025201
33515,train,57.25,61.24720913112469,-3.9972091311246913
39885,train,52.23,60.693533588100436,-8.46353358810044
22186,train,62.91,65.84398151725009,-2.933981517250089
95133,train,60.22,61.07660717013971,-0.8566071701397107
36905,train,38.56,56.09291660531486,-17.53291660531486
5982,train,84.88,67.80357215252363,17.076427847476367
80995,train,57.57,58.1095460665016,-0.5395460665016003
8710,train,59.7,60.74596718159104,-1.0459671815910383
50490,train,62.7,63.63387612719884,-0.9338761271988361
35986,train,62.89,64.14950913684324,-1.259509136843235
66459,train,68.57,59.76517493616931,8.804825063830684
86411,train,52.86,65.87457005467172,-13.014570054671722
70609,train,58.4,61.478619393780704,-3.0786193937807056
33803,train,67.84,58.499907773022514,9.34009222697749
17961,train,50.48,61.111542618110846,-10.63154261811085
43853,train,64.42,63.16552586662028,1.2544741333797234
60493,train,47.18,60.41479056350934,-13.234790563509343
35836,train,40.29,58.552437359082894,-18.262437359082895
58964,train,50.21,60.477836311706156,-10.267836311706155
67246,train,47.49,59.87898802355962,-12.38898802355962
4195,train,20.44,54.919022521894235,-34.47902252189424
19108,train,70.33,60.25232430790516,10.077675692094836
40203,train,38.02,58.290099245042605,-20.2700992450426
68526,train,76.04,62.64882174140474,13.391178258595268
89550,train,53.21,61.481233763776395,-8.271233763776394
57809,train,61.7,63.393710868740136,-1.6937108687401334
97247,train,68.34,66.12368587152112,2.216314128478885
39795,train,66.74,65.02126666593868,1.7187333340613122
92751,train,53.92,62.46260262198651,-8.54260262198651
12560,train,100.0,66.90532525814115,33.09467474185885
54207,train,74.88,67.48010299815,7.399897001849993
2362,train,50.78,61.717768629024164,-10.937768629024163
79514,train,34.07,58.774738071957366,-24.704738071957365
63120,train,61.66,63.99494275491024,-2.3349427549102444
33634,train,52.72,60.16843142681416,-7.44843142681416
76339,train,75.57,65.27474820393851,10.295251796061478
6399,train,45.47,60.23087971579257,-14.76087971579257
47099,train,36.57,58.293484281924535,-21.723484281924534
8936,train,78.39,58.13422952704364,20.255770472956364
42068,train,63.82,59.58041057079343,4.239589429206568
78071,train,68.29,63.96922357510086,4.320776424899144
86301,train,73.25,65.89589486324017,7.354105136759827
23515,train,64.28,62.6157000913062,1.664299908693799
67236,train,72.84,59.99041604562072,12.849583954379284
43849,train,52.85,60.1467696683848,-7.296769668384798
24929,train,63.82,62.499447680217855,1.320552319782145
97316,train,59.23,63.30361924788502,-4.07361924788502
73940,train,54.08,61.47414177329118,-7.394141773291182
61814,train,59.33,58.552437359082894,0.7775626409171039
85626,train,38.16,62.27817680990202,-24.118176809902025
6804,train,70.22,65.80334521085686,4.416654789143138
84348,train,70.0,65.15858053191889,4.841419468081114
8191,train,10.25,56.01412202105608,-45.76412202105608
52577,train,52.24,64.11728662988118,-11.877286629881176
87045,train,89.58,67.65142361523448,21.92857638476552
73205,train,34.74,55.730496792791484,-20.990496792791483
99476,train,83.92,65.78710927745735,18.132890722542655
26566,train,45.14,61.152445855799975,-16.012445855799974
25841,train,89.06,67.66462289895628,21.39537710104372
2797,train,59.68,58.97228144991358,0.7077185500864189
14952,train,82.43,66.42345683340072,16.006543166599286
8932,train,43.32,58.13422952704364,-14.814229527043636
13773,train,61.81,60.42943487580744,1.3805651241925645
92130,train,38.95,60.02110704386341,-21.071107043863407
69508,train,55.71,64.26373453655752,-8.55373453655752
92271,train,80.28,64.70040770099031,15.57959229900969
54396,train,49.88,58.034006273410846,-8.154006273410843
4975,train,61.43,62.27208912040795,-0.8420891204079481
81967,train,81.28,62.886887012521285,18.393112987478716
12396,train,60.91,57.3739170910694,3.536082908930595
78803,train,69.41,62.68901856024172,6.720981439758276
96555,train,45.39,60.63406808999042,-15.24406808999042
21793,train,75.8,66.20350897342881,9.596491026571186
6232,train,57.6,64.76558113520895,-7.165581135208946
32426,train,71.48,67.74331639493491,3.736683605065096
22541,train,55.8,61.383329481107246,-5.583329481107249
22155,train,78.39,62.22282660616612,16.167173393833878
7841,train,79.3,66.46156672213874,12.838433277861256
64639,train,86.62,59.07825802764652,27.541741972353485
27805,train,91.9,67.40141890488975,24.498581095110254
53393,train,74.11,65.93165116568443,8.178348834315571
37209,train,45.34,60.558627803052794,-15.21862780305279
5540,train,95.39,68.98191217831119,26.40808782168881
71488,train,70.71,63.564366308901775,7.145633691098219
26237,train,75.07,65.54962843616957,9.520371563830423
82605,train,65.91,66.10573899867667,-0.19573899867667421
41928,train,61.01,61.72691020566097,-0.7169102056609731
58380,train,49.56,60.41479056350934,-10.85479056350934
37911,train,49.71,56.56244282017215,-6.852442820172151
58998,train,67.3,62.867366052128865,4.432633947871132
47694,train,79.78,65.05928585356772,14.720714146432286
27869,train,32.14,58.39469170604063,-26.25469170604063
95331,train,68.4,64.14889086225264,4.251109137747363
61977,train,52.99,65.167405176563,-12.177405176562992
24934,train,62.94,60.07897018226303,2.86102981773697
40420,train,63.23,62.27465681366655,0.9553431863334438
81822,train,76.51,66.14271950660336,10.367280493396649
77402,train,63.07,65.51665445721834,-2.4466544572183366
39982,train,29.73,55.688573578826755,-25.958573578826755
8777,train,94.01,68.98191217831119,25.028087821688814
26565,train,46.43,59.6177792429301,-13.187779242930098
37587,train,58.98,61.477375467584004,-2.497375467584007
36909,train,73.24,65.04794741417908,8.192052585820917
41471,train,66.55,66.59348549260305,-0.0434854926030539
20499,train,66.21,65.48817736425443,0.7218226357455677
22096,train,86.38,66.73796288441754,19.642037115582454
47889,train,70.47,65.44610253820262,5.023897461797375
28286,train,58.32,61.85369047273724,-3.5336904727372414
55033,train,66.42,63.01854383602285,3.4014561639771514
69436,train,65.94,61.720295494988726,4.219704505011272
14805,train,75.53,68.20240030319968,7.32759969680032
77635,train,70.34,63.581260373526156,6.758739626473847
51725,train,58.3,63.50465214758602,-5.204652147586025
60288,train,31.28,57.45066320543775,-26.170663205437748
20949,train,72.29,66.36373925052408,5.926260749475929
99462,train,62.51,59.82287368236516,2.687126317634835
92370,train,42.62,59.07825802764652,-16.458258027646522
78449,train,41.91,59.30817430762078,-17.398174307620785
8588,train,48.38,63.26445417017494,-14.88445417017494
53042,train,33.95,58.3569038721912,-24.406903872191194
13694,train,77.02,64.02961637327392,12.990383626726071
81511,train,71.79,64.59409889092674,7.195901109073262
72845,train,84.65,65.12938892823769,19.520611071762318
58244,train,42.84,60.72779704759066,-17.88779704759066
20086,train,55.93,61.68593244857305,-5.7559324485730485
19370,train,47.52,60.93693366879927,-13.416933668799267
41761,train,70.78,62.562168257240735,8.217831742759266
20555,train,55.33,61.68593244857305,-6.35593244857305
36565,train,75.96,65.95474979036145,10.005250209638547
49024,train,50.99,57.3739170910694,-6.383917091069399
76178,train,31.77,56.2048189660252,-24.4348189660252
92670,train,44.46,65.69583073409775,-21.235830734097753
8452,train,69.95,65.78710927745735,4.162890722542656
40999,train,25.39,60.31318126850267,-34.92318126850267
49765,train,47.98,55.23610700488028,-7.256107004880285
14406,train,67.34,67.49726052523268,-0.15726052523267242
36585,train,49.83,58.371298543510996,-8.541298543510997
29952,train,50.27,61.79947543929,-11.529475439289996
4050,train,62.64,61.18258850187865,1.4574114981213526
71222,train,54.97,62.588271549188235,-7.618271549188236
46462,train,71.69,63.53023025160064,8.159769748399356
78203,train,37.79,60.34319705916497,-22.553197059164972
14529,train,67.63,60.78576054356858,6.844239456431417
32901,train,57.1,60.46876226406999,-3.3687622640699857
77431,train,70.81,61.1281048473767,9.681895152623305
39456,train,84.24,66.08246944258777,18.15753055741223
56337,train,76.25,65.09410932504747,11.15589067495253
50206,train,33.81,56.67452529339437,-22.864525293394365
78557,train,62.0,68.02256472810711,-6.022564728107113
61121,train,51.14,55.444506530050965,-4.304506530050965
72120,train,49.3,58.87565838062094,-9.575658380620943
14254,train,62.22,64.46083632080246,-2.240836320802458
12908,train,94.27,67.7560029355518,26.51399706444819
19402,train,76.82,67.23258821241667,9.58741178758332
45067,train,69.17,66.00890093768962,3.1610990623103845
52991,train,76.93,65.84093089398921,11.089069106010797
59964,train,71.03,63.777721041806814,7.2522789581931875
90376,train,42.04,66.2457381835429,-24.2057381835429
21795,train,18.68,59.69684485200445,-41.01684485200445
39251,train,38.38,55.688573578826755,-17.308573578826753
35736,train,70.84,64.69761937037542,6.142380629624583
24462,train,61.72,64.44352749848282,-2.7235274984828237
90214,train,56.45,60.87367890838784,-4.423678908387835
14827,train,75.3,65.44610253820262,9.853897461797374
19447,train,51.95,59.69537341003061,-7.745373410030609
6664,train,73.09,65.18256234681421,7.907437653185795
31183,train,68.15,62.64882174140474,5.501178258595267
53569,train,65.29,62.71466855929291,2.575331440707096
60899,train,76.97,64.15028130075206,12.819718699247943
49301,train,43.4,59.47994804825693,-16.07994804825693
20262,train,37.43,57.87550724252412,-20.445507242524123
87484,train,67.21,57.79246158351555,9.41753841648444
78084,train,65.38,61.140840608243614,4.239159391756381
70996,train,41.57,62.91349078563678,-21.34349078563678
10618,train,95.33,67.32540460487174,28.004595395128263
86761,train,76.65,63.371368478529256,13.27863152147075
6832,train,67.47,66.26925584137827,1.2007441586217311
49983,train,57.84,61.57119531778062,-3.7311953177806174
44969,train,81.4,67.29835692408476,14.101643075915248
95008,train,71.25,65.10276250702212,6.1472374929778795
11371,train,79.59,66.30047223040373,13.289527769596276
99836,train,73.37,65.88987996546425,7.480120034535759
33879,train,66.71,60.31582682756765,6.394173172432346
52852,train,80.66,65.78710927745735,14.87289072254265
29775,train,75.32,63.5783722505753,11.741627749424694
876,train,38.04,55.86305102249712,-17.82305102249712
64797,train,48.13,60.98994776635018,-12.859947766350174
29268,train,54.32,62.08263219770916,-7.762632197709159
75270,train,73.23,63.43980840481028,9.790191595189725
5904,train,30.67,57.7176249268899,-27.047624926889895
43545,train,51.25,65.12664377013108,-13.876643770131082
74768,train,92.2,67.71560281643171,24.48439718356829
40040,train,66.18,61.73802367868001,4.4419763213199985
20034,train,72.77,64.24055804757207,8.52944195242793
44034,train,78.68,60.77908517348729,17.900914826512718
16638,train,90.97,67.12466375634727,23.845336243652724
21287,train,95.02,65.52038554110271,29.499614458897284
1414,train,64.55,63.72553651828278,0.824463481717217
2327,train,78.08,63.67004037129411,14.409959628705892
27733,train,55.64,59.72904898192386,-4.08904898192386
86739,train,33.78,58.72886441763243,-24.94886441763243
87,train,36.23,63.72553651828278,-27.495536518282783
48832,train,57.39,61.16905675116388,-3.7790567511638784
35724,train,27.27,53.469116645705924,-26.199116645705924
23355,train,81.15,65.84372081526492,15.30627918473509
17195,train,70.82,60.823016524162504,9.996983475837489
804,train,78.19,65.52038554110271,12.669614458897286
19425,train,42.62,64.69761937037542,-22.077619370375423
53067,train,93.39,66.20350897342881,27.18649102657119
65090,train,42.92,60.15711180307806,-17.237111803078058
572,train,67.18,62.67420835529388,4.505791644706129
69019,train,56.19,59.77560124771204,-3.5856012477120416
94392,train,64.43,61.95173877895497,2.478261221045038
2937,train,72.0,65.71671148666084,6.2832885133391585
8866,train,69.19,65.07824015339172,4.11175984660828
55138,train,46.76,58.6039358544128,-11.843935854412805
16420,train,64.74,64.3507872909437,0.3892127090562951
60767,train,53.05,60.09362770022604,-7.04362770022604
11922,train,63.12,61.73776407111415,1.382235928885848
28921,train,55.33,57.53313912837448,-2.203139128374481
94921,train,51.33,58.14083502377001,-6.810835023770011
46948,train,75.3,68.29094690417453,7.009053095825465
44952,train,100.0,68.24420648507856,31.755793514921436
8764,train,35.83,53.46277494279616,-17.63277494279616
45556,train,52.01,58.928518190562166,-6.9185181905621675
38603,train,88.78,66.33749435070351,22.442505649296493
41234,train,44.01,61.7443660984605,-17.734366098460505
7836,train,47.25,57.65990735380992,-10.40990735380992
15835,train,35.11,58.774738071957366,-23.664738071957366
28186,train,84.64,68.16712609441753,16.472873905582475
3896,train,39.56,59.88880632905886,-20.328806329058857
42560,train,68.09,65.51665445721834,2.5733455427816665
66293,train,87.73,63.819629187240295,23.91037081275971
91157,train,80.08,66.39161202648971,13.688387973510288
21550,train,78.9,65.34762716851633,13.55237283148368
93039,train,13.93,59.262905716362006,-45.332905716362006
9998,train,43.06,59.69101398651048,-16.631013986510474
85995,train,74.04,64.54551435839518,9.494485641604825
32770,train,42.22,58.04388101891287,-15.823881018912871
99390,train,60.74,59.02214368645206,1.7178563135479408
61296,train,32.52,53.46277494279616,-20.942774942796156
27886,train,47.5,60.390069793003136,-12.890069793003136
35089,train,39.23,57.3739170910694,-18.143917091069405
48078,train,50.85,62.64123979802051,-11.791239798020506
21184,train,66.76,63.01854383602285,3.741456163977155
24263,train,39.9,57.79246158351555,-17.892461583515555
12528,train,47.24,56.180135505483165,-8.940135505483163
94777,train,73.64,64.21383754039013,9.42616245960987
90537,train,72.74,68.81454980458759,3.9254501954124095
38128,train,60.33,56.98065065221141,3.349349347788589
2783,train,63.26,63.53260885484097,-0.27260885484097486
21890,train,52.94,61.67339806512078,-8.733398065120781
83142,train,87.82,67.85520235438351,19.964797645616486
31948,train,43.93,62.552796253568125,-18.622796253568126
36588,train,47.61,58.13422952704364,-10.524229527043637
15249,train,82.27,61.749621231248476,20.52037876875152
84879,train,55.47,63.66883491634786,-8.198834916347863
29573,train,77.47,67.72112080383252,9.74887919616748
56145,train,70.44,67.5563150313144,2.8836849686856
30959,train,55.47,57.65990735380992,-2.1899073538099216
50923,train,55.83,61.794136640034644,-5.964136640034646
88790,train,88.42,68.98191217831119,19.43808782168881
63792,train,65.02,64.16405896317627,0.8559410368237224
11060,train,78.57,66.93271186185048,11.637288138149515
38722,train,44.51,61.132178153150214,-16.622178153150216
2339,train,64.74,60.85715130889274,3.882848691107256
49825,train,77.39,64.02251588885835,13.36748411114165
76558,train,61.67,62.8606223599308,-1.1906223599307992
36293,train,76.6,66.22002379099611,10.379976209003885
70006,train,82.36,69.10861052679918,13.251389473200817
11643,train,63.26,64.75135951530969,-1.4913595153096892
14682,train,64.61,61.7006690891468,2.9093309108531997
15865,train,66.1,60.70108434886791,5.398915651132086
56839,train,59.86,61.88279498436286,-2.0227949843628608
91127,train,38.97,54.93947134072656,-15.969471340726564
10571,train,82.2,64.21383754039013,17.986162459609872
82405,train,84.49,62.750841442806404,21.73915855719359
15808,train,61.94,64.61812025909063,-2.6781202590906332
56036,train,55.5,62.73951284460672,-7.239512844606722
73796,train,79.09,66.82429183747148,12.265708162528526
44068,train,76.36,67.29299888051075,9.067001119489248
18475,train,67.64,59.863283211293734,7.776716788706267
29507,train,59.48,60.43066572505592,-0.9506657250559201
69801,train,58.71,61.943200532794904,-3.2332005327949034
66149,train,57.74,62.23822947646527,-4.498229476465269
30963,train,40.26,56.00302493758089,-15.743024937580891
9853,train,38.54,56.55407763874581,-18.01407763874581
80166,train,56.51,62.35226055097476,-5.842260550974764
43444,train,68.17,63.58065095301685,4.589349046983152
80034,train,64.05,67.72612157206632,-3.6761215720663216
1230,train,76.12,67.44905173962688,8.670948260373123
41455,train,70.11,64.21383754039013,5.896162459609869
77729,train,41.32,58.13422952704364,-16.814229527043636
36034,train,60.91,58.3641458070179,2.545854192982098
13464,train,61.54,60.1325223167896,1.4074776832104021
75165,train,77.92,66.30567645455318,11.614323545446823
21177,train,53.72,57.243092756272084,-3.523092756272085
96009,train,78.51,66.5681839928476,11.941816007152411
72811,train,88.77,68.5137039957683,20.2562960042317
89012,train,69.05,68.17544708477398,0.874552915226019
49512,train,67.53,61.99869405939056,5.5313059406094425
51784,train,71.09,66.31192899780783,4.778071002192178
21853,train,85.82,66.51442912595745,19.305570874042544
69102,train,47.56,62.10718640806493,-14.547186408064931
10530,train,73.43,64.71724412348901,8.712755876510997
43112,train,60.19,57.7176249268899,2.4723750731101006
64883,train,67.1,61.32757686515277,5.772423134847223
14377,train,65.24,63.96922357510086,1.2707764248991325
10218,train,91.83,67.65767389992952,24.172326100070478
5222,train,57.19,60.544086137462024,-3.3540861374620263
47282,train,75.83,65.04794741417908,10.78205258582092
38753,train,78.04,66.13815763625482,11.901842363745189
8950,train,57.06,67.79857138428983,-10.738571384289827
14107,train,55.25,60.823016524162504,-5.5730165241625045
25636,train,67.71,62.14265760173647,5.567342398263527
7336,train,53.32,58.45152638119242,-5.1315263811924225
13924,train,60.41,65.85197395137509,-5.44197395137509
88384,train,100.0,68.37391547203265,31.62608452796735
56512,train,89.31,67.29835692408476,22.011643075915245
75266,train,91.57,68.44688717069464,23.123112829305356
89644,train,51.76,57.79212492310866,-6.032124923108661
15194,train,55.21,58.13422952704364,-2.924229527043636
44110,train,71.98,65.81583535105922,6.164164648940783
27363,train,35.75,57.65990735380992,-21.90990735380992
49771,train,46.92,60.933926749540596,-14.013926749540595
22644,train,69.05,65.76798150586544,3.2820184941345616
13093,train,55.93,57.3739170910694,-1.4439170910694017
40246,train,68.85,61.51743205131224,7.332567948687753
27602,train,90.86,67.83622477105935,23.02377522894065
99089,train,77.85,67.3026037990977,10.547396200902298
27403,train,55.27,64.3934076956319,-9.12340769563189
98804,train,58.92,65.74587792220137,-6.8258779222013715
37378,train,100.0,66.16276961568478,33.83723038431522
18652,train,46.68,62.13012905670425,-15.450129056704249
20197,train,70.27,66.1320088638097,4.137991136190294
40980,train,60.03,64.50159700788747,-4.471597007887468
72559,train,62.16,58.136588403459406,4.0234115965405906
43942,train,46.64,62.02119479398547,-15.381194793985472
2999,train,64.63,62.425316764974745,2.20468323502525
99059,train,59.02,62.30787384490885,-3.2878738449088445
74257,train,74.47,65.11099996592978,9.35900003407022
47555,train,57.07,61.822482080389776,-4.752482080389775
31418,train,48.75,59.26472871499521,-10.514728714995208
22935,train,53.78,59.07825802764652,-5.2982580276465185
99925,train,63.85,65.85361889500047,-2.0036188950004643
77651,train,48.93,57.80819270389329,-8.87819270389329
65351,train,59.16,64.70040770099031,-5.540407700990315
6667,train,55.37,60.443402153112885,-5.0734021531128874
7545,train,86.73,67.83622477105935,18.893775228940655
85905,train,80.24,65.62215799400751,14.617842005992486
96062,train,73.56,65.48625207248263,8.073747927517374
63099,train,51.91,58.889480108072874,-6.979480108072877
47720,train,38.51,63.354334892243486,-24.844334892243488
4162,train,59.37,63.16984213967465,-3.7998421396746522
10592,train,74.57,65.59020297179607,8.979797028203919
80441,train,52.8,63.81586497701447,-11.015864977014473
12085,train,76.78,60.98078046442595,15.799219535574053
58746,train,59.56,60.50128332537438,-0.9412833253743784
83937,train,50.41,60.9762379418854,-10.566237941885404
9293,train,43.0,57.54769259426306,-14.547692594263061
46122,train,37.28,55.92763194517705,-18.647631945177046
58174,train,48.65,63.15444767308893,-14.504447673088933
90495,train,78.54,66.29459816953394,12.245401830466065
56443,train,63.01,62.229272402654736,0.7807275973452619
19356,train,81.55,65.9759002877144,15.574099712285602
59276,train,74.98,65.19191865740827,9.788081342591738
20291,train,60.85,60.046575484010894,0.8034245159891071
15844,train,56.65,60.53463323847068,-3.884633238470684
58134,train,70.78,58.57913605423905,12.20086394576095
32612,train,53.82,60.74791136540289,-6.927911365402892
62800,train,80.92,66.30749479296955,14.612505207030452
2439,train,70.16,66.42036375902251,3.7396362409774895
80750,train,42.88,63.974688481032636,-21.094688481032634
474,train,63.45,64.3742858555349,-0.9242858555348903
16866,train,32.36,55.444506530050965,-23.084506530050966
97890,train,67.34,62.25290524359307,5.087094756406934
8180,train,44.79,60.34869435092879,-15.55869435092879
14149,train,60.21,62.486072425735884,-2.276072425735883
33802,train,78.28,65.1049177458586,13.175082254141401
60476,train,41.28,58.692998632460395,-17.412998632460393
11141,train,58.89,67.79857138428983,-8.908571384289829
94931,train,67.8,61.31745313196369,6.482546868036309
43891,train,87.02,67.8374015808438,19.182598419156193
4699,train,66.74,66.79060827764553,-0.050608277645537214
61933,train,63.07,62.09008539241,0.9799146075899969
26869,train,78.84,63.69160362598554,15.14839637401446
25668,train,70.65,63.708440158778345,6.941559841221661
22929,train,70.64,63.972347218666854,6.667652781333146
98788,train,65.78,59.91379523280652,5.86620476719348
99505,train,54.76,60.34869435092879,-5.58869435092879
93380,train,89.03,66.60861401183364,22.421385988166364
86708,train,50.53,60.56141972074486,-10.031419720744857
68717,train,78.51,67.31008767201426,11.199912327985743
39520,train,61.94,63.76535356872934,-1.8253535687293407
31220,train,59.29,58.595144397967516,0.694855602032483
64774,train,53.43,59.504956311679265,-6.074956311679266
42561,train,35.71,54.15692203101525,-18.446922031015248
90729,train,47.8,62.49812065159144,-14.698120651591445
80573,train,39.08,58.6039358544128,-19.523935854412805
39813,train,50.18,59.536883419624644,-9.356883419624644
32674,train,48.88,63.29154460530557,-14.411544605305565
22933,train,49.02,60.36729945233274,-11.347299452332734
64246,train,65.49,62.97926284724202,2.510737152757976
41487,train,68.86,64.70215313140919,4.157846868590809
14964,train,58.64,58.3641458070179,0.2758541929821021
42158,train,52.41,58.82269263396739,-6.412692633967396
36506,train,70.44,60.9762379418854,9.463762058114597
43821,train,65.28,64.90687519895617,0.3731248010438293
28005,train,33.55,63.75441646588857,-30.20441646588857
96192,train,89.74,65.34891222543914,24.39108777456086
1413,train,53.4,59.29011957405865,-5.890119574058652
81992,train,70.98,67.19678505658689,3.783214943413114
23809,train,55.16,58.53884994426118,-3.3788499442611837
69682,train,59.37,60.34869435092879,-0.9786943509287909
35822,train,84.78,68.98191217831119,15.79808782168881
84333,train,36.93,58.33741984348127,-21.40741984348127
98434,train,56.92,57.148847466628084,-0.22884746662808197
57234,train,73.96,68.94438959792208,5.015610402077911
94471,train,53.61,62.029274948862664,-8.419274948862665
99184,train,79.72,61.848752299756114,17.871247700243885
52293,train,83.84,67.04783463038969,16.792165369610316
1137,train,83.05,67.65767389992952,15.392326100070477
12524,train,59.05,63.988704728540945,-4.938704728540948
73550,train,69.33,66.88588916472627,2.444110835273733
8546,train,74.63,63.25405105801304,11.375948941986955
54356,train,59.12,58.407008369719875,0.712991630280122
87741,train,44.84,63.051832062959974,-18.21183206295997
11855,train,40.58,60.70572396142707,-20.12572396142707
71390,train,53.95,60.18338276820857,-6.233382768208564
47439,train,70.32,60.05386687265488,10.266133127345114
64012,train,90.26,68.29646489157534,21.963535108424665
60691,train,81.48,64.95976983881604,16.52023016118396
63235,train,48.86,57.65990735380992,-8.799907353809921
27244,train,78.52,62.909184412838776,15.61081558716122
73337,train,45.25,58.86906528637082,-13.61906528637082
8518,train,71.91,64.71724412348901,7.1927558765109865
63390,train,71.05,64.71525037148564,6.334749628514359
34351,train,73.59,65.11099996592978,8.479000034070225
55699,train,39.76,56.422617682007534,-16.662617682007536
67251,train,64.38,56.9877639361923,7.392236063807694
51386,train,90.38,64.27787717727821,26.102122822721782
67924,train,36.46,56.84843308291267,-20.38843308291267
88467,train,47.44,59.76517493616931,-12.325174936169311
34860,train,97.94,68.98191217831119,28.958087821688807
60701,train,100.0,68.89336557733634,31.10663442266366
54690,train,57.04,59.29250767104834,-2.252507671048342
11405,train,38.1,62.94593509669996,-24.84593509669996
52506,train,32.88,60.17477563284784,-27.294775632847838
53831,train,69.48,65.15058283883546,4.3294171611645424
72443,train,87.32,65.6370319556374,21.682968044362596
8169,train,61.99,58.87710470311683,3.112895296883174
42776,train,54.34,60.16747976701877,-5.827479767018765
1165,train,67.48,61.56891380767839,5.911086192321612
65307,train,80.65,64.33351112393908,16.31648887606093
16130,train,56.74,62.79571230369287,-6.0557123036928715
63022,train,79.06,67.33150879151277,11.728491208487227
49187,train,71.87,64.59594878471158,7.274051215288424
29468,train,65.1,64.65630544364757,0.44369455635242616
77457,train,80.86,66.26780936634742,14.592190633652578
502,train,49.42,61.96730336710113,-12.54730336710113
24460,train,63.27,60.48867716109806,2.781322838901943
57675,train,61.11,60.25452638434532,0.8554736156546809
36904,train,88.12,66.18950420626143,21.930495793738572
33636,train,59.81,58.68878956305268,1.1212104369473224
68521,train,61.98,60.98001557557224,0.9999844244277583
77381,train,70.31,65.6370319556374,4.672968044362605
28472,train,68.17,66.99701225476909,1.1729877452309125
93268,train,58.07,62.60459609902298,-4.534596099022977
16958,train,57.77,58.91986881760037,-1.149868817600364
43537,train,78.07,61.99837743974693,16.07162256025306
62660,train,67.03,59.43970839000484,7.5902916099951625
58903,train,51.02,57.464914977584655,-6.444914977584652
96634,train,50.36,55.86305102249712,-5.503051022497118
13799,train,61.41,61.72987007392386,-0.319870073923866
68127,train,49.09,60.477836311706156,-11.387836311706153
90898,train,82.19,65.42964516644746,16.76035483355254
18620,train,72.7,64.13612878322225,8.563871216777756
61769,train,60.34,59.07825802764652,1.2617419723534837
51276,train,77.49,60.63585836690542,16.854141633094578
91286,train,47.04,63.19327865981803,-16.153278659818028
40283,train,60.84,64.63927185736179,-3.799271857361788
74497,train,63.48,60.63406808999042,2.8459319100095755
29284,train,93.72,65.71671148666084,28.003288513339157
55056,train,51.07,59.77560124771204,-8.705601247712039
86637,train,87.29,69.5197336856649,17.770266314335103
29391,train,55.48,57.931391620428855,-2.4513916204288577
70551,train,59.97,61.19988365951048,-1.2298836595104845
61548,train,52.52,60.11259224807995,-7.592592248079946
92895,train,61.56,59.50748423189038,2.0525157681096218
87071,train,75.0,64.54811032767364,10.45188967232636
85688,train,64.49,64.61812025909063,-0.12812025909063607
63617,train,67.64,66.00890093768962,1.6310990623103834
55012,train,58.53,61.80321287022825,-3.2732128702282495
13130,train,81.32,66.51874792719633,14.801252072803663
79020,train,66.11,58.289256398303976,7.820743601696023
41622,train,71.58,63.59902814280521,7.980971857194788
65695,train,53.74,57.901728179043474,-4.161728179043472
86712,train,57.62,63.01637055753489,-5.396370557534894
86171,train,80.69,63.72553651828278,16.964463481717218
10849,train,62.36,65.16637509625197,-2.806375096251969
95340,train,74.53,64.30608883011018,10.223911169889817
92704,train,31.97,57.3739170910694,-25.403917091069403
15287,train,43.62,61.11950088834758,-17.499500888347583
19548,train,81.09,66.59348549260305,14.496514507396952
70346,train,84.65,65.6596297513289,18.990370248671113
73834,train,58.91,61.44309780846754,-2.533097808467545
96494,train,61.37,61.24000164248985,0.12999835751014643
50247,train,61.46,61.092756484520955,0.3672435154790463
61569,train,86.07,68.40656809056837,17.663431909431623
68262,train,84.79,68.32302225782732,16.466977742172688
87135,train,60.07,63.72553651828278,-3.65553651828278
78445,train,59.75,61.27816037660745,-1.5281603766074525
32852,train,78.72,67.7741308248696,10.945869175130397
92208,train,58.11,62.58504858779559,-4.475048587795591
5603,train,44.34,61.67441222874881,-17.334412228748803
41578,train,66.58,64.71724412348901,1.8627558765109882
30334,train,35.74,58.692998632460395,-22.952998632460393
21517,train,64.62,66.96726997717317,-2.3472699771731698
38643,train,78.39,64.3507872909437,14.0392127090563
21592,train,64.03,65.36280756582904,-1.332807565829043
35887,train,73.48,66.10929161084435,7.370708389155652
1550,train,63.06,63.405296718381514,-0.3452967183815119
44017,train,69.9,67.99976372069392,1.9002362793060854
17247,train,71.04,68.26018615229945,2.7798138477005523
78043,train,99.63,68.22439825904404,31.40560174095596
13121,train,72.23,65.9759002877144,6.254099712285608
93322,train,58.79,61.594362243554954,-2.804362243554955
63342,train,14.96,55.730496792791484,-40.770496792791484
86547,train,72.91,59.605039180514616,13.30496081948538
65935,train,55.37,61.244329842150094,-5.874329842150097
56631,train,53.8,60.57121666273431,-6.771216662734311
19864,train,71.65,61.66864257106901,9.981357428930998
11446,train,80.85,65.16183279860462,15.688167201395373
29847,train,73.01,60.63316111996621,12.376838880033795
29719,train,73.77,63.97243144055897,9.797568559441025
47564,train,67.86,66.143262661438,1.7167373385619982
41511,train,78.58,60.823016524162504,17.756983475837494
42505,train,83.14,65.27188785911683,17.86811214088317
65890,train,54.61,58.86906528637082,-4.25906528637082
56579,train,61.74,64.53869565604626,-2.798695656046256
27411,train,74.3,67.98063747390192,6.319362526098075
75076,train,79.93,66.00890093768962,13.92109906231039
40889,train,60.2,62.33739618890058,-2.137396188900574
27537,train,61.29,60.175767201108776,1.1142327988912228
40045,train,60.69,67.3499082780984,-6.659908278098399
21934,train,69.73,65.31840223441807,4.411597765581931
96015,train,26.21,54.919022521894235,-28.709022521894234
99906,train,65.44,63.229057016699464,2.2109429833005336
60855,train,55.39,60.26847702678184,-4.878477026781837
14430,train,9.92,53.469116645705924,-43.54911664570592
99816,train,21.23,55.688573578826755,-34.45857357882676
58572,train,99.54,67.96743819018012,31.572561809819888
35358,train,54.77,61.42256336576003,-6.652563365760024
22764,train,88.63,66.87050178666139,21.759498213338603
69641,train,64.82,66.17977370946744,-1.3597737094674471
64798,train,73.76,62.25472286348112,11.505277136518885
83304,train,76.6,65.26175742430307,11.338242575696924
43733,train,52.53,59.71876657256025,-7.188766572560247
883,train,76.08,64.8573843557505,11.222615644249501
58698,train,69.55,63.393710868740136,6.156289131259861
1221,train,38.4,59.14910653481494,-20.749106534814942
16885,train,65.26,65.81583535105922,-0.5558353510592156
34276,train,52.57,61.9719459312679,-9.401945931267903
24013,train,67.82,63.94148942680078,3.8785105731992147
69219,train,63.67,65.04922051839033,-1.3792205183903263
94420,train,56.86,55.92567905407687,0.9343209459231261
20803,train,77.66,64.37744990141286,13.282550098587137
88702,train,59.67,62.083535832887335,-2.4135358328873338
18912,train,28.75,54.633032259153715,-25.883032259153715
11863,train,49.03,60.671763078298916,-11.641763078298915
84935,train,70.54,61.52338400201359,9.016615997986413
11854,train,55.74,59.854304563017585,-4.114304563017583
11147,train,89.97,67.53385309017251,22.436146909827485
68534,train,32.85,54.919022521894235,-22.069022521894233
44707,train,71.1,69.5197336856649,1.5802663143350912
12106,train,65.69,59.71041660411551,5.9795833958844895
79954,train,54.29,58.290099245042605,-4.000099245042605
61757,train,58.25,62.798009289353146,-4.548009289353146
27381,train,75.94,67.5917820066747,8.348217993325292
46938,train,41.51,55.730496792791484,-14.220496792791486
29056,train,60.86,64.49106279577676,-3.6310627957767565
18092,train,65.04,58.88810867138025,6.1518913286197545
52298,train,84.65,65.86975288865496,18.780247111345048
81435,train,27.66,55.23610700488028,-27.57610700488028
94028,train,53.51,59.36397944686002,-5.8539794468600235
27819,train,57.48,62.42384869837777,-4.943848698377771
65237,train,80.94,62.425316764974745,18.514683235025252
5464,train,71.7,67.96743819018012,3.7325618098198845
96505,train,48.13,63.81920663406207,-15.689206634062067
99863,train,52.15,58.04388101891287,-5.893881018912872
77744,train,32.07,58.62428579967418,-26.554285799674183
47493,train,56.81,60.70396311174248,-3.8939631117424796
91560,train,51.88,61.8931228636595,-10.013122863659497
68988,train,61.61,59.197065407434835,2.412934592565165
94953,train,58.53,59.07825802764652,-0.5482580276465185
127,train,57.31,63.396955199601805,-6.086955199601803
7863,train,53.76,61.612510476489106,-7.852510476489108
44299,train,70.04,64.23979827257577,5.800201727424238
41076,train,59.74,58.53884994426118,1.2011500557388217
69595,train,34.82,58.33800408418516,-23.518004084185158
5438,train,66.97,57.56705529866734,9.402944701332657
28740,train,59.04,61.88795011549889,-2.8479501154988895
43410,train,55.95,59.118675587585386,-3.1686755875853834
17494,train,43.61,59.09938182799215,-15.489381827992148
74758,train,58.15,66.31192899780783,-8.161928997807827
42665,train,78.32,63.274067638091964,15.04593236190803
51743,train,58.21,60.38046853173876,-2.1704685317387558
134,train,80.3,67.80357215252363,12.496427847476369
1572,train,63.26,67.32684835415407,-4.066848354154068
51680,train,36.11,57.092733125433625,-20.982733125433626
67403,train,49.41,58.6039358544128,-9.193935854412807
31920,train,85.3,61.03765620082892,24.262343799171077
64034,train,41.38,61.504934269914564,-20.12493426991456
79370,train,91.93,68.5137039957683,23.41629600423171
11712,train,48.2,60.84361951065311,-12.64361951065311
75860,train,53.52,61.359781338519035,-7.839781338519032
19664,train,50.27,63.350362694993215,-13.080362694993212
69036,train,72.68,67.79857138428983,4.881428615710178
65461,train,56.67,56.631811984779276,0.0381880152207259
8093,train,55.13,63.52611169976301,-8.396111699763004
72180,train,42.35,59.07825802764652,-16.72825802764652
9683,train,74.47,65.36805516301592,9.101944836984075
50804,train,51.64,55.392185503814595,-3.7521855038145944
47371,train,58.4,61.72691020566097,-3.3269102056609725
42619,train,46.33,61.48253059872003,-15.152530598720034
87584,train,83.39,66.72157216240137,16.668427837598628
34625,train,60.54,61.14765106174383,-0.6076510617438302
33249,train,56.4,59.30960766826948,-2.90960766826948
73015,train,77.58,66.90532525814115,10.674674741858851
63351,train,73.44,64.17829367362833,9.261706326371666
51075,train,96.65,66.61142654964263,30.038573450357376
92901,train,67.27,63.880509612567025,3.3894903874329714
23607,train,72.39,63.77262483158924,8.61737516841076
23338,train,55.05,61.36104834182538,-6.3110483418253835
75447,train,53.81,64.30644810550332,-10.496448105503319
17497,train,62.15,61.3071763640847,0.8428236359153018
67869,train,69.24,64.86631755723144,4.373682442768555
13858,train,72.9,64.13217826620333,8.76782173379668
75438,train,59.19,63.786376283370416,-4.596376283370418
29231,train,42.99,60.244591460010035,-17.254591460010033
1384,train,76.75,65.11236160656948,11.637638393430521
7538,train,25.24,56.905273911164485,-31.665273911164487
83943,train,79.57,63.96922357510086,15.60077642489913
85773,train,73.9,64.76558113520895,9.134418864791058
69373,train,32.98,59.29011957405865,-26.310119574058653
89573,train,42.36,57.04240424971874,-14.682404249718743
23209,train,54.6,65.04794741417908,-10.447947414179076
73430,train,44.71,57.79246158351555,-13.082461583515553
80647,train,67.87,61.80969961243497,6.060300387565036
42947,train,71.07,64.23678856674192,6.833211433258072
73842,train,46.48,59.404665850325905,-12.924665850325908
95413,train,68.88,62.93294781498595,5.947052185014044
618,train,78.57,63.456838850294005,15.113161149705988
24547,train,62.45,64.13612878322225,-1.6861287832222445
88345,train,31.34,58.3641458070179,-27.0241458070179
31098,train,51.24,58.6039358544128,-7.3639358544128015
93064,train,58.55,62.638728836617815,-4.088728836617818
21325,train,69.23,62.062875241829936,7.167124758170068
13935,train,95.35,66.80620139374278,28.543798606257212
54132,train,76.31,64.6443651589112,11.665634841088803
35913,train,59.35,65.50405691952557,-6.154056919525566
9548,train,96.44,68.39176063276764,28.048239367232355
93716,train,55.71,64.13067184804585,-8.42067184804585
10366,train,50.59,59.91379523280652,-9.323795232806518
90424,train,58.17,63.59902814280521,-5.429028142805208
70806,train,89.79,67.85520235438351,21.9347976456165
69168,train,61.17,58.290099245042605,2.879900754957397
14168,train,80.7,67.83622477105935,12.863775228940654
44720,train,56.99,57.65990735380992,-0.6699073538099185
37913,train,41.3,62.67403360401903,-21.374033604019033
98126,train,100.0,66.46711465294045,33.53288534705955
13914,train,68.56,63.08660990730128,5.473390092698722
82192,train,53.26,60.204357718394924,-6.944357718394926
64290,train,73.68,67.81830627828074,5.861693721719263
58508,train,64.59,63.930053932161556,0.6599460678384474
51648,train,68.65,65.88907878064364,2.760921219356362
77412,train,56.32,63.93696826609234,-7.616968266092343
76207,train,71.94,64.95616410319772,6.983835896802276
27543,train,65.41,62.22283402630828,3.1871659736917195
94614,train,65.8,61.19823230607995,4.601767693920046
22330,train,57.66,59.50819306900098,-1.8481930690009847
93051,train,78.27,66.72817354840254,11.541826451597458
91789,train,70.51,64.79415206343405,5.71584793656595
84034,train,52.56,60.57935550141071,-8.019355501410708
2086,train,55.89,61.473525191898055,-5.583525191898055
25011,train,59.02,59.295532227325644,-0.2755322273256411
39483,train,49.57,58.692998632460395,-9.122998632460394
75111,train,75.16,63.72553651828278,11.434463481717216
70628,train,76.54,67.06444154119897,9.475558458801032
29226,train,36.4,54.919022521894235,-18.519022521894236
56107,train,79.69,66.17743985616724,13.512560143832758
49808,train,62.02,62.663567549845816,-0.6435675498458124
45917,train,87.64,65.25801341004264,22.381986589957364
23195,train,20.99,53.75916301780832,-32.769163017808324
28817,train,58.23,64.75336416408385,-6.523364164083851
12298,train,83.49,67.12268056678538,16.367319433214618
55325,train,80.82,67.00439554605457,13.815604453945426
46895,train,63.38,59.294671831241466,4.0853281687585365
18412,train,49.6,63.122330814348764,-13.522330814348763
33562,train,72.08,64.10565294701755,7.974347052982452
10899,train,30.73,55.444506530050965,-24.714506530050965
10766,train,68.57,61.24122435620176,7.328775643798231
29188,train,55.53,61.447386727884926,-5.917386727884924
30965,train,77.72,67.1507774843235,10.5692225156765
80590,train,79.61,64.11663306573759,15.493366934262411
58487,train,59.9,60.80373364391595,-0.9037336439159489
97032,train,64.9,63.748311567100785,1.1516884328992205
62864,train,76.26,64.92205034227463,11.337949657725375
15571,train,75.72,62.42820730491974,13.291792695080261
58593,train,40.47,59.07825802764652,-18.60825802764652
32056,train,66.93,63.988704728540945,2.9412952714590617
95342,train,75.87,63.819629187240295,12.05037081275971
97649,train,48.75,61.35744575049856,-12.607445750498563
11895,train,65.55,63.772771867482376,1.777228132517621
74110,train,59.11,58.07811518584918,1.0318848141508212
23465,train,60.68,64.20363901611213,-3.523639016112135
11614,train,68.76,62.55844014252914,6.201559857470862
33456,train,48.23,60.97851603143051,-12.748516031430512
52987,train,60.31,56.67452529339437,3.6354747066056348
62839,train,54.71,62.467843006358834,-7.757843006358833
32665,train,52.77,60.596221763240486,-7.826221763240483
70851,train,64.32,60.57935550141071,3.7406444985892833
22819,train,56.35,60.85399441805235,-4.503994418052351
41473,train,77.52,67.82628496279303,9.693715037206971
38621,train,74.47,66.3171868058188,8.152813194181192
22950,train,64.52,62.031923996347174,2.4880760036528216
41586,train,70.63,66.55420978867777,4.075790211322229
76633,train,59.19,62.21139903026786,-3.0213990302678653
94404,train,79.35,65.44610253820262,13.90389746179737
4449,train,85.74,62.25290524359307,23.487094756406925
26664,train,42.57,59.87858060184405,-17.30858060184405
95027,train,66.07,62.714282097651335,3.3557179023486583
3231,train,91.3,66.27205225389613,25.027947746103862
9600,train,83.75,63.596601063319774,20.153398936680226
4911,train,50.0,60.40957161865553,-10.409571618655526
17840,train,26.48,54.084711460037646,-27.604711460037645
88636,train,51.42,65.23219415126054,-13.812194151260542
88897,train,60.05,64.52215385502852,-4.472153855028523
76823,train,67.74,64.59004703113125,3.149952968868746
51758,train,66.06,65.93180721966944,0.12819278033056491
26438,train,82.55,66.16585129772287,16.38414870227713
49447,train,27.0,55.444506530050965,-28.444506530050965
78318,train,38.7,58.33800408418516,-19.638004084185155
75307,train,37.78,57.65990735380992,-19.87990735380992
11725,train,89.13,63.988704728540945,25.14129527145905
63743,train,79.51,64.5562744838823,14.9537255161177
36733,train,50.67,61.56891380767839,-10.89891380767839
64476,train,64.11,62.1909830376616,1.9190169623383966
16231,train,59.18,63.786376283370416,-4.606376283370416
96460,train,50.54,63.998608196941476,-13.458608196941476
89577,train,61.02,64.69761937037542,-3.6776193703754174
85484,train,76.96,65.74009604165974,11.219903958340254
67812,train,54.31,56.900959442235916,-2.5909594422359135
60421,train,82.84,65.16637509625197,17.673624903748035
49872,train,62.42,62.798009289353146,-0.3780092893531446
86280,train,87.78,67.72612157206632,20.053878427933682
59647,train,62.7,60.23967738665961,2.460322613340395
26873,train,62.03,60.761579434163934,1.2684205658360668
41507,train,61.35,62.35208307185395,-1.0020830718539457
92731,train,62.59,61.116697749246875,1.4733022507531288
5937,train,69.24,59.02214368645206,10.217856313547934
78055,train,56.03,64.40920046188094,-8.379200461880941
97031,train,65.24,63.72553651828278,1.5144634817172147
70745,train,47.33,58.6039358544128,-11.273935854412805
67724,train,55.13,57.65990735380992,-2.529907353809918
54724,train,60.71,65.18256234681421,-4.4725623468142075
34284,train,18.92,53.46277494279616,-34.54277494279616
16367,train,71.94,66.26925584137827,5.67074415862173
65833,train,65.24,62.23307434532924,3.006925654670752
7129,train,59.66,64.26657725265126,-4.606577252651263
3253,train,60.23,61.57513974718303,-1.3451397471830333
2280,train,66.33,60.521186272723774,5.808813727276224
97433,train,64.68,59.77560124771204,4.9043987522879675
69600,train,53.84,56.84843308291267,-3.008433082912667
46420,train,64.59,63.38532556523787,1.2046744347621328
95184,train,86.83,66.0207450098695,20.809254990130498
6175,train,55.55,63.54620887956149,-7.996208879561493
44399,train,66.35,63.8137796022099,2.536220397790096
83539,train,82.0,65.87229174349002,16.127708256509976
98070,train,54.49,61.52338400201359,-7.033384002013591
50078,train,55.24,62.16284383991818,-6.92284383991818
19124,train,42.81,57.96494398506008,-15.15494398506008
11150,train,82.78,66.16276961568478,16.61723038431522
16301,train,61.87,65.22930767035835,-3.359307670358355
78721,train,89.02,65.22228394534913,23.797716054650863
18093,train,91.24,66.31192899780783,24.92807100219217
56285,train,34.36,55.730496792791484,-21.370496792791485
44892,train,53.01,60.48626955095923,-7.4762695509592305
54446,train,63.34,63.12434018595133,0.21565981404867074
32071,train,82.14,62.67247088286125,19.467529117138753
56237,train,57.09,59.91379523280652,-2.8237952328065177
71575,train,60.04,62.365102063552186,-2.325102063552187
62199,train,34.43,56.67452529339437,-22.244525293394368
62724,train,80.67,62.90288369385488,17.76711630614512
71265,train,70.96,62.26493638582912,8.695063614170877
32715,train,64.94,59.52021141254538,5.419788587454619
58355,train,80.37,66.31192899780783,14.058071002192179
74207,train,45.29,61.06503117811235,-15.77503117811235
24338,train,35.26,60.57935550141071,-25.319355501410712
3570,train,72.45,64.36112905196624,8.088870948033758
52539,train,77.27,62.99065701709519,14.279342982904808
79658,train,72.75,57.65990735380992,15.09009264619008
74411,train,59.37,64.4026969226752,-5.032696922675207
16431,train,41.22,55.730496792791484,-14.510496792791486
4545,train,71.02,62.14039975805104,8.879600241948957
43383,train,64.41,62.5575161767936,1.8524838232063985
66824,train,68.39,65.71119015937452,2.678809840625476
92698,train,86.61,67.74331639493491,18.86668360506509
34222,train,62.31,61.96314415658253,0.34685584341747244
25355,train,61.19,60.404751991512754,0.785248008487244
63587,train,33.15,57.53171960473325,-24.38171960473325
56520,train,82.66,62.601901959674784,20.058098040325213
68733,train,79.31,66.07572252301874,13.234277476981262
68252,train,65.91,61.72605837983402,4.1839416201659745
38223,train,67.43,62.60789795503016,4.822102044969846
30336,train,55.06,55.392185503814595,-0.33218550381459266
27876,train,57.88,62.76368901090904,-4.883689010909038
5448,train,88.81,68.98191217831119,19.82808782168881
50011,train,49.55,59.77560124771204,-10.225601247712042
82944,train,75.28,61.787789921947194,13.492210078052807
84922,train,56.4,63.657150037412634,-7.257150037412636
41046,train,76.01,66.31192899780783,9.69807100219218
21614,train,53.14,60.823016524162504,-7.683016524162504
84004,train,77.11,62.14039975805104,14.96960024194896
42990,train,42.8,59.90400192528178,-17.104001925281786
38942,train,79.76,68.31611736191087,11.443882638089136
85766,train,92.82,63.405296718381514,29.41470328161848
65966,train,100.0,68.98191217831119,31.01808782168881
98340,train,66.5,61.03765620082892,5.46234379917108
42731,train,77.04,60.99115146913571,16.048848530864298
23414,train,75.48,66.10133540723281,9.378664592767194
94925,train,56.53,58.70069150998207,-2.1706915099820705
82506,train,53.02,60.85399441805235,-7.833994418052349
86290,train,28.91,55.30773711825966,-26.39773711825966
13563,train,62.87,63.72553651828278,-0.8555365182827828
95695,train,89.74,65.15858053191889,24.58141946808111
19002,train,71.91,63.54471855634639,8.365281443653608
84807,train,58.81,63.83741611867087,-5.027416118670871
66582,train,40.49,54.919022521894235,-14.429022521894233
29979,train,85.06,66.14271950660336,18.917280493396646
57504,train,50.45,60.68748785420091,-10.237487854200907
7737,train,64.21,59.404665850325905,4.8053341496740885
25870,train,81.2,65.37558224199545,15.824417758004557
24135,train,99.48,69.5197336856649,29.9602663143351
7331,train,51.36,61.57463195701318,-10.214631957013182
13547,train,83.48,68.40656809056837,15.073431909431633
29454,train,100.0,66.55438582030372,33.44561417969628
33054,train,57.78,62.94522819261355,-5.165228192613547
59359,train,61.42,59.49646585968578,1.9235341403142243
6151,train,69.64,59.07481411026509,10.565185889734913
9526,train,54.03,56.67452529339437,-2.6445252933943664
97826,train,57.47,65.4839027621201,-8.013902762120097
86000,train,64.66,66.20350897342881,-1.543508973428814
15514,train,73.14,63.74696005904985,9.393039940950153
57687,train,65.5,64.21933986511122,1.2806601348887767
88492,train,81.35,61.48538628976768,19.864613710232312
83398,train,50.31,59.118675587585386,-8.808675587585384
57118,train,46.32,57.65990735380992,-11.33990735380992
45119,train,63.57,67.38145265241235,-3.811452652412349
74063,train,84.48,66.08036001157329,18.399639988426713
3737,train,60.88,60.47806810965014,0.4019318903498643
2544,train,64.73,62.855859806052706,1.874140193947298
37475,train,54.3,61.8082138789098,-7.5082138789098
16370,train,69.76,61.1281048473767,8.631895152623308
88878,train,88.73,66.36373925052408,22.366260749475927
84467,train,64.02,60.87271501221004,3.147284987789959
53929,train,52.41,63.18324458139651,-10.773244581396511
83842,train,54.38,64.58599367292044,-10.205993672920435
54751,train,93.22,68.5137039957683,24.706296004231703
42375,train,45.36,59.404665850325905,-14.044665850325906
58116,train,68.22,64.44348222978766,3.7765177702123367
72375,train,63.2,62.30048143430614,0.8995185656938602
66860,train,44.78,58.82570804211589,-14.04570804211589
54374,train,61.04,56.84843308291267,4.191566917087329
98952,train,60.97,63.53190059444085,-2.56190059444085
65770,train,47.68,59.71876657256025,-12.038766572560249
81148,train,71.22,64.65693895376978,6.563061046230217
78888,train,76.56,65.6596297513289,10.90037024867111
6933,train,76.29,65.24025666449498,11.049743335505028
95336,train,74.79,59.63702713306328,15.152972866936729
82499,train,46.07,60.68605556022258,-14.616055560222577
55223,train,73.67,66.06405975384043,7.605940246159577
73881,train,51.71,62.66308453373158,-10.953084533731577
90866,train,67.08,63.05447623269331,4.025523767306687
1322,train,70.09,61.263379993225286,8.826620006774718
76479,train,20.85,53.75916301780832,-32.90916301780832
24933,train,49.08,56.64127141098623,-7.56127141098623
98710,train,43.78,58.85231345142254,-15.072313451422538
65241,train,68.03,65.89589486324017,2.1341051367598283
83003,train,68.62,62.43418845591998,6.185811544080025
8786,train,49.28,59.71876657256025,-10.438766572560247
1761,train,97.06,66.00850714345447,31.051492856545536
96308,train,51.01,59.87898802355962,-8.868988023559623
83781,train,80.21,60.98994776635018,19.220052233649817
23273,train,66.27,60.57121666273431,5.698783337265688
80828,train,68.16,64.20181227082139,3.9581877291786043
5219,train,50.04,66.38036890195676,-16.340368901956758
33801,train,84.3,59.710653417931425,24.589346582068572
53289,train,81.16,65.71671148666084,15.443288513339155
35928,train,75.93,65.99636069922977,9.933639300770238
278,train,72.48,66.38702344658012,6.092976553419888
84936,train,65.17,63.09980031813427,2.0701996818657307
97610,train,54.18,57.94631160725173,-3.7663116072517298
55042,train,47.9,55.444506530050965,-7.544506530050967
21659,train,67.58,65.29675130196131,2.2832486980386903
83514,train,74.11,66.16276961568478,7.947230384315219
84175,train,25.41,58.58473055277129,-33.174730552771294
89151,train,44.43,62.57397381956275,-18.143973819562753
32832,train,45.89,60.77793857202627,-14.887938572026272
71659,train,67.45,63.084972398759405,4.365027601240598
42651,train,80.26,60.42162784678812,19.838372153211886
72261,train,35.43,56.492452119377894,-21.062452119377895
9423,train,37.98,58.69668517555603,-20.71668517555603
32592,train,70.06,65.78267798501635,4.277322014983653
38348,train,88.56,65.78101187957945,22.77898812042055
2483,train,68.73,60.63585836690542,8.094141633094587
41648,train,69.73,62.57280022865017,7.1571997713498305
9801,train,80.18,65.84793348303843,14.332066516961575
77126,train,67.91,63.3687090756316,4.541290924368397
29337,train,51.66,60.5263414038598,-8.866341403859806
52925,train,42.61,55.444506530050965,-12.834506530050966
19818,train,61.49,58.845033118549786,2.644966881450216
20974,train,24.75,58.52147193798055,-33.77147193798055
28303,train,54.19,59.51684110489207,-5.326841104892075
91839,train,62.57,65.31840223441807,-2.748402234418073
30220,train,57.48,64.46391762272646,-6.983917622726459
11861,train,61.64,66.60668838585244,-4.966688385852436
4900,train,67.58,63.63387612719884,3.9461238728011594
96477,train,63.99,60.175767201108776,3.8142327988912257
83039,train,51.67,59.536883419624644,-7.866883419624642
15022,train,80.16,65.42037173760438,14.739628262395613
35753,train,41.99,61.24000164248985,-19.25000164248985
18053,train,42.32,63.55140503569193,-21.231405035691928
57112,train,62.69,64.06444403794043,-1.3744440379404352
65433,train,53.25,63.63387612719884,-10.383876127198839
68424,train,41.21,59.0927066128627,-17.882706612862698
58658,train,48.71,55.730496792791484,-7.020496792791484
38950,train,24.69,61.85061240465667,-37.160612404656675
86966,train,56.6,58.44530167481541,-1.8453016748154099
55788,train,73.52,65.85097310548524,7.669026894514758
19308,train,50.68,61.27347496139849,-10.593474961398492
41331,train,56.13,57.65990735380992,-1.529907353809918
32347,train,82.4,63.0107370007096,19.38926299929041
55861,train,78.92,66.76084786632666,12.159152133673345
94882,train,28.87,58.290099245042605,-29.420099245042604
82071,train,82.08,64.08397111924398,17.996028880756015
64130,train,43.7,65.17701967100164,-21.477019671001642
63660,train,56.48,57.3739170910694,-0.8939170910694045
9494,train,66.5,60.902931707572264,5.5970682924277355
5058,train,36.52,57.65990735380992,-21.139907353809917
28126,train,45.11,58.774738071957366,-13.664738071957366
11930,train,60.89,60.32396566624405,0.566034333755951
85215,train,66.02,60.323633856586966,5.69636614341303
91334,train,58.45,59.77560124771204,-1.3256012477120365
61542,train,47.9,64.92168474866911,-17.02168474866911
34714,train,73.52,61.11979570171166,12.400204298288337
4232,train,72.44,63.350362694993215,9.089637305006782
1091,train,53.95,61.27816037660745,-7.32816037660745
73276,train,33.68,58.6039358544128,-24.923935854412804
77573,train,64.27,61.02526755473705,3.2447324452629474
87501,train,47.9,57.79212492310866,-9.89212492310866
32141,train,75.52,64.3742858555349,11.145714144465103
99432,train,44.62,59.05278447245412,-14.432784472454124
15392,train,57.28,62.33793036758748,-5.057930367587481
14984,train,67.62,64.61812025909063,3.0018797409093736
71534,train,78.12,64.33651980771967,13.783480192280336
93465,train,77.39,65.43661980320512,11.953380196794882
62614,train,76.11,64.70040770099031,11.409592299009688
1718,train,53.68,57.65990735380992,-3.979907353809921
41717,train,39.9,55.392185503814595,-15.492185503814596
75187,train,58.89,61.70817533094527,-2.818175330945266
98583,train,53.71,57.94631160725173,-4.236311607251729
22261,train,45.58,61.18258850187865,-15.60258850187865
11362,train,61.1,63.455946284522774,-2.3559462845227728
96986,train,87.05,68.98191217831119,18.068087821688806
52377,train,34.73,55.392185503814595,-20.662185503814598
85582,train,71.13,64.19392833527829,6.936071664721709
69695,train,61.92,60.10668823628974,1.81331176371026
4790,train,65.63,66.62753034449611,-0.9975303444961128
23754,train,41.78,58.1095460665016,-16.3295460665016
38657,train,56.82,60.823016524162504,-4.003016524162504
11504,train,64.42,68.50919051342358,-4.089190513423574
573,train,69.17,65.71671148666084,3.45328851333916
86809,train,81.06,66.5508572406084,14.509142759391608
66759,train,68.75,61.53032137439829,7.219678625601709
48013,train,58.04,63.57489582260693,-5.534895822606934
2168,train,62.03,60.415168794288,1.614831205712001
69917,train,100.0,69.5197336856649,30.480266314335097
75370,train,70.05,66.04572208291818,4.004277917081822
63345,train,34.86,53.75916301780832,-18.89916301780832
68844,train,62.22,63.18181386830557,-0.961813868305569
38181,train,54.59,59.87991067174802,-5.289910671748018
93575,train,55.51,57.79246158351555,-2.2824615835155555
22506,train,54.8,57.51275600091527,-2.7127560009152702
76541,train,70.5,60.590523028923336,9.909476971076664
87671,train,78.23,65.34929208349473,12.880707916505273
61661,train,85.19,66.72254251324995,18.46745748675005
46494,train,72.52,64.11363826176007,8.406361738239923
48403,train,78.71,60.78603146064299,17.923968539357006
89327,train,44.88,57.9764430751186,-13.0964430751186
11373,train,76.88,66.66037741524158,10.219622584758412
94547,train,58.23,62.53065775085023,-4.300657750850235
83044,train,70.85,64.55689394161541,6.293106058384581
9763,train,79.89,66.76084786632666,13.129152133673344
22984,train,60.66,62.57899426638885,-1.9189942663888502
83358,train,81.08,65.3071014336408,15.772898566359203
49215,train,100.0,68.98191217831119,31.01808782168881
78468,train,60.96,65.07824015339172,-4.118240153391717
53921,train,51.83,55.730496792791484,-3.900496792791486
88701,train,63.07,62.50475856262419,0.5652414373758106
68413,train,70.94,64.49716504249683,6.442834957503166
27646,train,34.65,55.09854281548792,-20.44854281548792
12110,train,55.43,61.17663037686345,-5.74663037686345
98555,train,69.47,65.43661980320512,4.03338019679488
33075,train,61.71,59.07825802764652,2.631741972353481
72164,train,46.84,61.244329842150094,-14.40432984215009
30758,train,63.84,62.87525077213962,0.9647492278603806
59396,train,66.41,58.52183216970247,7.888167830297526
74336,train,23.88,57.65990735380992,-33.77990735380992
13260,train,52.32,63.455946284522774,-11.135946284522774
55004,train,41.95,56.33881810855601,-14.38881810855601
65594,train,77.04,66.31192899780783,10.72807100219218
27724,train,76.61,62.7015271514283,13.908472848571698
31796,train,57.85,61.808821991544285,-3.9588219915442835
88300,train,80.91,68.81454980458759,12.095450195412411
20441,train,89.38,68.29094690417453,21.089053095825463
5223,train,70.56,65.18256234681421,5.377437653185794
33684,train,79.21,66.22055546478455,12.98944453521544
57380,train,58.29,58.21066941555481,0.07933058444518792
61392,train,53.33,63.998608196941476,-10.668608196941477
78508,train,59.24,61.39147515166856,-2.1514751516685564
69755,train,32.7,56.14870462483074,-23.44870462483074
29939,train,73.17,63.883360350852456,9.286639649147546
80296,train,25.44,54.15692203101525,-28.716922031015248
92533,train,53.19,63.13020017592162,-9.940200175921625
60008,train,71.51,65.26819116340019,6.241808836599816
27701,train,27.4,57.53171960473325,-30.13171960473325
86016,train,53.55,62.63132444793565,-9.08132444793565
9922,train,31.38,56.31051009606824,-24.930510096068243
85574,train,56.62,60.48235306492541,-3.862353064925415
39120,train,60.4,57.923453864190684,2.476546135809315
91912,train,65.59,64.07477929889023,1.5152207011097687
39331,train,61.35,59.42870241029953,1.9212975897004725
58322,train,49.63,61.51486245246421,-11.884862452464205
23342,train,72.08,66.06405975384043,6.015940246159573
74833,train,35.37,58.86822243963219,-23.498222439632194
28550,train,47.27,59.94277699871342,-12.672776998713417
61823,train,82.84,66.90532525814115,15.934674741858856
78783,train,45.77,61.77933863500935,-16.00933863500935
22672,train,76.13,65.90429825561073,10.22570174438927
21255,train,59.58,62.166004966671466,-2.5860049666714673
54188,train,46.29,60.671613027351604,-14.381613027351605
27784,train,74.22,62.34057882649641,11.879421173503587
86110,train,73.1,62.67420835529388,10.425791644706116
74955,train,79.17,68.12358453045093,11.046415469549075
96587,train,97.03,66.21587172864544,30.814128271354562
37076,train,59.17,57.70032214450933,1.4696778554906729
56429,train,50.89,58.6039358544128,-7.713935854412803
53063,train,99.74,69.10861052679918,30.631389473200812
49482,train,51.4,62.984850482773695,-11.584850482773696
26554,train,84.28,62.796284091419544,21.483715908580457
33789,train,77.89,64.3507872909437,13.5392127090563
98204,train,50.96,58.128217191829364,-7.168217191829363
38249,train,89.39,68.07857949344267,21.311420506557326
2873,train,46.76,59.77560124771204,-13.015601247712041
10843,train,67.49,62.63332142793009,4.856678572069903
76299,train,67.93,64.69761937037542,3.2323806296245863
29505,train,45.36,63.90246035435629,-18.542460354356294
8745,train,81.99,66.79663939586091,15.193360604139087
85181,train,54.52,56.14870462483074,-1.628704624830739
74858,train,50.47,56.900959442235916,-6.430959442235917
39246,train,56.61,59.02214368645206,-2.412143686452062
63904,train,42.06,59.43970839000484,-17.379708390004836
82211,train,51.81,62.07724678392826,-10.267246783928258
65393,train,58.36,58.38405027720637,-0.02405027720637065
18742,train,73.86,60.90304716520203,12.956952834797967
88128,train,50.58,57.23675105336232,-6.656751053362321
50398,train,36.78,56.88580445438483,-20.10580445438483
79095,train,52.58,67.82628496279303,-15.246284962793027
55990,train,49.55,57.65990735380992,-8.109907353809923
61764,train,35.71,58.6039358544128,-22.893935854412803
83594,train,53.65,59.62345964569101,-5.973459645691008
66598,train,67.88,63.0580733751177,4.821926624882295
614,train,78.04,64.09311252814662,13.946887471853387
52150,train,41.62,61.848752299756114,-20.228752299756117
15365,train,92.38,66.87050178666139,25.509498213338603
14304,train,46.36,53.75916301780832,-7.39916301780832
62942,train,85.44,67.72612157206632,17.71387842793368
34634,train,81.71,67.72612157206632,13.983878427933675
30764,train,62.77,61.734197960145366,1.0358020398546373
60255,train,70.06,61.31501682211302,8.74498317788698
6483,train,81.43,63.19019657181566,18.239803428184345
72157,train,36.29,59.02214368645206,-22.732143686452062
14317,train,77.02,65.10063938761786,11.919360612382135
6234,train,85.62,67.20874448616205,18.411255513837958
26621,train,83.0,65.67329775949287,17.32670224050713
67502,train,47.75,58.499907773022514,-10.749907773022514
11946,train,52.46,56.868881901745,-4.408881901744998
2449,train,65.11,63.84904491781385,1.2609550821861504
68520,train,23.04,58.04388101891287,-35.00388101891287
38308,train,48.9,59.91379523280652,-11.013795232806523
52658,train,79.65,64.49716504249683,15.152834957503174
11583,train,58.0,61.27816037660745,-3.2781603766074525
20070,train,23.28,55.52358066012293,-32.24358066012293
83921,train,46.64,57.583725397937975,-10.943725397937975
16264,train,48.7,61.10124189845513,-12.401241898455126
43203,train,39.34,57.65990735380992,-18.319907353809917
60090,train,45.94,58.86906528637082,-12.929065286370822
24314,train,60.57,63.708634899984375,-3.1386348999843747
55537,train,39.44,58.04388101891287,-18.603881018912872
37979,train,50.34,58.222712572636986,-7.882712572636983
76658,train,72.27,65.26925742948151,7.000742570518483
44323,train,68.46,64.13577895919519,4.324221040804801
63259,train,80.84,64.68951622875214,16.150483771247863
50364,train,46.98,59.92856656506105,-12.94856656506105
53083,train,62.56,60.458713855355086,2.1012861446449165
114,train,68.76,62.74515172406435,6.014848275935655
54579,train,36.33,61.69674775504701,-25.366747755047008
95601,train,100.0,69.5197336856649,30.480266314335097
57015,train,45.42,59.6786531124375,-14.2586531124375
74252,train,67.56,64.67446971573226,2.8855302842677446
23841,train,26.61,55.392185503814595,-28.782185503814596
34363,train,60.33,62.31551376959618,-1.9855137695961815
33333,train,32.35,59.07825802764652,-26.72825802764652
38901,train,41.67,59.25094600500966,-17.580946005009658
79080,train,48.86,57.931391620428855,-9.071391620428855
1318,train,51.7,63.36030303229368,-11.660303032293676
89404,train,57.07,65.34454743612399,-8.274547436123989
18949,train,58.53,59.64947509364743,-1.1194750936474307
4688,train,49.82,57.04007094049828,-7.220070940498282
14424,train,50.95,60.51728050122921,-9.567280501229206
60199,train,100.0,67.84770234920506,32.152297650794935
93037,train,66.2,56.67452529339437,9.525474706605635
70625,train,71.59,62.75298503582489,8.837014964175111
85808,train,58.62,59.9461578864063,-1.3261578864062997
25554,train,61.05,62.217329314402306,-1.1673293144023091
85019,train,77.36,66.92065063040351,10.439349369596485
81581,train,57.17,63.31505643319637,-6.145056433196366
20000,train,36.95,54.919022521894235,-17.96902252189423
1938,train,60.65,58.13422952704364,2.515770472956362
67709,train,61.68,64.97545341207847,-3.2954534120784658
68671,train,69.42,63.33573136281253,6.084268637187471
4080,train,54.65,63.8386578330706,-9.1886578330706
28110,train,68.54,67.44905173962688,1.0909482603731249
88543,train,32.28,58.20226375380466,-25.922263753804657
12053,train,78.26,64.46391762272646,13.79608237727355
76699,train,54.02,61.2136658604353,-7.193665860435296
17933,train,76.27,66.00890093768962,10.261099062310379
28486,train,67.45,61.8487994349008,5.601200565099205
55238,train,47.47,61.91112216419271,-14.441122164192713
76434,train,69.03,63.71166554744376,5.318334452556243
89776,train,40.69,54.919022521894235,-14.229022521894237
69509,train,48.45,58.552437359082894,-10.102437359082892
36399,train,73.8,65.04794741417908,8.75205258582092
58991,train,58.3,60.42943487580744,-2.1294348758074406
76206,train,60.69,64.36112905196624,-3.671129051966247
74080,train,66.23,65.05928585356772,1.1707141464322888
95852,train,65.18,60.53964645446131,4.640353545538694
57709,train,44.36,64.39399652938498,-20.03399652938498
13198,train,94.36,68.41156885880217,25.94843114119783
88203,train,58.19,63.995550406863266,-5.805550406863269
29128,train,70.18,63.42913610096232,6.7508638990376895
19809,train,65.22,61.19823230607995,4.021767693920047
3915,train,59.61,62.13846981532727,-2.52846981532727
74730,train,73.02,66.83659357278154,6.183406427218458
76770,train,43.92,60.00173490067237,-16.081734900672366
20776,train,60.13,64.52215385502852,-4.392153855028518
4684,train,76.65,65.40970150176867,11.24029849823134
9753,train,82.26,66.20032786703825,16.05967213296175
92283,train,50.84,59.404665850325905,-8.564665850325902
35083,train,30.3,56.67452529339437,-26.374525293394367
16499,train,56.35,59.02214368645206,-2.67214368645206
26112,train,49.63,59.50978510100265,-9.879785101002646
81143,train,60.62,59.89804691216084,0.7219530878391609
10723,train,68.44,60.63585836690542,7.804141633094581
68966,train,65.72,59.07825802764652,6.641741972353479
60339,train,56.57,61.11979570171166,-4.549795701711659
54794,train,73.27,64.73945967996974,8.530540320030255
60055,train,49.52,61.26799416684693,-11.74799416684693
46756,train,54.78,60.6551837249495,-5.875183724949501
21051,train,34.44,55.730496792791484,-21.290496792791487
84007,train,80.77,64.55817837554213,16.21182162445787
1402,train,62.57,59.77560124771204,2.794398752287961
39874,train,70.72,58.13422952704364,12.585770472956362
23035,train,80.57,64.10600763158824,16.463992368411752
13506,train,78.52,67.3133198033319,11.206680196668103
72952,train,91.22,66.73796288441754,24.482037115582457
23917,train,73.03,64.48095120901223,8.549048790987769
53280,train,58.85,60.477836311706156,-1.6278363117061545
44147,train,89.7,67.46571929780836,22.23428070219164
54637,train,85.95,63.753386940199164,22.19661305980084
49368,train,84.16,65.90317909017497,18.256820909825024
90329,train,80.65,65.1972841262802,15.45271587371981
71845,train,76.02,64.68951622875214,11.330483771247856
46249,train,47.49,61.48994194844407,-13.999941948444068
3733,train,59.75,64.24800838361034,-4.49800838361034
47593,train,54.71,59.87863072208088,-5.168630722080877
38539,train,83.65,68.12295064100638,15.527049358993622
59865,train,60.5,60.31582682756765,0.18417317243235232
59438,train,68.82,63.12434018595133,5.6956598140486605
78227,train,39.36,56.2048189660252,-16.8448189660252
56097,train,71.63,60.34869435092879,11.281305649071207
68339,train,44.05,61.02938077881082,-16.97938077881082
57516,train,85.42,65.599069517886,19.820930482114008
85413,train,37.53,59.6537801515933,-22.1237801515933
32092,train,76.75,65.10276250702212,11.64723749297788
94892,train,55.96,59.01656841486851,-3.056568414868508
2104,train,85.02,65.7314238762283,19.28857612377169
31922,train,59.7,59.49646585968578,0.20353414031422545
9161,train,60.67,60.175767201108776,0.4942327988912254
39691,train,100.0,68.94438959792208,31.055610402077917
40815,train,53.19,62.486072425735884,-9.296072425735886
8525,train,76.94,64.65168120643776,12.28831879356224
92855,train,55.99,62.51860078598098,-6.528600785980977
48740,train,59.36,64.71724412348901,-5.357244123489011
56891,train,71.66,67.72612157206632,3.933878427933678
55375,train,48.95,59.76517493616931,-10.815174936169306
79696,train,79.35,63.37204268959505,15.977957310404946
78111,train,34.42,55.444506530050965,-21.024506530050964
6843,train,70.65,62.363613325581426,8.28638667441858
43008,train,58.38,61.665296183079406,-3.285296183079403
75498,train,59.75,62.72974043288323,-2.979740432883233
39525,train,62.57,58.34494899578963,4.225051004210371
20172,train,71.99,61.80759843938881,10.182401560611183
4831,train,79.3,67.83622477105935,11.463775228940648
84241,train,72.36,65.11860488337756,7.241395116622442
63978,train,49.54,59.35615340700511,-9.81615340700511
61257,train,48.34,63.350362694993215,-15.010362694993212
91854,train,68.6,65.04794741417908,3.552052585820917
10299,train,43.96,58.151066981283314,-14.191066981283313
77647,train,71.09,63.76535356872934,7.324646431270665
18553,train,100.0,66.83197800213452,33.16802199786548
90343,train,70.14,65.56601449205073,4.573985507949274
81823,train,63.07,61.535677299646764,1.5343227003532363
39161,train,26.82,56.900959442235916,-30.080959442235915
38442,train,45.48,57.148847466628084,-11.668847466628087
84610,train,58.8,63.486366054228625,-4.686366054228628
97,train,82.77,63.83741611867087,18.932583881329123
6148,train,58.91,63.2695915542739,-4.359591554273905
15663,train,60.29,63.680981177657465,-3.3909811776574657
11968,train,69.22,58.6039358544128,10.616064145587195
29267,train,72.06,68.7694637285855,3.2905362714144957
50242,train,57.39,62.401598264406516,-5.011598264406516
29931,train,58.2,60.457931919211084,-2.2579319192110816
18292,train,33.07,57.16536044870547,-24.09536044870547
50178,train,66.95,64.81939747571006,2.130602524289941
93242,train,62.11,65.04794741417908,-2.937947414179078
35395,train,74.93,61.37523789414582,13.554762105854188
37102,train,65.01,66.06368774309128,-1.0536877430912739
5073,train,81.08,62.94720806227261,18.13279193772739
62447,train,51.28,57.3739170910694,-6.0939170910694
77822,train,34.82,60.18132371453264,-25.361323714532638
40163,train,18.12,53.75624584453457,-35.63624584453457
98755,train,83.38,66.22527515974492,17.15472484025507
10550,train,44.62,60.81751923239869,-16.19751923239869
94216,train,69.99,58.782353639057156,11.207646360942839
27227,train,71.26,65.42964516644746,5.830354833552548
28177,train,68.2,66.7140714914078,1.4859285085922096
70098,train,68.95,65.64964223966791,3.3003577603320906
89576,train,72.48,68.02256472810711,4.457435271892891
81359,train,52.9,63.71562012920174,-10.81562012920174
98084,train,73.79,63.72553651828278,10.064463481717226
11468,train,66.58,62.19597107738671,4.38402892261329
61127,train,60.9,66.12368587152112,-5.22368587152112
89519,train,64.5,59.93195487047612,4.568045129523881
46368,train,42.06,57.71775597699604,-15.657755976996036
30418,train,86.63,64.67446971573226,21.955530284267738
89555,train,80.45,65.67329775949287,14.776702240507134
57990,train,69.26,65.88907878064364,3.3709212193563616
97559,train,17.49,53.75916301780832,-36.269163017808324
87843,train,37.19,58.49300407688483,-21.303004076884832
14644,train,56.43,62.37549151228567,-5.94549151228567
32226,train,65.69,65.65450336471469,0.03549663528531255
53064,train,76.56,66.143262661438,10.416737338562001
82479,train,78.61,65.04794741417908,13.562052585820922
41388,train,56.21,61.82468518969612,-5.614685189696118
75662,train,66.97,62.12318814580302,4.846811854196979
99470,train,43.82,60.687848199185346,-16.867848199185346
62584,train,90.53,66.06405975384043,24.465940246159576
65409,train,46.48,55.86271436209022,-9.382714362090226
20228,train,73.1,64.16405896317627,8.93594103682372
92168,train,87.3,64.71724412348901,22.582755876510987
39359,train,36.73,56.60731675390924,-19.87731675390924
44684,train,66.2,61.73542110693819,4.464578893061812
54409,train,86.25,64.93669913193943,21.313300868060566
10501,train,83.33,62.22766758740947,21.102332412590528
38050,train,57.15,61.13986512710147,-3.9898651271014742
26973,train,67.59,61.316317940721504,6.273682059278499
92790,train,48.7,61.27978474560867,-12.57978474560867
88928,train,65.43,63.790253902255145,1.6397460977448617
97865,train,41.96,59.0927066128627,-17.132706612862698
55431,train,43.36,57.87550724252412,-14.515507242524123
42304,train,43.05,56.56244282017215,-13.512442820172154
35640,train,53.19,58.5179259256227,-5.327925925622701
77959,train,99.22,66.11002247583679,33.10997752416321
37629,train,48.47,58.19613654602576,-9.726136546025764
88989,train,73.44,64.02251588885835,9.417484111141647
96688,train,64.15,62.331207829733295,1.8187921702667111
92252,train,47.88,61.27816037660745,-13.39816037660745
92342,train,64.11,65.14278483406434,-1.0327848340643442
64475,train,50.82,58.6039358544128,-7.783935854412803
3200,train,76.28,68.41156885880217,7.868431141197831
93353,train,92.96,66.31192899780783,26.648071002192168
96936,train,78.74,61.864106876182255,16.87589312381774
34818,train,78.31,65.55985465127858,12.750145348721418
54568,train,69.99,64.13612878322225,5.853871216777748
75123,train,55.8,57.209525142417995,-1.4095251424179978
62361,train,70.36,62.25824005712054,8.101759942879461
25971,train,46.62,62.79571230369287,-16.175712303692876
89799,train,40.11,58.289256398303976,-18.179256398303977
43165,train,73.89,62.79069288307717,11.09930711692283
4293,train,51.58,60.02110704386341,-8.441107043863411
39923,train,65.68,61.940918785202705,3.7390812147973023
41652,train,73.02,67.83622477105935,5.183775228940647
29040,train,37.93,57.87550724252412,-19.945507242524123
49498,train,56.95,57.79212492310866,-0.8421249231086563
24250,train,69.02,63.456838850294005,5.563161149705991
85888,train,86.72,65.11099996592978,21.60900003407022
50380,train,72.02,62.486846957982316,9.53315304201768
51266,train,82.19,66.91955048014933,15.270449519850672
60743,train,38.9,58.3641458070179,-19.4641458070179
10548,train,56.04,57.566600896187744,-1.5266008961877446
2687,train,50.98,63.41059788020101,-12.430597880201013
7116,train,51.76,63.54339792433669,-11.78339792433669
35002,train,50.52,55.392185503814595,-4.872185503814592
78056,train,98.98,69.5197336856649,29.4602663143351
56619,train,67.02,68.12358453045093,-1.1035845304509309
32260,train,45.37,63.03148089290358,-17.661480892903583
4645,train,39.95,61.63496738168527,-21.68496738168527
77935,train,47.81,61.800427924815544,-13.990427924815542
19850,train,41.59,60.823016524162504,-19.2330165241625
51130,train,57.85,57.3739170910694,0.4760829089306
15006,train,71.32,64.04940840746816,7.270591592531829
34327,train,53.61,62.02450266214328,-8.414502662143278
34590,train,100.0,67.66436688340433,32.33563311659567
21598,train,55.63,62.48222902782844,-6.852229027828436
18783,train,81.23,67.31180646696704,13.918193533032962
36017,train,82.62,64.33316590714958,18.286834092850427
32180,train,82.85,65.51556110894644,17.33443889105355
45516,train,64.33,64.23853546211063,0.09146453788936526
50074,train,75.63,65.42443003300761,10.205569966992385
97265,train,69.1,64.28177560753586,4.818224392464131
18592,train,51.13,62.76368901090904,-11.633689010909038
75533,train,71.96,66.2457381835429,5.714261816457096
81035,train,71.15,63.526376001152876,7.62362399884713
45449,train,85.28,68.1716395513246,17.1083604486754
75830,train,72.73,64.94523162800807,7.78476837199193
71107,train,87.16,60.046575484010894,27.113424515989102
38357,train,37.94,58.74478186534139,-20.80478186534139
38424,train,68.56,61.345941624454234,7.214058375545768
52569,train,58.64,62.781763466388895,-4.141763466388895
8620,train,73.37,65.80519972118604,7.564800278813962
985,train,28.03,57.908098493882655,-29.878098493882653
74448,train,76.07,65.73759815241148,10.332401847588514
19792,train,38.43,59.390876643913316,-20.960876643913316
928,train,77.18,63.617227431981604,13.562772568018403
79960,train,56.91,62.71466855929291,-5.804668559292914
13970,train,53.15,61.607130587167426,-8.457130587167427
60511,train,71.12,65.4839027621201,5.636097237879909
93050,train,65.42,65.63478226051329,-0.21478226051328875
97907,train,69.24,64.81939747571006,4.420602524289933
73380,train,78.94,65.48978741893477,13.45021258106523
28565,train,54.22,60.26030912838268,-6.040309128382681
90790,train,50.76,59.07825802764652,-8.318258027646522
65201,train,62.26,61.32195939563615,0.9380406043638487
1570,train,70.17,64.73677305846118,5.43322694153882
96251,train,65.11,64.75336416408385,0.3566358359161512
13579,train,71.7,66.51442912595745,5.185570874042554
11777,train,47.5,59.71041660411551,-12.210416604115508
86911,train,26.54,56.85046571375797,-30.31046571375797
17284,train,85.68,67.77829585455716,17.90170414544285
93243,train,42.64,60.521186272723774,-17.881186272723774
16540,train,74.67,60.644000750689344,14.025999249310658
53737,train,55.39,62.935967870584214,-7.545967870584214
82593,train,61.7,61.58064850565979,0.11935149434021497
35741,train,74.01,65.36280756582904,8.647192434170961
53480,train,80.08,66.31192899780783,13.768071002192173
85847,train,53.97,56.49741472549209,-2.5274147254920933
66109,train,56.81,62.77982495290287,-5.969824952902869
34451,train,73.77,65.73800234521133,8.031997654788668
97548,train,41.92,60.34809476171241,-18.42809476171241
45691,train,68.51,61.9522833859768,6.557716614023207
53623,train,40.23,58.652853702934465,-18.422853702934468
4189,train,82.41,60.85002619187243,21.559973808127566
40260,train,58.78,60.766902182968046,-1.9869021829680449
63147,train,52.87,62.12318814580302,-9.253188145803023
39627,train,79.17,67.20703752296839,11.96296247703161
68922,train,82.08,63.530681818771576,18.549318181228422
64304,train,62.59,59.23328489890686,3.356715101093144
40368,train,61.58,61.37523789414582,0.2047621058541793
69605,train,60.51,65.48817736425443,-4.978177364254428
37129,train,44.65,62.217329314402306,-17.567329314402308
2436,train,48.81,59.79731162620021,-10.98731162620021
88365,train,51.68,62.14039975805104,-10.46039975805104
68529,train,80.52,67.57595155589742,12.944048444102577
72824,train,58.07,60.94134351461154,-2.8713435146115387
44243,train,86.65,66.51834021862472,20.13165978137529
54709,train,75.04,67.44905173962688,7.590948260373125
5533,train,55.27,60.06566380892361,-4.7956638089236066
12042,train,54.2,60.216052314764745,-6.0160523147647424
86884,train,65.9,64.7211241371145,1.178875862885505
71874,train,89.64,67.40141890488975,22.23858109511025
35703,train,54.25,59.46195442622558,-5.2119544262255815
35778,train,51.87,61.004011032029695,-9.134011032029697
35796,train,71.96,66.33081880763946,5.629181192360534
57188,train,100.0,69.5197336856649,30.480266314335097
18485,train,59.93,63.10058930230469,-3.170589302304691
86233,train,64.71,66.85915490807902,-2.1491549080790264
96852,train,81.12,67.17029914827862,13.949700851721389
67335,train,44.52,63.13994423454042,-18.61994423454042
67483,train,53.78,64.9660601912977,-11.186060191297699
49182,train,65.32,66.17313755230933,-0.8531375523093345
15206,train,74.85,62.2930274661349,12.556972533865093
65945,train,67.55,63.354334892243486,4.195665107756511
75378,train,56.11,57.53313912837448,-1.4231391283744799
66781,train,71.63,66.91584894507972,4.714151054920279
22122,train,58.99,57.65990735380992,1.3300926461900815
28839,train,37.59,56.91562255753135,-19.325622557531347
50556,train,47.34,62.91366329428442,-15.573663294284415
53978,train,73.17,66.93271186185048,6.237288138149523
8542,train,73.93,66.00890093768962,7.92109906231039
19662,train,45.52,59.49646585968578,-13.976465859685774
70367,train,77.88,66.53059606409998,11.349403935900014
2530,train,90.8,66.20350897342881,24.596491026571186
45762,train,41.22,55.86305102249712,-14.643051022497119
77802,train,79.84,64.61812025909063,15.221879740909372
26164,train,37.8,59.009175895911284,-21.209175895911287
67073,train,47.28,58.21066941555481,-10.93066941555481
60284,train,49.2,62.23937535716525,-13.039375357165248
6426,train,62.7,64.67348936312446,-1.9734893631244574
91838,train,68.83,67.8090784794341,1.0209215205658921
34717,train,66.06,62.846526968495205,3.2134730315047975
64571,train,63.92,65.52038554110271,-1.6003855411027104
88118,train,47.1,60.159772741674836,-13.059772741674834
79184,train,95.64,65.43230988809042,30.207690111909585
45145,train,80.48,64.3507872909437,16.129212709056304
40470,train,84.88,68.43368788697283,16.44631211302716
82860,train,50.44,59.404665850325905,-8.964665850325908
34272,train,69.25,62.43291155867554,6.817088441324458
83909,train,65.93,63.975893344363676,1.9541066556363305
30464,train,52.74,64.09320286882128,-11.353202868821278
27953,train,81.65,67.99976372069392,13.650236279306085
75709,train,56.97,60.803768634029325,-3.833768634029326
95711,train,63.39,67.43845487907325,-4.0484548790732475
12580,train,66.75,63.050898805577496,3.6991011944225036
95983,train,57.41,58.86906528637082,-1.459065286370823
74017,train,54.96,57.3739170910694,-2.4139170910694006
11461,train,87.54,66.143262661438,21.396737338562005
61652,train,33.08,61.29556494330794,-28.21556494330794
68233,train,59.72,66.95071222146578,-7.2307122214657795
58302,train,64.73,62.3710406642649,2.3589593357351006
61139,train,71.2,61.41769844042289,9.782301559577114
59975,train,70.47,65.06881563734999,5.401184362650014
12896,train,55.47,65.9759002877144,-10.505900287714397
49218,train,56.95,62.41087423210377,-5.4608742321037695
10817,train,48.56,55.33723035393349,-6.77723035393349
61460,train,58.94,64.97545341207847,-6.035453412078468
50412,train,70.42,62.37737186098543,8.042628139014575
73217,train,49.07,59.404665850325905,-10.334665850325905
33608,train,60.42,59.26089223893855,1.159107761061449
18331,train,93.4,69.5197336856649,23.880266314335103
15752,train,38.53,55.688573578826755,-17.158573578826754
64348,train,30.9,61.29537083320968,-30.395370833209682
79715,train,57.64,58.5179259256227,-0.8779259256226979
59464,train,64.28,59.86310722355289,4.4168927764471135
20050,train,93.3,66.91965647852909,26.380343521470905
73700,train,60.29,60.63585836690542,-0.3458583669054178
52660,train,90.09,64.48095120901223,25.60904879098777
61705,train,70.08,62.32941687403298,7.750583125967019
54966,train,69.96,60.8496042985441,9.110395701455893
1956,train,58.11,60.64712843659069,-2.5371284365906916
72763,train,42.19,62.38483415294634,-20.194834152946342
15466,train,93.63,66.82429183747148,26.805708162528518
79112,train,53.98,63.69917757214006,-9.719177572140062
11089,train,66.39,60.579023691753626,5.810976308246374
55379,train,51.49,60.75658315743396,-9.266583157433956
69769,train,72.23,63.76095495993269,8.469045040067314
63949,train,65.68,65.11099996592978,0.5690000340702284
52128,train,86.09,63.998417549895585,22.09158245010442
73693,train,76.41,64.81981635802441,11.590183641975585
48594,train,61.34,63.63387612719884,-2.2938761271988355
34352,train,66.79,64.92205034227463,1.8679496577253758
9842,train,60.81,57.3739170910694,3.436082908930601
12962,train,56.15,59.46760944268268,-3.3176094426826808
96853,train,60.05,57.65990735380992,2.3900926461900767
47139,train,69.82,59.400653520934355,10.419346479065638
2180,train,81.95,61.44309780846754,20.50690219153246
82149,train,77.42,66.27205225389613,11.147947746103867
74250,train,62.64,59.07825802764652,3.561741972353481
95366,train,35.9,56.62177903339614,-20.72177903339614
84865,train,25.44,54.919022521894235,-29.479022521894233
1057,train,68.22,61.81868013771527,6.40131986228473
73645,train,53.19,60.39831476089857,-7.208314760898574
30883,train,40.29,58.45152638119242,-18.161526381192424
31733,train,27.55,56.60275397768623,-29.052753977686226
33088,train,56.02,59.60948337024821,-3.5894833702482103
30712,train,63.46,59.341839986750266,4.118160013249735
42592,train,59.75,60.1938090797513,-0.443809079751297
81772,train,58.52,63.96922357510086,-5.449223575100859
48600,train,48.16,57.3739170910694,-9.213917091069405
42141,train,71.1,63.72553651828278,7.374463481717214
72156,train,37.45,56.84843308291267,-19.398433082912668
92529,train,42.51,64.2884117444241,-21.778411744424098
16129,train,79.22,65.9759002877144,13.244099712285603
58395,train,48.76,60.63585836690542,-11.875858366905419
72532,train,60.0,64.3934076956319,-4.393407695631893
7726,train,81.15,66.30323352599463,14.846766474005378
24619,train,67.18,65.14278483406434,2.037215165935663
97305,train,74.79,66.58856301503295,8.20143698496706
21758,train,34.26,56.02116742032723,-21.761167420327233
5473,train,49.93,61.158321542738925,-11.228321542738925
80612,train,45.9,58.1095460665016,-12.209546066501602
48272,train,55.43,58.9437728616637,-3.5137728616637034
13413,train,40.71,61.848752299756114,-21.138752299756113
95774,train,60.86,62.44251626128664,-1.5825162612866421
49783,train,100.0,66.76084786632666,33.23915213367334
52490,train,48.47,60.57121666273431,-12.10121666273431
32410,train,61.74,60.252522886983606,1.4874771130163964
55955,train,57.36,61.36722965463684,-4.007229654636838
34496,train,53.69,61.31352397251173,-7.623523972511734
18005,train,72.12,64.23590343461647,7.88409656538353
26637,train,53.32,59.07825802764652,-5.758258027646519
24113,train,84.38,66.93271186185048,17.447288138149517
88589,train,67.64,61.25470391813994,6.385296081860062
69878,train,67.14,60.06566380892361,7.074336191076391
1862,train,58.53,61.794136640034644,-3.2641366400346428
37753,train,59.31,64.59747673419409,-5.287476734194087
86349,train,86.96,65.74587792220137,21.21412207779862
79808,train,56.99,61.470604293249785,-4.480604293249783
41469,train,50.76,63.006105893158875,-12.246105893158877
24494,train,62.17,64.51701624341469,-2.3470162434146857
11134,train,35.33,57.23675105336232,-21.90675105336232
79368,train,51.75,57.984099441101165,-6.234099441101165
18142,train,52.14,59.49646585968578,-7.356465859685777
36644,train,57.58,60.6105857406685,-3.0305857406684993
67679,train,45.23,57.3739170910694,-12.143917091069405
28079,train,60.65,63.19546935239808,-2.5454693523980794
34789,train,89.91,64.54804090905185,25.361959090948147
87017,train,61.2,62.910596690364414,-1.7105966903644116
15837,train,72.38,63.70504273760168,8.674957262398316
15750,train,81.59,64.7211241371145,16.868875862885503
73311,train,38.51,55.444506530050965,-16.934506530050967
31744,train,59.68,62.31551376959618,-2.63551376959618
96032,train,51.06,61.25470391813994,-10.194703918139936
45735,train,85.5,64.88584935950578,20.614150640494216
41130,train,44.17,62.11814879737512,-17.94814879737512
84148,train,62.2,60.42943487580744,1.770565124192565
866,train,84.18,66.55438582030372,17.625614179696285
39549,train,71.24,63.748311567100785,7.49168843289921
59808,train,40.86,57.3739170910694,-16.513917091069402
80549,train,48.84,58.13422952704364,-9.294229527043633
70226,train,62.32,63.033653036714654,-0.7136530367146534
89726,train,78.17,62.87503297102228,15.294967028977723
76814,train,55.37,56.56244282017215,-1.192442820172154
82417,train,56.95,57.65990735380992,-0.7099073538099177
95284,train,73.81,66.83197800213452,6.978021997865483
2212,train,59.1,60.449229710868536,-1.349229710868535
83563,train,40.92,65.31840223441807,-24.39840223441807
75961,train,66.68,65.81583535105922,0.8641646489407862
585,train,31.6,61.068932880729356,-29.468932880729355
40513,train,49.55,58.457630174692724,-8.907630174692727
76451,train,57.8,65.10012122881625,-7.300121228816252
35941,train,72.12,63.79042531196877,8.329574688031236
84955,train,64.76,63.30455535884121,1.4554446411587918
57887,train,58.85,62.903719370517614,-4.053719370517612
92680,train,54.1,62.1819618748226,-8.081961874822596
65539,train,75.13,65.84153856396601,9.288461436033984
37037,train,59.52,61.99081094210485,-2.4708109421048476
41797,train,75.64,64.07009645484744,11.569903545152556
17708,train,71.53,61.032505543528075,10.497494456471927
81479,train,64.78,64.11663306573759,0.6633669342624131
87691,train,51.66,59.96341683442928,-8.303416834429285
50282,train,54.68,60.94735047157452,-6.267350471574517
86546,train,81.18,68.02256472810711,13.157435271892894
17672,train,51.55,57.34967170697668,-5.799671706976682
58695,train,50.97,57.908098493882655,-6.938098493882656
97486,train,87.24,68.98191217831119,18.258087821688804
7301,train,61.78,62.336839811843255,-0.556839811843254
21332,train,55.05,59.76886870760458,-4.718868707604585
73314,train,62.89,59.37241646217578,3.5175835378242226
12250,train,66.47,61.53559920238026,4.9344007976197375
51685,train,98.95,68.98191217831119,29.968087821688812
31333,train,54.28,58.86906528637082,-4.589065286370818
42630,train,37.07,60.129054189521845,-23.059054189521845
94481,train,62.24,64.8532117930457,-2.6132117930457
49219,train,73.49,61.235727064437945,12.25427293556205
57503,train,42.68,55.730496792791484,-13.050496792791485
92991,train,50.71,57.16551756589872,-6.455517565898717
32866,train,39.27,58.07811518584918,-18.808115185849175
90715,train,58.91,59.23328489890686,-0.32328489890686285
66688,train,72.8,61.17663037686345,11.623369623136547
73825,train,83.89,66.37622939072644,17.513770609273564
79843,train,64.91,64.28853374421591,0.6214662557840853
34286,train,55.38,61.98538806588348,-6.605388065883474
44833,train,69.05,64.3727560930383,4.677243906961692
94057,train,29.77,56.180135505483165,-26.410135505483165
1566,train,70.92,64.76265965883118,6.157340341168819
59394,train,61.54,62.67804009689332,-1.1380400968933202
37179,train,71.48,67.4198076809405,4.06019231905951
72228,train,48.82,60.78574316544206,-11.965743165442056
35795,train,40.7,61.47728990227351,-20.77728990227351
24830,train,42.87,64.94099445872939,-22.070994458729395
86702,train,75.65,64.9949854606491,10.655014539350901
86312,train,56.53,62.52884263709159,-5.998842637091592
99911,train,63.55,61.231424722052296,2.3185752779477014
788,train,87.26,66.42002409655534,20.839975903444667
3166,train,99.31,69.5197336856649,29.7902663143351
12200,train,86.04,67.80357215252363,18.236427847476378
90999,train,45.45,60.71584275686875,-15.26584275686875
55593,train,79.14,63.77262483158924,15.36737516841076
70557,train,48.07,61.70154117965919,-13.631541179659187
26661,train,91.22,65.45141152629758,25.768588473702422
6192,train,40.27,60.06724404676669,-19.797244046766686
69161,train,41.26,60.21305902227571,-18.95305902227571
31120,train,53.48,58.6039358544128,-5.123935854412807
28533,train,62.73,63.725186694255726,-0.9951866942557288
7115,train,32.23,57.092733125433625,-24.86273312543363
31431,train,61.66,64.67348936312446,-3.0134893631244637
49779,train,69.18,64.59409889092674,4.585901109073262
33888,train,42.57,57.148847466628084,-14.578847466628083
37026,train,68.67,66.6188106697098,2.0511893302901996
15403,train,77.8,68.37391547203265,9.426084527967348
37781,train,62.59,63.72553651828278,-1.1355365182827768
61253,train,47.2,59.44953405551388,-12.249534055513877
61363,train,64.1,62.48985472551391,1.6101452744860865
40359,train,70.93,64.58818057421345,6.341819425786554
73838,train,84.01,64.81949433398296,19.190505666017046
56538,train,63.78,60.06437241653277,3.7156275834672314
58488,train,94.81,65.81039156351954,28.999608436480457
98443,train,67.95,59.35690704816413,8.593092951835871
87466,train,63.0,64.13612878322225,-1.1361287832222473
22824,train,71.81,64.24361156003131,7.566388439968691
90743,train,88.83,66.31192899780783,22.518071002192173
17799,train,64.27,59.863283211293734,4.406716788706262
87607,train,91.02,66.00890093768962,25.01109906231038
62285,train,47.89,63.912192649819254,-16.022192649819253
84111,train,71.99,66.12723579581034,5.862764204189659
77055,train,78.02,62.17360121628665,15.846398783713347
4193,train,65.59,64.63927185736179,0.9507281426382121
31631,train,73.75,67.72612157206632,6.023878427933681
40650,train,66.59,63.47405733395163,3.115942666048376
70237,train,42.38,56.01412202105608,-13.63412202105608
87037,train,74.21,63.3687090756316,10.841290924368394
60866,train,31.16,57.26664091495193,-26.106640914951928
56013,train,59.99,64.19534295315411,-4.205342953154108
53829,train,64.71,62.1819618748226,2.528038125177396
68940,train,47.51,58.28834247775913,-10.778342477759132
40941,train,43.63,58.692998632460395,-15.062998632460392
57862,train,72.93,62.0828858224852,10.847114177514804
49963,train,61.8,67.26726891652011,-5.467268916520112
36694,train,62.48,62.903719370517614,-0.42371937051761677
1860,train,64.18,63.76675749949108,0.41324250050892886
25170,train,66.06,66.10573899867667,-0.04573899867666853
28326,train,56.56,63.194845826914126,-6.634845826914123
15347,train,62.26,62.28412813825717,-0.02412813825716853
95125,train,67.01,64.07009645484744,2.9399035451525606
39686,train,73.07,63.68018381921337,9.389816180786624
6313,train,60.97,61.9287275054283,-0.9587275054282998
2211,train,79.79,69.3523713119413,10.437628688058709
68271,train,69.31,64.44635138887865,4.863648611121349
30469,train,75.04,63.88096117973796,11.159038820262047
149,train,56.15,62.97864020369592,-6.828640203695919
39524,train,63.44,64.16405896317627,-0.7240589631762759
41515,train,47.42,59.07590386500226,-11.655903865002259
61129,train,61.14,65.43661980320512,-4.296619803205118
17169,train,76.59,65.20549781354524,11.384502186454768
16765,train,41.81,60.05703750675926,-18.247037506759256
50103,train,36.29,57.16551756589872,-20.87551756589872
56729,train,55.99,63.817719487343645,-7.827719487343643
2547,train,67.39,64.14889086225264,3.241109137747358
65981,train,70.32,64.08397111924398,6.23602888075601
81995,train,73.37,59.6537801515933,13.716219848406702
91125,train,37.14,55.730496792791484,-18.590496792791484
86035,train,81.92,66.29459816953394,15.62540183046606
94349,train,71.18,61.8876124946262,9.29238750537381
10772,train,52.21,56.2048189660252,-3.9948189660252
78316,train,48.15,58.03323447409028,-9.88323447409028
91340,train,97.74,68.34280945849758,29.39719054150241
48389,train,80.09,63.25438812209173,16.83561187790827
96260,train,37.68,56.98065065221141,-19.30065065221141
13705,train,64.09,64.44348222978766,-0.35348222978765875
13343,train,60.75,63.39645354497198,-2.6464535449719833
35458,train,65.65,63.31766924033114,2.3323307596688636
68316,train,67.7,62.1819618748226,5.518038125177405
81241,train,61.63,64.84899466693264,-3.2189946669326375
65186,train,68.84,63.81796828050608,5.022031719493924
18166,train,73.56,58.9437728616637,14.6162271383363
82162,train,61.14,64.22352446128629,-3.083524461286288
61341,train,83.93,66.4191704832796,17.510829516720406
31161,train,71.26,61.372514370438395,9.88748562956161
58575,train,50.9,59.49870577759581,-8.59870577759581
21973,train,54.98,58.6039358544128,-3.6239358544128066
84470,train,82.98,64.13577895919519,18.84422104080481
59726,train,31.56,56.57249382673284,-25.01249382673284
40988,train,57.35,58.9102760624147,-1.560276062414701
65675,train,57.78,66.32470146944523,-8.54470146944523
34823,train,37.33,58.85231345142254,-21.52231345142254
35121,train,54.07,61.27816037660745,-7.208160376607452
48459,train,44.96,60.79673912689033,-15.836739126890329
47314,train,71.74,67.08469985782911,4.655300142170887
17947,train,90.27,66.34750331712456,23.922496682875433
57222,train,76.52,66.29104824524472,10.228951754755272
29857,train,62.94,60.420367468729914,2.5196325312700836
38391,train,98.91,67.72612157206632,31.183878427933678
35767,train,28.76,61.68854892510334,-32.92854892510334
41962,train,46.88,55.392185503814595,-8.512185503814592
65349,train,61.03,62.97418753860464,-1.9441875386046377
56048,train,55.09,59.30434380001307,-4.214343800013069
53615,train,42.69,57.94631160725173,-15.256311607251732
89078,train,56.63,64.76147912853602,-8.131479128536022
4510,train,79.06,63.77311708427186,15.286882915728143
25269,train,52.91,62.34220719615207,-9.43220719615207
99623,train,77.06,62.31670564500016,14.74329435499984
7112,train,35.5,58.82521620175913,-23.325216201759133
37023,train,80.49,68.41156885880217,12.078431141197825
71757,train,59.32,62.062875241829936,-2.7428752418299354
36960,train,56.12,67.20703752296839,-11.087037522968394
26941,train,62.98,56.9877639361923,5.992236063807695
54806,train,29.3,56.84843308291267,-27.54843308291267
30397,train,91.41,69.43118708469005,21.978812915309945
45354,train,56.62,60.57935550141071,-3.9593555014107125
36296,train,67.3,63.27709192200804,4.022908077991957
94114,train,30.42,55.444506530050965,-25.024506530050964
29534,train,57.34,61.04399051249778,-3.703990512497775
3313,train,74.4,62.602042441617996,11.79795755838201
36137,train,53.44,63.93722956758975,-10.497229567589756
9783,train,58.5,59.61973315901319,-1.1197331590131867
33931,train,66.4,63.9854880875464,2.414511912453605
47868,train,44.69,55.058353375173866,-10.368353375173868
32998,train,51.97,60.63064431728323,-8.660644317283229
34993,train,54.92,62.93294781498595,-8.01294781498595
53527,train,49.05,57.3739170910694,-8.323917091069404
72130,train,68.26,64.48971095330647,3.7702890466935344
52177,train,74.9,65.9250888380349,8.97491116196511
37523,train,61.51,63.84904491781385,-2.339044917813851
57343,train,72.71,63.47344489643321,9.236555103566786
46858,train,70.06,65.85051152375978,4.2094884762402245
30452,train,60.54,60.137901812345085,0.40209818765491434
42917,train,44.91,57.56705529866734,-12.657055298667345
51643,train,82.39,68.24420648507856,14.145793514921436
26472,train,71.71,63.96922357510086,7.740776424899131
65536,train,71.68,65.67388193281262,6.006118067187387
95128,train,57.22,64.66347829771628,-7.4434782977162826
45148,train,32.71,57.78187009657602,-25.07187009657602
67292,train,80.72,62.847285915188735,17.872714084811264
90918,train,71.8,63.01854383602285,8.781456163977147
5324,train,58.72,65.37558224199545,-6.655582241995447
41647,train,80.13,65.57374930808638,14.556250691913618
58471,train,60.46,58.6039358544128,1.8560641455871973
88638,train,66.18,62.68172697402694,3.49827302597307
5548,train,28.42,56.62302679806446,-28.203026798064457
60041,train,55.23,60.04345619805509,-4.813456198055093
69840,train,36.92,60.26784772818332,-23.347847728183318
28238,train,73.5,60.54157083058561,12.958429169414387
42445,train,52.97,61.24122435620176,-8.271224356201763
79277,train,55.68,61.477375467584004,-5.797375467584004
98295,train,34.79,57.79212492310866,-23.00212492310866
89245,train,56.83,65.34508831368125,-8.515088313681247
37446,train,56.13,66.77047817317077,-10.64047817317077
46633,train,78.99,63.772771867482376,15.217228132517619
52884,train,49.44,61.56891380767839,-12.128913807678394
6541,train,42.53,61.31184520044384,-18.78184520044384
8257,train,39.07,59.19305844128278,-20.12305844128278
40038,train,65.94,60.11059400778431,5.8294059922156904
68841,train,75.79,62.159514377819,13.630485622181006
91657,train,52.5,56.57249382673284,-4.072493826732838
46120,train,43.77,57.56705529866734,-13.797055298667338
60893,train,58.65,59.43970839000484,-0.78970839000484
76093,train,89.77,66.37622939072644,23.39377060927356
44520,train,42.67,58.07811518584918,-15.408115185849176
60033,train,67.19,63.98982102834117,3.200178971658829
14792,train,78.3,66.85765216358385,11.442347836416147
80031,train,86.95,59.87898802355962,27.07101197644038
51537,train,53.35,62.33411356751598,-8.984113567515976
34476,train,35.56,60.591915979472105,-25.031915979472103
62333,train,76.34,66.80620139374278,9.533798606257221
37143,train,55.57,58.64558206606512,-3.0755820660651167
29515,train,69.51,66.54314033313338,2.9668596668666254
57355,train,35.85,59.20914089407372,-23.359140894073718
51477,train,50.34,63.07222047824039,-12.732220478240386
86991,train,68.02,63.79042531196877,4.229574688031228
15610,train,65.18,63.164903556941354,2.0150964430586527
5215,train,39.46,55.23610700488028,-15.77610700488028
80184,train,63.87,60.98994776635018,2.8800522336498204
83134,train,61.44,63.77262483158924,-2.332624831589243
41093,train,58.66,59.29011957405865,-0.6301195740586536
57992,train,50.19,60.22354769534098,-10.033547695340985
89961,train,44.15,64.88058504045547,-20.730585040455473
59433,train,41.43,60.166357070368235,-18.736357070368236
21396,train,69.24,62.589049962153474,6.6509500378465205
4148,train,68.11,62.855575604529754,5.254424395470245
37637,train,99.66,68.29094690417453,31.369053095825464
57967,train,62.69,63.37138650213488,-0.6813865021348846
48668,train,38.94,57.85972134671643,-18.91972134671643
68954,train,76.9,63.36030303229368,13.539696967706327
96758,train,72.3,62.97864020369592,9.32135979630408
14268,train,71.28,65.11236069841708,6.167639301582923
38720,train,50.99,61.37296121940534,-10.382961219405338
18063,train,34.25,58.20226375380466,-23.952263753804658
69419,train,80.71,62.586210892993435,18.12378910700656
79342,train,45.34,57.65990735380992,-12.319907353809917
21756,train,86.3,67.7741308248696,18.525869175130396
76236,train,67.64,65.04794741417908,2.592052585820923
19778,train,54.01,59.07481411026509,-5.06481411026509
95065,train,68.57,60.48626955095923,8.083730449040765
50600,train,35.05,60.823016524162504,-25.773016524162507
34338,train,57.79,61.1281048473767,-3.338104847376698
24505,train,96.31,68.12358453045093,28.186415469549075
52045,train,44.01,55.730496792791484,-11.720496792791486
38670,train,38.57,58.19908344868568,-19.629083448685677
93352,train,67.44,61.36477942570974,6.075220574290256
30578,train,65.2,66.06541586598159,-0.8654158659815891
69618,train,59.63,60.34869435092879,-0.7186943509287858
54934,train,67.22,60.916859691302214,6.303140308697785
65198,train,61.08,62.1909830376616,-1.1109830376616046
39554,train,55.79,58.407008369719875,-2.6170083697198763
9202,train,41.8,57.16551756589872,-15.36551756589872
55303,train,45.71,60.29719585559888,-14.587195855598878
89173,train,41.6,57.79167148886519,-16.19167148886519
32608,train,67.47,61.80969961243497,5.66030038756503
20266,train,86.47,68.81454980458759,17.655450195412413
46217,train,61.16,59.99415972657329,1.16584027342671
66029,train,60.53,61.1277177458346,-0.5977177458346006
51451,train,48.29,64.96736501384328,-16.67736501384328
37818,train,73.58,64.83616438826947,8.743835611730532
5671,train,73.44,64.69323477793367,8.74676522206633
6904,train,56.62,58.6039358544128,-1.983935854412806
25129,train,72.41,62.328046786170965,10.081953213829031
92035,train,78.22,67.77829585455716,10.441704145442841
48782,train,42.8,59.64745597688435,-16.847455976884355
10981,train,77.53,65.8715468494031,11.658453150596898
72771,train,69.3,60.81779324085843,8.482206759141569
84014,train,38.82,57.148847466628084,-18.328847466628083
23787,train,91.11,66.90225405676479,24.20774594323521
51420,train,55.75,60.334585389616564,-4.584585389616564
15715,train,50.79,60.115672752669525,-9.325672752669526
83068,train,51.94,61.665296183079406,-9.725296183079408
50439,train,30.83,58.10458077890545,-27.274580778905452
53674,train,61.32,64.6365128102294,-3.316512810229405
74457,train,77.0,64.83974921164031,12.16025078835969
91957,train,75.28,64.69761937037542,10.58238062962458
90463,train,49.73,62.89589576987866,-13.165895769878666
63780,train,34.13,53.46277494279616,-19.332774942796156
75032,train,47.69,59.76235414296096,-12.072354142960961
98422,train,54.01,63.894864636523174,-9.884864636523176
60015,train,74.69,65.52752168177958,9.162478318220423
17370,train,40.08,61.63871931627391,-21.55871931627391
18732,train,65.41,62.689508929692565,2.720491070307432
690,train,81.17,63.81543188675559,17.35456811324441
84721,train,68.18,59.49646585968578,8.68353414031423
76501,train,53.03,63.564366308901775,-10.534366308901774
2174,train,62.69,64.50353984529708,-1.8135398452970861
31838,train,78.67,64.70040770099031,13.96959229900969
84697,train,65.97,68.98191217831119,-3.011912178311192
90416,train,78.82,69.5197336856649,9.30026631433509
19981,train,49.46,63.15198900343972,-13.691989003439723
25327,train,69.06,58.3569038721912,10.703096127808806
42060,train,84.83,66.38323410236904,18.446765897630954
76205,train,66.58,60.216052314764745,6.363947685235253
59922,train,63.09,58.14127388539581,4.948726114604192
92766,train,57.34,60.32039808269942,-2.9803980826994163
40987,train,50.53,64.61812025909063,-14.08812025909063
1879,train,65.4,65.02182961747054,0.37817038252946134
83025,train,44.92,61.743750196894844,-16.823750196894842
55295,train,53.54,60.30117766914545,-6.761177669145454
78788,train,81.08,64.89371954611467,16.18628045388533
22892,train,56.48,60.65834061578989,-4.178340615789892
47174,train,91.05,66.8254715926529,24.224528407347094
37623,train,64.54,64.95616410319772,-0.41616410319771546
17919,train,69.03,65.81583535105922,3.2141646489407805
25159,train,74.57,59.23930785465071,15.330692145349282
15294,train,76.97,66.37558516086204,10.594414839137954
89610,train,57.96,62.55330080351893,-4.593300803518929
94188,train,71.28,66.95223672123437,4.32776327876563
64671,train,74.99,65.81583535105922,9.174164648940774
83771,train,58.15,59.09689196695091,-0.9468919669509148
73661,train,54.16,56.84843308291267,-2.688433082912674
18215,train,76.38,64.30602608268119,12.07397391731881
50766,train,74.7,65.99477335251663,8.705226647483371
342,train,72.77,61.3264947746104,11.443505225389593
89798,train,89.57,65.11099996592978,24.459000034070215
42027,train,55.68,61.55456257769011,-5.874562577690114
55851,train,35.85,57.464914977584655,-21.614914977584654
63283,train,76.1,65.3071014336408,10.792898566359199
24186,train,54.47,60.06338404875271,-5.593384048752711
2037,train,78.7,62.881937652908604,15.818062347091399
85060,train,10.9,57.3739170910694,-46.4739170910694
53277,train,68.77,63.13561661462202,5.634383385377973
74579,train,82.71,63.71166554744376,18.998334452556236
52209,train,76.9,63.16803208225941,13.731967917740597
36290,train,100.0,69.3523713119413,30.647628688058703
64725,train,81.49,64.30602608268119,17.18397391731881
28601,train,62.74,61.556711102161664,1.183288897838338
18145,train,67.24,61.89658501025211,5.343414989747885
18241,train,63.74,62.26818248232927,1.471817517670729
48388,train,55.92,60.95949049807032,-5.039490498070322
55929,train,87.55,64.68242065200924,22.867579347990755
50463,train,47.97,62.55809871667071,-14.588098716670714
40011,train,77.42,65.64847297733562,11.771527022664387
36925,train,66.34,64.02251588885835,2.3174841111416526
8285,train,63.03,61.29985225759873,1.7301477424012717
91597,train,56.29,61.03564163072689,-4.745641630726894
59908,train,52.34,60.558883171690056,-8.218883171690052
83736,train,46.02,60.03770478764037,-14.017704787640369
69043,train,84.05,67.20423006493462,16.845769935065377
40474,train,57.11,56.85046571375797,0.25953428624202957
84992,train,76.76,66.4208548432688,10.339145156731206
72019,train,73.62,66.05218625675329,7.567813743246717
22527,train,48.95,58.407008369719875,-9.457008369719873
16783,train,37.75,54.95011674213976,-17.200116742139762
54622,train,60.57,66.03798000407681,-5.467980004076814
27918,train,79.05,61.235727064437945,17.81427293556205
66733,train,81.08,67.35729927342936,13.722700726570636
2259,train,61.38,65.15516353089698,-3.7751635308969824
68473,train,45.01,57.94631160725173,-12.936311607251731
29776,train,61.7,64.30608883011018,-2.606088830110181
85906,train,51.61,61.0343897749656,-9.424389774965597
45282,train,60.49,64.48095120901223,-3.9909512090122305
82773,train,57.67,58.3641458070179,-0.6941458070178967
15062,train,53.36,60.61675814745258,-7.2567581474525795
7316,train,71.05,64.61812025909063,6.431879740909366
82327,train,56.2,63.371368478529256,-7.171368478529253
68092,train,99.48,67.53385309017251,31.94614690982749
22609,train,53.1,60.055234965102535,-6.955234965102534
15602,train,58.99,63.658165741415985,-4.668165741415983
3789,train,62.77,61.47728990227351,1.2927100977264914
2299,train,63.89,64.70040770099031,-0.8104077009903108
10513,train,78.06,66.73182005544405,11.328179944555956
32932,train,81.49,64.29862704326514,17.191372956734853
64127,train,39.99,60.633240545544375,-20.643240545544373
90989,train,62.64,62.14039975805104,0.49960024194896135
99587,train,89.85,67.85520235438351,21.994797645616487
25655,train,83.8,61.848752299756114,21.951247700243883
4024,train,53.39,61.37523789414582,-7.985237894145818
19113,train,72.08,60.983413539290844,11.096586460709155
79824,train,58.14,61.65780139606416,-3.517801396064158
57143,train,65.07,63.4271307976087,1.6428692023912959
97493,train,51.55,61.70427705856637,-10.154277058566372
41693,train,57.87,64.10944803498184,-6.239448034981841
6000,train,41.2,58.70069150998207,-17.50069150998207
17190,train,42.92,61.40848616415644,-18.48848616415644
6321,train,78.86,66.22055546478455,12.639444535215446
21260,train,57.95,62.94307800195413,-4.9930780019541245
833,train,90.65,64.81949433398296,25.830505666017046
22196,train,58.74,62.996993944913754,-4.256993944913752
55449,train,67.24,64.29452306558301,2.9454769344169875
22915,train,69.1,66.05218625675329,3.0478137432467065
83962,train,71.87,63.367804539957106,8.502195460042898
79994,train,50.92,61.24428711536469,-10.32428711536469
37144,train,56.27,60.747654292834866,-4.477654292834863
70669,train,53.39,62.153978240591705,-8.763978240591705
85241,train,56.2,63.75391359457139,-7.553913594571384
84699,train,67.06,61.848752299756114,5.211247700243888
88393,train,74.23,57.89538647613371,16.334613523866295
30686,train,51.6,60.93534935951477,-9.335349359514765
16822,train,86.95,68.98191217831119,17.968087821688812
42657,train,77.59,65.04794741417908,12.542052585820926
74360,train,48.62,63.25077814286758,-14.630778142867584
15190,train,60.23,64.68951622875214,-4.459516228752143
37691,train,58.23,63.162563931912146,-4.932563931912149
65698,train,74.98,64.0395792030873,10.940420796912704
2495,train,50.97,62.23193620849988,-11.261936208499883
16361,train,52.78,61.20643174119528,-8.42643174119528
12769,train,42.45,55.730496792791484,-13.280496792791482
44593,train,58.49,59.07825802764652,-0.5882580276465177
50614,train,75.95,65.91228451278413,10.037715487215877
71940,train,39.58,58.35772748392046,-18.777727483920465
61670,train,55.82,60.78003961590147,-4.960039615901472
4939,train,44.07,55.392185503814595,-11.322185503814595
22610,train,50.99,60.93534935951477,-9.945349359514765
31692,train,66.57,61.732065336797,4.837934663202994
60718,train,65.56,64.54917757387656,1.0108224261234398
86622,train,91.7,66.85915490807902,24.840845091920983
48587,train,60.66,61.8451497084293,-1.1851497084293001
32257,train,75.39,64.97276141939899,10.417238580601008
35269,train,64.73,64.35206739389172,0.3779326061082884
10825,train,53.71,60.41408447071508,-6.704084470715081
61461,train,64.12,61.58101850284133,2.538981497158673
58913,train,64.9,64.6650911603963,0.23490883960370468
50198,train,71.96,63.03965564541508,8.920344354584913
57787,train,64.38,66.66678746788853,-2.28678746788853
26594,train,69.35,67.77829585455716,1.5717041454428369
57768,train,93.27,68.37391547203265,24.896084527967346
89504,train,53.93,61.944783989630224,-8.014783989630224
43768,train,53.2,66.34227437773393,-13.142274377733926
97106,train,67.7,61.61329731129708,6.086702688702921
61577,validation,67.35,63.83216535808702,3.5178346419129767
87444,validation,29.97,57.464914977584655,-27.494914977584656
66315,validation,67.96,63.84423021781879,4.115769782181204
17570,validation,53.84,61.17663037686345,-7.336630376863447
52176,validation,60.36,65.34595618187997,-4.9859561818799705
1463,validation,58.13,61.8931228636595,-3.763122863659497
8028,validation,72.52,61.39734658225297,11.122653417747024
49673,validation,37.48,57.23675105336232,-19.756751053362322
88106,validation,57.43,58.1095460665016,-0.6795460665016009
46391,validation,86.0,67.71560281643171,18.284397183568288
69025,validation,69.7,63.42759823758759,6.272401762412414
78212,validation,53.89,56.57249382673284,-2.6824938267328378
24052,validation,76.41,68.37391547203265,8.036084527967347
37833,validation,53.28,58.27491752548743,-4.9949175254874305
99760,validation,38.44,58.457630174692724,-20.017630174692727
55927,validation,50.39,56.97173689872581,-6.581736898725808
11317,validation,71.01,61.71453493473134,9.295465065268665
43143,validation,100.0,66.56758510402553,33.432414895974475
75721,validation,44.6,56.21932174240355,-11.61932174240355
30849,validation,67.2,62.08708468937399,5.112915310626015
43257,validation,20.59,56.64127141098623,-36.05127141098623
4624,validation,66.32,58.1095460665016,8.210453933498393
19212,validation,62.73,63.72553651828278,-0.9955365182827833
45325,validation,43.88,55.444506530050965,-11.564506530050963
62997,validation,87.46,68.98191217831119,18.478087821688803
51449,validation,84.52,66.6188106697098,17.901189330290194
70172,validation,60.89,63.53235850014876,-2.6423585001487595
54212,validation,58.8,63.771772559913956,-4.971772559913958
93811,validation,45.49,58.774738071957366,-13.284738071957364
59649,validation,84.77,63.58065095301685,21.189349046983146
39694,validation,55.34,62.44442709766563,-7.104427097665628
48466,validation,68.18,65.00535486489623,3.1746451351037734
8663,validation,60.42,60.31496930456062,0.10503069543938182
75854,validation,66.92,63.65026788984288,3.269732110157122
65947,validation,54.33,60.323633856586966,-5.993633856586968
86762,validation,83.31,58.75059010277964,24.559409897220362
82038,validation,89.84,68.11278786527697,21.727212134723032
86801,validation,47.21,63.3687090756316,-16.1587090756316
79745,validation,58.4,58.52548095456156,-0.12548095456156005
63420,validation,70.45,62.648955726124385,7.801044273875618
51987,validation,47.21,59.118675587585386,-11.908675587585385
37108,validation,26.59,56.2048189660252,-29.6148189660252
48527,validation,58.05,59.404665850325905,-1.3546658503259081
61241,validation,75.81,62.392152900832016,13.417847099167986
52216,validation,95.28,66.37622939072644,28.903770609273565
39375,validation,73.77,63.25874669492714,10.511253305072856
575,validation,50.84,58.20987932090445,-7.369879320904445
52757,validation,66.39,59.82313341301012,6.566866586989882
61773,validation,32.94,57.65990735380992,-24.719907353809923
96125,validation,46.08,55.392185503814595,-9.312185503814597
51010,validation,54.3,64.0328899648482,-9.732889964848198
27093,validation,67.29,60.10668823628974,7.183311763710265
7201,validation,92.44,69.5197336856649,22.920266314335095
49908,validation,98.58,67.39802771904114,31.18197228095886
79850,validation,61.98,62.0538142494578,-0.07381424945780424
74908,validation,53.22,63.71216568231702,-10.492165682317022
7748,validation,46.78,59.07825802764652,-12.298258027646519
94212,validation,45.94,57.87550724252412,-11.935507242524125
4779,validation,56.29,62.556082613427485,-6.266082613427486
7395,validation,100.0,66.73796288441754,33.26203711558246
22583,validation,80.07,65.81583535105922,14.254164648940773
42643,validation,68.04,62.35731610945793,5.682683890542073
10538,validation,48.29,59.404665850325905,-11.114665850325906
24626,validation,49.04,58.774738071957366,-9.734738071957366
98691,validation,50.62,60.72312619626385,-10.103126196263851
38432,validation,78.95,62.16396553573243,16.786034464267573
88071,validation,65.83,62.108234550334515,3.721765449665483
34653,validation,50.62,58.07811518584918,-7.458115185849181
58794,validation,81.16,67.18517030891418,13.974829691085816
92176,validation,42.29,58.28834247775913,-15.998342477759131
56300,validation,64.75,65.9640763334205,-1.2140763334204934
14041,validation,87.8,66.61500300752802,21.18499699247198
15842,validation,56.51,61.43336977288907,-4.923369772889075
56461,validation,74.2,62.89405333550096,11.30594666449904
32318,validation,59.53,60.81211188688979,-1.282111886889787
9845,validation,58.8,64.13439548924644,-5.334395489246447
88888,validation,61.96,64.25492139703191,-2.2949213970319065
67301,validation,73.55,66.10929161084435,7.440708389155645
655,validation,53.05,59.29011957405865,-6.240119574058653
56024,validation,77.44,60.73051114288029,16.70948885711971
49598,validation,44.85,63.2857094228493,-18.4357094228493
86253,validation,59.53,63.75670065064623,-4.2267006506462295
20292,validation,52.67,63.98061085949649,-11.310610859496485
53141,validation,57.61,63.261853754681056,-5.651853754681056
7895,validation,45.92,59.9541177719372,-14.034117771937197
67453,validation,88.21,62.07365745653453,26.136342543465467
90091,validation,86.64,68.21025975483123,18.429740245168773
25134,validation,46.55,57.148847466628084,-10.598847466628087
48462,validation,56.44,59.07825802764652,-2.638258027646522
63485,validation,79.8,64.81949433398296,14.980505666017038
20013,validation,64.53,57.73731782550346,6.792682174496541
44524,validation,100.0,66.16585129772287,33.83414870227713
93621,validation,47.07,60.78003961590147,-13.710039615901472
56544,validation,57.34,61.478619393780704,-4.138619393780701
41408,validation,100.0,69.5197336856649,30.480266314335097
26890,validation,70.27,67.13128318201322,3.1387168179867757
96991,validation,59.66,61.864106876182255,-2.2041068761822586
80796,validation,67.64,58.70069150998207,8.939308490017929
16290,validation,73.06,64.89207436787792,8.167925632122078
57283,validation,70.85,65.57273366793612,5.277266332063874
2514,validation,85.9,66.90532525814115,18.99467474185886
7858,validation,93.76,68.98191217831119,24.778087821688814
19524,validation,90.2,64.02848180079684,26.171518199203163
59034,validation,42.81,60.42943487580744,-17.619434875807436
42288,validation,94.96,66.56758510402553,28.39241489597447
45465,validation,61.04,61.62669865101179,-0.586698651011794
47811,validation,69.32,61.317725269175185,8.002274730824809
94640,validation,50.89,63.26445417017494,-12.374454170174943
85541,validation,80.76,63.63387612719884,17.126123872801166
60297,validation,61.18,58.77006611895029,2.40993388104971
15884,validation,71.6,64.4573018943959,7.142698105604097
31409,validation,49.78,57.02784628174683,-7.247846281746831
49043,validation,71.85,62.28009463220777,9.569905367792224
81410,validation,80.81,66.83430080389253,13.97569919610747
94565,validation,66.91,65.65450336471469,1.2554966352853114
47453,validation,65.46,60.95845840814138,4.5015415918586115
88126,validation,80.19,63.52332537789202,16.666674622107976
76012,validation,34.55,60.75263983111583,-26.20263983111583
75759,validation,46.2,60.121008869054975,-13.921008869054972
68361,validation,75.52,66.03154273185675,9.48845726814325
67559,validation,59.2,62.805583134465294,-3.6055831344652916
9937,validation,28.66,57.65990735380992,-28.99990735380992
9962,validation,59.63,60.668939182664104,-1.0389391826641017
16730,validation,44.52,63.4992739029203,-18.979273902920298
70593,validation,46.41,59.72034120969709,-13.310341209697093
65743,validation,34.11,57.3739170910694,-23.263917091069402
42263,validation,44.72,59.36397944686002,-14.643979446860023
89884,validation,75.11,62.78322975048072,12.326770249519278
94198,validation,52.97,57.56580753399902,-4.595807533999022
14051,validation,54.78,59.09689196695091,-4.316891966950912
67358,validation,69.38,57.243092756272084,12.136907243727912
65083,validation,49.26,60.06338404875271,-10.803384048752712
97026,validation,65.85,64.76558113520895,1.084418864791047
12387,validation,47.97,57.93089814158141,-9.96089814158141
578,validation,56.46,58.13422952704364,-1.6742295270436358
87859,validation,83.05,65.31174081445424,17.738259185545758
88149,validation,86.44,66.53906618173633,19.900933818263667
79926,validation,63.2,62.77807843996993,0.4219215600300714
64721,validation,81.56,67.07293808264515,14.48706191735485
25521,validation,75.84,63.516483038235826,12.323516961764177
46377,validation,64.21,62.13734597564945,2.072654024350541
673,validation,44.76,56.2048189660252,-11.444818966025203
59338,validation,45.69,60.63585836690542,-14.94585836690542
97795,validation,60.42,59.50748423189038,0.9125157681096212
49148,validation,92.05,65.80334521085686,26.246654789143136
34573,validation,78.12,63.76095495993269,14.359045040067315
25980,validation,81.71,67.57981148359104,14.13018851640895
53841,validation,41.86,65.64718971324768,-23.787189713247685
59038,validation,75.19,61.45351461124279,13.73648538875721
73976,validation,57.51,61.9287275054283,-4.418727505428301
68356,validation,52.61,60.65834061578989,-8.04834061578989
80853,validation,45.69,59.82287368236516,-14.132873682365165
31840,validation,66.96,60.42162784678812,6.538372153211874
69587,validation,65.87,68.5137039957683,-2.6437039957682913
5019,validation,79.21,63.4668988399409,15.74310116005909
11753,validation,52.38,60.415168794288,-8.035168794287998
97139,validation,57.56,61.944783989630224,-4.384783989630222
42189,validation,100.0,67.98063747390192,32.01936252609808
77203,validation,61.66,61.35316779857452,0.30683220142547896
98822,validation,45.37,60.66388821859,-15.293888218590006
50651,validation,51.4,61.6813899260325,-10.281389926032503
49470,validation,65.24,63.80013611481724,1.4398638851827528
90922,validation,72.98,64.46093711416933,8.519062885830678
69127,validation,66.46,62.355039434717455,4.104960565282539
45757,validation,57.77,64.12223735247468,-6.352237352474681
84125,validation,61.69,64.97985284140991,-3.2898528414099104
42504,validation,95.32,64.89424540151677,30.425754598483223
30094,validation,52.38,62.97926284724202,-10.599262847242017
60770,validation,87.75,68.98191217831119,18.76808782168881
63407,validation,57.55,58.928518190562166,-1.3785181905621684
99488,validation,60.72,60.747654292834866,-0.027654292834867533
84077,validation,64.04,65.54962843616957,-1.5096284361695638
90307,validation,58.56,57.092733125433625,1.467266874566377
76873,validation,64.01,62.32313799074913,1.6868620092508735
69417,validation,70.73,59.197065407434835,11.53293459256517
80917,validation,68.69,63.44922689540521,5.240773104594787
86920,validation,39.29,54.633032259153715,-15.343032259153716
1747,validation,62.1,61.92437745270017,0.17562254729983096
9543,validation,60.24,62.910010655298514,-2.670010655298512
64483,validation,61.13,64.79845517457717,-3.6684551745771685
11175,validation,64.55,59.932347365636915,4.617652634363083
2787,validation,71.47,64.1959790476873,7.274020952312696
26586,validation,69.05,63.99319351130774,5.05680648869226
59950,validation,57.85,59.344353041018095,-1.494353041018094
93111,validation,67.54,61.75370456329627,5.786295436703739
27976,validation,58.94,61.39192503453046,-2.4519250345304613
48475,validation,44.63,58.635328942482246,-14.005328942482244
87894,validation,43.68,57.3739170910694,-13.693917091069402
70813,validation,56.15,60.407573378359885,-4.257573378359886
52230,validation,70.2,65.72171640692004,4.478283593079965
88400,validation,55.64,59.03365923907568,-3.3936592390756815
62854,validation,56.51,63.23442764368624,-6.724427643686241
43187,validation,35.3,58.28834247775913,-22.988342477759133
19170,validation,99.85,69.5197336856649,30.33026631433509
87070,validation,38.78,55.392185503814595,-16.612185503814594
62437,validation,62.22,61.15613469906128,1.0638653009387156
56818,validation,58.49,59.14161873741368,-0.6516187374136777
5330,validation,68.42,63.78379108577685,4.636208914223154
25452,validation,32.48,60.42943487580744,-27.94943487580744
36297,validation,38.72,58.774738071957366,-20.054738071957367
84185,validation,61.48,64.13612878322225,-2.6561287832222504
60679,validation,35.08,58.44307309787072,-23.363073097870725
52738,validation,77.22,62.996880303049295,14.223119696950704
19730,validation,71.33,63.77840099013684,7.5515990098631605
78330,validation,51.92,67.72612157206632,-15.806121572066317
1054,validation,60.71,62.269349534220154,-1.5593495342201535
68791,validation,68.31,65.17086470370897,3.1391352962910304
4367,validation,52.2,59.78236605452993,-7.582366054529928
75573,validation,72.63,65.71671148666084,6.913288513339154
4221,validation,55.79,59.98938301901854,-4.199383019018541
90073,validation,39.95,64.16267822568044,-24.212678225680435
39183,validation,91.48,65.31174081445424,26.168259185545764
75063,validation,97.34,67.1507774843235,30.189222515676505
60900,validation,76.25,66.72843616887961,9.521563831120389
56780,validation,82.5,67.5563150313144,14.943684968685602
3393,validation,44.03,57.04007094049828,-13.01007094049828
39714,validation,37.7,57.92979556710045,-20.229795567100446
24378,validation,51.17,61.16176224209327,-9.991762242093266
66128,validation,62.96,59.92093026648474,3.0390697335152623
73691,validation,60.23,63.94466307232515,-3.714663072325152
14485,validation,65.34,64.22440090710626,1.1155990928937456
42236,validation,22.84,57.092733125433625,-34.25273312543362
38935,validation,43.67,58.3569038721912,-14.686903872191195
30572,validation,72.13,62.90574017300336,9.224259826996636
70107,validation,76.31,62.93294781498595,13.377052185014051
49358,validation,31.91,57.65990735380992,-25.74990735380992
95334,validation,97.44,68.02256472810711,29.417435271892884
29195,validation,40.0,56.84843308291267,-16.84843308291267
51202,validation,86.62,67.20703752296839,19.412962477031613
49959,validation,81.08,67.17029914827862,13.909700851721382
17972,validation,37.19,54.919022521894235,-17.729022521894237
16460,validation,60.95,64.41518725651517,-3.465187256515165
50194,validation,69.81,61.84596442219045,7.964035577809554
36721,validation,35.79,61.068932880729356,-25.278932880729357
15495,validation,38.91,62.26089710450479,-23.350897104504796
20960,validation,51.38,63.97234667968179,-12.59234667968179
40255,validation,29.62,61.36034880530615,-31.74034880530615
98399,validation,80.04,68.81454980458759,11.22545019541242
56602,validation,60.6,59.92708660557861,0.6729133944213928
28745,validation,56.09,64.7168430658798,-8.626843065879797
48214,validation,71.64,58.86906528637082,12.770934713629181
20306,validation,48.43,64.54988174976539,-16.11988174976539
14778,validation,86.14,67.33819504074303,18.80180495925697
39590,validation,51.18,61.111542618110846,-9.931542618110846
83006,validation,37.5,56.086332592033685,-18.586332592033685
63154,validation,52.02,60.16843142681416,-8.148431426814156
10238,validation,79.94,66.76084786632666,13.179152133673341
31196,validation,40.78,57.79212492310866,-17.012124923108658
65202,validation,44.23,59.92938136631684,-15.699381366316842
67886,validation,64.97,62.25308492598451,2.716915074015489
43640,validation,67.89,64.98550089577617,2.904499104223831
92611,validation,51.81,58.04388101891287,-6.233881018912868
87738,validation,82.87,66.20630519545075,16.66369480454925
27237,validation,48.78,62.189472673382156,-13.409472673382155
34570,validation,68.7,63.823640551887884,4.876359448112119
67775,validation,84.41,63.988704728540945,20.42129527145905
34807,validation,31.07,55.23610700488028,-24.16610700488028
31402,validation,51.17,65.34508831368125,-14.175088313681243
7515,validation,59.7,62.1293992446518,-2.4293992446517976
52458,validation,30.24,55.09854281548792,-24.85854281548792
12071,validation,65.24,60.64243900622309,4.597560993776902
85698,validation,28.85,61.09614355289513,-32.24614355289513
50505,validation,57.72,64.55366833973855,-6.833668339738551
91690,validation,88.23,64.94989370800266,23.280106291997342
38997,validation,49.99,63.67088596354635,-13.680885963546345
47699,validation,40.31,55.444506530050965,-15.134506530050963
13928,validation,56.28,60.01884261086797,-3.7388426108679695
45080,validation,55.14,58.3641458070179,-3.224145807017898
68991,validation,44.27,56.84843308291267,-12.578433082912667
10408,validation,47.07,64.58599367292044,-17.515993672920438
68270,validation,69.01,62.40329433468388,6.606705665316127
9093,validation,62.01,62.9027901186606,-0.8927901186605993
84127,validation,43.68,59.61161320095137,-15.931613200951368
56834,validation,56.64,56.64127141098623,-0.0012714109862272949
34304,validation,49.75,58.692998632460395,-8.942998632460395
36532,validation,50.29,57.65990735380992,-7.369907353809921
19320,validation,77.56,64.65630544364757,12.903694556352434
40646,validation,67.82,62.155556794920706,5.664443205079287
31375,validation,54.87,60.76140489120423,-5.891404891204232
8569,validation,100.0,63.819629187240295,36.180370812759705
54539,validation,73.13,59.49646585968578,13.633534140314218
28471,validation,88.01,66.77956495858938,21.23043504141063
11248,validation,65.98,65.25801341004264,0.7219865899573676
6117,validation,55.28,58.3641458070179,-3.0841458070178973
79162,validation,33.96,57.65990735380992,-23.69990735380992
73041,validation,73.59,62.20374794683126,11.386252053168747
67457,validation,57.27,62.67420835529388,-5.404208355293875
62005,validation,52.59,59.1928378830652,-6.602837883065199
72761,validation,100.0,68.98191217831119,31.01808782168881
62488,validation,74.52,62.556082613427485,11.963917386572511
29983,validation,71.29,62.40271598389978,8.887284016100224
16579,validation,67.51,64.86320655587917,2.6467934441208314
48541,validation,71.26,61.95388513168602,9.306114868313983
78674,validation,86.37,63.17480420379436,23.195195796205645
63129,validation,36.1,53.46277494279616,-17.362774942796158
47344,validation,67.56,64.71577094175755,2.8442290582424476
43295,validation,81.93,60.861894770570515,21.06810522942949
25039,validation,63.34,64.10497230900428,-0.7649723090042784
32865,validation,58.21,59.485406375204555,-1.275406375204554
95181,validation,37.42,59.70892922308281,-22.28892922308281
54119,validation,61.61,67.03967514924479,-5.429675149244787
17836,validation,78.77,62.08708468937399,16.682915310626008
59390,validation,51.79,61.267743573832206,-9.477743573832207
89624,validation,70.92,63.88163418386535,7.03836581613465
54915,validation,50.88,59.34001740935327,-8.46001740935327
90650,validation,68.83,64.59206108882017,4.237938911179825
61803,validation,43.93,55.444506530050965,-11.514506530050966
46128,validation,93.81,65.7448108968106,28.065189103189397
29823,validation,71.79,62.03167344643464,9.758326553565368
37427,validation,96.23,66.81648849934433,29.413511500655673
4881,validation,58.21,65.78267798501635,-7.572677985016348
82585,validation,59.18,61.848752299756114,-2.6687522997561146
62412,validation,90.98,68.37391547203265,22.606084527967354
20424,validation,98.83,68.98191217831119,29.848087821688807
64832,validation,53.91,64.61812025909063,-10.708120259090634
41134,validation,72.34,65.80334521085686,6.536654789143142
32386,validation,66.55,64.17036362406198,2.37963637593802
97371,validation,47.47,57.79246158351555,-10.322461583515555
9836,validation,34.35,58.45447328385234,-24.104473283852336
58721,validation,63.56,62.26089710450479,1.29910289549521
57460,validation,50.97,61.13966258747769,-10.169662587477688
93702,validation,55.9,59.49646585968578,-3.596465859685779
18373,validation,60.25,60.63585836690542,-0.38585836690541697
36198,validation,36.25,55.688573578826755,-19.438573578826755
56345,validation,51.04,59.37555186439642,-8.335551864396422
48252,validation,36.27,58.735699989468074,-22.46569998946807
49516,validation,55.8,63.849684034474116,-8.049684034474119
20334,validation,23.18,55.33723035393349,-32.15723035393349
20274,validation,61.74,65.0745463247391,-3.334546324739101
64845,validation,37.35,55.52358066012293,-18.17358066012293
896,validation,50.09,57.79212492310866,-7.702124923108656
93364,validation,72.03,63.696193462801595,8.333806537198406
80127,validation,75.72,63.011153160043115,12.708846839956884
93158,validation,56.87,60.53160307549902,-3.6616030754990234
30998,validation,71.92,60.71344602966063,11.206553970339371
12256,validation,86.78,65.11721721577813,21.662782784221875
76861,validation,57.75,60.861894770570515,-3.1118947705705153
35496,validation,100.0,67.68984283279043,32.31015716720957
69066,validation,80.58,60.41269818738169,20.167301812618305
14524,validation,43.66,59.81970240515473,-16.159702405154732
95434,validation,60.29,62.01716416260005,-1.7271641626000473
43431,validation,61.1,67.94336067625927,-6.843360676259273
6270,validation,59.91,65.74295638648142,-5.832956386481428
16821,validation,93.75,66.42002409655534,27.329975903444662
28852,validation,79.85,67.79857138428983,12.051428615710165
35073,validation,58.94,62.589049962153474,-3.6490499621534767
51490,validation,55.1,63.63387612719884,-8.533876127198837
48641,validation,53.51,57.55159903803223,-4.041599038032231
96711,validation,50.92,58.125988614884676,-7.205988614884674
51073,validation,38.06,57.65990735380992,-19.599907353809918
2323,validation,82.64,67.48010299815,15.159897001849998
71191,validation,90.1,66.76084786632666,23.339152133673338
42699,validation,15.17,55.70549613146659,-40.53549613146659
79892,validation,47.42,58.70069150998207,-11.28069150998207
55938,validation,60.31,66.1314387071441,-5.821438707144097
55317,validation,28.7,61.943200532794904,-33.2432005327949
9887,validation,82.59,67.00439554605457,15.585604453945436
12469,validation,58.0,59.31055312629488,-1.3105531262948773
52002,validation,65.93,61.30039444066291,4.629605559337094
54408,validation,70.9,67.09985327946391,3.800146720536091
72893,validation,61.05,56.11741705315048,4.932582946849514
10049,validation,69.44,64.73945967996974,4.700540320030257
17848,validation,53.88,61.92893078741447,-8.04893078741447
7144,validation,79.31,62.09894027623242,17.211059723767583
85997,validation,63.52,62.89405333550096,0.6259466644990397
57419,validation,70.03,63.61694790335644,6.413052096643561
15626,validation,66.88,65.40529715261039,1.474702847389608
32005,validation,35.58,55.688573578826755,-20.108573578826757
39548,validation,73.69,60.5663032463073,13.123696753692698
20135,validation,68.98,66.90089396570015,2.079106034299855
96813,validation,44.73,60.06437241653277,-15.334372416532773
79562,validation,53.98,64.31358883528861,-10.333588835288616
62879,validation,48.13,60.7359443530981,-12.605944353098096
5762,validation,26.75,55.730496792791484,-28.980496792791484
88807,validation,94.29,65.75458106747823,28.53541893252178
36238,validation,62.98,58.24329097782731,4.73670902217269
79378,validation,69.18,64.6443651589112,4.535634841088807
1045,validation,47.51,56.74601617470658,-9.236016174706585
57903,validation,52.71,58.07811518584918,-5.368115185849177
82699,validation,72.6,62.651205382417174,9.94879461758282
90354,validation,61.03,59.49646585968578,1.5335341403142237
18552,validation,63.35,61.67339806512078,1.6766019348792227
61004,validation,49.53,55.392185503814595,-5.862185503814594
5178,validation,51.08,57.79246158351555,-6.712461583515555
16098,validation,81.51,63.47485512127845,18.035144878721553
20427,validation,67.04,64.95318504422468,2.086814955775324
94480,validation,83.92,64.83681160362906,19.083188396370943
5104,validation,76.45,63.06868693933835,13.381313060661654
83012,validation,62.43,58.290099245042605,4.139900754957395
6729,validation,53.36,61.377183135174704,-8.017183135174704
6748,validation,56.95,63.27278737687574,-6.322787376875738
45948,validation,69.13,66.76084786632666,2.3691521336733388
22914,validation,70.63,61.03776721516729,9.592232784832703
74052,validation,63.17,64.39905187273781,-1.2290518727378128
30127,validation,57.87,64.16405896317627,-6.294058963176276
97052,validation,53.69,61.68854892510334,-7.998548925103343
14247,validation,62.27,64.56190991186055,-2.29190991186055
73793,validation,42.6,61.158321542738925,-18.558321542738923
270,validation,73.94,62.51907408605978,11.420925913940216
33319,validation,79.9,65.37143704595366,14.52856295404635
10429,validation,42.77,59.391343417315376,-16.621343417315373
24710,validation,62.13,63.37684638715713,-1.2468463871571274
52826,validation,31.04,53.75916301780832,-22.71916301780832
75617,validation,100.0,67.24030045636876,32.75969954363124
77144,validation,54.9,61.66765781018694,-6.76765781018694
99187,validation,48.43,60.175767201108776,-11.745767201108777
21351,validation,90.4,67.5563150313144,22.843684968685608
84506,validation,50.16,56.84843308291267,-6.688433082912674
13367,validation,69.16,62.74952095716789,6.410479042832108
98587,validation,72.14,61.185694107190045,10.954305892809955
59186,validation,66.72,63.19546935239808,3.524530647601921
31758,validation,44.66,57.04007094049828,-12.380070940498285
72814,validation,62.77,66.03154273185675,-3.2615427318567427
93303,validation,36.21,63.91009040890003,-27.70009040890003
88233,validation,60.39,61.973827650410755,-1.583827650410754
92484,validation,28.54,64.31387072725612,-35.77387072725612
73908,validation,96.98,68.29094690417453,28.68905309582547
34123,validation,79.6,65.43661980320512,14.163380196794876
22514,validation,42.81,59.93224173671464,-17.122241736714635
15777,validation,48.54,59.84517596034713,-11.305175960347128
80527,validation,57.83,63.02607427784403,-5.196074277844033
24035,validation,70.02,63.66913610573393,6.35086389426607
26334,validation,83.36,68.98191217831119,14.378087821688808
57273,validation,54.68,63.887940944806495,-9.207940944806495
19263,validation,55.98,58.407008369719875,-2.4270083697198785
1576,validation,49.69,63.748311567100785,-14.058311567100787
35651,validation,59.92,57.31986591368297,2.600134086317034
98973,validation,48.79,60.55987633354903,-11.769876333549028
14762,validation,43.34,59.07825802764652,-15.738258027646516
3502,validation,54.58,63.2695915542739,-8.689591554273903
90708,validation,88.8,67.11291039611775,21.687089603882242
62122,validation,59.1,61.36748926805778,-2.26748926805778
39878,validation,52.1,60.36629046012162,-8.266290460121617
67046,validation,51.37,60.16747976701877,-8.797479767018771
29414,validation,54.75,60.335374916651574,-5.585374916651574
52301,validation,47.77,61.47728990227351,-13.707289902273509
12750,validation,45.98,59.38338798638439,-13.403387986384395
11014,validation,52.78,63.210815675180136,-10.430815675180135
37237,validation,59.85,58.86906528637082,0.9809347136291819
91330,validation,69.47,60.63870792233873,8.831292077661267
66322,validation,71.54,66.34750331712456,5.1924966828754435
19823,validation,77.36,63.83405423674982,13.525945763250178
25330,validation,76.61,59.71876657256025,16.89123342743975
98465,validation,42.09,58.70069150998207,-16.61069150998207
16869,validation,70.94,61.96730336710113,8.972696632898867
10963,validation,76.14,62.910596690364414,13.229403309635586
70584,validation,72.83,68.94438959792208,3.8856104020779156
8235,validation,51.14,56.89244065943195,-5.752440659431947
38091,validation,67.28,61.27978474560867,6.000215254391328
46499,validation,61.11,61.19406082263225,-0.08406082263225301
42577,test,60.51,61.518338522475005,-1.0083385224750074
24095,test,71.44,62.589049962153474,8.850950037846523
17454,test,30.5,59.41976816085075,-28.91976816085075
29517,test,66.8,63.889518911609386,2.910481088390611
99268,test,57.57,64.85774994935602,-7.287749949356019
13132,test,51.09,61.0011152938628,-9.9111152938628
39431,test,32.59,60.36422341734227,-27.774223417342263
73092,test,70.3,67.17029914827862,3.129700851721381
8619,test,95.05,64.65004561635205,30.39995438364795
67610,test,79.2,62.588271549188235,16.611728450811768
26116,test,100.0,65.69844384805326,34.30155615194674
46640,test,39.86,60.23421738402019,-20.37421738402019
79402,test,74.93,64.86894661946792,10.061053380532087
26343,test,65.4,62.99964222709294,2.400357772907064
22199,test,54.05,66.91955048014933,-12.869550480149329
7732,test,55.65,64.3325784644472,-8.682578464447197
95717,test,65.6,62.996880303049295,2.6031196969506993
77676,test,63.33,62.15487143969197,1.1751285603080248
57723,test,68.39,65.51665445721834,2.8733455427816637
95453,test,63.14,66.23483855531921,-3.094838555319214
81364,test,77.56,63.68018381921337,13.879816180786634
90342,test,72.34,63.23032540785947,9.109674592140536
11126,test,72.81,60.766902182968046,12.043097817031956
61728,test,69.56,64.28899249639541,5.271007503604594
66100,test,69.1,60.98994776635018,8.110052233649817
56293,test,77.7,65.56728002918204,12.13271997081796
80323,test,79.0,62.37737186098543,16.622628139014573
25997,test,54.42,61.25614473848201,-6.836144738482005
37115,test,67.36,58.413786498146536,8.946213501853464
79817,test,64.84,61.4300804031819,3.4099195968181064
46153,test,56.13,63.728295479086825,-7.598295479086822
33459,test,48.31,63.306663549074464,-14.996663549074462
43581,test,83.58,64.5005579193374,19.079442080662602
29413,test,53.53,62.00957525143913,-8.47957525143913
91973,test,48.89,62.60789795503016,-13.71789795503016
57258,test,74.61,68.37391547203265,6.23608452796735
72269,test,60.64,67.05513730910545,-6.415137309105447
51762,test,69.6,63.96922357510086,5.630776424899132
226,test,50.78,61.39551989704922,-10.615519897049218
85308,test,49.45,57.3739170910694,-7.923917091069399
42221,test,64.31,63.708440158778345,0.6015598412216576
77006,test,52.67,59.118675587585386,-6.4486755875853845
40350,test,46.24,60.48626955095923,-14.246269550959227
72672,test,41.14,58.3569038721912,-17.216903872191196
26577,test,100.0,66.59348549260305,33.40651450739695
85176,test,53.04,60.85399441805235,-7.813994418052353
34080,test,63.36,60.11358124206987,3.2464187579301296
38853,test,76.75,64.53648328660158,12.21351671339842
61626,test,49.34,61.68733695290045,-12.347336952900449
60419,test,72.0,64.6490467644673,7.3509532355327
91487,test,62.6,61.37632905408018,1.223670945919821
93780,test,59.6,61.100424700715045,-1.500424700715044
45566,test,59.1,63.27278737687574,-4.172787376875739
39521,test,83.26,65.69844384805326,17.561556151946746
2360,test,48.53,58.47412023930558,-9.944120239305576
39988,test,44.64,60.184842410330766,-15.544842410330766
43582,test,54.59,64.62557614434384,-10.035576144343835
18634,test,42.57,60.12539108684482,-17.55539108684482
14531,test,64.16,60.76140489120423,3.3985951087957673
52450,test,63.4,65.37973639914674,-1.9797363991467378
77361,test,33.15,59.404665850325905,-26.254665850325907
22302,test,51.15,55.36832457417902,-4.218324574179022
56753,test,49.2,59.09689196695091,-9.89689196695091
29130,test,61.23,58.293484281924535,2.936515718075462
96594,test,51.32,62.65630377702779,-11.336303777027787
67702,test,77.76,63.17152888782788,14.588471112172122
96449,test,17.42,57.3739170910694,-39.9539170910694
85348,test,68.26,67.87460127595467,0.3853987240453307
90462,test,49.41,55.444506530050965,-6.034506530050969
41919,test,54.33,62.79376585527913,-8.463765855279135
12533,test,60.55,61.20085746466475,-0.6508574646647531
66365,test,65.17,61.8081545149233,3.3618454850766994
72363,test,72.23,62.57412721395921,9.655872786040796
35463,test,60.89,57.04007094049828,3.8499290595017186
90709,test,62.91,65.3071014336408,-2.397101433640799
97620,test,68.9,65.31840223441807,3.5815977655819324
11114,test,43.31,61.1327708796153,-17.822770879615298
43065,test,59.43,61.948738086083566,-2.518738086083566
31021,test,63.71,65.18256234681421,-1.4725623468142075
23957,test,71.44,65.43661980320512,6.003380196794879
31470,test,47.25,57.65990735380992,-10.40990735380992
39573,test,48.15,59.87898802355962,-11.728988023559623
78601,test,68.59,62.859260885637845,5.730739114362159
44418,test,55.98,59.29250767104834,-3.312507671048344
40772,test,54.38,59.70892922308281,-5.32892922308281
42454,test,46.18,58.54324043190189,-12.363240431901893
52765,test,74.95,65.65862157672323,9.291378423276768
37940,test,80.86,67.12466375634727,13.735336243652725
40147,test,54.05,66.00890093768962,-11.95890093768962
88476,test,62.21,62.32228414594092,-0.11228414594091873
68949,test,91.42,63.64480441277497,27.775195587225035
87126,test,55.48,65.88652814948908,-10.406528149489084
14038,test,90.84,67.6417161057105,23.198283894289503
36096,test,57.87,66.14358879150608,-8.273588791506079
73646,test,35.16,55.392185503814595,-20.2321855038146
60106,test,57.37,64.49935305600636,-7.129353056006359
58111,test,88.18,67.77246613898856,20.407533861011444
7677,test,84.67,60.175767201108776,24.494232798891225
52912,test,72.83,66.37622939072644,6.453770609273562
38606,test,58.14,59.07825802764652,-0.9382580276465191
96810,test,68.85,66.16276961568478,2.687230384315214
77657,test,55.42,63.62674172130839,-8.20674172130839
1349,test,56.62,57.87866413336451,-1.2586641333645119
76775,test,46.57,60.204357718394924,-13.634357718394924
16694,test,67.19,64.74416374807961,2.445836251920383
7134,test,59.79,62.440919716742094,-2.650919716742095
98351,test,63.12,64.23868249800377,-1.1186824980037713
5619,test,84.38,67.31521339824532,17.064786601754676
50452,test,78.65,68.50919051342358,10.14080948657643
49019,test,32.87,57.197347517248076,-24.32734751724808
35015,test,90.21,68.02256472810711,22.18743527189288
2996,test,87.22,62.867366052128865,24.352633947871134
9162,test,49.79,58.3641458070179,-8.5741458070179
8018,test,64.74,65.71671148666084,-0.9767114866608466
13735,test,43.9,61.833335945842954,-17.933335945842956
73421,test,60.02,62.33022567432731,-2.310225674327306
17502,test,42.36,61.85401837975461,-19.494018379754614
57644,test,68.37,62.01039015745516,6.359609842544842
10867,test,45.83,59.07825802764652,-13.248258027646521
81708,test,82.77,63.15627488293006,19.613725117069933
1966,test,49.02,57.148847466628084,-8.12884746662808
99002,test,29.03,57.148847466628084,-28.118847466628083
21377,test,50.94,59.92938136631684,-8.989381366316842
26303,test,66.85,64.59538935385213,2.254610646147867
95260,test,93.06,64.43060555668059,28.629394443319413
82443,test,98.1,68.98191217831119,29.118087821688803
85375,test,51.98,62.615338648441835,-10.635338648441838
19526,test,58.32,61.477375467584004,-3.1573754675840036
95652,test,89.37,63.31766924033114,26.052330759668862
30174,test,77.7,63.975893344363676,13.724106655636326
34089,test,72.05,60.46166403009435,11.58833596990565
63606,test,45.69,58.22519670523815,-12.53519670523815
20612,test,71.9,61.032505543528075,10.867494456471931
69018,test,72.95,66.37622939072644,6.573770609273566
86977,test,61.62,65.23298306685093,-3.612983066850937
7320,test,85.13,64.81949433398296,20.310505666017036
21808,test,59.83,57.93089814158141,1.8991018584185895
51427,test,76.62,61.03476566088393,15.585234339116077
47641,test,50.79,60.48626955095923,-9.69626955095923
56598,test,100.0,65.84124430653623,34.158755693463775
59250,test,86.55,65.31811009375953,21.23188990624047
23883,test,72.93,61.67297281795978,11.257027182040225
57335,test,60.56,61.665296183079406,-1.1052961830794032
36955,test,44.33,58.43463839746205,-14.104638397462054
9377,test,62.02,65.34454743612399,-3.3245474361239857
1549,test,72.88,66.05103250997541,6.828967490024581
57082,test,48.49,57.583725397937975,-9.093725397937973
10010,test,62.09,65.89589486324017,-3.8058948632401695
75084,test,58.29,59.70892922308281,-1.418929223082813
24251,test,26.33,53.75916301780832,-27.42916301780832
54010,test,34.24,59.71041660411551,-25.470416604115506
84605,test,96.37,65.65450336471469,30.71549663528532
67597,test,42.03,59.49646585968578,-17.466465859685776
41535,test,52.23,64.08397111924398,-11.853971119243987
35456,test,55.18,63.52968912687882,-8.349689126878822
96590,test,46.12,61.185694107190045,-15.065694107190048
75429,test,42.76,59.7107155030876,-16.9507155030876
96401,test,62.89,64.54988174976539,-1.6598817497653897
66702,test,35.62,55.688573578826755,-20.068573578826758
22153,test,90.43,68.37391547203265,22.056084527967357
75309,test,75.72,63.64480441277497,12.075195587225032
92593,test,46.95,58.70069150998207,-11.750691509982069
89459,test,68.76,65.8197603303095,2.9402396696904987
45979,test,73.28,62.14039975805104,11.139600241948962
68002,test,68.22,63.73966706436047,4.480332935639531
57095,test,59.54,64.2292453459519,-4.689245345951896
62975,test,37.8,57.3739170910694,-19.573917091069404
41720,test,66.84,59.76517493616931,7.074825063830694
49035,test,59.46,56.84843308291267,2.6115669170873304
31776,test,74.22,62.323616826298576,11.896383173701423
38527,test,42.9,56.91562255753135,-14.015622557531351
66053,test,72.96,64.81949433398296,8.140505666017035
47311,test,70.8,59.76517493616931,11.034825063830688
98480,test,77.77,63.0580733751177,14.711926624882295
76182,test,64.09,60.57935550141071,3.5106444985892935
71316,test,46.92,61.738573011059636,-14.818573011059634
31078,test,87.55,67.1507774843235,20.3992225156765
16160,test,74.84,67.71846317625905,7.1215368237409535
45545,test,57.33,64.36334142141092,-7.033341421410924
43811,test,78.57,64.20181227082139,14.3681877291786
1060,test,71.23,64.3934076956319,6.836592304368111
52827,test,71.56,64.25956935425033,7.300430645749671
15780,test,59.21,61.68854892510334,-2.4785489251033397
62676,test,75.37,61.44309780846754,13.926902191532463
80445,test,88.91,69.5197336856649,19.390266314335094
265,test,86.3,68.21025975483123,18.08974024516877
25584,test,81.44,65.3071014336408,16.132898566359202
33454,test,74.57,67.77829585455716,6.791704145442836
20330,test,84.78,66.21003627933513,18.569963720664873
73814,test,42.66,60.249783091927235,-17.589783091927238
75772,test,53.52,60.97851603143051,-7.458516031430506
95799,test,46.55,59.854304563017585,-13.304304563017588
3416,test,49.66,61.52338400201359,-11.863384002013596
35345,test,65.25,67.83761223602913,-2.5876122360291305
52525,test,48.37,62.22282660616612,-13.852826606166126
20596,test,74.47,63.96661612469881,10.50338387530119
75298,test,58.45,57.23675105336232,1.213248946637684
30357,test,62.34,64.92355159118861,-2.583551591188609
73381,test,66.26,57.148847466628084,9.111152533371921
22739,test,32.42,54.919022521894235,-22.499022521894233
15343,test,68.2,65.74295638648142,2.4570436135185787
93504,test,69.45,63.94244321921291,5.507556780787091
53868,test,42.85,59.0155890195246,-16.165589019524596
79022,test,85.38,66.34427404420379,19.03572595579621
70436,test,73.32,62.891276783875725,10.428723216124268
41443,test,67.78,60.94789159629634,6.832108403703664
76929,test,79.09,61.158321542738925,17.93167845726108
25873,test,69.82,65.9022401623448,3.917759837655197
2029,test,60.86,65.25801341004264,-4.398013410042637
98517,test,54.31,66.45178029135123,-12.141780291351225
81011,test,60.4,61.185694107190045,-0.7856941071900465
18734,test,68.94,61.72608963415893,7.213910365841066
856,test,46.15,59.404665850325905,-13.254665850325907
99349,test,43.44,60.69887280317673,-17.25887280317673
82816,test,57.99,67.7972789490078,-9.807278949007802
61374,test,68.55,65.06881563734999,3.481184362650012
56299,test,47.47,61.43300490368062,-13.96300490368062
14438,test,76.06,65.9759002877144,10.084099712285607
75109,test,42.89,57.65990735380992,-14.76990735380992
82019,test,42.86,55.86271436209022,-13.002714362090224
12325,test,48.24,55.730496792791484,-7.4904967927914825
8959,test,50.27,58.6039358544128,-8.3339358544128
1332,test,57.25,64.71577094175755,-7.465770941757555
79156,test,49.83,62.23852136929312,-12.408521369293119
10980,test,22.25,57.65990735380992,-35.40990735380992
78822,test,84.81,59.15621650314394,25.653783496856065
92357,test,58.5,61.604155734660274,-3.1041557346602744
74488,test,31.42,58.25081031194474,-26.830810311944738
65643,test,55.98,61.17663037686345,-5.196630376863453
50862,test,76.96,68.5137039957683,8.446296004231698
74544,test,41.76,59.07825802764652,-17.31825802764652
53081,test,85.27,65.67701296464529,19.59298703535471
78632,test,77.03,62.21492736187046,14.815072638129543
91443,test,81.96,66.95071222146578,15.009287778534215
68820,test,59.59,60.823016524162504,-1.233016524162501
84913,test,39.67,55.685656405553004,-16.015656405553003
84926,test,85.68,65.65126513584372,20.02873486415629
18352,test,52.19,55.730496792791484,-3.5404967927914868
60467,test,66.1,63.26445417017494,2.835545829825051
32807,test,75.29,65.78101187957945,9.508988120420554
84463,test,66.53,61.15673193373246,5.373268066267542
53345,test,27.01,58.21878496883276,-31.208784968832756
13655,test,67.19,64.68242065200924,2.507579347990756
35424,test,45.51,58.457630174692724,-12.947630174692726
1430,test,77.16,66.80620139374278,10.353798606257214
65541,test,52.0,59.080476660922734,-7.080476660922734
56860,test,63.16,60.06566380892361,3.094336191076387
30952,test,44.81,60.2738754762332,-15.463875476233198
76609,test,86.56,65.53879941967726,21.02120058032274
2527,test,36.48,59.18698518714454,-22.706985187144547
15922,test,84.58,63.25893699746301,21.321063002536988
63013,test,58.64,61.665296183079406,-3.025296183079405
65399,test,71.68,68.98191217831119,2.698087821688816
65189,test,38.39,58.42682528651053,-20.036825286510528
25023,test,88.21,68.02256472810711,20.18743527189288
26501,test,61.28,60.98400045137443,0.29599954862557354
23193,test,84.15,64.23983343938316,19.910166560616844
73772,test,45.31,58.722522714722665,-13.412522714722662
70700,test,77.96,68.81454980458759,9.145450195412408
40553,test,51.76,59.76517493616931,-8.005174936169311
15394,test,88.02,65.78101187957945,22.238988120420544
42206,test,48.52,62.903719370517614,-14.38371937051761
19757,test,87.68,65.00953202092668,22.670467979073322
31344,test,72.15,65.78267798501635,6.367322014983657
18893,test,87.94,69.5197336856649,18.420266314335095
35429,test,56.84,65.22061783991225,-8.380617839912247
15127,test,78.53,67.5886405618282,10.941359438171801
37593,test,55.68,55.05124009119297,0.6287599088070266
25925,test,60.39,61.67297281795978,-1.2829728179597808
28010,test,43.6,56.335423909767115,-12.735423909767114
1196,test,77.49,62.75031838930373,14.739681610696266
56498,test,60.79,65.40529715261039,-4.615297152610388
64111,test,45.58,59.02214368645206,-13.442143686452063
505,test,57.76,64.36165630260743,-6.601656302607431
19837,test,51.12,62.55330080351893,-11.433300803518932
59780,test,51.02,65.04794741417908,-14.027947414179074
35379,test,77.34,64.70040770099031,12.639592299009692
67926,test,60.8,66.43661821510187,-5.636618215101876
36794,test,34.75,58.9102760624147,-24.160276062414702
76732,test,71.16,66.20350897342881,4.956491026571186
66044,test,40.76,57.65990735380992,-16.899907353809922
36838,test,38.47,55.730496792791484,-17.260496792791486
59098,test,84.8,65.04794741417908,19.75205258582092
77964,test,88.4,66.87050178666139,21.529498213338613
87549,test,66.2,59.87898802355962,6.321011976440381
39924,test,78.29,66.2128520279,12.077147972100008
88837,test,66.23,57.43176571425552,8.798234285744485
83942,test,63.17,64.35530150721614,-1.1853015072161384
97671,test,33.52,59.624888290149215,-26.104888290149212
30902,test,80.73,64.53648328660158,16.193516713398424
53575,test,67.46,62.78608377722514,4.6739162227748565
86502,test,73.44,59.46195442622558,13.978045573774416
5766,test,67.75,64.74416374807961,3.0058362519203854
28674,test,77.45,66.78714189199333,10.662858108006674
59149,test,51.25,59.06759137184786,-7.817591371847861
90831,test,100.0,67.87460127595467,32.125398724045326
89483,test,80.08,64.68951622875214,15.390483771247858
35990,test,73.82,68.37391547203265,5.4460845279673435
43600,test,54.64,58.65047020824476,-4.010470208244762
30409,test,77.25,65.65864841452384,11.591351585476161
49232,test,68.18,63.455946284522774,4.724053715477233
48683,test,57.23,60.75569322593066,-3.5256932259306666
821,test,48.9,59.77560124771204,-10.87560124771204
36980,test,68.41,61.45351461124279,6.9564853887572085
50798,test,51.74,60.158954572226364,-8.418954572226362
33222,test,57.11,61.51486245246421,-4.404862452464208
69325,test,53.8,60.833694850425225,-7.033694850425228
47521,test,64.53,63.23961709097432,1.2903829090256806
81346,test,41.74,61.696594143125466,-19.956594143125464
26970,test,70.56,60.34319705916497,10.21680294083503
31447,test,42.27,59.67399153115018,-17.403991531150176
55207,test,51.62,61.477375467584004,-9.857375467584006
16240,test,65.74,63.67336350615061,2.066636493849387
51019,test,53.37,59.23178641696946,-5.861786416969466
82199,test,68.8,62.5520431769094,6.247956823090597
11000,test,87.3,67.24030045636876,20.05969954363124
19966,test,19.76,55.444506530050965,-35.68450653005097
65585,test,92.12,68.98191217831119,23.138087821688814
31060,test,50.73,62.360615697411305,-11.630615697411308
84372,test,51.32,57.65990735380992,-6.33990735380992
91764,test,71.96,65.59020297179607,6.369797028203919
62596,test,49.46,63.139388306056055,-13.679388306056055
69984,test,50.54,63.71166554744376,-13.171665547443759
14296,test,52.38,60.94134351461154,-8.561343514611536
54925,test,49.52,61.556711102161664,-12.03671110216166
17773,test,98.78,67.7560029355518,31.023997064448196
25743,test,87.85,64.90687519895617,22.943124801043822
14228,test,51.04,59.197065407434835,-8.157065407434835
38868,test,43.87,56.62302679806446,-12.753026798064461
62392,test,76.64,63.137406706965294,13.502593293034707
96222,test,57.29,60.415168794288,-3.125168794288001
38193,test,63.43,62.20374794683126,1.2262520531687429
89479,test,44.68,60.988987283305114,-16.308987283305115
11313,test,59.57,60.71070836128796,-1.1407083612879632
70811,test,57.88,59.49646585968578,-1.6164658596857748
77372,test,67.94,63.988704728540945,3.9512952714590526
5169,test,93.36,67.6417161057105,25.7182838942895
34910,test,69.93,59.601658837148676,10.32834116285133
6650,test,36.14,57.71775597699604,-21.577755976996038
40990,test,60.47,62.48812415400782,-2.018124154007822
14320,test,54.46,61.75503364700888,-7.295033647008879
72884,test,57.08,66.61500300752802,-9.535003007528019
19803,test,31.42,57.65990735380992,-26.23990735380992
76437,test,58.96,59.63702713306328,-0.6770271330632767
64273,test,51.99,60.4060417132778,-8.4160417132778
77615,test,48.48,63.05447623269331,-14.574476232693314
6267,test,77.75,64.76072060496341,12.98927939503659
51698,test,66.91,64.44433558618717,2.4656644138128314
66389,test,47.8,60.06437241653277,-12.264372416532773
13797,test,75.82,64.07649045084037,11.743509549159626
78224,test,83.53,68.5137039957683,15.016296004231705
91195,test,41.73,61.447386727884926,-19.71738672788493
98541,test,73.59,67.625990378509,5.964009621491002
39233,test,72.11,64.27653675243161,7.833463247568389
15736,test,51.08,62.648955726124385,-11.568955726124386
53818,test,66.76,63.3798330470293,3.380166952970704
73989,test,66.04,62.9865097396943,3.0534902603057077
40211,test,59.51,64.07319567384845,-4.563195673848448
58753,test,44.05,59.87898802355962,-15.828988023559624
23394,test,84.29,66.84183485765476,17.448165142345246
73917,test,65.25,60.569598703517684,4.680401296482316
69575,test,77.29,64.81949433398296,12.470505666017047
4337,test,69.1,60.96603857975512,8.133961420244873
82363,test,50.9,62.14265760173647,-11.242657601736468
80829,test,45.42,64.34217757019682,-18.922177570196823
32200,test,43.73,60.36874017056152,-16.638740170561526
38861,test,53.81,60.23015668608531,-6.420156686085306
46441,test,29.63,55.392185503814595,-25.762185503814596
94235,test,63.78,61.27978474560867,2.5002152543913283
88629,test,82.59,68.02256472810711,14.56743527189289
69040,test,62.91,61.94055552029767,0.9694444797023252
74273,test,82.26,66.62914261922847,15.63085738077153
64338,test,100.0,66.77405075957604,33.22594924042396
46800,test,73.58,63.556157254683804,10.023842745316195
97976,test,53.45,60.652668065686385,-7.202668065686382
25488,test,61.34,61.398111857986905,-0.05811185798690133
92220,test,71.34,64.70040770099031,6.639592299009692
19737,test,90.43,66.40179474362212,24.028205256377888
59268,test,37.13,59.11120646449965,-21.98120646449965
38114,test,69.21,63.350362694993215,5.859637305006778
35718,test,63.51,62.511423002623175,0.9985769973768228
22992,test,72.95,62.221176623181414,10.728823376818589
7315,test,87.38,67.96743819018012,19.412561809819877
11650,test,87.89,64.26373453655752,23.62626546344248
89429,test,60.8,64.33351112393908,-3.5335111239390784
23537,test,75.18,63.366041703021274,11.813958296978733
86323,test,66.71,56.57249382673284,10.137506173267155
47978,test,73.1,62.48812415400782,10.611875845992174
61219,test,66.64,66.26947547178432,0.3705245282156824
31427,test,63.21,63.04700356592153,0.16299643407847242
53070,test,46.68,60.42162784678812,-13.74162784678812
57322,test,60.57,66.05103250997541,-5.481032509975414
36457,test,65.2,61.47728990227351,3.722710097726491
52412,test,58.87,63.28571324728388,-4.4157132472838825
2182,test,58.48,58.484673909696646,-0.004673909696649048
95456,test,63.3,59.30434380001307,3.995656199986925
47704,test,31.79,57.65990735380992,-25.86990735380992
89332,test,78.37,65.18618081244169,13.183819187558314
15460,test,65.55,65.26716221761644,0.2828377823835524
69379,test,75.82,63.36030303229368,12.459696967706314
73630,test,57.32,57.51573223268536,-0.19573223268535855
18052,test,59.09,62.29518278039681,-3.205182780396804
91065,test,64.87,65.32969006992566,-0.45969006992565653
94484,test,54.96,58.553911898986925,-3.5939118989869243
66269,test,59.06,59.44953405551388,-0.3895340555138773
88227,test,68.62,61.68093998728071,6.939060012719295
33989,test,100.0,63.992356105516755,36.007643894483245
72155,test,43.08,61.40398496768694,-18.32398496768694
72937,test,64.22,63.2857094228493,0.9342905771506977
17555,test,30.06,57.836260091950265,-27.776260091950267
62446,test,51.19,61.556711102161664,-10.366711102161666
45794,test,38.19,63.63387612719884,-25.44387612719884
92039,test,35.56,61.15887414114609,-25.59887414114609
70155,test,89.11,63.682948690943576,25.427051309056424
90889,test,100.0,68.94438959792208,31.055610402077917
30512,test,62.73,64.74150838156346,-2.0115083815634662
41995,test,43.13,60.038986841639414,-16.90898684163941
22262,test,76.5,66.33749435070351,10.162505649296492
89727,test,79.46,65.23516509662758,14.224834903372411
7335,test,92.53,68.16712609441753,24.362873905582475
94927,test,57.1,63.93118201554521,-6.83118201554521
22977,test,63.85,63.15198900343972,0.6980109965602779
64570,test,66.13,63.229057016699464,2.9009429833005314
52226,test,56.13,63.12254923025102,-6.992549230251015
29222,test,69.51,63.274067638091964,6.235932361908041
33943,test,40.24,56.85046571375797,-16.610465713757968
54416,test,100.0,69.5197336856649,30.480266314335097
26753,test,42.73,55.86305102249712,-13.13305102249712
2742,test,56.33,63.513507812600125,-7.183507812600126
12826,test,54.34,65.60442962172462,-11.264429621724616
81262,test,57.5,59.25209439672372,-1.7520943967237201
87008,test,38.79,57.26664091495193,-18.47664091495193
2662,test,52.49,55.86271436209022,-3.372714362090221
1728,test,89.25,65.31174081445424,23.93825918554576
16672,test,34.8,57.368146209670655,-22.568146209670658
72169,test,78.97,63.72553651828278,15.244463481717219
84340,test,55.86,61.78181315648486,-5.921813156484859
28211,test,60.56,57.148847466628084,3.4111525333719186
58534,test,66.62,62.42502443416307,4.194975565836934
52886,test,64.41,63.12254923025102,1.287450769748979
186,test,47.64,59.77560124771204,-12.135601247712039
50137,test,53.61,59.27965755131029,-5.669657551310287
13551,test,46.56,58.20226375380466,-11.642263753804656
11040,test,38.4,58.70069150998207,-20.300691509982073
88063,test,70.43,60.41044186075204,10.01955813924797
18987,test,65.3,65.185015439051,0.11498456094899723
70145,test,68.98,61.665296183079406,7.3147038169205985
31462,test,70.37,60.34319705916497,10.026802940835033
22999,test,66.65,61.243395397062294,5.406604602937712
11372,test,55.67,61.665296183079406,-5.995296183079404
