threshold,fpr,tpr
inf,0,0
0.998386639637,0,0.00369003690037
0.995026480329,0,0.00738007380074
0.994306393997,0,0.0110701107011
0.994123305613,0,0.0147601476015
0.99401473536,0,0.0184501845018
0.993670690024,0,0.0221402214022
0.992954825606,0,0.0258302583026
0.991569174951,0,0.029520295203
0.99116553066,0,0.0332103321033
0.991020983345,0,0.0369003690037
0.98961594052,0,0.0405904059041
0.987201698471,0,0.0442804428044
0.987023681795,0,0.0479704797048
0.98560301996,0,0.0516605166052
0.985198139217,0,0.0553505535055
0.984414547446,0,0.0590405904059
0.983413207099,0,0.0627306273063
0.982398373396,0,0.0664206642066
0.982333248351,0,0.070110701107
0.979135912736,0,0.0738007380074
0.977482350492,0,0.0774907749077
0.976294048714,0,0.0811808118081
0.975970900152,0,0.0848708487085
0.975797527106,0,0.0885608856089
0.974519345029,0,0.0922509225092
0.972100374339,0,0.0959409594096
0.971980640395,0,0.09963099631
0.969459017014,0,0.10332103321
0.966524925388,0,0.107011070111
0.964710337011,0,0.110701107011
0.963339955417,0,0.114391143911
0.962875481574,0,0.118081180812
0.962380680723,0,0.121771217712
0.961969766987,0,0.125461254613
0.961569594791,0,0.129151291513
0.960878950241,0,0.132841328413
0.960558703798,0,0.136531365314
0.958603835961,0,0.140221402214
0.958343036455,0,0.143911439114
0.957838075217,0,0.147601476015
0.956959146916,0,0.151291512915
0.956546653512,0,0.154981549815
0.954454296266,0,0.158671586716
0.95202666008,0,0.162361623616
0.951379234228,0,0.166051660517
0.944406031532,0,0.169741697417
0.942961483491,0,0.173431734317
0.936993895017,0,0.177121771218
0.936486073012,0,0.180811808118
0.935999572766,0,0.184501845018
0.934611262058,0,0.188191881919
0.93242687997,0,0.191881918819
0.931180807674,0,0.19557195572
0.931126387601,0,0.19926199262
0.9284203252,0,0.20295202952
0.928181478498,0,0.206642066421
0.927778025942,0,0.210332103321
0.927400390588,0,0.214022140221
0.925516543791,0,0.217712177122
0.924467456525,0,0.221402214022
0.922592094825,0,0.225092250923
0.921345296863,0,0.228782287823
0.920806765082,0,0.232472324723
0.920518285536,0,0.236162361624
0.920014119274,0,0.239852398524
0.918770597155,0,0.243542435424
0.918162748723,0,0.247232472325
0.916763017523,0,0.250922509225
0.916344443483,0,0.254612546125
0.915745805423,0,0.258302583026
0.913286695559,0,0.261992619926
0.913282686816,0,0.265682656827
0.911667016693,0,0.269372693727
0.911223076555,0,0.273062730627
0.91115806766,0,0.276752767528
0.910995077562,0,0.280442804428
0.909419796354,0,0.284132841328
0.908846038445,0,0.287822878229
0.908802346546,0,0.291512915129
0.905957255514,0,0.29520295203
0.905534212247,0,0.29889298893
0.903568932962,0,0.30258302583
0.902346646286,0,0.306273062731
0.899638941293,0,0.309963099631
0.899363247719,0,0.313653136531
0.89897256542,0,0.317343173432
0.898468139337,0,0.321033210332
0.896624303487,0,0.324723247232
0.896496427899,0,0.328413284133
0.895106938611,0,0.332103321033
0.891202709012,0,0.335793357934
0.889035705447,0,0.339483394834
0.886884052673,0,0.343173431734
0.88666360142,0,0.346863468635
0.885486049098,0,0.350553505535
0.885048733196,0,0.354243542435
0.882329439875,0,0.357933579336
0.881000619686,0,0.361623616236
0.879136810031,0,0.365313653137
0.878906324613,0,0.369003690037
0.87757459246,0,0.372693726937
0.87532395164,0,0.376383763838
0.870038394938,0,0.380073800738
0.869670735697,0,0.383763837638
0.868894942702,0,0.387453874539
0.8672562471,0,0.391143911439
0.866939461201,0,0.394833948339
0.863854187402,0,0.39852398524
0.86369373764,0,0.40221402214
0.860989836814,0,0.405904059041
0.860246336856,0,0.409594095941
0.859708916642,0,0.413284132841
0.859108990833,0,0.416974169742
0.854450419725,0,0.420664206642
0.854164523364,0,0.424354243542
0.852261817816,0,0.428044280443
0.849197808019,0,0.431734317343
0.84824217491,0,0.435424354244
0.845974073692,0,0.439114391144
0.845786070388,0,0.442804428044
0.841926025326,0,0.446494464945
0.840696280713,0,0.450184501845
0.840422715306,0,0.453874538745
0.840031582555,0,0.457564575646
0.839312590588,0,0.461254612546
0.838128383012,0,0.464944649446
0.836805103902,0,0.468634686347
0.834801542351,0,0.472324723247
0.834330716578,0,0.476014760148
0.834228544611,0,0.479704797048
0.831570333103,0,0.483394833948
0.830983395808,0,0.487084870849
0.830100580198,0,0.490774907749
0.827600511723,0,0.494464944649
0.823998010257,0,0.49815498155
0.82170379211,0,0.50184501845
0.82080146393,0,0.505535055351
0.819818848045,0,0.509225092251
0.819767167787,0,0.512915129151
0.819756060461,0,0.516605166052
0.817528556344,0,0.520295202952
0.812115898991,0,0.523985239852
0.809723509342,0,0.527675276753
0.807840072017,0,0.531365313653
0.807561009178,0,0.535055350554
0.802634840926,0,0.538745387454
0.798327046949,0,0.542435424354
0.798156842416,0,0.546125461255
0.792438749174,0,0.549815498155
0.790148408122,0,0.553505535055
0.789825126186,0,0.557195571956
0.788631599428,0,0.560885608856
0.78473208299,0,0.564575645756
0.782571212341,0,0.568265682657
0.779237248449,0,0.571955719557
0.778649910563,0,0.575645756458
0.77829640216,0,0.579335793358
0.778050036331,0,0.583025830258
0.7774960296,0,0.586715867159
0.772086877319,0,0.590405904059
0.769708789983,0,0.594095940959
0.768970507581,0,0.59778597786
0.76753472308,0,0.60147601476
0.767025723354,0,0.605166051661
0.766488765012,0,0.608856088561
0.765433982656,0,0.612546125461
0.764805031268,0,0.616236162362
0.762430042345,0,0.619926199262
0.759590440309,0,0.623616236162
0.758017435978,0,0.627306273063
0.753916307717,0,0.630996309963
0.753757211166,0,0.634686346863
0.751296899592,0,0.638376383764
0.750360890801,0,0.642066420664
0.749457317317,0,0.645756457565
0.745660798685,0,0.649446494465
0.74511498871,0,0.653136531365
0.741466948575,0,0.656826568266
0.740467800069,0,0.660516605166
0.738872687797,0,0.664206642066
0.737005723518,0,0.667896678967
0.735816885915,0,0.671586715867
0.73033908452,0,0.675276752768
0.725949245767,0,0.678966789668
0.723627244656,0,0.682656826568
0.723004953011,0,0.686346863469
0.722264206369,0,0.690036900369
0.716948912381,0,0.693726937269
0.710336097471,0,0.69741697417
0.708880491287,0,0.70110701107
0.706750648437,0,0.70479704797
0.702371239318,0,0.708487084871
0.699840360323,0,0.712177121771
0.692437145362,0,0.715867158672
0.691074326122,0,0.719557195572
0.686855779049,0,0.723247232472
0.680528419785,0,0.726937269373
0.678535905308,0,0.730627306273
0.672658115305,0,0.734317343173
0.670247955239,0,0.738007380074
0.669657305987,0,0.741697416974
0.669179225998,0,0.745387453875
0.665833912526,0,0.749077490775
0.664745585855,0,0.752767527675
0.660512235948,0,0.756457564576
0.660494047461,0.000129382843835,0.756457564576
0.65442033167,0.000129382843835,0.760147601476
0.650323330233,0.000129382843835,0.763837638376
0.649499706449,0.000129382843835,0.767527675277
0.641841846525,0.000129382843835,0.771217712177
0.633180377746,0.000129382843835,0.774907749077
0.631872992233,0.00025876568767,0.774907749077
0.628079410388,0.00025876568767,0.778597785978
0.626816358663,0.00025876568767,0.782287822878
0.625974401126,0.00025876568767,0.785977859779
0.625911571662,0.000388148531505,0.785977859779
0.624086323305,0.000388148531505,0.789667896679
0.622017659908,0.000388148531505,0.793357933579
0.616590383281,0.000388148531505,0.79704797048
0.611140760399,0.000388148531505,0.80073800738
0.605730924433,0.000388148531505,0.80442804428
0.60230386718,0.000388148531505,0.808118081181
0.60040598512,0.000388148531505,0.811808118081
0.578805346355,0.000388148531505,0.815498154982
0.572735862915,0.000388148531505,0.819188191882
0.551967205286,0.00051753137534,0.819188191882
0.549218404976,0.00051753137534,0.822878228782
0.547553221643,0.00051753137534,0.826568265683
0.533277366306,0.000646914219175,0.826568265683
0.532180011307,0.000646914219175,0.830258302583
0.529121694591,0.000646914219175,0.833948339483
0.513427714683,0.000646914219175,0.837638376384
0.505235439242,0.000646914219175,0.841328413284
0.498700953547,0.000646914219175,0.845018450185
0.479192063442,0.000646914219175,0.848708487085
0.477550910358,0.000776297063009,0.848708487085
0.469197724051,0.000905679906844,0.848708487085
0.462614358113,0.00103506275068,0.848708487085
0.459378155323,0.00103506275068,0.852398523985
0.458852698069,0.00103506275068,0.856088560886
0.445613665071,0.00116444559451,0.856088560886
0.444727096493,0.00116444559451,0.859778597786
0.441069640391,0.00116444559451,0.863468634686
0.434598579502,0.00116444559451,0.867158671587
0.422543304147,0.00129382843835,0.867158671587
0.409538698893,0.00142321128218,0.867158671587
0.408928404566,0.00142321128218,0.870848708487
0.40689393528,0.00155259412602,0.870848708487
0.402153483547,0.00155259412602,0.874538745387
0.400318820082,0.00168197696985,0.874538745387
0.398567110056,0.00181135981369,0.874538745387
0.395757322145,0.00194074265752,0.874538745387
0.386063007662,0.00207012550136,0.874538745387
0.383337800613,0.00207012550136,0.881918819188
0.376599859671,0.00219950834519,0.881918819188
0.375793691379,0.00232889118903,0.881918819188
0.368827995772,0.00232889118903,0.885608856089
0.361686401088,0.00232889118903,0.889298892989
0.36019938136,0.00245827403286,0.889298892989
0.348472453645,0.0025876568767,0.889298892989
0.347563525493,0.0025876568767,0.892988929889
0.341731804378,0.0025876568767,0.89667896679
0.336035021723,0.00271703972053,0.89667896679
0.327630313102,0.00284642256437,0.89667896679
0.326239826828,0.00284642256437,0.90036900369
0.32567934399,0.0029758054082,0.90036900369
0.325288293481,0.00310518825204,0.90036900369
0.320253116072,0.00310518825204,0.90405904059
0.315099240934,0.00323457109587,0.90405904059
0.310320102315,0.00336395393971,0.90405904059
0.301252852234,0.00349333678354,0.90405904059
0.298772784612,0.00349333678354,0.907749077491
0.293827731324,0.00349333678354,0.911439114391
0.293738881186,0.00349333678354,0.915129151292
0.293642950453,0.00362271962738,0.915129151292
0.291888122134,0.00375210247121,0.915129151292
0.276129198882,0.00388148531505,0.915129151292
0.274180538001,0.00401086815888,0.915129151292
0.27393311189,0.00414025100272,0.915129151292
0.266690882173,0.00426963384655,0.915129151292
0.262875648036,0.00439901669039,0.915129151292
0.255776198855,0.00452839953422,0.915129151292
0.25470227158,0.00465778237806,0.915129151292
0.253015993265,0.00478716522189,0.915129151292
0.246539039916,0.00491654806573,0.915129151292
0.246155967378,0.00504593090956,0.915129151292
0.245332891518,0.0051753137534,0.915129151292
0.244344269448,0.0051753137534,0.918819188192
0.243843694805,0.00530469659723,0.918819188192
0.233651077622,0.00543407944107,0.918819188192
0.231098131347,0.0055634622849,0.918819188192
0.230340391995,0.0055634622849,0.922509225092
0.22700075577,0.00569284512874,0.922509225092
0.223961003692,0.00582222797257,0.922509225092
0.223234860128,0.00582222797257,0.926199261993
0.222893765882,0.00595161081641,0.926199261993
0.222298569292,0.00608099366024,0.926199261993
0.22210000869,0.00621037650408,0.926199261993
0.220959643493,0.00633975934791,0.926199261993
0.219263403296,0.00646914219175,0.926199261993
0.218841555009,0.00659852503558,0.926199261993
0.218743365007,0.00672790787942,0.926199261993
0.215592597376,0.00685729072325,0.926199261993
0.21417805094,0.00698667356709,0.926199261993
0.213510778071,0.00711605641092,0.926199261993
0.213314966389,0.00724543925475,0.926199261993
0.211416469013,0.00737482209859,0.926199261993
0.210139478104,0.00750420494242,0.926199261993
0.210032910787,0.00763358778626,0.926199261993
0.208612509974,0.00763358778626,0.929889298893
0.20810389735,0.00776297063009,0.929889298893
0.207717605437,0.00776297063009,0.933579335793
0.207004036234,0.00789235347393,0.933579335793
0.205052049463,0.00802173631776,0.933579335793
0.203746119452,0.00802173631776,0.937269372694
0.199196780047,0.0081511191616,0.937269372694
0.197315324942,0.00828050200543,0.937269372694
0.195341439326,0.00840988484927,0.937269372694
0.190980679911,0.0085392676931,0.937269372694
0.189238828986,0.00866865053694,0.937269372694
0.186957499915,0.00879803338077,0.937269372694
0.186205204654,0.00892741622461,0.937269372694
0.185713741726,0.00905679906844,0.937269372694
0.184194008991,0.00918618191228,0.937269372694
0.181269569836,0.00931556475611,0.937269372694
0.181114855553,0.00944494759995,0.937269372694
0.181047130867,0.00957433044378,0.937269372694
0.176881037046,0.00970371328762,0.937269372694
0.176044014479,0.00983309613145,0.937269372694
0.172307090725,0.00983309613145,0.940959409594
0.172259089513,0.00983309613145,0.944649446494
0.172075070927,0.00996247897529,0.944649446494
0.170147664667,0.0100918618191,0.944649446494
0.170004104824,0.0100918618191,0.948339483395
0.168168875939,0.010221244663,0.948339483395
0.167884683506,0.0103506275068,0.948339483395
0.165963505402,0.0104800103506,0.948339483395
0.164819928016,0.0106093931945,0.948339483395
0.164537682489,0.0106093931945,0.952029520295
0.162389280137,0.0107387760383,0.952029520295
0.156190246977,0.0108681588821,0.952029520295
0.155398804411,0.010997541726,0.952029520295
0.154593787809,0.0111269245698,0.952029520295
0.154474351527,0.0112563074136,0.952029520295
0.153392546167,0.0113856902575,0.952029520295
0.153068863332,0.0115150731013,0.952029520295
0.152153123001,0.0116444559451,0.952029520295
0.152052922004,0.011773838789,0.952029520295
0.150428933343,0.011773838789,0.955719557196
0.149692604596,0.0119032216328,0.955719557196
0.149016044294,0.0120326044766,0.955719557196
0.148515030899,0.0121619873205,0.955719557196
0.145059294803,0.0122913701643,0.955719557196
0.144899200283,0.0124207530082,0.955719557196
0.144153023686,0.012550135852,0.955719557196
0.142827159462,0.0126795186958,0.955719557196
0.142014945802,0.0128089015397,0.955719557196
0.141875676369,0.0129382843835,0.955719557196
0.141812063909,0.0130676672273,0.955719557196
0.141521074456,0.0131970500712,0.955719557196
0.140594894618,0.0131970500712,0.959409594096
0.140592763325,0.013326432915,0.959409594096
0.139812685331,0.0134558157588,0.959409594096
0.139612874325,0.0135851986027,0.959409594096
0.139066494788,0.0137145814465,0.959409594096
0.138618559583,0.0138439642903,0.959409594096
0.13748248898,0.0139733471342,0.959409594096
0.13639352892,0.014102729978,0.959409594096
0.135720120454,0.0142321128218,0.959409594096
0.134519553526,0.0143614956657,0.959409594096
0.133895644468,0.0144908785095,0.959409594096
0.13388176557,0.0146202613533,0.959409594096
0.133528002912,0.0147496441972,0.959409594096
0.13338748949,0.014879027041,0.959409594096
0.132606049805,0.0150084098848,0.959409594096
0.129615113012,0.0151377927287,0.959409594096
0.128748111803,0.0152671755725,0.959409594096
0.127865818836,0.0152671755725,0.963099630996
0.127045301289,0.0153965584164,0.963099630996
0.127040927166,0.0155259412602,0.963099630996
0.127040076785,0.015655324104,0.963099630996
0.126930547736,0.0157847069479,0.963099630996
0.126698543645,0.0159140897917,0.963099630996
0.126398232894,0.0160434726355,0.963099630996
0.126337776116,0.0161728554794,0.963099630996
0.125996315407,0.0163022383232,0.963099630996
0.125590082861,0.016431621167,0.963099630996
0.124759871573,0.0165610040109,0.963099630996
0.123880164082,0.0166903868547,0.963099630996
0.123662710043,0.0168197696985,0.963099630996
0.123315174376,0.0169491525424,0.963099630996
0.122958234482,0.0170785353862,0.963099630996
0.122671810821,0.01720791823,0.963099630996
0.121835832369,0.0173373010739,0.963099630996
0.121493915559,0.0174666839177,0.963099630996
0.121310175319,0.0175960667615,0.963099630996
0.120295029894,0.0177254496054,0.963099630996
0.119514247761,0.0177254496054,0.966789667897
0.119392424585,0.0178548324492,0.966789667897
0.118580629021,0.0179842152931,0.966789667897
0.115674359902,0.0181135981369,0.966789667897
0.115536500118,0.0182429809807,0.966789667897
0.114981769668,0.0183723638246,0.966789667897
0.11458922748,0.0185017466684,0.966789667897
0.113397267419,0.0186311295122,0.966789667897
0.112895599507,0.0187605123561,0.966789667897
0.111455859881,0.0188898951999,0.966789667897
0.111449181908,0.0190192780437,0.966789667897
0.110682532276,0.0191486608876,0.966789667897
0.109752629391,0.0191486608876,0.970479704797
0.109591837344,0.0192780437314,0.970479704797
0.109495719587,0.0194074265752,0.970479704797
0.109493865542,0.0195368094191,0.970479704797
0.108563369258,0.0196661922629,0.970479704797
0.108262297107,0.0197955751067,0.970479704797
0.108257785485,0.0199249579506,0.970479704797
0.106470434168,0.0200543407944,0.970479704797
0.106432261008,0.0201837236382,0.970479704797
0.105957837376,0.0203131064821,0.970479704797
0.105911494603,0.0204424893259,0.970479704797
0.105431372924,0.0205718721698,0.970479704797
0.105349611938,0.0207012550136,0.970479704797
0.103522629293,0.0208306378574,0.970479704797
0.103298964249,0.0209600207013,0.970479704797
0.102937509757,0.0210894035451,0.970479704797
0.102611904819,0.0212187863889,0.970479704797
0.101281889908,0.0213481692328,0.970479704797
0.100882311497,0.0214775520766,0.970479704797
0.0995121044224,0.0216069349204,0.970479704797
0.0993759970115,0.0217363177643,0.970479704797
0.0963103441626,0.0218657006081,0.970479704797
0.0960796656432,0.0219950834519,0.970479704797
0.0959879116212,0.0221244662958,0.970479704797
0.0959632825352,0.0222538491396,0.970479704797
0.0952406405766,0.0223832319834,0.970479704797
0.094562643673,0.0225126148273,0.970479704797
0.0941472157212,0.0226419976711,0.970479704797
0.094069324695,0.0227713805149,0.970479704797
0.0937747902037,0.0229007633588,0.970479704797
0.093308436454,0.0230301462026,0.970479704797
0.0931049824987,0.0231595290464,0.970479704797
0.0929139827377,0.0232889118903,0.970479704797
0.0916070152514,0.0234182947341,0.970479704797
0.0915892527956,0.023547677578,0.970479704797
0.0915413870347,0.0236770604218,0.970479704797
0.091122361266,0.0238064432656,0.970479704797
0.0906473978487,0.0239358261095,0.970479704797
0.0906277617329,0.0240652089533,0.970479704797
0.0895111333327,0.0241945917971,0.970479704797
0.0888412308085,0.024323974641,0.970479704797
0.0884517180309,0.0244533574848,0.970479704797
0.0879693130504,0.0245827403286,0.970479704797
0.0877320050045,0.0247121231725,0.970479704797
0.0876155580988,0.0248415060163,0.970479704797
0.0875429208957,0.0249708888601,0.970479704797
0.0874142228024,0.025100271704,0.970479704797
0.0871393682261,0.0252296545478,0.970479704797
0.0871360463527,0.0253590373916,0.970479704797
0.0866904592485,0.0254884202355,0.970479704797
0.0862816702548,0.0256178030793,0.970479704797
0.086048579842,0.0257471859231,0.970479704797
0.0860405837998,0.025876568767,0.970479704797
0.0856446853383,0.0260059516108,0.970479704797
0.0846965521529,0.0261353344547,0.970479704797
0.0846641280609,0.0262647172985,0.970479704797
0.0843800346895,0.0263941001423,0.970479704797
0.0843123775585,0.0265234829862,0.970479704797
0.08428084753,0.02665286583,0.970479704797
0.084006474265,0.02665286583,0.974169741697
0.0839976973747,0.0267822486738,0.974169741697
0.0839740363638,0.0269116315177,0.974169741697
0.0835419854512,0.0270410143615,0.974169741697
0.0833233947594,0.0271703972053,0.974169741697
0.0825029976744,0.0272997800492,0.974169741697
0.0821798050544,0.027429162893,0.974169741697
0.0821263195396,0.0275585457368,0.974169741697
0.0820158190543,0.0275585457368,0.977859778598
0.0819645004076,0.0276879285807,0.977859778598
0.0817975578168,0.0278173114245,0.977859778598
0.0809102647324,0.0279466942683,0.977859778598
0.0807685859312,0.0280760771122,0.977859778598
0.0805640808915,0.028205459956,0.977859778598
0.080380495541,0.0283348427998,0.977859778598
0.0802517821912,0.0284642256437,0.977859778598
0.0799034287118,0.0285936084875,0.977859778598
0.0796965082113,0.0287229913313,0.977859778598
0.0796671170376,0.0288523741752,0.977859778598
0.0792027330028,0.028981757019,0.977859778598
0.0784841649044,0.0291111398629,0.977859778598
0.0779037843206,0.0292405227067,0.977859778598
0.0776697267274,0.0293699055505,0.977859778598
0.0770008947115,0.0294992883944,0.977859778598
0.0769399862034,0.0296286712382,0.977859778598
0.0766550270405,0.029758054082,0.977859778598
0.0762162356439,0.0298874369259,0.977859778598
0.0757441198505,0.0300168197697,0.977859778598
0.0756470255089,0.0301462026135,0.977859778598
0.0754562353942,0.0302755854574,0.977859778598
0.0754111059765,0.0304049683012,0.977859778598
0.0753350039547,0.030534351145,0.977859778598
0.0751255537058,0.0306637339889,0.977859778598
0.0746993773566,0.0307931168327,0.977859778598
0.0744846838319,0.0309224996765,0.977859778598
0.0742321217156,0.0310518825204,0.977859778598
0.0742310748889,0.0311812653642,0.977859778598
0.0740415918378,0.031310648208,0.977859778598
0.0735053146828,0.031310648208,0.981549815498
0.0729247456101,0.0314400310519,0.981549815498
0.0726278731406,0.0315694138957,0.981549815498
0.0720005245821,0.0316987967396,0.981549815498
0.071620175813,0.0318281795834,0.981549815498
0.0715876041909,0.0319575624272,0.981549815498
0.0713946065383,0.0320869452711,0.981549815498
0.0712534932532,0.0322163281149,0.981549815498
0.0712304742255,0.0323457109587,0.981549815498
0.0711710562774,0.0324750938026,0.981549815498
0.0705324285883,0.0326044766464,0.981549815498
0.0703178807674,0.0327338594902,0.981549815498
0.0702042808169,0.0328632423341,0.981549815498
0.0700326920579,0.0329926251779,0.981549815498
0.0695199977059,0.0331220080217,0.981549815498
0.0692282375876,0.0332513908656,0.981549815498
0.0692208354994,0.0333807737094,0.981549815498
0.0690713617188,0.0335101565532,0.981549815498
0.0690423341395,0.0336395393971,0.981549815498
0.06891035036,0.0337689222409,0.981549815498
0.0687839344296,0.0338983050847,0.981549815498
0.0682460450932,0.0340276879286,0.981549815498
0.0682422244973,0.0341570707724,0.981549815498
0.0677749524449,0.0342864536163,0.981549815498
0.0677289437646,0.0344158364601,0.981549815498
0.067615681879,0.0345452193039,0.981549815498
0.0672938637479,0.0346746021478,0.981549815498
0.0668435537214,0.0348039849916,0.981549815498
0.0668018580152,0.0349333678354,0.981549815498
0.0662702318253,0.0350627506793,0.981549815498
0.0662003381164,0.0351921335231,0.981549815498
0.0653968062115,0.0353215163669,0.981549815498
0.0653885067537,0.0354508992108,0.981549815498
0.0648190391182,0.0355802820546,0.981549815498
0.0647121219443,0.0357096648984,0.981549815498
0.0646570858027,0.0358390477423,0.981549815498
0.0646424838854,0.0359684305861,0.981549815498
0.0646130489565,0.0360978134299,0.981549815498
0.0641275526996,0.0362271962738,0.981549815498
0.0636494438383,0.0363565791176,0.981549815498
0.0632404200893,0.0364859619614,0.981549815498
0.0631375837867,0.0366153448053,0.981549815498
0.0630256978044,0.0367447276491,0.981549815498
0.0628094480459,0.0370034933368,0.981549815498
0.0625427585838,0.0371328761806,0.981549815498
0.0624509232701,0.0372622590245,0.981549815498
0.062408278021,0.0373916418683,0.981549815498
0.062352598017,0.0375210247121,0.981549815498
0.0622515034977,0.037650407556,0.981549815498
0.0622193593882,0.0377797903998,0.981549815498
0.0621140015704,0.0379091732436,0.981549815498
0.0620745051175,0.0380385560875,0.981549815498
0.0615490865776,0.0381679389313,0.981549815498
0.0614531467334,0.0382973217751,0.981549815498
0.0613835603086,0.038426704619,0.981549815498
0.0610637976666,0.0385560874628,0.981549815498
0.0610624676335,0.0386854703066,0.981549815498
0.0609809160233,0.0388148531505,0.981549815498
0.0609757558672,0.0389442359943,0.981549815498
0.0609674605848,0.0390736188381,0.981549815498
0.0607511879237,0.039203001682,0.981549815498
0.0606236216917,0.0393323845258,0.981549815498
0.0603423223155,0.0394617673696,0.981549815498
0.0602872176913,0.0395911502135,0.981549815498
0.0601289347422,0.0397205330573,0.981549815498
0.0601248802893,0.0398499159012,0.981549815498
0.0599212146707,0.039979298745,0.981549815498
0.0598663882462,0.0401086815888,0.981549815498
0.0592230638339,0.0402380644327,0.981549815498
0.0590747644507,0.0403674472765,0.981549815498
0.0589811393959,0.0404968301203,0.981549815498
0.0589696902539,0.0406262129642,0.981549815498
0.058429954207,0.040755595808,0.981549815498
0.0582798820558,0.0408849786518,0.981549815498
0.0581495627687,0.0410143614957,0.981549815498
0.0581055474001,0.0411437443395,0.981549815498
0.0574968243523,0.0412731271833,0.981549815498
0.0572032502583,0.0414025100272,0.981549815498
0.0569703275649,0.041531892871,0.981549815498
0.0567885866582,0.0416612757148,0.981549815498
0.0563426984125,0.0417906585587,0.981549815498
0.0562258966584,0.0419200414025,0.981549815498
0.0561564067348,0.0420494242463,0.981549815498
0.0559966364559,0.0421788070902,0.981549815498
0.0559787125989,0.042308189934,0.981549815498
0.0558528372323,0.0424375727778,0.981549815498
0.0557623171357,0.0425669556217,0.981549815498
0.0557471554893,0.0426963384655,0.981549815498
0.0554657913978,0.0428257213094,0.981549815498
0.0554542070192,0.0429551041532,0.981549815498
0.0547937794456,0.043084486997,0.981549815498
0.0547507644494,0.0432138698409,0.981549815498
0.0546240115026,0.0433432526847,0.981549815498
0.0545430070029,0.0434726355285,0.981549815498
0.0543021796089,0.0436020183724,0.981549815498
0.0541784947303,0.0437314012162,0.981549815498
0.0538298441285,0.04386078406,0.981549815498
0.0536550520957,0.0439901669039,0.981549815498
0.0535984868109,0.0441195497477,0.981549815498
0.0534903940218,0.0442489325915,0.981549815498
0.053385035883,0.0443783154354,0.981549815498
0.0532526452712,0.0445076982792,0.981549815498
0.0532186091591,0.044637081123,0.981549815498
0.0531357855632,0.0447664639669,0.981549815498
0.053123874628,0.0448958468107,0.981549815498
0.0528765395675,0.0450252296545,0.981549815498
0.0524869971256,0.0451546124984,0.981549815498
0.0523411036009,0.0452839953422,0.981549815498
0.0521528794659,0.0454133781861,0.981549815498
0.052102912052,0.0455427610299,0.981549815498
0.0516763750771,0.0456721438737,0.981549815498
0.0516619120891,0.0458015267176,0.981549815498
0.0516129731065,0.0459309095614,0.981549815498
0.0514490285178,0.0460602924052,0.981549815498
0.0514204092261,0.0461896752491,0.981549815498
0.0513304385648,0.0463190580929,0.981549815498
0.0512576963065,0.0464484409367,0.981549815498
0.0511345065488,0.0465778237806,0.981549815498
0.0502511242396,0.0467072066244,0.981549815498
0.0498644155948,0.0468365894682,0.981549815498
0.0497947710013,0.0469659723121,0.981549815498
0.0497787478591,0.0470953551559,0.981549815498
0.0494838845614,0.0472247379997,0.981549815498
0.0490781313032,0.0473541208436,0.981549815498
0.0487863681937,0.0474835036874,0.981549815498
0.0487521842318,0.0476128865312,0.981549815498
0.0484131413498,0.0477422693751,0.981549815498
0.0482664816582,0.0478716522189,0.981549815498
0.0481267624349,0.0480010350628,0.981549815498
0.0480695822488,0.0481304179066,0.981549815498
0.0480560823378,0.0482598007504,0.981549815498
0.0478125730676,0.0483891835943,0.981549815498
0.0476628073766,0.0485185664381,0.981549815498
0.047560117682,0.0486479492819,0.981549815498
0.0473814588707,0.0487773321258,0.981549815498
0.0473271950884,0.0489067149696,0.981549815498
0.0473167826953,0.0490360978134,0.981549815498
0.0468169532381,0.0491654806573,0.981549815498
0.0467964895897,0.0492948635011,0.981549815498
0.0466625795634,0.0494242463449,0.981549815498
0.0464299208911,0.0495536291888,0.981549815498
0.0460829404404,0.0498123948764,0.981549815498
0.0459332609185,0.0499417777203,0.981549815498
0.0456724265769,0.0500711605641,0.981549815498
0.045443550378,0.0502005434079,0.981549815498
0.0452356381499,0.0503299262518,0.981549815498
0.0451551020305,0.0504593090956,0.981549815498
0.045072886016,0.0505886919394,0.981549815498
0.044852885922,0.0507180747833,0.981549815498
0.0447196895226,0.0508474576271,0.981549815498
0.0445855505139,0.050976840471,0.981549815498
0.0444133107976,0.0511062233148,0.981549815498
0.0444116414041,0.0512356061586,0.981549815498
0.0441643197655,0.0513649890025,0.981549815498
0.0439884310919,0.0514943718463,0.981549815498
0.0438485130878,0.0516237546901,0.981549815498
0.0438363797113,0.051753137534,0.981549815498
0.0437041845152,0.0518825203778,0.981549815498
0.0435273394289,0.0520119032216,0.981549815498
0.043498519528,0.0521412860655,0.981549815498
0.0433331002398,0.0522706689093,0.981549815498
0.0430642511385,0.0524000517531,0.981549815498
0.0429727547468,0.052529434597,0.981549815498
0.0428891172054,0.0526588174408,0.981549815498
0.0426815326643,0.0527882002846,0.981549815498
0.0425972084978,0.0529175831285,0.981549815498
0.0425393120404,0.0530469659723,0.981549815498
0.0423661554693,0.0531763488161,0.981549815498
0.0422349487913,0.05330573166,0.981549815498
0.0421967751029,0.0534351145038,0.981549815498
0.0420048638946,0.0535644973477,0.981549815498
0.0419080479088,0.0536938801915,0.981549815498
0.0418144416013,0.0538232630353,0.981549815498
0.0416972726726,0.0539526458792,0.981549815498
0.0416661134685,0.054082028723,0.981549815498
0.0416650414412,0.0542114115668,0.981549815498
0.0411828033916,0.0543407944107,0.981549815498
0.0410949538596,0.0544701772545,0.981549815498
0.040945057139,0.0545995600983,0.981549815498
0.0408938915004,0.0547289429422,0.981549815498
0.0406167645191,0.054858325786,0.981549815498
0.0403596113501,0.0549877086298,0.981549815498
0.0399668659488,0.0551170914737,0.981549815498
0.0397508253913,0.0552464743175,0.981549815498
0.039511039879,0.0553758571613,0.981549815498
0.0393256274463,0.0555052400052,0.981549815498
0.0392998908446,0.055634622849,0.981549815498
0.039201413554,0.0557640056928,0.981549815498
0.039068153442,0.0558933885367,0.981549815498
0.0389717220298,0.0560227713805,0.981549815498
0.0389278720957,0.0561521542243,0.981549815498
0.0388860488884,0.0562815370682,0.981549815498
0.0388808332472,0.056410919912,0.981549815498
0.0387805968804,0.0565403027559,0.981549815498
0.0387345610538,0.0566696855997,0.981549815498
0.0384797997666,0.0567990684435,0.981549815498
0.0383975765341,0.0569284512874,0.981549815498
0.0383575759835,0.0570578341312,0.981549815498
0.0383562241488,0.057187216975,0.981549815498
0.0383557469403,0.0573165998189,0.981549815498
0.0383276600517,0.0574459826627,0.981549815498
0.0383096709989,0.0575753655065,0.981549815498
0.0382338353959,0.0577047483504,0.981549815498
0.0381000357839,0.0578341311942,0.981549815498
0.0378210570263,0.057963514038,0.981549815498
0.0376200781822,0.0580928968819,0.981549815498
0.0375613643657,0.0582222797257,0.981549815498
0.0375472745871,0.0583516625695,0.981549815498
0.037507850016,0.0584810454134,0.981549815498
0.0374739107835,0.0586104282572,0.981549815498
0.03744690863,0.058739811101,0.981549815498
0.037430407953,0.0588691939449,0.981549815498
0.0374245080352,0.0589985767887,0.981549815498
0.0373789290229,0.0591279596326,0.981549815498
0.0371945738631,0.0592573424764,0.981549815498
0.0367581695196,0.0593867253202,0.981549815498
0.0366841568112,0.0595161081641,0.981549815498
0.0366461882105,0.0596454910079,0.981549815498
0.0364398621158,0.0597748738517,0.981549815498
0.0363666682593,0.0599042566956,0.981549815498
0.0363468054812,0.0600336395394,0.981549815498
0.0362696963452,0.0601630223832,0.981549815498
0.0360355288895,0.0602924052271,0.981549815498
0.0358009912,0.0604217880709,0.981549815498
0.0356726671445,0.0605511709147,0.981549815498
0.0356176596412,0.0606805537586,0.981549815498
0.0356014887214,0.0608099366024,0.981549815498
0.0355346123813,0.0609393194462,0.981549815498
0.0353347452598,0.0610687022901,0.981549815498
0.0351799506324,0.0611980851339,0.981549815498
0.0351658907014,0.0613274679777,0.981549815498
0.0351595267706,0.0614568508216,0.981549815498
0.0349449218525,0.0615862336654,0.981549815498
0.0348926538507,0.0617156165093,0.981549815498
0.0345304104214,0.0618449993531,0.981549815498
0.0345292686001,0.0619743821969,0.981549815498
0.0343049399064,0.0621037650408,0.981549815498
0.0341353744639,0.0622331478846,0.981549815498
0.0340030494707,0.0623625307284,0.981549815498
0.0338464419418,0.0624919135723,0.981549815498
0.0337390740807,0.0626212964161,0.981549815498
0.0337319691095,0.0627506792599,0.981549815498
0.0337152938988,0.0628800621038,0.981549815498
0.0337076763028,0.0630094449476,0.981549815498
0.0336904660774,0.0631388277914,0.981549815498
0.0336413301268,0.0632682106353,0.981549815498
0.033613696903,0.0633975934791,0.981549815498
0.0332970535795,0.0635269763229,0.981549815498
0.0332727561265,0.0636563591668,0.981549815498
0.0332333183809,0.0637857420106,0.981549815498
0.0331005935438,0.0639151248544,0.981549815498
0.0328185659176,0.0640445076983,0.981549815498
0.0327669952963,0.0641738905421,0.981549815498
0.0327464131999,0.0643032733859,0.981549815498
0.0326848703443,0.0644326562298,0.981549815498
0.0325276540064,0.0645620390736,0.981549815498
0.0325192039584,0.0646914219175,0.981549815498
0.0324790528424,0.0648208047613,0.981549815498
0.0324425134352,0.0649501876051,0.981549815498
0.0324297033087,0.065079570449,0.981549815498
0.0323884203796,0.0652089532928,0.981549815498
0.0323732137721,0.0653383361366,0.981549815498
0.0321905259895,0.0654677189805,0.981549815498
0.0320432902909,0.0655971018243,0.981549815498
0.0320397887767,0.0657264846681,0.981549815498
0.0319844714646,0.065855867512,0.981549815498
0.0318626433546,0.0659852503558,0.981549815498
0.0318405092925,0.0661146331996,0.981549815498
0.0314202014892,0.0662440160435,0.981549815498
0.0313508812038,0.0663733988873,0.981549815498
0.0312138926199,0.0665027817311,0.981549815498
0.0311583378197,0.066632164575,0.981549815498
0.0311111611156,0.0667615474188,0.981549815498
0.0310944159144,0.0668909302626,0.981549815498
0.031067895803,0.0670203131065,0.981549815498
0.031064322576,0.0671496959503,0.981549815498
0.0309377609437,0.0672790787942,0.981549815498
0.0307699174495,0.067408461638,0.981549815498
0.0305629726169,0.0675378444818,0.981549815498
0.0302548730124,0.0676672273257,0.981549815498
0.0302338269732,0.0677966101695,0.981549815498
0.0300453903381,0.0679259930133,0.981549815498
0.0300247263222,0.0680553758572,0.981549815498
0.029846824042,0.068184758701,0.981549815498
0.0298334667143,0.0683141415448,0.981549815498
0.0296160067318,0.0684435243887,0.981549815498
0.0295719523718,0.0685729072325,0.981549815498
0.0295566814983,0.0687022900763,0.981549815498
0.0294167292946,0.0688316729202,0.981549815498
0.0293624374702,0.068961055764,0.981549815498
0.0293592037772,0.0690904386078,0.981549815498
0.0293230672885,0.0692198214517,0.981549815498
0.0292884897783,0.0693492042955,0.981549815498
0.0291655362852,0.0694785871393,0.981549815498
0.0290673756369,0.0696079699832,0.981549815498
0.0290502114204,0.069737352827,0.981549815498
0.0290461763535,0.0698667356709,0.981549815498
0.0290035742923,0.0699961185147,0.981549815498
0.028928136734,0.0701255013585,0.981549815498
0.0286769518071,0.0702548842024,0.981549815498
0.0284289641629,0.0703842670462,0.981549815498
0.0282688746715,0.07051364989,0.981549815498
0.0282586224992,0.0706430327339,0.981549815498
0.0281877298771,0.0707724155777,0.981549815498
0.0281840428541,0.0709017984215,0.981549815498
0.0280456347745,0.0710311812654,0.981549815498
0.0279977327281,0.0711605641092,0.981549815498
0.0279013639299,0.071289946953,0.981549815498
0.0277148559306,0.0714193297969,0.981549815498
0.0275027918875,0.0715487126407,0.981549815498
0.027404326148,0.0716780954845,0.981549815498
0.027251767303,0.0718074783284,0.981549815498
0.0272293529407,0.0719368611722,0.981549815498
0.0271536313458,0.072066244016,0.981549815498
0.0267797217356,0.0721956268599,0.981549815498
0.0266914833253,0.0723250097037,0.981549815498
0.0266826111331,0.0724543925475,0.981549815498
0.026632042057,0.0725837753914,0.981549815498
0.0264650815578,0.0727131582352,0.981549815498
0.0264292171466,0.0728425410791,0.981549815498
0.0263405536687,0.0729719239229,0.981549815498
0.0263364826096,0.0731013067667,0.981549815498
0.0263119815925,0.0732306896106,0.981549815498
0.0261192629685,0.0733600724544,0.981549815498
0.0260232379742,0.0734894552982,0.981549815498
0.0258900760047,0.0736188381421,0.981549815498
0.0258094078619,0.0737482209859,0.981549815498
0.0257490795225,0.0738776038297,0.981549815498
0.0257274801065,0.0740069866736,0.981549815498
0.0256155306489,0.0741363695174,0.981549815498
0.0254507979464,0.0742657523612,0.981549815498
0.0253703153225,0.0743951352051,0.981549815498
0.0253491612057,0.0745245180489,0.981549815498
0.0253340084394,0.0746539008927,0.981549815498
0.0253073799289,0.0747832837366,0.981549815498
0.0253039839776,0.0749126665804,0.981549815498
0.0252377938542,0.0750420494242,0.981549815498
0.0252091007076,0.0751714322681,0.981549815498
0.0250370459378,0.0751714322681,0.985239852399
0.0249524683606,0.0753008151119,0.985239852399
0.024948713987,0.0754301979558,0.985239852399
0.024770853735,0.0755595807996,0.985239852399
0.0247017137319,0.0756889636434,0.985239852399
0.0246315212726,0.0758183464873,0.985239852399
0.0245492728738,0.0759477293311,0.985239852399
0.0244732709871,0.0760771121749,0.985239852399
0.0244160436361,0.0762064950188,0.985239852399
0.0241190821963,0.0763358778626,0.985239852399
0.0240178489793,0.0764652607064,0.985239852399
0.0239649964232,0.0765946435503,0.985239852399
0.0239144677603,0.0767240263941,0.985239852399
0.0238040816124,0.0768534092379,0.985239852399
0.0237450879061,0.0769827920818,0.985239852399
0.0237396796843,0.0771121749256,0.985239852399
0.0236253354568,0.0772415577694,0.985239852399
0.0232825009599,0.0773709406133,0.985239852399
0.0232328321774,0.0775003234571,0.985239852399
0.0231997326452,0.0776297063009,0.985239852399
0.0230572410654,0.0777590891448,0.985239852399
0.0228756800191,0.0778884719886,0.985239852399
0.0228736470981,0.0780178548324,0.985239852399
0.0227269705408,0.0781472376763,0.985239852399
0.0226382477707,0.0782766205201,0.985239852399
0.0226120438061,0.078406003364,0.985239852399
0.0223353694786,0.0785353862078,0.985239852399
0.0222944550056,0.0786647690516,0.985239852399
0.0222206525183,0.0787941518955,0.985239852399
0.0221495593415,0.0789235347393,0.985239852399
0.0221330006504,0.0790529175831,0.985239852399
0.0221031776552,0.079182300427,0.985239852399
0.0220147987295,0.0793116832708,0.985239852399
0.022014002258,0.0794410661146,0.985239852399
0.0219833812759,0.0795704489585,0.985239852399
0.0219200719739,0.0795704489585,0.988929889299
0.0217171750035,0.0796998318023,0.988929889299
0.0216001092102,0.0798292146461,0.988929889299
0.0215205296234,0.07995859749,0.988929889299
0.0214429450167,0.0800879803338,0.988929889299
0.0214400062648,0.0802173631776,0.988929889299
0.0213948558123,0.0803467460215,0.988929889299
0.021358270924,0.0804761288653,0.988929889299
0.0213301078925,0.0806055117091,0.988929889299
0.0212945442383,0.080734894553,0.988929889299
0.0211326425869,0.0808642773968,0.988929889299
0.0210886191598,0.0809936602407,0.988929889299
0.0210222482411,0.0811230430845,0.988929889299
0.0209547189741,0.0812524259283,0.988929889299
0.0207866441324,0.0813818087722,0.988929889299
0.0207518451346,0.081511191616,0.988929889299
0.0206727045484,0.0816405744598,0.988929889299
0.0205600141327,0.0817699573037,0.988929889299
0.0204620743762,0.0818993401475,0.988929889299
0.0204029900353,0.0820287229913,0.988929889299
0.0203341358726,0.0821581058352,0.988929889299
0.0200561695296,0.082287488679,0.988929889299
0.0200234178177,0.0824168715228,0.988929889299
0.0199899163239,0.0825462543667,0.988929889299
0.0197984410266,0.0826756372105,0.988929889299
0.0197192523656,0.0828050200543,0.988929889299
0.0195976670252,0.0829344028982,0.988929889299
0.0195875925227,0.083063785742,0.988929889299
0.0195868794656,0.0831931685858,0.988929889299
0.0194975943251,0.0833225514297,0.988929889299
0.0194552357096,0.0834519342735,0.988929889299
0.0194521312566,0.0835813171174,0.988929889299
0.0191163290879,0.0837106999612,0.988929889299
0.0190728709431,0.083840082805,0.988929889299
0.0190616208263,0.0839694656489,0.988929889299
0.0190615292982,0.0840988484927,0.988929889299
0.0190061994739,0.0842282313365,0.988929889299
0.0190010276129,0.0843576141804,0.988929889299
0.0189651406203,0.0844869970242,0.988929889299
0.0188032767199,0.084616379868,0.988929889299
0.0187918822673,0.0847457627119,0.988929889299
0.0186160034947,0.0848751455557,0.988929889299
0.0185164045108,0.0850045283995,0.988929889299
0.0185058138668,0.0851339112434,0.988929889299
0.0184030444057,0.0852632940872,0.988929889299
0.0183908049277,0.085392676931,0.988929889299
0.0183535375602,0.0855220597749,0.988929889299
0.0182408707084,0.0856514426187,0.988929889299
0.0181769529645,0.0857808254625,0.988929889299
0.0181714450277,0.0859102083064,0.988929889299
0.0181635761658,0.0860395911502,0.988929889299
0.0181312424322,0.086168973994,0.988929889299
0.0180694501478,0.0862983568379,0.988929889299
0.0180693004391,0.0864277396817,0.988929889299
0.0180349229458,0.0865571225256,0.988929889299
0.0179882835069,0.0866865053694,0.988929889299
0.0178901677103,0.0868158882132,0.988929889299
0.0178701290817,0.0869452710571,0.988929889299
0.0178557830376,0.0870746539009,0.988929889299
0.0178500266302,0.0872040367447,0.988929889299
0.0178406452591,0.0873334195886,0.988929889299
0.0178275334832,0.0874628024324,0.988929889299
0.0177761490298,0.0875921852762,0.988929889299
0.017671075693,0.0877215681201,0.988929889299
0.017645460988,0.0878509509639,0.988929889299
0.0175731120241,0.0879803338077,0.988929889299
0.0175410305113,0.0881097166516,0.988929889299
0.0174610615881,0.0882390994954,0.988929889299
0.0173891611446,0.0883684823392,0.988929889299
0.0173529461033,0.0884978651831,0.988929889299
0.0173338452923,0.0886272480269,0.988929889299
0.0171691819742,0.0887566308707,0.988929889299
0.0170782202569,0.0888860137146,0.988929889299
0.0170343848988,0.0890153965584,0.988929889299
0.0170173704103,0.0891447794023,0.988929889299
0.0169259087795,0.0892741622461,0.988929889299
0.0169105199201,0.0894035450899,0.988929889299
0.016810110201,0.0895329279338,0.988929889299
0.0167152893682,0.0896623107776,0.988929889299
0.0167081868055,0.0897916936214,0.988929889299
0.0166334919529,0.0899210764653,0.988929889299
0.0166109118579,0.0900504593091,0.988929889299
0.0164706087619,0.0901798421529,0.988929889299
0.0164442001429,0.0903092249968,0.988929889299
0.0163666966675,0.0904386078406,0.988929889299
0.0163508154345,0.0905679906844,0.988929889299
0.0163154093856,0.0906973735283,0.988929889299
0.016310659531,0.0908267563721,0.988929889299
0.0161457136872,0.0909561392159,0.988929889299
0.0160761759838,0.0910855220598,0.988929889299
0.0159540507646,0.0912149049036,0.988929889299
0.0158471739809,0.0913442877474,0.988929889299
0.0157705598486,0.0914736705913,0.988929889299
0.0157346937354,0.0916030534351,0.988929889299
0.0156929638289,0.0917324362789,0.988929889299
0.0156515440454,0.0918618191228,0.988929889299
0.0156333538108,0.0919912019666,0.988929889299
0.0156308141861,0.0921205848105,0.988929889299
0.0155711143289,0.0922499676543,0.988929889299
0.0155273590982,0.0923793504981,0.988929889299
0.0155259714002,0.092508733342,0.988929889299
0.0155173834802,0.0926381161858,0.988929889299
0.0154103230059,0.0927674990296,0.988929889299
0.0153486391727,0.0928968818735,0.988929889299
0.0153369588938,0.0930262647173,0.988929889299
0.0152946841487,0.0931556475611,0.988929889299
0.0152872031968,0.093285030405,0.988929889299
0.0152258041819,0.0934144132488,0.988929889299
0.0151194039342,0.0935437960926,0.988929889299
0.0150114241199,0.0936731789365,0.988929889299
0.0148507104716,0.0938025617803,0.988929889299
0.0148137000235,0.0939319446241,0.988929889299
0.0147979296487,0.094061327468,0.988929889299
0.0147743454678,0.0941907103118,0.988929889299
0.0147527916337,0.0943200931556,0.988929889299
0.0146760849664,0.0944494759995,0.988929889299
0.0146453162316,0.0945788588433,0.988929889299
0.0145879881395,0.0947082416872,0.988929889299
0.0145692006924,0.094837624531,0.988929889299
0.0144922922409,0.0949670073748,0.988929889299
0.0143957913868,0.0950963902187,0.988929889299
0.0143262120781,0.0952257730625,0.988929889299
0.0142626480419,0.0953551559063,0.988929889299
0.0142454576664,0.0953551559063,0.992619926199
0.0142223436464,0.0954845387502,0.992619926199
0.0141774626537,0.095613921594,0.992619926199
0.0141702475675,0.0957433044378,0.992619926199
0.0141432338204,0.0958726872817,0.992619926199
0.0140986236574,0.0960020701255,0.992619926199
0.0138791388736,0.0961314529693,0.992619926199
0.0138378425215,0.0962608358132,0.992619926199
0.0138352202642,0.096390218657,0.992619926199
0.0137816166003,0.0965196015008,0.992619926199
0.0137625776096,0.0966489843447,0.992619926199
0.0137447098472,0.0967783671885,0.992619926199
0.0137230790639,0.0969077500323,0.992619926199
0.0136356971582,0.0970371328762,0.992619926199
0.0135630978533,0.09716651572,0.992619926199
0.0135488995918,0.0972958985639,0.992619926199
0.0135426561843,0.0974252814077,0.992619926199
0.0135311229574,0.0975546642515,0.992619926199
0.0134744361637,0.0976840470954,0.992619926199
0.0134603812954,0.0978134299392,0.992619926199
0.0134383615699,0.097942812783,0.992619926199
0.0134378784101,0.0980721956269,0.992619926199
0.0134253053367,0.0982015784707,0.992619926199
0.0134146319907,0.0983309613145,0.992619926199
0.0133871128765,0.0984603441584,0.992619926199
0.0133627004397,0.0985897270022,0.992619926199
0.0133417266489,0.098719109846,0.992619926199
0.0133280443792,0.0988484926899,0.992619926199
0.0133173015783,0.0989778755337,0.992619926199
0.0130953135345,0.0991072583775,0.992619926199
0.0130514480561,0.0992366412214,0.992619926199
0.0130162987787,0.0993660240652,0.992619926199
0.0129708008765,0.099495406909,0.992619926199
0.0129277259842,0.0996247897529,0.992619926199
0.0129212459598,0.0997541725967,0.992619926199
0.01289691697,0.0998835554405,0.992619926199
0.0128914881939,0.100012938284,0.992619926199
0.0127915721091,0.100142321128,0.992619926199
0.0127360153288,0.100271703972,0.992619926199
0.0127200608954,0.100401086816,0.992619926199
0.0126047300945,0.10053046966,0.992619926199
0.0125826049516,0.100659852504,0.992619926199
0.0124847344491,0.100789235347,0.992619926199
0.0124661360919,0.100918618191,0.992619926199
0.012435779107,0.101048001035,0.992619926199
0.0123436406269,0.101177383879,0.992619926199
0.0123400187324,0.101306766723,0.992619926199
0.0122873154122,0.101436149567,0.992619926199
0.0121805282465,0.10156553241,0.992619926199
0.0119664200676,0.101694915254,0.992619926199
0.0119343739244,0.101824298098,0.992619926199
0.0119136403971,0.101953680942,0.992619926199
0.0118356973167,0.102083063786,0.992619926199
0.0118310269298,0.10221244663,0.992619926199
0.0117526451613,0.102341829473,0.992619926199
0.0117442329583,0.102471212317,0.992619926199
0.0116469207647,0.102600595161,0.992619926199
0.0116044247659,0.102729978005,0.992619926199
0.0115973748629,0.102859360849,0.992619926199
0.0115689952159,0.102988743693,0.992619926199
0.0115388381648,0.103118126536,0.992619926199
0.011509456608,0.10324750938,0.992619926199
0.0114619093719,0.103376892224,0.992619926199
0.0114595578948,0.103506275068,0.992619926199
0.0114594666656,0.103635657912,0.992619926199
0.0114594158846,0.103765040756,0.992619926199
0.0114303209869,0.103894423599,0.992619926199
0.0114002154429,0.104023806443,0.992619926199
0.0113682311892,0.104153189287,0.992619926199
0.0113268975949,0.104282572131,0.992619926199
0.0113056661388,0.104411954975,0.992619926199
0.0112115951837,0.104541337819,0.992619926199
0.011174510255,0.104670720662,0.992619926199
0.0111665578746,0.104800103506,0.992619926199
0.011011068035,0.10492948635,0.992619926199
0.0108774225445,0.105058869194,0.992619926199
0.0107418237139,0.105188252038,0.992619926199
0.0107274678125,0.105317634882,0.992619926199
0.0107081518601,0.105447017725,0.992619926199
0.0107022845936,0.105576400569,0.992619926199
0.0106867575527,0.105705783413,0.992619926199
0.0106731708082,0.105835166257,0.992619926199
0.0106609402401,0.105964549101,0.992619926199
0.0105995823906,0.106093931945,0.992619926199
0.0105832565303,0.106223314788,0.992619926199
0.0105164546921,0.106352697632,0.992619926199
0.0104535223006,0.106482080476,0.992619926199
0.010406824443,0.10661146332,0.992619926199
0.0104064096816,0.106740846164,0.992619926199
0.0103967981341,0.106870229008,0.992619926199
0.0103922867292,0.106999611851,0.992619926199
0.0103563241321,0.107128994695,0.992619926199
0.0103370027584,0.107258377539,0.992619926199
0.0103176199657,0.107387760383,0.992619926199
0.0102056010055,0.107517143227,0.992619926199
0.0102040784763,0.107646526071,0.992619926199
0.0101975754832,0.107775908914,0.992619926199
0.0101673169584,0.107905291758,0.992619926199
0.0101671381629,0.108034674602,0.992619926199
0.010097626899,0.108164057446,0.992619926199
0.0100782717425,0.10829344029,0.992619926199
0.0100452954431,0.108422823134,0.992619926199
0.010003958042,0.108552205977,0.992619926199
0.00999849453194,0.108681588821,0.992619926199
0.00996646243842,0.108810971665,0.992619926199
0.00995791313443,0.108810971665,0.9963099631
0.00990469797298,0.108940354509,0.9963099631
0.00988165377889,0.109069737353,0.9963099631
0.00986072151039,0.109199120197,0.9963099631
0.00985520724643,0.10932850304,0.9963099631
0.00982631746145,0.109457885884,0.9963099631
0.009825888885,0.109587268728,0.9963099631
0.00980317571385,0.109716651572,0.9963099631
0.00978864577856,0.109846034416,0.9963099631
0.00964236706732,0.10997541726,0.9963099631
0.00961086582856,0.110104800104,0.9963099631
0.00959343022883,0.110234182947,0.9963099631
0.00949836002927,0.110363565791,0.9963099631
0.00948924876959,0.110492948635,0.9963099631
0.00948458034218,0.110622331479,0.9963099631
0.00946088357861,0.110751714323,0.9963099631
0.00942565486054,0.110881097167,0.9963099631
0.00936398435098,0.11101048001,0.9963099631
0.00936341446528,0.111139862854,0.9963099631
0.00935104738246,0.111269245698,0.9963099631
0.00934860775112,0.111398628542,0.9963099631
0.00933821860153,0.111528011386,0.9963099631
0.00930462408308,0.11165739423,0.9963099631
0.00928162427225,0.111786777073,0.9963099631
0.00927840644232,0.111916159917,0.9963099631
0.00925670389483,0.112045542761,0.9963099631
0.00924022010926,0.112174925605,0.9963099631
0.00918921247395,0.112304308449,0.9963099631
0.00916671504402,0.112433691293,0.9963099631
0.00910273791579,0.112563074136,0.9963099631
0.00908330093607,0.11269245698,0.9963099631
0.00903298791438,0.112821839824,0.9963099631
0.00898995469905,0.112951222668,0.9963099631
0.00895038677208,0.113080605512,0.9963099631
0.00891498844659,0.113209988356,0.9963099631
0.00890971233787,0.113339371199,0.9963099631
0.00890873333535,0.113468754043,0.9963099631
0.0088654817191,0.113598136887,0.9963099631
0.00886088491394,0.113727519731,0.9963099631
0.00881833045972,0.113856902575,0.9963099631
0.00880702464696,0.113986285419,0.9963099631
0.00877148307699,0.114115668262,0.9963099631
0.00871172990953,0.114245051106,0.9963099631
0.00859672777964,0.11437443395,0.9963099631
0.00857087110752,0.114503816794,0.9963099631
0.0085112440219,0.114503816794,1
0.00846385305743,0.114633199638,1
0.00845159197107,0.114762582482,1
0.00841427193118,0.114891965325,1
0.0083743232214,0.115021348169,1
0.00835148018574,0.115150731013,1
0.0082963926133,0.115280113857,1
0.00825246837533,0.115409496701,1
0.00824931846084,0.115538879545,1
0.00822919799875,0.115668262388,1
0.00822663507316,0.115797645232,1
0.00822399074902,0.115927028076,1
0.00820384527929,0.11605641092,1
0.0081683803281,0.116185793764,1
0.00816764745244,0.116315176608,1
0.00815068815067,0.116444559451,1
0.00808743894304,0.116573942295,1
0.00801501693912,0.116703325139,1
0.00800526879433,0.116832707983,1
0.00799310820149,0.116962090827,1
0.00795406428512,0.117091473671,1
0.00794496745514,0.117220856514,1
0.00793654200743,0.117350239358,1
0.00791329135503,0.117479622202,1
0.00790773982059,0.117609005046,1
0.00788681749053,0.11773838789,1
0.00787614585208,0.117867770734,1
0.00787147702916,0.117997153577,1
0.00781042838572,0.118126536421,1
0.00780935320637,0.118255919265,1
0.00776510171684,0.118385302109,1
0.00776177083448,0.118514684953,1
0.00771406014875,0.118644067797,1
0.00770714229378,0.11877345064,1
0.00770018105767,0.118902833484,1
0.00769528361383,0.119032216328,1
0.00767975888712,0.119161599172,1
0.00767865311275,0.119290982016,1
0.00762274879412,0.11942036486,1
0.00754969083227,0.119549747703,1
0.0075355202236,0.119679130547,1
0.00752868803042,0.119808513391,1
0.00749607005881,0.119937896235,1
0.00747897644962,0.120067279079,1
0.0074710593778,0.120196661923,1
0.00742406179909,0.120326044766,1
0.00740290776503,0.12045542761,1
0.00739810218474,0.120584810454,1
0.00737971822085,0.120714193298,1
0.00736152421318,0.120843576142,1
0.00734577241277,0.120972958986,1
0.00732729715525,0.121102341829,1
0.00731445073447,0.121231724673,1
0.0073004184675,0.121361107517,1
0.00729369870137,0.121490490361,1
0.00727262220616,0.121619873205,1
0.0072576728337,0.121749256049,1
0.00721675844912,0.121878638892,1
0.00720270101516,0.122008021736,1
0.00717445965659,0.12213740458,1
0.00716215182865,0.122266787424,1
0.00713797337798,0.122396170268,1
0.00713209519651,0.122525553112,1
0.00712900295299,0.122654935955,1
0.00701163525342,0.122784318799,1
0.00700900419645,0.122913701643,1
0.00698529779769,0.123043084487,1
0.00697741217291,0.123172467331,1
0.00695040808311,0.123301850175,1
0.00694949576133,0.123431233019,1
0.00693131897296,0.123560615862,1
0.00692416607219,0.123689998706,1
0.00689531939689,0.12381938155,1
0.00689449547163,0.123948764394,1
0.00687837131853,0.124078147238,1
0.00685251945973,0.124207530082,1
0.00683990544075,0.124336912925,1
0.0068212071755,0.124466295769,1
0.00677051843565,0.124595678613,1
0.00673697211807,0.124725061457,1
0.00673011630246,0.124854444301,1
0.00671261056351,0.124983827145,1
0.00664702488336,0.125113209988,1
0.00661522041306,0.125242592832,1
0.00657877723138,0.125371975676,1
0.00655468739648,0.12550135852,1
0.00654370662508,0.125630741364,1
0.00652674187343,0.125760124208,1
0.00652256862692,0.125889507051,1
0.00649462076689,0.126018889895,1
0.00649331552034,0.126148272739,1
0.00648213198657,0.126277655583,1
0.00647362122444,0.126407038427,1
0.00646427080369,0.126536421271,1
0.00645851443385,0.126665804114,1
0.00639026126719,0.126795186958,1
0.00637288008631,0.126924569802,1
0.00635776313868,0.127053952646,1
0.00634080492285,0.12718333549,1
0.00633211824932,0.127312718334,1
0.00629857124202,0.127442101177,1
0.00626369686546,0.127571484021,1
0.00626150965534,0.127700866865,1
0.00624608993642,0.127830249709,1
0.00624184079528,0.127959632553,1
0.00619793951742,0.128089015397,1
0.00618708841597,0.12821839824,1
0.0061857441963,0.128347781084,1
0.00616067854956,0.128477163928,1
0.00615315910645,0.128606546772,1
0.0061393884427,0.128735929616,1
0.00612215781279,0.12886531246,1
0.00608896259886,0.128994695303,1
0.00608002610278,0.129124078147,1
0.0060587864964,0.129253460991,1
0.00602817059182,0.129382843835,1
0.00598416202042,0.129512226679,1
0.00595628519957,0.129641609523,1
0.0059431312023,0.129770992366,1
0.00594251186351,0.12990037521,1
0.00593545990166,0.130029758054,1
0.00590580694895,0.130159140898,1
0.00588642309842,0.130288523742,1
0.00586773903035,0.130417906586,1
0.00586257138228,0.130547289429,1
0.00584931739684,0.130676672273,1
0.00584453574461,0.130806055117,1
0.00583487719823,0.130935437961,1
0.00581878202331,0.131064820805,1
0.00580544621509,0.131194203649,1
0.00579485684579,0.131323586492,1
0.00578882114654,0.131452969336,1
0.00578196421217,0.13158235218,1
0.00576632044061,0.131711735024,1
0.00576576522682,0.131841117868,1
0.00574742734364,0.131970500712,1
0.00566646818728,0.132099883555,1
0.00565844028462,0.132229266399,1
0.00564727124434,0.132358649243,1
0.00564349474267,0.132488032087,1
0.00563855207656,0.132617414931,1
0.00559965836948,0.132746797775,1
0.00558351844368,0.132876180618,1
0.00554664685874,0.133005563462,1
0.00553150800854,0.133134946306,1
0.00552704814962,0.13326432915,1
0.00551461321879,0.133393711994,1
0.00550457153268,0.133523094838,1
0.00549933638033,0.133652477681,1
0.00549836481234,0.133781860525,1
0.0054937408543,0.133911243369,1
0.00543705871635,0.134040626213,1
0.00542599562516,0.134170009057,1
0.00541752105402,0.134299391901,1
0.00540819930758,0.134428774744,1
0.00540815713809,0.134558157588,1
0.00540136389707,0.134687540432,1
0.00540031609079,0.134816923276,1
0.00539346902934,0.13494630612,1
0.00536947612156,0.135075688964,1
0.00535490992672,0.135205071807,1
0.00535473817238,0.135334454651,1
0.00535340552001,0.135463837495,1
0.00534888966166,0.135593220339,1
0.0053424703903,0.135722603183,1
0.00531410941496,0.135851986027,1
0.00531324784528,0.13598136887,1
0.00530978943971,0.136110751714,1
0.00530818612446,0.136240134558,1
0.00527355306519,0.136369517402,1
0.00527088161343,0.136498900246,1
0.0052592461347,0.13662828309,1
0.00524999570572,0.136757665933,1
0.00520927860311,0.136887048777,1
0.00520787304436,0.137016431621,1
0.00519859419613,0.137145814465,1
0.00516940408449,0.137275197309,1
0.00516075297078,0.137404580153,1
0.00515485222381,0.137533962997,1
0.00515464858117,0.13766334584,1
0.00514441611309,0.137792728684,1
0.00514339336772,0.137922111528,1
0.00513985484914,0.138051494372,1
0.0051337596732,0.138180877216,1
0.00512318579087,0.13831026006,1
0.00512195337428,0.138439642903,1
0.00511649003187,0.138569025747,1
0.00510659875629,0.138698408591,1
0.00507689672497,0.138827791435,1
0.005075492933,0.138957174279,1
0.00507222853301,0.139086557123,1
0.00504950661041,0.139215939966,1
0.00504628036692,0.13934532281,1
0.00504606684965,0.139474705654,1
0.00503309567615,0.139604088498,1
0.00503055664335,0.139733471342,1
0.00501411139141,0.139862854186,1
0.00501144162708,0.139992237029,1
0.00499978820085,0.140121619873,1
0.00498899573586,0.140251002717,1
0.00497612885165,0.140380385561,1
0.00497158481383,0.140509768405,1
0.00496005432951,0.140639151249,1
0.00495376097166,0.140768534092,1
0.00493744250137,0.140897916936,1
0.00492455330233,0.14102729978,1
0.00491906850318,0.141156682624,1
0.00491539222345,0.141286065468,1
0.00489731760344,0.141415448312,1
0.00489376821926,0.141544831155,1
0.00489283344344,0.141674213999,1
0.00489194429971,0.141803596843,1
0.0048792883535,0.141932979687,1
0.00487447775162,0.142062362531,1
0.00486324976436,0.142191745375,1
0.00486228532048,0.142321128218,1
0.0048594299638,0.142450511062,1
0.00485893016496,0.142579893906,1
0.0048556708963,0.14270927675,1
0.00485338983064,0.142838659594,1
0.00485180724526,0.142968042438,1
0.00484466467922,0.143097425281,1
0.00484272952825,0.143226808125,1
0.00483205682027,0.143356190969,1
0.00482904664179,0.143485573813,1
0.00481809648932,0.143614956657,1
0.00481763906534,0.143744339501,1
0.00481467140956,0.143873722344,1
0.00480039092292,0.144003105188,1
0.00480002447664,0.144132488032,1
0.00478403280478,0.144261870876,1
0.00478013989952,0.14439125372,1
0.00477936917894,0.144520636564,1
0.00476649421685,0.144650019407,1
0.0047628812339,0.144779402251,1
0.00474425271755,0.144908785095,1
0.00472991344234,0.145038167939,1
0.00472542810868,0.145167550783,1
0.00470830908926,0.145296933627,1
0.00470370861643,0.14542631647,1
0.0047025370014,0.145555699314,1
0.00469690367436,0.145685082158,1
0.00469630853019,0.145814465002,1
0.00469143674288,0.145943847846,1
0.00468751533537,0.14607323069,1
0.00468262374638,0.146202613533,1
0.004679957944,0.146331996377,1
0.00467819908363,0.146461379221,1
0.0046749733481,0.146590762065,1
0.00467320226782,0.146720144909,1
0.00464276187288,0.146849527753,1
0.00463867917662,0.146978910596,1
0.00463817931501,0.14710829344,1
0.00463208147776,0.147237676284,1
0.00462918774904,0.147367059128,1
0.00461992052851,0.147496441972,1
0.00460547223403,0.147625824816,1
0.00460542079231,0.147755207659,1
0.00460380898309,0.148013973347,1
0.00460279685558,0.148143356191,1
0.00458692893472,0.148272739035,1
0.00458007569332,0.148402121879,1
0.00457414780361,0.148531504722,1
0.0045629167347,0.148660887566,1
0.00455434928221,0.14879027041,1
0.00454375837716,0.148919653254,1
0.00453956720226,0.149049036098,1
0.00452828089995,0.149178418942,1
0.00451857308792,0.149307801785,1
0.00451523788433,0.149437184629,1
0.00451432553125,0.149566567473,1
0.00451357818596,0.149695950317,1
0.00451170257966,0.149825333161,1
0.00450353409291,0.149954716005,1
0.00449395284811,0.150084098848,1
0.00449089336571,0.150213481692,1
0.00448992305322,0.150342864536,1
0.00447519266029,0.15047224738,1
0.00446858252633,0.150601630224,1
0.00445676569279,0.150731013068,1
0.00444897860696,0.150860395912,1
0.00444884589869,0.150989778755,1
0.0044364414465,0.151119161599,1
0.00443355927047,0.151248544443,1
0.0044321691483,0.151377927287,1
0.00442606864831,0.151507310131,1
0.00442535144123,0.151636692975,1
0.00441934434687,0.151766075818,1
0.00441898675619,0.151895458662,1
0.00441814464296,0.152024841506,1
0.00441154681786,0.15215422435,1
0.00439520739729,0.152283607194,1
0.00438771127229,0.152412990038,1
0.00436298490007,0.152542372881,1
0.00435846742449,0.152671755725,1
0.00435532511261,0.152801138569,1
0.00435375501391,0.152930521413,1
0.00434125181771,0.153059904257,1
0.00433973622014,0.153189287101,1
0.0043339241866,0.153318669944,1
0.00431981962797,0.153448052788,1
0.00431933995858,0.153577435632,1
0.0043174176624,0.153706818476,1
0.00431303418289,0.15383620132,1
0.00429184443741,0.153965584164,1
0.00429173055438,0.154094967007,1
0.00428242891516,0.154224349851,1
0.004279809959,0.154353732695,1
0.004279738043,0.154483115539,1
0.00427587970878,0.154612498383,1
0.00427187412564,0.154741881227,1
0.00426689120587,0.15487126407,1
0.00426613097006,0.155000646914,1
0.00426596648418,0.155130029758,1
0.00426125200739,0.155259412602,1
0.00425528456288,0.155388795446,1
0.00425174941786,0.15551817829,1
0.00424784759973,0.155647561133,1
0.00424650198295,0.155776943977,1
0.00423964140977,0.155906326821,1
0.00423942578259,0.156035709665,1
0.0042332153793,0.156165092509,1
0.00423068356182,0.156294475353,1
0.00422877101657,0.156423858196,1
0.00422653650578,0.15655324104,1
0.00422514102689,0.156682623884,1
0.00422065949231,0.156812006728,1
0.00421515984883,0.156941389572,1
0.00420924588983,0.157070772416,1
0.00420725328259,0.157329538103,1
0.0042008920519,0.157458920947,1
0.00419885316238,0.157588303791,1
0.00419713948486,0.157717686635,1
0.00418775540107,0.157847069479,1
0.00417701270639,0.157976452322,1
0.0041724267274,0.158105835166,1
0.0041693161875,0.15823521801,1
0.00415826232011,0.158364600854,1
0.00415021631492,0.158493983698,1
0.00414704173282,0.158623366542,1
0.00414514139612,0.158752749385,1
0.00413472748311,0.158882132229,1
0.00412947207978,0.159011515073,1
0.00411360358412,0.159140897917,1
0.00411308356076,0.159270280761,1
0.00411234135976,0.159399663605,1
0.00410328243697,0.159529046448,1
0.00409804545319,0.159658429292,1
0.00409597199102,0.159787812136,1
0.00408067190376,0.15991719498,1
0.00407178913851,0.160046577824,1
0.00405110512121,0.160175960668,1
0.00404837821647,0.160305343511,1
0.00403949454037,0.160434726355,1
0.00402547204594,0.160564109199,1
0.00401741556571,0.160693492043,1
0.00401714835106,0.160822874887,1
0.00401194463217,0.160952257731,1
0.00400400346027,0.161081640574,1
0.00399851008017,0.161211023418,1
0.00398655425296,0.161340406262,1
0.00398628426082,0.161469789106,1
0.00398568249445,0.16159917195,1
0.00398486842585,0.161728554794,1
0.00397948644654,0.161857937637,1
0.0039782968586,0.161987320481,1
0.00397590789875,0.162116703325,1
0.0039754499177,0.162246086169,1
0.00397096809252,0.162375469013,1
0.00397095211567,0.1626342347,1
0.0039701045383,0.162763617544,1
0.0039696021763,0.162893000388,1
0.00396156224465,0.163022383232,1
0.00395763675141,0.163151766076,1
0.0039542679046,0.16328114892,1
0.00394932759582,0.163410531763,1
0.00394737478736,0.163539914607,1
0.00394679030852,0.163669297451,1
0.00394347818003,0.163798680295,1
0.00393845177364,0.163928063139,1
0.00393331098361,0.164057445983,1
0.00392396413948,0.164186828826,1
0.0039224371023,0.16431621167,1
0.00391810412385,0.164445594514,1
0.00391317665513,0.164704360202,1
0.00390859747637,0.164833743046,1
0.00390808466895,0.16496312589,1
0.00390704570484,0.165092508733,1
0.00389856865924,0.165221891577,1
0.00389384816574,0.165351274421,1
0.00389140008937,0.165480657265,1
0.00388937493169,0.165610040109,1
0.00388606309557,0.165739422953,1
0.0038848473319,0.165868805796,1
0.00388234622591,0.16599818864,1
0.00387850774809,0.166127571484,1
0.00387168510048,0.166256954328,1
0.00386876115456,0.166386337172,1
0.00386440363378,0.166515720016,1
0.00386388797113,0.166645102859,1
0.00385696452435,0.166774485703,1
0.00385494097131,0.166903868547,1
0.00385321865253,0.167033251391,1
0.00385179510458,0.167162634235,1
0.00384581805397,0.167292017079,1
0.00384433177793,0.167421399922,1
0.0038442575606,0.167550782766,1
0.00384285103585,0.16768016561,1
0.00383978688564,0.167809548454,1
0.00383820344864,0.167938931298,1
0.00383553059111,0.168068314142,1
0.0038339932114,0.168197696985,1
0.00383002942646,0.168327079829,1
0.00382954254382,0.168456462673,1
0.003822187403,0.168585845517,1
0.00381725192607,0.168715228361,1
0.00381655601297,0.168844611205,1
0.00381551345448,0.168973994048,1
0.00380595304324,0.169103376892,1
0.0038013400239,0.169232759736,1
0.00379467469529,0.16936214258,1
0.00379278901404,0.169491525424,1
0.00377826031325,0.169620908268,1
0.0037747326771,0.169750291111,1
0.00376795684386,0.169879673955,1
0.00376486952872,0.170009056799,1
0.00374655758647,0.170138439643,1
0.00374581393535,0.170267822487,1
0.00374503087149,0.170397205331,1
0.00374328616374,0.170526588174,1
0.00374242563598,0.170655971018,1
0.00373901936021,0.170785353862,1
0.00373661445337,0.170914736706,1
0.00373540822866,0.17104411955,1
0.0037275489425,0.171173502394,1
0.00372563938704,0.171302885237,1
0.00372447056493,0.171432268081,1
0.00372442515206,0.171561650925,1
0.00371996398558,0.171691033769,1
0.00371620993673,0.171820416613,1
0.00371317898314,0.171949799457,1
0.00370975993478,0.1720791823,1
0.00370134172782,0.172208565144,1
0.00369762568189,0.172337947988,1
0.0036968271855,0.172467330832,1
0.00369049212292,0.172596713676,1
0.00368219356943,0.17272609652,1
0.00367453165874,0.172855479363,1
0.00367032945529,0.172984862207,1
0.00366506977004,0.173114245051,1
0.0036548051639,0.173243627895,1
0.00365274972292,0.173373010739,1
0.00364804697798,0.173502393583,1
0.00364794273757,0.173631776426,1
0.00364230991021,0.17376115927,1
0.003638797293,0.173890542114,1
0.00361145855941,0.174019924958,1
0.00360997029534,0.174149307802,1
0.00360583690943,0.174278690646,1
0.0036010789533,0.174408073489,1
0.00359948305017,0.174537456333,1
0.0035972056845,0.174666839177,1
0.00359558131321,0.174796222021,1
0.0035687804853,0.174925604865,1
0.00356341125658,0.175054987709,1
0.00356118547484,0.175184370552,1
0.00356089685865,0.175313753396,1
0.00355790280191,0.17544313624,1
0.00355450337479,0.175572519084,1
0.00355439199542,0.175701901928,1
0.00355272846013,0.175831284772,1
0.00354956606257,0.175960667615,1
0.00354848557474,0.176090050459,1
0.00354658943072,0.176219433303,1
0.00354284873337,0.176348816147,1
0.00353915818717,0.176478198991,1
0.00353518011983,0.176607581835,1
0.00352498205918,0.176736964678,1
0.00352442893385,0.176995730366,1
0.00352342571511,0.17712511321,1
0.00352293180193,0.177254496054,1
0.00352102781014,0.177383878898,1
0.00351928356747,0.177513261741,1
0.00351849946312,0.177642644585,1
0.00351642164956,0.177772027429,1
0.0035158922153,0.177901410273,1
0.0035134187853,0.178030793117,1
0.00350967608251,0.178160175961,1
0.0035084879106,0.178289558805,1
0.00350702394553,0.178418941648,1
0.00349897415962,0.178548324492,1
0.00349738158213,0.178677707336,1
0.00349329573207,0.17880709018,1
0.00349097854885,0.178936473024,1
0.00348947176034,0.179065855868,1
0.00348650788317,0.179195238711,1
0.00348583023024,0.179324621555,1
0.00347282908524,0.179454004399,1
0.0034662008004,0.179583387243,1
0.00346205823795,0.179712770087,1
0.00345753952201,0.179842152931,1
0.00345716069695,0.179971535774,1
0.00345687599817,0.180100918618,1
0.00345470407569,0.180230301462,1
0.00345323202557,0.180359684306,1
0.00345235931901,0.18048906715,1
0.00345183224673,0.180618449994,1
0.00345171614051,0.180747832837,1
0.00345170050259,0.180877215681,1
0.0034500665954,0.181006598525,1
0.00344627898474,0.181135981369,1
0.00344375289871,0.181265364213,1
0.00344146792044,0.181394747057,1
0.00344022705943,0.1815241299,1
0.00343993915336,0.181653512744,1
0.00342860883728,0.181782895588,1
0.00341994029736,0.181912278432,1
0.00341914769725,0.182041661276,1
0.00340836703696,0.18217104412,1
0.00340511171533,0.182300426963,1
0.00340365906904,0.182429809807,1
0.00339369548916,0.182559192651,1
0.00339280752348,0.182688575495,1
0.00339279523041,0.182817958339,1
0.00339191917712,0.182947341183,1
0.00339010503582,0.183076724026,1
0.00338218273179,0.18320610687,1
0.00337964993772,0.183335489714,1
0.00337881038828,0.183464872558,1
0.00337694049364,0.183594255402,1
0.00337623446731,0.183723638246,1
0.0033751682152,0.183853021089,1
0.0033750641175,0.183982403933,1
0.00337191870849,0.184111786777,1
0.00337123380214,0.184241169621,1
0.00337049937282,0.184370552465,1
0.00337020140779,0.184499935309,1
0.00336933736331,0.184629318152,1
0.00336773267158,0.184758700996,1
0.0033661292545,0.18488808384,1
0.00336140315343,0.185017466684,1
0.00335542535513,0.185146849528,1
0.00335280511084,0.185276232372,1
0.00335016471965,0.185405615215,1
0.00334691504917,0.185534998059,1
0.00333488049728,0.185664380903,1
0.00333048701784,0.185793763747,1
0.00333007753634,0.185923146591,1
0.00332721884362,0.186052529435,1
0.00332716387325,0.186181912278,1
0.003323150848,0.186311295122,1
0.0033140748608,0.186440677966,1
0.00330972484855,0.18657006081,1
0.00330665381747,0.186699443654,1
0.00330317297489,0.186828826498,1
0.00330291841112,0.186958209341,1
0.00330027648032,0.187087592185,1
0.00329993879816,0.187216975029,1
0.0032999274236,0.187346357873,1
0.00329378398587,0.187475740717,1
0.0032933647541,0.187605123561,1
0.00329271260011,0.187734506404,1
0.00329106762954,0.187863889248,1
0.00328766607524,0.187993272092,1
0.00328493038557,0.188122654936,1
0.00328290457083,0.18825203778,1
0.00328200872159,0.188381420624,1
0.00328117542604,0.188510803467,1
0.00327398813804,0.188640186311,1
0.00327360587823,0.188769569155,1
0.00327034901167,0.188898951999,1
0.00326754213223,0.189028334843,1
0.00326624177377,0.189157717687,1
0.00326560295258,0.18928710053,1
0.00326339408182,0.189416483374,1
0.00326205141521,0.189545866218,1
0.00325537001278,0.189675249062,1
0.00325101904191,0.189804631906,1
0.00324855294253,0.18993401475,1
0.00324450873091,0.190063397593,1
0.00322990536009,0.190192780437,1
0.00322347098841,0.190322163281,1
0.0032211845261,0.190451546125,1
0.00321879342596,0.190580928969,1
0.00321835862363,0.190710311813,1
0.00321633881897,0.190839694656,1
0.00320934385301,0.1909690775,1
0.00320695922288,0.191098460344,1
0.00320243098272,0.191227843188,1
0.00319771975499,0.191357226032,1
0.00319331602925,0.191486608876,1
0.0031888551315,0.191615991719,1
0.00318513634413,0.191745374563,1
0.00318218357776,0.191874757407,1
0.00317557043509,0.192004140251,1
0.00316885011798,0.192133523095,1
0.00316852371779,0.192262905939,1
0.00316609143607,0.192392288783,1
0.00316450240268,0.192521671626,1
0.0031602975312,0.19265105447,1
0.0031571475144,0.192780437314,1
0.00315692895439,0.192909820158,1
0.00315632762672,0.193039203002,1
0.00314833852201,0.193168585846,1
0.00314561102933,0.193297968689,1
0.00314438677603,0.193427351533,1
0.00314130375163,0.193556734377,1
0.00313847916096,0.193686117221,1
0.00313490587093,0.193815500065,1
0.00313140375101,0.193944882909,1
0.00313139789749,0.194074265752,1
0.0031197029065,0.194203648596,1
0.00311881038925,0.19433303144,1
0.00311815582291,0.194462414284,1
0.00311666171888,0.194591797128,1
0.00310801747403,0.194721179972,1
0.00310710915454,0.194850562815,1
0.0031059235352,0.194979945659,1
0.00310404565079,0.195109328503,1
0.00310217551206,0.195238711347,1
0.00309717294798,0.195368094191,1
0.00309431732895,0.195497477035,1
0.00309103550883,0.195626859878,1
0.00309090323202,0.195756242722,1
0.00308990471743,0.195885625566,1
0.0030880661303,0.19601500841,1
0.00308763642842,0.196144391254,1
0.00308093135112,0.196273774098,1
0.00307890645557,0.196403156941,1
0.00307753667479,0.196532539785,1
0.00306886918645,0.196661922629,1
0.00306397369308,0.196791305473,1
0.00305833641662,0.196920688317,1
0.00305353711358,0.197050071161,1
0.00305335408619,0.197179454004,1
0.00305061161927,0.197308836848,1
0.00304878134719,0.197438219692,1
0.00304468173689,0.197567602536,1
0.00303941630313,0.19769698538,1
0.00303439051431,0.197826368224,1
0.00303425842412,0.197955751067,1
0.00303314188454,0.198085133911,1
0.00302719824108,0.198214516755,1
0.0030267937999,0.198343899599,1
0.00302543173885,0.198473282443,1
0.00302385033238,0.198602665287,1
0.00302363538472,0.19873204813,1
0.0030227522136,0.198861430974,1
0.00301894172858,0.198990813818,1
0.00301879918177,0.199120196662,1
0.00301462871233,0.199249579506,1
0.00301369446465,0.19937896235,1
0.00301138884655,0.199508345193,1
0.00300944601589,0.199637728037,1
0.00300503078114,0.199767110881,1
0.0030043229642,0.200025876569,1
0.00300401063756,0.200155259413,1
0.00300389784876,0.200284642256,1
0.00300241918186,0.2004140251,1
0.00299606271821,0.200543407944,1
0.00299523288206,0.200672790788,1
0.00299448865545,0.200802173632,1
0.00298888373801,0.200931556476,1
0.00298840326969,0.201060939319,1
0.00298591624328,0.201190322163,1
0.00298406882291,0.201319705007,1
0.00298256471525,0.201449087851,1
0.00298117166009,0.201578470695,1
0.00298104249214,0.201707853539,1
0.00297661050698,0.201837236382,1
0.00297604371864,0.201966619226,1
0.0029724000136,0.20209600207,1
0.00297068267437,0.202225384914,1
0.00296780305072,0.202354767758,1
0.00296637548617,0.202484150602,1
0.00296511054637,0.202613533445,1
0.00296455429912,0.202742916289,1
0.00296282888785,0.202872299133,1
0.00296040541999,0.203001681977,1
0.00295803079152,0.203131064821,1
0.00295428481591,0.203260447665,1
0.00295344232585,0.203389830508,1
0.00295311398145,0.203519213352,1
0.00294830500148,0.203648596196,1
0.00294753090801,0.20377797904,1
0.00294328038426,0.203907361884,1
0.00294323491963,0.204036744728,1
0.00293583550925,0.204166127571,1
0.00293317678364,0.204295510415,1
0.0029247792035,0.204424893259,1
0.00292091635995,0.204554276103,1
0.00292081817644,0.204683658947,1
0.00292008436253,0.204813041791,1
0.00291919810699,0.204942424634,1
0.00291762877423,0.205071807478,1
0.00291506110739,0.205201190322,1
0.00291469171629,0.205330573166,1
0.00291450990181,0.20545995601,1
0.00291434344703,0.205589338854,1
0.00290676267904,0.205718721698,1
0.0029053337567,0.205848104541,1
0.00290524532859,0.205977487385,1
0.00289903319188,0.206106870229,1
0.00289868745022,0.206236253073,1
0.00289594017682,0.206365635917,1
0.00289307857543,0.206495018761,1
0.00289211338232,0.206624401604,1
0.00288896539062,0.206753784448,1
0.00288770292356,0.206883167292,1
0.00288717890784,0.207012550136,1
0.00288701820065,0.20714193298,1
0.00288363529995,0.207271315824,1
0.00288213810353,0.207400698667,1
0.00288185681106,0.207530081511,1
0.00287972682327,0.207659464355,1
0.00287946545547,0.207788847199,1
0.00287878830546,0.207918230043,1
0.00287756151255,0.20817699573,1
0.00287183572381,0.208306378574,1
0.00286736667131,0.208435761418,1
0.00285744254956,0.208565144262,1
0.00285466872779,0.208694527106,1
0.00284856001957,0.20882390995,1
0.00284578755953,0.208953292793,1
0.00284365781917,0.209082675637,1
0.00283982603133,0.209212058481,1
0.00283593880925,0.209341441325,1
0.00283346537282,0.209470824169,1
0.00283284849897,0.209600207013,1
0.00283267452857,0.209729589856,1
0.00283035881704,0.2098589727,1
0.00282765707749,0.209988355544,1
0.00282693738654,0.210117738388,1
0.00282670689701,0.210247121232,1
0.00282200531737,0.210376504076,1
0.00282097012098,0.210505886919,1
0.00281937945021,0.210635269763,1
0.00281443760425,0.210764652607,1
0.00280945540204,0.210894035451,1
0.00280700478512,0.211023418295,1
0.00280447097634,0.211152801139,1
0.0028038957849,0.211282183982,1
0.00280067048404,0.211411566826,1
0.00280000540459,0.21154094967,1
0.00279627376442,0.211670332514,1
0.00279618831963,0.211799715358,1
0.00279176622632,0.211929098202,1
0.00279087800911,0.212058481045,1
0.00279059302171,0.212187863889,1
0.00278996457666,0.212317246733,1
0.00278907185128,0.212446629577,1
0.00278839663437,0.212576012421,1
0.00278810711385,0.212705395265,1
0.00278235720187,0.212834778108,1
0.00278073091361,0.212964160952,1
0.00277986259224,0.213093543796,1
0.00277945452636,0.21322292664,1
0.00277802548144,0.213352309484,1
0.00277765679689,0.213481692328,1
0.00277700337481,0.213611075171,1
0.00277464054941,0.213740458015,1
0.00277316032194,0.213869840859,1
0.00277132915148,0.213999223703,1
0.00277049704161,0.214128606547,1
0.00276650561731,0.214257989391,1
0.00276534647228,0.214387372234,1
0.00276184574561,0.214516755078,1
0.00276087321976,0.214646137922,1
0.00276085981019,0.214775520766,1
0.00276043690916,0.21490490361,1
0.00276042798342,0.215034286454,1
0.00275872920386,0.215163669297,1
0.00275648126713,0.215293052141,1
0.0027538992343,0.215422434985,1
0.00275257544549,0.215551817829,1
0.00275027632327,0.215681200673,1
0.00274655284839,0.215810583517,1
0.00274635132745,0.21593996636,1
0.00274427858621,0.216069349204,1
0.00274423597424,0.216198732048,1
0.00274115859337,0.216328114892,1
0.00274003469305,0.216457497736,1
0.00273923988206,0.21658688058,1
0.00273913326612,0.216716263423,1
0.00273260967948,0.216845646267,1
0.00272963231856,0.216975029111,1
0.00272565126034,0.217104411955,1
0.00272503117729,0.217233794799,1
0.00272266729144,0.217363177643,1
0.00272262652329,0.217492560486,1
0.00271986294386,0.217751326174,1
0.00271762131764,0.217880709018,1
0.00271519193273,0.218010091862,1
0.00271480506041,0.218139474706,1
0.0027146338847,0.218268857549,1
0.0027128741816,0.218398240393,1
0.00271001426432,0.218527623237,1
0.00270968184212,0.218657006081,1
0.00270962479313,0.218786388925,1
0.00270577259637,0.218915771769,1
0.00270537302714,0.219045154612,1
0.00270218756537,0.219174537456,1
0.00269516629804,0.2193039203,1
0.00269423707827,0.219433303144,1
0.00269369841842,0.219562685988,1
0.00269290253158,0.219692068832,1
0.00269270142363,0.219821451676,1
0.00269218418817,0.219950834519,1
0.00269197195766,0.220080217363,1
0.00268917081597,0.220209600207,1
0.00268848498391,0.220468365895,1
0.0026879547612,0.220597748739,1
0.00268768011922,0.220727131582,1
0.00268514670559,0.220856514426,1
0.00268436141076,0.22098589727,1
0.00268360506229,0.221115280114,1
0.00268315364008,0.221244662958,1
0.00268251610191,0.221374045802,1
0.00268082605463,0.221503428645,1
0.00268055172239,0.221632811489,1
0.00267843056939,0.221762194333,1
0.00267801361436,0.221891577177,1
0.00267735364987,0.222020960021,1
0.00267733380048,0.222150342865,1
0.00267601939379,0.222279725708,1
0.00266499109278,0.222409108552,1
0.00266435990083,0.222538491396,1
0.00266287311575,0.22266787424,1
0.00266215674496,0.222797257084,1
0.00265642355566,0.222926639928,1
0.00265583171363,0.223056022771,1
0.00265563637299,0.223185405615,1
0.00265502198093,0.223314788459,1
0.00265032021311,0.223444171303,1
0.00264802710857,0.223573554147,1
0.00264598021675,0.223702936991,1
0.00264250515776,0.223832319834,1
0.00264187861752,0.223961702678,1
0.00264147664345,0.224091085522,1
0.00264124255497,0.224220468366,1
0.00263972646304,0.22434985121,1
0.00263922360289,0.224479234054,1
0.00263819475186,0.224608616897,1
0.00263523911178,0.224737999741,1
0.00263508654137,0.224867382585,1
0.00263292952679,0.224996765429,1
0.00263273218553,0.225126148273,1
0.00263016095569,0.225255531117,1
0.00262855217389,0.22538491396,1
0.00262658480423,0.225514296804,1
0.00262630721705,0.225643679648,1
0.00262260310365,0.225773062492,1
0.0026175349583,0.225902445336,1
0.00261644091118,0.22603182818,1
0.00261449154539,0.226161211023,1
0.00261382698548,0.226290593867,1
0.00261156659433,0.226419976711,1
0.00260732325522,0.226549359555,1
0.002606180903,0.226678742399,1
0.00260495792483,0.226808125243,1
0.00260437099853,0.22706689093,1
0.00260379209126,0.227196273774,1
0.00260061241502,0.227325656618,1
0.00260009923677,0.227455039462,1
0.00259895626798,0.227584422306,1
0.00259618349434,0.227713805149,1
0.0025960636785,0.227843187993,1
0.0025959214643,0.227972570837,1
0.00259422106215,0.228101953681,1
0.0025941888248,0.228231336525,1
0.00259266550049,0.228360719369,1
0.00259255999578,0.228490102212,1
0.00259158132732,0.228619485056,1
0.002589747338,0.2287488679,1
0.00258868762881,0.228878250744,1
0.0025886608629,0.229007633588,1
0.00258858200922,0.229137016432,1
0.0025879349356,0.229266399275,1
0.00258210414968,0.229395782119,1
0.00258173212216,0.229525164963,1
0.00257968699388,0.229654547807,1
0.00257611518361,0.229783930651,1
0.00257505276727,0.229913313495,1
0.00257487210485,0.230042696338,1
0.00257307132285,0.230172079182,1
0.00257088395166,0.230301462026,1
0.00256778996292,0.23043084487,1
0.00256721581841,0.230560227714,1
0.00256685136661,0.230689610558,1
0.0025652186114,0.230818993401,1
0.00256499660916,0.230948376245,1
0.00256224181708,0.231077759089,1
0.00256122110319,0.231207141933,1
0.00256091994827,0.231336524777,1
0.0025550212222,0.231465907621,1
0.00255463126846,0.231595290464,1
0.00255389859391,0.231724673308,1
0.00255374593343,0.231854056152,1
0.00255362290684,0.231983438996,1
0.00255297546614,0.23211282184,1
0.0025526786797,0.232242204684,1
0.00255155261056,0.232371587527,1
0.00255018412796,0.232500970371,1
0.00254922550906,0.232630353215,1
0.00254922435948,0.232759736059,1
0.00254654320719,0.232889118903,1
0.00254432328743,0.233018501747,1
0.00254310932178,0.233147884591,1
0.00254271266287,0.233277267434,1
0.00253771908125,0.233406650278,1
0.00253544202322,0.233536033122,1
0.00253464457108,0.233665415966,1
0.00253383177237,0.23379479881,1
0.00253361687985,0.233924181654,1
0.00253221397716,0.234053564497,1
0.0025319433606,0.234182947341,1
0.00252998662396,0.234312330185,1
0.00252937143459,0.234441713029,1
0.00252840271947,0.234571095873,1
0.00252762174928,0.234700478717,1
0.00252733670357,0.23482986156,1
0.00252472551321,0.234959244404,1
0.00252464216171,0.235088627248,1
0.0025221349867,0.235218010092,1
0.0025199172514,0.235347392936,1
0.0025187315071,0.23547677578,1
0.00251755023607,0.235606158623,1
0.00251752549784,0.235735541467,1
0.00251728938585,0.235864924311,1
0.00251663680123,0.235994307155,1
0.0025161711632,0.236123689999,1
0.00251380647573,0.236253072843,1
0.00250585444029,0.236382455686,1
0.00250561420187,0.23651183853,1
0.00250360090171,0.236641221374,1
0.00249987141396,0.236770604218,1
0.00249911425276,0.236899987062,1
0.00249842927777,0.237029369906,1
0.0024982302393,0.237158752749,1
0.00249786921707,0.237288135593,1
0.00249731299395,0.237417518437,1
0.00249380651355,0.237546901281,1
0.00249365088152,0.237676284125,1
0.00249169548754,0.237805666969,1
0.00248634617026,0.237935049812,1
0.00248623647296,0.238064432656,1
0.00248523507685,0.2381938155,1
0.0024826285125,0.238323198344,1
0.00248231734875,0.238452581188,1
0.00248142288276,0.238581964032,1
0.00248109087134,0.238711346875,1
0.00247879663001,0.238840729719,1
0.00247830076463,0.238970112563,1
0.00247642983558,0.239099495407,1
0.00247616941652,0.239228878251,1
0.00247546531435,0.239358261095,1
0.00247484097448,0.239487643938,1
0.00247472126756,0.239617026782,1
0.00247184567443,0.239746409626,1
0.00246779273643,0.23987579247,1
0.0024658731624,0.240005175314,1
0.00246543425635,0.240134558158,1
0.00246507020099,0.240263941001,1
0.00246481094142,0.240393323845,1
0.00246454734097,0.240522706689,1
0.00246336238175,0.240652089533,1
0.00246301878139,0.240781472377,1
0.00246080288696,0.240910855221,1
0.00246037290925,0.241040238064,1
0.00245954160005,0.241169620908,1
0.00245864813628,0.241299003752,1
0.00245779403345,0.241428386596,1
0.00244940732234,0.24155776944,1
0.00244782046625,0.241687152284,1
0.00244604706359,0.241816535127,1
0.0024436069207,0.241945917971,1
0.00244345657492,0.242075300815,1
0.0024421697046,0.242204683659,1
0.00243824336353,0.242334066503,1
0.00243673917397,0.242463449347,1
0.00243516665995,0.24259283219,1
0.0024350526343,0.242722215034,1
0.00243502686863,0.242851597878,1
0.00243440125952,0.242980980722,1
0.00243420225275,0.243110363566,1
0.00243286386409,0.24323974641,1
0.00243134324063,0.243369129253,1
0.00242976093132,0.243498512097,1
0.00242606333277,0.243627894941,1
0.00242482411578,0.243757277785,1
0.0024211485521,0.243886660629,1
0.00242026486804,0.244016043473,1
0.00241917386634,0.244145426316,1
0.00241812535233,0.24427480916,1
0.00241725942842,0.244404192004,1
0.00241672371988,0.244533574848,1
0.00241405415851,0.244662957692,1
0.00241362570828,0.244792340536,1
0.00241350925807,0.244921723379,1
0.00241327140469,0.245051106223,1
0.00241308808912,0.245180489067,1
0.00241146793906,0.245309871911,1
0.0024113330054,0.245439254755,1
0.00241010675333,0.245568637599,1
0.00240912921087,0.245698020442,1
0.00240805133835,0.245827403286,1
0.00240695728918,0.24595678613,1
0.0024059811176,0.246086168974,1
0.00240564738061,0.246215551818,1
0.00240545698033,0.246344934662,1
0.00240382391436,0.246474317505,1
0.00240372489368,0.246603700349,1
0.00240323700902,0.246733083193,1
0.00240258052069,0.246862466037,1
0.00240239772661,0.246991848881,1
0.00239922868213,0.247121231725,1
0.00239676138203,0.247250614569,1
0.00239283030536,0.247379997412,1
0.00238869957854,0.247509380256,1
0.00238534900456,0.2476387631,1
0.00238292263244,0.247768145944,1
0.00238259782207,0.247897528788,1
0.00238225309454,0.248026911632,1
0.00238222897805,0.248156294475,1
0.00238203984231,0.248285677319,1
0.00238033120943,0.248415060163,1
0.00237788879611,0.248544443007,1
0.0023773627095,0.248673825851,1
0.00237699752443,0.248803208695,1
0.00237685196064,0.248932591538,1
0.00237474889066,0.249061974382,1
0.00237395621515,0.249191357226,1
0.0023704498902,0.24932074007,1
0.0023694670757,0.249450122914,1
0.00236893381102,0.249579505758,1
0.00236594598275,0.249708888601,1
0.00236525807479,0.249838271445,1
0.00236512177036,0.249967654289,1
0.00236204103011,0.250097037133,1
0.00235947007207,0.250226419977,1
0.00235793266577,0.250355802821,1
0.00235695390596,0.250485185664,1
0.00235434253145,0.250614568508,1
0.00235433447013,0.250743951352,1
0.00235347294778,0.250873334196,1
0.00235125823483,0.25100271704,1
0.00235069752023,0.251132099884,1
0.00235039974029,0.251261482727,1
0.00234893478347,0.251390865571,1
0.00234801399629,0.251520248415,1
0.00234775669144,0.251649631259,1
0.00234736094067,0.251779014103,1
0.00234564306345,0.251908396947,1
0.00234447344207,0.25203777979,1
0.00234421516745,0.252296545478,1
0.00234119915366,0.252425928322,1
0.00233865748081,0.252555311166,1
0.00233851972015,0.25268469401,1
0.00233703719052,0.252814076853,1
0.00233700663255,0.252943459697,1
0.00233438031764,0.253202225385,1
0.00233416646665,0.253331608229,1
0.00233379344817,0.253460991073,1
0.00233200100915,0.253590373916,1
0.00233162268599,0.25371975676,1
0.00232819601887,0.253849139604,1
0.00232779188882,0.253978522448,1
0.00232675470192,0.254107905292,1
0.00232349764822,0.254237288136,1
0.00232123316418,0.254366670979,1
0.00231922033969,0.254496053823,1
0.00231896753285,0.254625436667,1
0.00231614310411,0.254754819511,1
0.00231509086017,0.254884202355,1
0.00231498193459,0.255013585199,1
0.00231357844009,0.255142968042,1
0.00231130003735,0.255272350886,1
0.00231103268194,0.25540173373,1
0.00231060793391,0.255531116574,1
0.00231000477047,0.255660499418,1
0.00230941772605,0.255789882262,1
0.00230849687141,0.255919265105,1
0.00230848231093,0.256048647949,1
0.00230793736863,0.256178030793,1
0.00230715490951,0.256307413637,1
0.00230712249398,0.256436796481,1
0.00230708609582,0.256566179325,1
0.00230526742968,0.256695562168,1
0.00230354229519,0.256824945012,1
0.00230288307509,0.256954327856,1
0.0023013938233,0.2570837107,1
0.00230127974184,0.257213093544,1
0.00230089339396,0.257342476388,1
0.00230047895749,0.257471859231,1
0.00229941899051,0.257601242075,1
0.00229805345005,0.257730624919,1
0.0022972573418,0.257860007763,1
0.00229712473989,0.257989390607,1
0.0022962666449,0.258248156294,1
0.00229603022993,0.258377539138,1
0.00229589085275,0.258506921982,1
0.00229468598059,0.258636304826,1
0.0022928221745,0.25876568767,1
0.00229266212062,0.258895070514,1
0.00229151536305,0.259024453357,1
0.00228964141986,0.259153836201,1
0.00228816107279,0.259283219045,1
0.00228785218049,0.259412601889,1
0.00228736434079,0.259541984733,1
0.00228657939202,0.259671367577,1
0.00228652114226,0.25980075042,1
0.00228615955692,0.259930133264,1
0.00228437418803,0.260059516108,1
0.00228401094259,0.260188898952,1
0.00228371438935,0.260318281796,1
0.00227908377538,0.26044766464,1
0.00227834717755,0.260577047484,1
0.00227631665945,0.260706430327,1
0.00227401162965,0.260835813171,1
0.00227082263503,0.260965196015,1
0.00227055285299,0.261094578859,1
0.00226900017667,0.261223961703,1
0.00226715864777,0.261353344547,1
0.00226632077312,0.26148272739,1
0.00226337367296,0.261612110234,1
0.00226209253138,0.261741493078,1
0.00226198742968,0.261870875922,1
0.00226169553528,0.262000258766,1
0.00226109436192,0.26212964161,1
0.00225908976463,0.262259024453,1
0.00225369060593,0.262388407297,1
0.00225239474399,0.262517790141,1
0.00225090718596,0.262647172985,1
0.00225057062526,0.262776555829,1
0.0022495383536,0.262905938673,1
0.00224931041469,0.263035321516,1
0.00224765398922,0.26316470436,1
0.0022468009014,0.263294087204,1
0.00224617362618,0.263423470048,1
0.00224500426191,0.263552852892,1
0.0022421677809,0.263682235736,1
0.00224193203538,0.263811618579,1
0.00223892546967,0.263941001423,1
0.00223777177876,0.264070384267,1
0.00223686295371,0.264199767111,1
0.00223655584423,0.264329149955,1
0.00223534735694,0.264458532799,1
0.00223253464095,0.264587915642,1
0.0022313528435,0.264717298486,1
0.00223031960483,0.26484668133,1
0.00223027240126,0.264976064174,1
0.00222983553902,0.265105447018,1
0.00222966042428,0.265234829862,1
0.00222908626064,0.265364212705,1
0.002227533503,0.265493595549,1
0.00222658678908,0.265622978393,1
0.00222606150031,0.265752361237,1
0.00221728965482,0.265881744081,1
0.00221281650658,0.266011126925,1
0.00221242728094,0.266140509768,1
0.00221238152434,0.266269892612,1
0.00221211485193,0.266399275456,1
0.00220833773778,0.2665286583,1
0.00220397758251,0.266658041144,1
0.00220213823755,0.266787423988,1
0.0022014685336,0.266916806831,1
0.00220102464848,0.267046189675,1
0.00220081087636,0.267175572519,1
0.00219954242514,0.267304955363,1
0.00219952883129,0.267434338207,1
0.00219809510051,0.267563721051,1
0.00219769942208,0.267693103894,1
0.00219651228988,0.267822486738,1
0.00219563697754,0.267951869582,1
0.00219352945914,0.268081252426,1
0.00219257478608,0.26821063527,1
0.00219212522689,0.268340018114,1
0.00219164452298,0.268469400957,1
0.00219109688925,0.268598783801,1
0.0021863005415,0.268728166645,1
0.00218554594092,0.268857549489,1
0.00218465251657,0.268986932333,1
0.00218459613377,0.269116315177,1
0.00218418504042,0.26924569802,1
0.00218406867217,0.269375080864,1
0.00218202292743,0.269504463708,1
0.00218183394223,0.269633846552,1
0.00218121637366,0.269763229396,1
0.00218121109097,0.26989261224,1
0.00218105337579,0.270021995083,1
0.0021802598544,0.270151377927,1
0.0021796637779,0.270280760771,1
0.0021789910547,0.270410143615,1
0.00217771892073,0.270539526459,1
0.0021761507964,0.270668909303,1
0.00217612267607,0.270798292146,1
0.00217589971851,0.27092767499,1
0.00217498221483,0.271057057834,1
0.00217377782491,0.271186440678,1
0.00217252036564,0.271315823522,1
0.00217229891195,0.271445206366,1
0.00217222097186,0.271574589209,1
0.00216959898338,0.271703972053,1
0.00216929289066,0.271833354897,1
0.00216887966502,0.271962737741,1
0.00216850754888,0.272092120585,1
0.00216795081987,0.272221503429,1
0.00216772854686,0.272350886272,1
0.00216530542746,0.272480269116,1
0.00216414914776,0.27260965196,1
0.00216230042514,0.272739034804,1
0.00216111373504,0.272868417648,1
0.00216040069635,0.272997800492,1
0.00215491601458,0.273127183335,1
0.00215448034936,0.273256566179,1
0.00215380577004,0.273385949023,1
0.00215165071672,0.273515331867,1
0.00215086352609,0.273644714711,1
0.00214988175003,0.273774097555,1
0.00214955907245,0.273903480398,1
0.00214840188137,0.274032863242,1
0.00214837942861,0.274162246086,1
0.00214622751744,0.274421011774,1
0.00214571491001,0.274550394618,1
0.00214511121218,0.274679777462,1
0.00214374462009,0.274809160305,1
0.0021417262422,0.274938543149,1
0.00214085420323,0.275067925993,1
0.00214049734917,0.275197308837,1
0.00214023380239,0.275326691681,1
0.00213799470553,0.275456074525,1
0.00213748529149,0.275585457368,1
0.0021359372937,0.275714840212,1
0.00213534426824,0.275844223056,1
0.0021341788998,0.2759736059,1
0.0021340914467,0.276102988744,1
0.00213303297224,0.276232371588,1
0.0021325926518,0.276361754431,1
0.00213203022983,0.276491137275,1
0.00213075059256,0.276620520119,1
0.00213055914185,0.276749902963,1
0.00212892818924,0.276879285807,1
0.00212820669796,0.277008668651,1
0.00212709838844,0.277138051494,1
0.00212594176819,0.277267434338,1
0.00212440034483,0.277396817182,1
0.00212439543826,0.277526200026,1
0.00212410288865,0.27765558287,1
0.00212336299246,0.277784965714,1
0.00212295664489,0.277914348557,1
0.00212064055449,0.278043731401,1
0.00212008418999,0.278173114245,1
0.00211715944693,0.278302497089,1
0.00211568168513,0.278431879933,1
0.00211489848965,0.278561262777,1
0.00211481171227,0.27869064562,1
0.00211353461034,0.278820028464,1
0.00211346091836,0.278949411308,1
0.00211336720536,0.279078794152,1
0.00211045378238,0.279208176996,1
0.00210954141675,0.27933755984,1
0.00210950877823,0.279466942683,1
0.00210904640436,0.279596325527,1
0.00210604482299,0.279725708371,1
0.00210571415953,0.279855091215,1
0.00210458425513,0.279984474059,1
0.00210438553509,0.280113856903,1
0.00210112502276,0.28037262259,1
0.0021003114757,0.280502005434,1
0.00210022831079,0.280631388278,1
0.00209811281095,0.280760771122,1
0.00209665867578,0.280890153966,1
0.00209517033355,0.281019536809,1
0.0020950854943,0.281148919653,1
0.00209436322502,0.281278302497,1
0.00209345694984,0.281407685341,1
0.0020906837371,0.281537068185,1
0.00209064047117,0.281666451029,1
0.00208984502978,0.281795833872,1
0.00208775453934,0.281925216716,1
0.00208692241297,0.28205459956,1
0.00208508681219,0.282183982404,1
0.00208401398362,0.282313365248,1
0.00208194406415,0.282442748092,1
0.0020809289456,0.282572130935,1
0.00208064804217,0.282701513779,1
0.00207448070844,0.282830896623,1
0.00207446208906,0.282960279467,1
0.00207079993505,0.283089662311,1
0.00206805486964,0.283219045155,1
0.00206738743852,0.283348427998,1
0.00206725434113,0.283477810842,1
0.00206577166716,0.283607193686,1
0.002063646732,0.28373657653,1
0.00206310056536,0.283865959374,1
0.00206278378832,0.283995342218,1
0.00206273013829,0.284124725061,1
0.00206168311528,0.284254107905,1
0.0020608357586,0.284383490749,1
0.00205998046348,0.284512873593,1
0.00205811806005,0.284642256437,1
0.00205729986448,0.284771639281,1
0.00205712197259,0.284901022124,1
0.00205693039448,0.285030404968,1
0.00205666898893,0.285159787812,1
0.00205563425295,0.285289170656,1
0.0020555473243,0.2854185535,1
0.00205449512883,0.285547936344,1
0.0020526751574,0.285677319187,1
0.00205226825954,0.285806702031,1
0.00205226220542,0.285936084875,1
0.00205150104435,0.286065467719,1
0.00205031551728,0.286194850563,1
0.00205026948728,0.286324233407,1
0.00204871683611,0.28645361625,1
0.00204843397709,0.286582999094,1
0.00204668361939,0.286712381938,1
0.00204618864896,0.286841764782,1
0.002043395452,0.286971147626,1
0.00204317414549,0.28710053047,1
0.00204227793714,0.287229913313,1
0.00204182821453,0.287359296157,1
0.00204152838052,0.287488679001,1
0.00203977203552,0.287618061845,1
0.00203529727538,0.287747444689,1
0.00203373959339,0.287876827533,1
0.00203163569035,0.288006210377,1
0.00203157896416,0.28813559322,1
0.00202971729366,0.288264976064,1
0.00202899975685,0.288394358908,1
0.00202765467816,0.288523741752,1
0.00202677667221,0.288653124596,1
0.0020267226394,0.28878250744,1
0.00202622491999,0.288911890283,1
0.00202584911573,0.289041273127,1
0.00202560110198,0.289170655971,1
0.00202546120058,0.289300038815,1
0.00202376858664,0.289429421659,1
0.00202370739228,0.289558804503,1
0.00202358430597,0.289688187346,1
0.00202306193901,0.28981757019,1
0.00202289672051,0.289946953034,1
0.00202265432919,0.290076335878,1
0.00202181019174,0.290205718722,1
0.00202083887956,0.290335101566,1
0.00202003836356,0.290464484409,1
0.00201909565131,0.290593867253,1
0.00201871517207,0.290723250097,1
0.00201649619162,0.290852632941,1
0.00201521756165,0.290982015785,1
0.00201520604171,0.291111398629,1
0.00201503797644,0.291240781472,1
0.00201278854648,0.291370164316,1
0.00200995872635,0.29149954716,1
0.00200897961773,0.291628930004,1
0.00200830001883,0.291758312848,1
0.00200803558795,0.291887695692,1
0.00200494865588,0.292017078535,1
0.00200309305096,0.292146461379,1
0.00200285280705,0.292275844223,1
0.00200282022192,0.292405227067,1
0.00200175072259,0.292534609911,1
0.00200100353713,0.292663992755,1
0.00200069236186,0.292793375598,1
0.0020001308421,0.292922758442,1
0.00199813550463,0.293052141286,1
0.00199700638839,0.29318152413,1
0.00199366574372,0.293310906974,1
0.00199300600162,0.293440289818,1
0.0019928483071,0.293569672661,1
0.00199229462911,0.293699055505,1
0.00199198046518,0.293828438349,1
0.00199166806598,0.293957821193,1
0.00199153181447,0.294087204037,1
0.00199150413278,0.294216586881,1
0.00199097085519,0.294345969724,1
0.00199018147056,0.294475352568,1
0.00198901634103,0.294604735412,1
0.0019880579206,0.294734118256,1
0.00198698150628,0.2948635011,1
0.00198674163522,0.294992883944,1
0.00198664126087,0.295122266787,1
0.00198491500224,0.295251649631,1
0.00198345485163,0.295381032475,1
0.00198240286343,0.295510415319,1
0.00198208731171,0.295639798163,1
0.00198174516102,0.295769181007,1
0.00198108065876,0.29589856385,1
0.00197936926002,0.296027946694,1
0.00197885094092,0.296157329538,1
0.00197788591512,0.296286712382,1
0.00197692827189,0.29654547807,1
0.00197643194753,0.296674860913,1
0.00197622401411,0.296804243757,1
0.00197591189419,0.296933626601,1
0.00197537112912,0.297063009445,1
0.00197505463882,0.297192392289,1
0.0019739243107,0.297321775133,1
0.00197346755158,0.297451157976,1
0.00197318087849,0.29758054082,1
0.00197282559551,0.297709923664,1
0.00197157422012,0.297839306508,1
0.00197137442505,0.297968689352,1
0.00197097004496,0.298098072196,1
0.00197015453217,0.298227455039,1
0.0019698778323,0.298356837883,1
0.00196844317196,0.298486220727,1
0.00196769207446,0.298615603571,1
0.00196630701721,0.298744986415,1
0.00196577949971,0.298874369259,1
0.0019653421285,0.299003752102,1
0.00196432526154,0.299133134946,1
0.00196356705999,0.29926251779,1
0.00196193760121,0.299391900634,1
0.00196171659471,0.299521283478,1
0.00196087246503,0.299650666322,1
0.00196046953472,0.299780049165,1
0.00195962662329,0.299909432009,1
0.00195958654938,0.300038814853,1
0.00195947332748,0.300168197697,1
0.00195785677373,0.300297580541,1
0.0019575219141,0.300426963385,1
0.00195664755299,0.300556346228,1
0.00195654581466,0.300685729072,1
0.00195616831606,0.300815111916,1
0.00195593467588,0.30094449476,1
0.00195593216539,0.301073877604,1
0.0019553054705,0.301203260448,1
0.00195459817637,0.301332643291,1
0.00195363449034,0.301462026135,1
0.00195342635106,0.301591408979,1
0.00195199216554,0.301720791823,1
0.0019503811328,0.301850174667,1
0.00194719711542,0.301979557511,1
0.00194694068839,0.302108940355,1
0.00194618752829,0.302238323198,1
0.00194522278174,0.302367706042,1
0.00194471941065,0.302497088886,1
0.00194395025235,0.30262647173,1
0.00194383881196,0.302755854574,1
0.00194357611711,0.302885237418,1
0.00194263248473,0.303014620261,1
0.0019424903746,0.303144003105,1
0.00194226325919,0.303273385949,1
0.00194196459109,0.303402768793,1
0.00194179974708,0.303532151637,1
0.00194162045672,0.303790917324,1
0.00194140339297,0.303920300168,1
0.00193945255271,0.304049683012,1
0.0019383434772,0.304179065856,1
0.00193745447224,0.3043084487,1
0.00193709212461,0.304437831544,1
0.00193648707959,0.304567214387,1
0.00193510990408,0.304696597231,1
0.00193155280239,0.304825980075,1
0.00193072693065,0.304955362919,1
0.00193036564715,0.305084745763,1
0.00193022713479,0.305214128607,1
0.00192980920016,0.30534351145,1
0.00192943374711,0.305472894294,1
0.00192714172439,0.305602277138,1
0.0019268014804,0.305731659982,1
0.00192604286361,0.305861042826,1
0.00192405166694,0.30599042567,1
0.00192397401487,0.306119808513,1
0.00192383035785,0.306249191357,1
0.00192364407864,0.306378574201,1
0.00192324552564,0.306507957045,1
0.00192202810684,0.306637339889,1
0.00192198702918,0.306766722733,1
0.00192061737168,0.306896105576,1
0.00192000769734,0.30702548842,1
0.00191955296393,0.307154871264,1
0.00191948873213,0.307284254108,1
0.00191860541725,0.307413636952,1
0.00191797128004,0.307543019796,1
0.00191785879649,0.307672402639,1
0.0019148452044,0.307801785483,1
0.00191272333762,0.307931168327,1
0.00191228896094,0.308060551171,1
0.00191133199601,0.308189934015,1
0.00191119910761,0.308319316859,1
0.00191069942678,0.308448699702,1
0.00190992617616,0.308578082546,1
0.00190978825688,0.30870746539,1
0.00190912893002,0.308836848234,1
0.00190816344999,0.308966231078,1
0.00190711297401,0.309095613922,1
0.00190425238237,0.309224996765,1
0.0019038281112,0.309354379609,1
0.00190355330128,0.309483762453,1
0.00190277490277,0.309613145297,1
0.00190220743035,0.309742528141,1
0.00190207206214,0.309871910985,1
0.00190174245169,0.310001293828,1
0.00190174035362,0.310130676672,1
0.0019003658947,0.310260059516,1
0.0018999982224,0.31038944236,1
0.00189866593378,0.310518825204,1
0.00189538966856,0.310648208048,1
0.00189498265917,0.310777590891,1
0.0018948756894,0.310906973735,1
0.00189383053841,0.311036356579,1
0.0018934875411,0.311165739423,1
0.00189330841223,0.311295122267,1
0.00189284017312,0.311424505111,1
0.00189111672542,0.311553887954,1
0.00189065526348,0.311683270798,1
0.00189060250238,0.311812653642,1
0.00189049377564,0.311942036486,1
0.00188659929781,0.31207141933,1
0.00188640258248,0.312200802174,1
0.00188630002701,0.312330185017,1
0.00188547698588,0.312459567861,1
0.00188358637224,0.312588950705,1
0.00188324075501,0.312718333549,1
0.00188309790442,0.312847716393,1
0.00188302250511,0.312977099237,1
0.00188251709191,0.31310648208,1
0.00188199078537,0.313235864924,1
0.00188180759917,0.313365247768,1
0.00188128464747,0.313494630612,1
0.00188037237461,0.313624013456,1
0.00187859696895,0.3137533963,1
0.00187771326882,0.313882779143,1
0.00187734813172,0.314012161987,1
0.00187693853442,0.314141544831,1
0.00187680561062,0.314270927675,1
0.00187586012323,0.314400310519,1
0.00187543604389,0.314529693363,1
0.00187539824142,0.314659076206,1
0.00187463508479,0.31478845905,1
0.00187438651875,0.314917841894,1
0.00186944195418,0.315047224738,1
0.00186715741273,0.315176607582,1
0.00186704714489,0.315305990426,1
0.00186586931033,0.31543537327,1
0.00186512834636,0.315564756113,1
0.00186233557799,0.315694138957,1
0.00186175945117,0.315823521801,1
0.00186120308939,0.315952904645,1
0.00186072972817,0.316082287489,1
0.00185996234285,0.316211670333,1
0.00185890054119,0.316341053176,1
0.0018587159181,0.31647043602,1
0.00185849764935,0.316599818864,1
0.0018559997341,0.316729201708,1
0.00185321099594,0.316858584552,1
0.00185261688508,0.316987967396,1
0.00185230636273,0.317117350239,1
0.00185219459572,0.317246733083,1
0.00185206575948,0.317376115927,1
0.00185183352,0.317505498771,1
0.00185108612732,0.317634881615,1
0.00184919294847,0.317764264459,1
0.00184832797207,0.317893647302,1
0.00184710775249,0.318023030146,1
0.00184577059968,0.31815241299,1
0.00184537611378,0.318281795834,1
0.00184399255689,0.318411178678,1
0.00184366323938,0.318540561522,1
0.00184357613302,0.318669944365,1
0.00184292106029,0.318799327209,1
0.00184275943468,0.318928710053,1
0.00184143762384,0.319058092897,1
0.00184129737262,0.319187475741,1
0.00184094796194,0.319316858585,1
0.00184038781806,0.319446241428,1
0.00183866124427,0.319575624272,1
0.00183782852102,0.319705007116,1
0.0018371762668,0.31983438996,1
0.0018371468572,0.319963772804,1
0.00183679614867,0.320093155648,1
0.00183621391947,0.320222538491,1
0.00183541463324,0.320351921335,1
0.00183522364335,0.320481304179,1
0.00183471204066,0.320610687023,1
0.00183179762378,0.320740069867,1
0.00183158718991,0.320869452711,1
0.00183110007872,0.320998835554,1
0.00182949772666,0.321128218398,1
0.00182910139925,0.321257601242,1
0.00182874243377,0.321386984086,1
0.00182785628132,0.32151636693,1
0.00182617830527,0.321645749774,1
0.00182500791251,0.321775132617,1
0.00182440629233,0.321904515461,1
0.00182257893761,0.322033898305,1
0.00182218977448,0.322163281149,1
0.00182125922767,0.322292663993,1
0.00182062860932,0.322422046837,1
0.00181942115939,0.32255142968,1
0.00181898040851,0.322680812524,1
0.00181872524322,0.322810195368,1
0.00181657987672,0.322939578212,1
0.00181603457095,0.323068961056,1
0.00181517639811,0.3231983439,1
0.00181435854384,0.323327726743,1
0.00181362278302,0.323457109587,1
0.00181347251332,0.323586492431,1
0.00181316661337,0.323715875275,1
0.00181175983038,0.323845258119,1
0.00181040739773,0.323974640963,1
0.00180893389354,0.324104023806,1
0.00180837943662,0.32423340665,1
0.00180800176839,0.324362789494,1
0.00180792424917,0.324492172338,1
0.00180784179189,0.324621555182,1
0.00180736862119,0.324750938026,1
0.00180640045114,0.324880320869,1
0.00180553062584,0.325009703713,1
0.00180454980454,0.325139086557,1
0.00180381163108,0.325268469401,1
0.00180258069064,0.325397852245,1
0.00180253480785,0.325527235089,1
0.00180221534555,0.325656617932,1
0.00180213705118,0.325786000776,1
0.00180180735338,0.32591538362,1
0.00180120630463,0.326044766464,1
0.00180109887612,0.326174149308,1
0.00180060361188,0.326303532152,1
0.00180005873074,0.326432914995,1
0.00179935356761,0.326562297839,1
0.00179880314627,0.326691680683,1
0.00179851572716,0.326821063527,1
0.00179692261125,0.327079829215,1
0.00179635454708,0.327209212058,1
0.00179501513083,0.327338594902,1
0.00179190458732,0.327467977746,1
0.00179182560076,0.32759736059,1
0.00179083113403,0.327726743434,1
0.00178977376347,0.327856126278,1
0.00178915539428,0.327985509121,1
0.00178853446236,0.328114891965,1
0.00178717131105,0.328244274809,1
0.00178715950252,0.328373657653,1
0.00178658907436,0.328503040497,1
0.0017855093253,0.328632423341,1
0.00178432373956,0.328761806184,1
0.00178405662732,0.328891189028,1
0.00178324954434,0.329020571872,1
0.00178311711764,0.329149954716,1
0.0017829691454,0.32927933756,1
0.00178265258663,0.329408720404,1
0.0017825441805,0.329538103248,1
0.0017823842733,0.329667486091,1
0.00178213017632,0.329796868935,1
0.00178201564197,0.329926251779,1
0.00178063685619,0.330055634623,1
0.00178060613821,0.330185017467,1
0.00178045323407,0.330314400311,1
0.00177931359693,0.330443783154,1
0.00177894163277,0.330573165998,1
0.00177887053907,0.330702548842,1
0.00177844874401,0.330831931686,1
0.00177666774769,0.33096131453,1
0.00177633931169,0.331090697374,1
0.00177620980948,0.331220080217,1
0.00177594548531,0.331349463061,1
0.00177576441728,0.331478845905,1
0.00177509024932,0.331608228749,1
0.00177448856541,0.331737611593,1
0.0017741443973,0.331866994437,1
0.00177399740971,0.33199637728,1
0.00177353907343,0.332125760124,1
0.00177309169165,0.332255142968,1
0.00177133944313,0.332513908656,1
0.00177081501515,0.3326432915,1
0.00177073679885,0.332772674343,1
0.0017701258811,0.332902057187,1
0.00177009975585,0.333031440031,1
0.00177008928506,0.333160822875,1
0.00176970165352,0.333290205719,1
0.00176802002534,0.333419588563,1
0.00176793565167,0.333548971406,1
0.00176644647498,0.333807737094,1
0.00176616662553,0.333937119938,1
0.00176588928641,0.334066502782,1
0.00176531942964,0.334195885626,1
0.00176468187836,0.334325268469,1
0.0017629085262,0.334454651313,1
0.00176189438021,0.334584034157,1
0.0017615125987,0.334713417001,1
0.0017609492746,0.334842799845,1
0.00175978811459,0.334972182689,1
0.00175963379198,0.335101565532,1
0.00175884301849,0.335230948376,1
0.00175838960611,0.33536033122,1
0.00175802507379,0.335489714064,1
0.00175787840801,0.335619096908,1
0.00175663116881,0.335748479752,1
0.00175609144931,0.335877862595,1
0.0017550490942,0.336007245439,1
0.00175467377217,0.336136628283,1
0.0017546536522,0.336266011127,1
0.00175425707779,0.336395393971,1
0.00175254073338,0.336524776815,1
0.00175144726278,0.336654159658,1
0.00175045993783,0.336783542502,1
0.00175021027312,0.336912925346,1
0.00174983912972,0.33704230819,1
0.00174915511908,0.337171691034,1
0.00174861006326,0.337301073878,1
0.00174846343521,0.337430456721,1
0.00174739886732,0.337559839565,1
0.00174594750753,0.337689222409,1
0.00174552495339,0.337818605253,1
0.00174491383944,0.337947988097,1
0.0017444785619,0.338077370941,1
0.00174420413554,0.338206753784,1
0.00174400022017,0.338336136628,1
0.00174254079463,0.338465519472,1
0.00174222679157,0.338594902316,1
0.00174188323424,0.33872428516,1
0.00174153373118,0.338853668004,1
0.00174031827021,0.338983050847,1
0.00173839369641,0.339112433691,1
0.0017383886589,0.339241816535,1
0.0017380169492,0.339371199379,1
0.00173791876258,0.339500582223,1
0.00173710596294,0.339629965067,1
0.00173656561775,0.33975934791,1
0.00173600842823,0.339888730754,1
0.00173598702951,0.340018113598,1
0.00173587184897,0.340147496442,1
0.00173580718788,0.340276879286,1
0.00173555505738,0.34040626213,1
0.00173483996969,0.340535644973,1
0.00173467744226,0.340665027817,1
0.00173463563777,0.340794410661,1
0.00173372426749,0.340923793505,1
0.00173195669729,0.341053176349,1
0.00173126207512,0.341182559193,1
0.00173028842613,0.341311942036,1
0.00172969009179,0.34144132488,1
0.00172950943497,0.341570707724,1
0.00172904245757,0.341700090568,1
0.00172854604387,0.341829473412,1
0.00172734526313,0.341958856256,1
0.00172730100979,0.342088239099,1
0.00172676695776,0.342217621943,1
0.00172595636999,0.342347004787,1
0.00172586461343,0.342476387631,1
0.00172539016843,0.342605770475,1
0.00172473059756,0.342735153319,1
0.00172463897206,0.342864536163,1
0.00172299141181,0.342993919006,1
0.00172194928864,0.34312330185,1
0.00172120773545,0.343252684694,1
0.00172103073679,0.343382067538,1
0.0017206002053,0.343511450382,1
0.00172033341797,0.343640833226,1
0.00171942757499,0.343770216069,1
0.00171738986467,0.343899598913,1
0.00171712790672,0.344028981757,1
0.00171622454361,0.344158364601,1
0.00171616125611,0.344287747445,1
0.00171566941075,0.344417130289,1
0.0017156447149,0.344546513132,1
0.00171465285403,0.344675895976,1
0.00171407457988,0.34480527882,1
0.00171406720205,0.344934661664,1
0.00171366719729,0.345064044508,1
0.0017130032977,0.345193427352,1
0.00171191095735,0.345322810195,1
0.00171142215927,0.345452193039,1
0.0017111621372,0.345581575883,1
0.00171074910135,0.345710958727,1
0.00171004851209,0.345840341571,1
0.00170848174192,0.345969724415,1
0.00170825025804,0.346099107258,1
0.00170815073427,0.346228490102,1
0.00170794051179,0.346357872946,1
0.00170669461228,0.34648725579,1
0.00170600985543,0.346616638634,1
0.00170590132834,0.346746021478,1
0.00170514599016,0.346875404321,1
0.0017047873067,0.347004787165,1
0.0017045200627,0.347134170009,1
0.00170327951115,0.347263552853,1
0.00170325360687,0.347392935697,1
0.00170319955884,0.347522318541,1
0.00170290051967,0.347651701384,1
0.00170185337192,0.347781084228,1
0.00170153716676,0.347910467072,1
0.00170106734463,0.348039849916,1
0.00170054771514,0.34816923276,1
0.00169938710156,0.348298615604,1
0.0016987512713,0.348427998447,1
0.00169807338648,0.348557381291,1
0.00169794215869,0.348686764135,1
0.00169768999793,0.348816146979,1
0.00169605559256,0.348945529823,1
0.00169502036626,0.349074912667,1
0.00169499692391,0.34920429551,1
0.00169410140416,0.349333678354,1
0.00169401120682,0.349463061198,1
0.00169359346045,0.349592444042,1
0.00169337864994,0.349721826886,1
0.00169316045177,0.34985120973,1
0.00169153480563,0.350109975417,1
0.00169140202463,0.350239358261,1
0.00169045751793,0.350368741105,1
0.00169039636138,0.350498123949,1
0.00168948957726,0.350627506793,1
0.00168888210281,0.351145038168,1
0.00168797685779,0.351274421012,1
0.00168794323833,0.351403803856,1
0.0016866643343,0.351662569543,1
0.00168641773094,0.351791952387,1
0.0016862838364,0.351921335231,1
0.00168598769514,0.352050718075,1
0.00168576006799,0.352180100919,1
0.00168554110204,0.352309483762,1
0.00168351833719,0.352438866606,1
0.00168028761213,0.35256824945,1
0.00168012608061,0.352697632294,1
0.00168007256421,0.352827015138,1
0.00167820630171,0.352956397982,1
0.00167818738777,0.353085780825,1
0.00167813942969,0.353215163669,1
0.00167812928775,0.353344546513,1
0.00167702966668,0.353473929357,1
0.00167570346208,0.353603312201,1
0.00167443356266,0.353732695045,1
0.00167234870309,0.353862077888,1
0.00167155732472,0.353991460732,1
0.00167052661665,0.354120843576,1
0.00167035227268,0.35425022642,1
0.00167023068831,0.354379609264,1
0.0016702029597,0.354508992108,1
0.00166967315271,0.354638374951,1
0.00166965742951,0.354767757795,1
0.00166878787342,0.354897140639,1
0.00166837347237,0.355026523483,1
0.00166805297399,0.355155906327,1
0.00166781175276,0.355285289171,1
0.00166473817208,0.355414672014,1
0.00166353670361,0.355544054858,1
0.0016633731949,0.355673437702,1
0.0016633429348,0.355802820546,1
0.00166279258017,0.35593220339,1
0.00166269104238,0.356061586234,1
0.00166266352234,0.356190969078,1
0.00166251424174,0.356320351921,1
0.00166218511348,0.356449734765,1
0.00166159995277,0.356579117609,1
0.00166032829016,0.356708500453,1
0.00165985507211,0.356837883297,1
0.00165974930871,0.356967266141,1
0.0016597010481,0.357096648984,1
0.00165922767624,0.357226031828,1
0.00165872927043,0.357355414672,1
0.00165866504392,0.357484797516,1
0.00165811816059,0.35761418036,1
0.00165649766608,0.357743563204,1
0.00165507473072,0.357872946047,1
0.0016535135194,0.358002328891,1
0.00165350342575,0.358131711735,1
0.00165341582017,0.358261094579,1
0.0016526194186,0.358390477423,1
0.00165189124177,0.358519860267,1
0.00165175593574,0.35864924311,1
0.00165146363639,0.358908008798,1
0.00165099605945,0.359037391642,1
0.0016502078905,0.359166774486,1
0.0016501535853,0.35929615733,1
0.00165013332675,0.359425540173,1
0.0016497004721,0.359554923017,1
0.00164901026657,0.359684305861,1
0.00164897764214,0.359813688705,1
0.00164791350323,0.359943071549,1
0.00164634597341,0.360072454393,1
0.0016455107921,0.360201837236,1
0.00164440839979,0.36033122008,1
0.0016443910138,0.360460602924,1
0.00164088010563,0.360589985768,1
0.00164079793621,0.360719368612,1
0.00164068033935,0.360848751456,1
0.00164053170151,0.360978134299,1
0.0016402110976,0.361107517143,1
0.00163888109946,0.361236899987,1
0.00163856885943,0.361366282831,1
0.00163764247425,0.361495665675,1
0.00163707741099,0.361754431362,1
0.00163695594791,0.361883814206,1
0.00163610606102,0.36201319705,1
0.00163569972878,0.362142579894,1
0.00163553621524,0.362401345582,1
0.00163464198668,0.362530728425,1
0.00163418860445,0.362660111269,1
0.00163405204018,0.362789494113,1
0.001633927159,0.362918876957,1
0.00163381672744,0.363048259801,1
0.00163310491171,0.363177642645,1
0.00163297515344,0.363307025488,1
0.00163285254646,0.363436408332,1
0.00163271608301,0.363565791176,1
0.00163225790236,0.36369517402,1
0.00163084012903,0.363824556864,1
0.00163055210493,0.363953939708,1
0.00162959092587,0.364083322551,1
0.00162884114591,0.364212705395,1
0.00162847148168,0.364342088239,1
0.00162630300027,0.364471471083,1
0.0016250515887,0.364600853927,1
0.00162475872627,0.364730236771,1
0.0016247042275,0.364859619614,1
0.00162394743051,0.364989002458,1
0.00162389863887,0.365118385302,1
0.00162333992444,0.365247768146,1
0.00162284986087,0.36537715099,1
0.00162131488011,0.365506533834,1
0.00162129783479,0.365635916677,1
0.00162113521679,0.365765299521,1
0.00162060889568,0.365894682365,1
0.0016197275552,0.366024065209,1
0.00161971728227,0.366153448053,1
0.0016192942511,0.366282830897,1
0.00161911105242,0.36641221374,1
0.0016186214035,0.366541596584,1
0.00161825558027,0.366670979428,1
0.00161803506878,0.366800362272,1
0.00161771015534,0.366929745116,1
0.00161637466325,0.36705912796,1
0.0016161201559,0.367188510803,1
0.00161461387092,0.367317893647,1
0.00161446007187,0.367447276491,1
0.00161440750303,0.367576659335,1
0.00161429902807,0.367706042179,1
0.00161358100682,0.367835425023,1
0.00161234231083,0.367964807866,1
0.00161224108713,0.36809419071,1
0.0016119385837,0.368223573554,1
0.0016118232638,0.368352956398,1
0.00161148753685,0.368482339242,1
0.00161098456129,0.368611722086,1
0.00160973090809,0.368741104929,1
0.00160947153954,0.368999870617,1
0.00160920066187,0.369129253461,1
0.00160899975454,0.369258636305,1
0.00160787878007,0.369388019149,1
0.0016078665118,0.369517401992,1
0.00160769828941,0.369646784836,1
0.00160760707324,0.36977616768,1
0.00160745629446,0.369905550524,1
0.00160736614185,0.370034933368,1
0.00160734537945,0.370164316212,1
0.00160622076154,0.370293699056,1
0.00160593975631,0.370423081899,1
0.00160572771231,0.370681847587,1
0.00160500549136,0.370811230431,1
0.00160456315573,0.370940613275,1
0.0016038749992,0.371069996119,1
0.00160350948862,0.371199378962,1
0.0016033082994,0.371328761806,1
0.00160256363466,0.37145814465,1
0.00160130468634,0.371587527494,1
0.00160123598378,0.371716910338,1
0.00160104130504,0.371846293182,1
0.00160007801449,0.371975676025,1
0.00160005752514,0.372105058869,1
0.00159951455995,0.372234441713,1
0.00159896439951,0.372363824557,1
0.00159872098806,0.372493207401,1
0.00159764479983,0.372622590245,1
0.0015966585176,0.372751973088,1
0.00159662109453,0.372881355932,1
0.00159629540696,0.373010738776,1
0.00159552961466,0.37314012162,1
0.00159530595467,0.373269504464,1
0.0015952268606,0.373398887308,1
0.00159505431004,0.373528270151,1
0.00159456028913,0.373657652995,1
0.00159432286746,0.373787035839,1
0.00159373579435,0.373916418683,1
0.00159364603339,0.374045801527,1
0.00159350840631,0.374175184371,1
0.00159325080798,0.374304567214,1
0.00159158387291,0.374433950058,1
0.00159086165271,0.374563332902,1
0.00159079467043,0.374692715746,1
0.00159042355685,0.37482209859,1
0.00158941154938,0.374951481434,1
0.00158924871905,0.375080864277,1
0.00158889748822,0.375210247121,1
0.0015887711502,0.375339629965,1
0.0015885698693,0.375469012809,1
0.00158829737998,0.375598395653,1
0.00158785307446,0.375727778497,1
0.00158732796443,0.37585716134,1
0.00158697536951,0.375986544184,1
0.00158673202538,0.376115927028,1
0.00158485123667,0.376245309872,1
0.00158484662082,0.376374692716,1
0.00158435026793,0.37650407556,1
0.00158259552356,0.376633458403,1
0.00158192576692,0.376762841247,1
0.00158185956603,0.376892224091,1
0.00158168142621,0.377150989779,1
0.00158012998799,0.377280372623,1
0.00157963858744,0.377409755466,1
0.00157916222004,0.37753913831,1
0.00157800102402,0.377668521154,1
0.00157732878779,0.377797903998,1
0.00157720663188,0.377927286842,1
0.00157708863777,0.378056669686,1
0.00157681485984,0.378186052529,1
0.00157623676342,0.378315435373,1
0.00157566920533,0.378444818217,1
0.00157520751373,0.378574201061,1
0.00157477072063,0.378703583905,1
0.00157442307142,0.378832966749,1
0.00157432285603,0.378962349592,1
0.00157421143725,0.379091732436,1
0.00157418111391,0.37922111528,1
0.00157398265984,0.379350498124,1
0.00157372700238,0.379479880968,1
0.00157193606833,0.379609263812,1
0.00157128546541,0.379738646655,1
0.00157094092916,0.379868029499,1
0.00157089189234,0.379997412343,1
0.00157079592019,0.380126795187,1
0.00157053141753,0.380256178031,1
0.00157025670303,0.380385560875,1
0.00156871891781,0.380644326562,1
0.00156854767173,0.380773709406,1
0.00156854573516,0.38090309225,1
0.00156719250132,0.381032475094,1
0.00156696529192,0.381161857938,1
0.00156671252908,0.381291240781,1
0.0015664160055,0.381420623625,1
0.00156576190772,0.381550006469,1
0.00156415851795,0.381679389313,1
0.00156274503462,0.381808772157,1
0.00156244179132,0.381938155001,1
0.00156168414898,0.382067537844,1
0.00156149140522,0.382196920688,1
0.00156149093882,0.382326303532,1
0.00156075378196,0.382455686376,1
0.00156023670187,0.38258506922,1
0.00155984846721,0.382714452064,1
0.00155904028478,0.382843834907,1
0.00155848604745,0.382973217751,1
0.00155834796096,0.383102600595,1
0.0015580387623,0.383231983439,1
0.0015580247882,0.383361366283,1
0.00155728249547,0.383490749127,1
0.00155592483476,0.383620131971,1
0.00155314132241,0.383749514814,1
0.00155206685045,0.383878897658,1
0.00155137542187,0.384008280502,1
0.00155004312049,0.384137663346,1
0.00154978962421,0.38426704619,1
0.00154965332897,0.384396429034,1
0.00154933153261,0.384525811877,1
0.00154889630589,0.384655194721,1
0.00154773638561,0.384784577565,1
0.00154736113623,0.384913960409,1
0.00154708641045,0.385043343253,1
0.00154594453375,0.385172726097,1
0.00154557916049,0.38530210894,1
0.00154508788264,0.385431491784,1
0.00154482583974,0.385560874628,1
0.00154479462437,0.385690257472,1
0.00154437974185,0.385819640316,1
0.00154327127951,0.38594902316,1
0.00154281708284,0.386078406003,1
0.00154209813464,0.386207788847,1
0.00154173225598,0.386337171691,1
0.00154100705887,0.386466554535,1
0.00153542626425,0.386595937379,1
0.00153467018807,0.386725320223,1
0.00153359270895,0.386854703066,1
0.00153296514835,0.38698408591,1
0.00153294182783,0.387113468754,1
0.00153237014234,0.387242851598,1
0.00153113629435,0.387372234442,1
0.00153039785906,0.387501617286,1
0.00153037795038,0.387631000129,1
0.00152997408895,0.387760382973,1
0.00152971499014,0.387889765817,1
0.00152904039849,0.388019148661,1
0.00152811904887,0.388148531505,1
0.00152804174616,0.388277914349,1
0.00152788354461,0.388407297192,1
0.00152715647284,0.388536680036,1
0.00152711181215,0.38866606288,1
0.00152618824122,0.388924828568,1
0.00152610047284,0.389054211412,1
0.00152497092724,0.389183594255,1
0.00152420765987,0.389312977099,1
0.00152392729862,0.389442359943,1
0.00152383173141,0.389571742787,1
0.00152323048863,0.389701125631,1
0.00152308822153,0.389830508475,1
0.00152207575211,0.389959891318,1
0.00152174127329,0.390089274162,1
0.00152137352058,0.390218657006,1
0.00152029202923,0.39034803985,1
0.00151972172365,0.390477422694,1
0.0015193179695,0.390606805538,1
0.00151917270747,0.390736188381,1
0.00151845713756,0.390865571225,1
0.00151778048252,0.390994954069,1
0.00151730281164,0.391124336913,1
0.00151706530482,0.391253719757,1
0.00151669733382,0.391383102601,1
0.00151663918722,0.391512485444,1
0.00151634192738,0.391641868288,1
0.00151506370941,0.391771251132,1
0.0015143148096,0.391900633976,1
0.0015142265488,0.39203001682,1
0.00151233676649,0.392159399664,1
0.00151004202138,0.392288782507,1
0.00150922786022,0.392418165351,1
0.00150894804978,0.392547548195,1
0.00150861488146,0.392806313883,1
0.00150842372713,0.392935696727,1
0.00150787332585,0.39306507957,1
0.00150734276474,0.393194462414,1
0.00150648984335,0.393323845258,1
0.00150610684721,0.393453228102,1
0.00150606580875,0.393582610946,1
0.00150564585719,0.39371199379,1
0.00150564353699,0.393841376633,1
0.00150481455132,0.393970759477,1
0.00150478820868,0.394100142321,1
0.00150429339138,0.394358908009,1
0.00150410424967,0.394488290853,1
0.00150349506409,0.394617673696,1
0.00150287439149,0.39474705654,1
0.00150272300663,0.394876439384,1
0.00150267488931,0.395005822228,1
0.00150267167259,0.395135205072,1
0.00150257598223,0.395264587916,1
0.00150250017538,0.395393970759,1
0.00150181911599,0.395523353603,1
0.00150152081745,0.395652736447,1
0.00150134236401,0.395782119291,1
0.00150134192877,0.395911502135,1
0.00150120490381,0.396040884979,1
0.00150116545312,0.396170267822,1
0.00150098110725,0.396299650666,1
0.00149995367522,0.39642903351,1
0.00149968012225,0.396558416354,1
0.0014991546602,0.396687799198,1
0.00149875686406,0.396817182042,1
0.00149865673487,0.396946564885,1
0.00149862670445,0.397075947729,1
0.00149788373559,0.397205330573,1
0.00149738867671,0.397334713417,1
0.00149660661101,0.397464096261,1
0.00149621821083,0.397593479105,1
0.00149601830046,0.397722861949,1
0.00149560003158,0.397852244792,1
0.00149491156688,0.397981627636,1
0.0014939825578,0.39811101048,1
0.00149386273896,0.398240393324,1
0.00149354012482,0.398369776168,1
0.00149212978687,0.398499159012,1
0.00149199215161,0.398628541855,1
0.00149190347093,0.398757924699,1
0.00149125927436,0.398887307543,1
0.0014911612045,0.399016690387,1
0.00149099337258,0.399146073231,1
0.00149095984872,0.399275456075,1
0.0014908207525,0.399404838918,1
0.00149056959211,0.399534221762,1
0.00149050061923,0.399663604606,1
0.00149021692031,0.39979298745,1
0.00149004433792,0.399922370294,1
0.00148910128066,0.400051753138,1
0.00148842106025,0.400181135981,1
0.00148832753956,0.400310518825,1
0.00148790999637,0.400439901669,1
0.0014872571057,0.400569284513,1
0.00148654879217,0.400698667357,1
0.00148585187284,0.400828050201,1
0.00148439769796,0.400957433044,1
0.00148416020928,0.401086815888,1
0.00148415804861,0.401216198732,1
0.00148393538185,0.401345581576,1
0.00148200598904,0.40147496442,1
0.00148197473924,0.401604347264,1
0.00148175415937,0.401733730107,1
0.00148166703816,0.401863112951,1
0.00148123880761,0.401992495795,1
0.00147942773173,0.402121878639,1
0.00147901014338,0.402251261483,1
0.00147860627684,0.402380644327,1
0.00147853356239,0.40251002717,1
0.00147823924184,0.402639410014,1
0.00147805194681,0.402768792858,1
0.00147797246937,0.402898175702,1
0.00147773853904,0.403027558546,1
0.00147763108413,0.40315694139,1
0.00147757154445,0.403286324233,1
0.00147604829266,0.403415707077,1
0.00147598203627,0.403545089921,1
0.00147559465005,0.403674472765,1
0.00147545324795,0.403803855609,1
0.00147513265446,0.403933238453,1
0.0014746796861,0.404062621296,1
0.00147462261613,0.40419200414,1
0.00147443593119,0.404450769828,1
0.00147399757218,0.404580152672,1
0.00147398586639,0.404709535516,1
0.00147334155154,0.404838918359,1
0.00147321006277,0.404968301203,1
0.00147297534824,0.405097684047,1
0.00147294337139,0.405227066891,1
0.00147222661608,0.405356449735,1
0.00147192851713,0.405485832579,1
0.00147029500784,0.405615215422,1
0.00146991559741,0.405744598266,1
0.00146983114046,0.40587398111,1
0.00146967401736,0.406003363954,1
0.00146948479837,0.406132746798,1
0.00146826368432,0.406262129642,1
0.00146787570765,0.406391512485,1
0.00146676360484,0.406520895329,1
0.00146645770928,0.406650278173,1
0.00146574835701,0.406779661017,1
0.00146546250139,0.406909043861,1
0.00146503599102,0.407038426705,1
0.00146483691031,0.407167809548,1
0.00146405178495,0.407297192392,1
0.00146391591734,0.407426575236,1
0.00146361396616,0.40755595808,1
0.00146357315861,0.407685340924,1
0.00146188444621,0.407814723768,1
0.00146159078753,0.407944106611,1
0.00146131292216,0.408073489455,1
0.00146124915609,0.408202872299,1
0.00146118206052,0.408332255143,1
0.00146097296507,0.408461637987,1
0.00146063734079,0.408591020831,1
0.0014605171074,0.408849786518,1
0.00146012048635,0.408979169362,1
0.00145969313544,0.409108552206,1
0.00145958571021,0.40923793505,1
0.00145868764845,0.409367317894,1
0.00145823762295,0.409496700737,1
0.00145804543674,0.409626083581,1
0.00145734355868,0.409755466425,1
0.00145697600003,0.409884849269,1
0.00145653335927,0.410014232113,1
0.00145649056593,0.410143614957,1
0.00145626666082,0.4102729978,1
0.00145586298324,0.410402380644,1
0.00145576042891,0.410531763488,1
0.00145516426501,0.410790529176,1
0.00145404749149,0.41091991202,1
0.00145368187003,0.411049294864,1
0.00145284386592,0.411178677707,1
0.00145267686209,0.411308060551,1
0.001452344231,0.411437443395,1
0.00145234279698,0.411566826239,1
0.00145232025588,0.411696209083,1
0.00145221523333,0.411825591927,1
0.00145190699584,0.41195497477,1
0.00145182189873,0.412084357614,1
0.00145116688323,0.412213740458,1
0.00145031784389,0.412343123302,1
0.00144951876626,0.412472506146,1
0.00144912661248,0.41260188899,1
0.00144885832061,0.412731271833,1
0.00144782797001,0.412860654677,1
0.001447523515,0.412990037521,1
0.00144618176675,0.413119420365,1
0.00144614213371,0.413248803209,1
0.00144476975661,0.413378186053,1
0.00144419620579,0.413507568896,1
0.00144407192608,0.41363695174,1
0.00144343253551,0.413766334584,1
0.00144229299357,0.413895717428,1
0.00144195287126,0.414025100272,1
0.00144193991859,0.414154483116,1
0.00144153911117,0.414283865959,1
0.00144149560932,0.414413248803,1
0.00144143461112,0.414542631647,1
0.00144002148203,0.414672014491,1
0.00143968704546,0.414801397335,1
0.00143815021088,0.414930780179,1
0.00143785283572,0.415060163022,1
0.0014376359166,0.415189545866,1
0.00143654757012,0.41531892871,1
0.00143651948862,0.415448311554,1
0.00143602313113,0.415577694398,1
0.00143602283144,0.415707077242,1
0.0014358116255,0.415836460085,1
0.0014357056565,0.415965842929,1
0.00143532987283,0.416095225773,1
0.00143523955765,0.416224608617,1
0.00143506459262,0.416353991461,1
0.00143381007561,0.416483374305,1
0.00143338778416,0.416612757148,1
0.00143317534134,0.416742139992,1
0.00143262210299,0.416871522836,1
0.00143255712494,0.41700090568,1
0.00143233972234,0.417130288524,1
0.0014319902122,0.417259671368,1
0.00143183397357,0.417389054211,1
0.00143171904275,0.417518437055,1
0.0014313982478,0.417647819899,1
0.00143118810118,0.417777202743,1
0.00143036434283,0.417906585587,1
0.00143013880853,0.418035968431,1
0.00142875017533,0.418165351274,1
0.00142834769524,0.418553499806,1
0.00142735387475,0.41868288265,1
0.00142733629284,0.418812265494,1
0.00142731527862,0.418941648337,1
0.00142607555708,0.419071031181,1
0.00142582111731,0.419200414025,1
0.00142572434481,0.419329796869,1
0.00142513136445,0.419459179713,1
0.00142511474256,0.419588562557,1
0.00142471417294,0.4197179454,1
0.00142443479237,0.419847328244,1
0.00142256526198,0.420106093932,1
0.0014222075208,0.420235476776,1
0.00142214379506,0.42036485962,1
0.0014211917804,0.420494242463,1
0.00142107350889,0.420623625307,1
0.00142095914646,0.420753008151,1
0.00142085667031,0.420882390995,1
0.00142077954573,0.421011773839,1
0.00142060561149,0.421141156683,1
0.00142059608471,0.421270539526,1
0.0014196017816,0.42139992237,1
0.00141940698103,0.421529305214,1
0.00141889631647,0.421658688058,1
0.00141870708567,0.421788070902,1
0.00141854617526,0.421917453746,1
0.00141832162674,0.422046836589,1
0.00141781670231,0.422176219433,1
0.00141750134982,0.422305602277,1
0.00141721161175,0.422434985121,1
0.00141720230423,0.422564367965,1
0.0014169733134,0.422693750809,1
0.00141657613279,0.422823133652,1
0.00141604974225,0.422952516496,1
0.00141598525155,0.42308189934,1
0.00141541405992,0.423211282184,1
0.00141540674956,0.423340665028,1
0.00141509648138,0.423470047872,1
0.00141506581656,0.423599430715,1
0.00141506230118,0.423728813559,1
0.00141457857585,0.423858196403,1
0.0014143063506,0.423987579247,1
0.00141374094054,0.424116962091,1
0.00141144632938,0.424246344935,1
0.00141109954767,0.424375727778,1
0.00141106876007,0.424505110622,1
0.00141080980678,0.424634493466,1
0.00141066512682,0.42476387631,1
0.00141050123986,0.424893259154,1
0.00141040722558,0.425022641998,1
0.00141031266025,0.425152024842,1
0.00141029115686,0.425281407685,1
0.00141015620511,0.425410790529,1
0.00141012281988,0.425540173373,1
0.00141000148232,0.425669556217,1
0.00140971332113,0.425798939061,1
0.00140903357674,0.425928321905,1
0.0014087903138,0.426057704748,1
0.00140809083357,0.426316470436,1
0.00140785909918,0.42644585328,1
0.00140771983754,0.426575236124,1
0.00140769323654,0.426704618968,1
0.00140749823636,0.426834001811,1
0.00140715464289,0.426963384655,1
0.00140690467203,0.427092767499,1
0.00140674627391,0.427222150343,1
0.0014059051624,0.427351533187,1
0.00140478313499,0.427480916031,1
0.00140470215708,0.427610298874,1
0.00140320251776,0.427739681718,1
0.00140246896626,0.427869064562,1
0.00140245460176,0.427998447406,1
0.00140236027312,0.42812783025,1
0.00140213959991,0.428257213094,1
0.0014020965882,0.428386595937,1
0.00140137179143,0.428515978781,1
0.00140090089732,0.428645361625,1
0.00140039855168,0.428904127313,1
0.00140030030303,0.429033510157,1
0.00139981311541,0.429292275844,1
0.00139947951916,0.429421658688,1
0.00139945493651,0.429551041532,1
0.00139888524955,0.429680424376,1
0.00139860592616,0.42980980722,1
0.00139855437917,0.429939190063,1
0.00139855193596,0.430068572907,1
0.00139785492152,0.430197955751,1
0.00139759485406,0.430327338595,1
0.0013972356297,0.430456721439,1
0.00139709702684,0.430586104283,1
0.00139669108647,0.430715487126,1
0.00139615051623,0.43084486997,1
0.00139476958204,0.430974252814,1
0.00139461775175,0.431103635658,1
0.00139402368256,0.431233018502,1
0.00139363664365,0.431362401346,1
0.00139356259541,0.431491784189,1
0.00139353651714,0.431621167033,1
0.00139341796104,0.431750549877,1
0.00139296618527,0.431879932721,1
0.00139267083974,0.432009315565,1
0.00139262271653,0.432138698409,1
0.00139220177846,0.432268081252,1
0.0013918118658,0.432397464096,1
0.00139140568012,0.43252684694,1
0.00139099448377,0.432656229784,1
0.00139093688475,0.432914995472,1
0.00139026480523,0.433044378315,1
0.00139016786737,0.433173761159,1
0.00139005446095,0.433303144003,1
0.00138990732235,0.433432526847,1
0.00138983677696,0.433561909691,1
0.00138978456817,0.433691292535,1
0.0013897228481,0.433820675378,1
0.00138957835286,0.433950058222,1
0.0013894057265,0.434079441066,1
0.00138906731665,0.43420882391,1
0.00138837459762,0.434338206754,1
0.00138822867555,0.434467589598,1
0.00138725183519,0.434596972441,1
0.0013862434615,0.434726355285,1
0.00138623627219,0.434855738129,1
0.00138583328902,0.435114503817,1
0.0013858319886,0.435243886661,1
0.00138490295957,0.435373269504,1
0.00138431836808,0.435502652348,1
0.00138419437281,0.435632035192,1
0.00138374051468,0.435761418036,1
0.00138356015172,0.43589080088,1
0.00138333660532,0.436020183724,1
0.00138314601984,0.436149566567,1
0.00138123750714,0.436278949411,1
0.00138074059024,0.436408332255,1
0.00138067919585,0.436537715099,1
0.00138005406153,0.436667097943,1
0.00138002216678,0.436796480787,1
0.00137926951708,0.43692586363,1
0.00137909208344,0.437055246474,1
0.00137887823056,0.437184629318,1
0.00137866529316,0.437314012162,1
0.00137851513816,0.437443395006,1
0.00137756559597,0.43757277785,1
0.00137599382325,0.437702160693,1
0.00137568364528,0.437831543537,1
0.00137534377951,0.437960926381,1
0.00137460874885,0.438090309225,1
0.00137428070473,0.438219692069,1
0.00137389960549,0.438349074913,1
0.00137388415805,0.438478457757,1
0.0013736356089,0.4386078406,1
0.00137296745073,0.438737223444,1
0.00137236811669,0.438866606288,1
0.00137194303966,0.439125371976,1
0.00137146482163,0.43925475482,1
0.00137137461171,0.439384137663,1
0.00137135439925,0.439513520507,1
0.00137133337251,0.439642903351,1
0.00137120983052,0.439772286195,1
0.00137081221092,0.439901669039,1
0.00137024300904,0.440031051883,1
0.00136987689613,0.440160434726,1
0.00136948644614,0.44028981757,1
0.00136906096412,0.440419200414,1
0.00136818185545,0.440548583258,1
0.00136783307449,0.440677966102,1
0.00136668587992,0.440807348946,1
0.00136610984242,0.440936731789,1
0.00136550149869,0.441066114633,1
0.00136375172476,0.441195497477,1
0.00136363842154,0.441324880321,1
0.00136233713421,0.441454263165,1
0.00136221251859,0.441583646009,1
0.00136171060713,0.441713028852,1
0.00136122751126,0.441842411696,1
0.00136094964609,0.44197179454,1
0.0013601466972,0.442101177384,1
0.0013598269479,0.442230560228,1
0.00135971974682,0.442359943072,1
0.00135952177725,0.442489325915,1
0.00135781583205,0.442618708759,1
0.00135768038517,0.442748091603,1
0.00135763434292,0.442877474447,1
0.00135758373109,0.443006857291,1
0.00135750259694,0.443136240135,1
0.00135670032881,0.443265622978,1
0.00135651758661,0.443395005822,1
0.0013564553143,0.443524388666,1
0.0013563383757,0.44365377151,1
0.00135600270602,0.443783154354,1
0.00135563490605,0.443912537198,1
0.00135538870483,0.444041920041,1
0.00135440394541,0.444171302885,1
0.00135439171309,0.444300685729,1
0.00135433383439,0.444430068573,1
0.00135410816445,0.444559451417,1
0.00135400919702,0.444688834261,1
0.0013539756259,0.444818217104,1
0.00135375837753,0.444947599948,1
0.00135363194973,0.445076982792,1
0.00135297735891,0.445206365636,1
0.00135262866236,0.44533574848,1
0.00135235124665,0.445465131324,1
0.00135165329694,0.445723897011,1
0.00135162526746,0.445853279855,1
0.00135160597538,0.445982662699,1
0.00135144713897,0.446112045543,1
0.00135038204986,0.446241428387,1
0.00134916581695,0.44637081123,1
0.00134895795248,0.446500194074,1
0.00134889666492,0.446629576918,1
0.00134781674589,0.446758959762,1
0.00134779167646,0.446888342606,1
0.00134732413574,0.44701772545,1
0.00134708425644,0.447147108293,1
0.00134704512968,0.447276491137,1
0.00134623889613,0.447405873981,1
0.00134582486629,0.447535256825,1
0.00134581655556,0.447664639669,1
0.0013458061279,0.447794022513,1
0.00134536402766,0.447923405356,1
0.0013451243162,0.4480527882,1
0.00134423910087,0.448182171044,1
0.00134369024751,0.448311553888,1
0.00134287094474,0.448440936732,1
0.00134256452038,0.448570319576,1
0.00134251143848,0.448699702419,1
0.00134226297771,0.448829085263,1
0.00134217302022,0.448958468107,1
0.00134193496927,0.449087850951,1
0.00134164730989,0.449217233795,1
0.00134123879636,0.449346616639,1
0.00134114726624,0.449475999482,1
0.00134088543139,0.449605382326,1
0.00134015205311,0.44973476517,1
0.00133920577721,0.449864148014,1
0.00133887888808,0.449993530858,1
0.00133874240196,0.450122913702,1
0.0013385403387,0.450252296545,1
0.00133777917251,0.450381679389,1
0.0013372377756,0.450511062233,1
0.0013368104114,0.450640445077,1
0.00133664326707,0.450769827921,1
0.00133643804495,0.450899210765,1
0.00133480687359,0.451028593608,1
0.00133467381596,0.451157976452,1
0.00133380890815,0.451287359296,1
0.00133378707547,0.45141674214,1
0.00133347884137,0.451546124984,1
0.00133341324034,0.451675507828,1
0.00133285035932,0.451804890671,1
0.00133243014847,0.451934273515,1
0.00133233152617,0.452063656359,1
0.00133232063543,0.452193039203,1
0.00133202017591,0.452322422047,1
0.00133192519152,0.452451804891,1
0.00133154316681,0.452710570578,1
0.00133114722029,0.452839953422,1
0.00132972657011,0.452969336266,1
0.00132920295407,0.45309871911,1
0.00132919487481,0.453357484798,1
0.00132872980109,0.453486867641,1
0.00132846217065,0.453616250485,1
0.00132830449531,0.453745633329,1
0.00132802721925,0.453875016173,1
0.00132784621571,0.454004399017,1
0.00132782892859,0.454133781861,1
0.00132693468469,0.454263164704,1
0.00132686118445,0.454392547548,1
0.00132684462192,0.454521930392,1
0.00132674100946,0.454651313236,1
0.00132668175879,0.45478069608,1
0.00132649288215,0.454910078924,1
0.00132627985678,0.455039461767,1
0.00132623335286,0.455168844611,1
0.001326006623,0.455427610299,1
0.00132579813841,0.455556993143,1
0.00132449643245,0.455686375987,1
0.00132385769509,0.45581575883,1
0.00132309494375,0.455945141674,1
0.00132297862146,0.456074524518,1
0.00132276366094,0.456203907362,1
0.0013225099435,0.456333290206,1
0.0013213077844,0.45646267305,1
0.00131879665104,0.456592055893,1
0.00131857709359,0.456721438737,1
0.00131685631173,0.456850821581,1
0.0013167720774,0.456980204425,1
0.00131641946698,0.457109587269,1
0.00131638192149,0.457238970113,1
0.00131622219938,0.457368352956,1
0.00131464999295,0.4574977358,1
0.00131323811439,0.457627118644,1
0.00131257929993,0.457885884332,1
0.00131255662914,0.458015267176,1
0.00131198829956,0.458144650019,1
0.00131100591136,0.458274032863,1
0.00130989753363,0.458403415707,1
0.00130952561275,0.458532798551,1
0.00130917266856,0.458662181395,1
0.00130844389987,0.458920947082,1
0.00130838018897,0.459050329926,1
0.00130789009901,0.45917971277,1
0.00130727357504,0.459309095614,1
0.00130716287059,0.459438478458,1
0.00130572470481,0.459567861302,1
0.00130508402818,0.459697244145,1
0.00130495166183,0.459826626989,1
0.00130487723094,0.459956009833,1
0.00130412362264,0.460085392677,1
0.00130393825761,0.460214775521,1
0.00130383918013,0.460344158365,1
0.00130355893035,0.460473541208,1
0.00130247374435,0.460602924052,1
0.00130245461352,0.460732306896,1
0.00130170924645,0.46086168974,1
0.00130157613621,0.460991072584,1
0.00130131284418,0.461120455428,1
0.00130109567652,0.461379221115,1
0.00130066481054,0.461508603959,1
0.00130042051501,0.461637986803,1
0.00130012474856,0.461767369647,1
0.00129807263502,0.461896752491,1
0.00129735937476,0.462026135334,1
0.00129700341243,0.462155518178,1
0.00129693517928,0.462284901022,1
0.00129679384281,0.462414283866,1
0.00129671735457,0.46254366671,1
0.00129598308314,0.462673049554,1
0.00129593168295,0.462802432397,1
0.00129536782636,0.462931815241,1
0.00129536155273,0.463061198085,1
0.00129453664755,0.463190580929,1
0.00129390018616,0.463319963773,1
0.00129276861681,0.463449346617,1
0.00129242784396,0.46357872946,1
0.00129179162338,0.463708112304,1
0.0012910637309,0.463837495148,1
0.00129044402921,0.463966877992,1
0.0012902880056,0.464096260836,1
0.00129006168725,0.46422564368,1
0.00128887739225,0.464355026523,1
0.00128856504015,0.464484409367,1
0.00128781950747,0.464613792211,1
0.00128778792189,0.464743175055,1
0.00128773617868,0.464872557899,1
0.00128769560019,0.465001940743,1
0.00128749621196,0.465131323586,1
0.00128744730194,0.46526070643,1
0.00128726301209,0.465390089274,1
0.00128721665484,0.465519472118,1
0.00128703188181,0.465648854962,1
0.00128666781354,0.465778237806,1
0.00128639010652,0.46590762065,1
0.00128596318753,0.466037003493,1
0.0012858370557,0.466166386337,1
0.00128573088439,0.466295769181,1
0.00128566691446,0.466425152025,1
0.00128559328835,0.466554534869,1
0.00128552646087,0.466683917713,1
0.00128499614947,0.466813300556,1
0.00128487455412,0.4669426834,1
0.0012848589687,0.467072066244,1
0.00128453927244,0.467201449088,1
0.00128432045413,0.467330831932,1
0.00128429318062,0.467460214776,1
0.00128389083083,0.467589597619,1
0.00128376878203,0.467718980463,1
0.00128330169872,0.467848363307,1
0.00128295225558,0.467977746151,1
0.00128142934164,0.468107128995,1
0.00128125754861,0.468236511839,1
0.00128108604352,0.468365894682,1
0.00127985216373,0.468495277526,1
0.00127962336687,0.46862466037,1
0.00127810576489,0.468754043214,1
0.00127800521131,0.468883426058,1
0.00127763552623,0.469012808902,1
0.00127702641418,0.469142191745,1
0.00127702399204,0.469271574589,1
0.00127650217653,0.469400957433,1
0.00127641940464,0.469530340277,1
0.00127607826855,0.469659723121,1
0.00127531892977,0.469789105965,1
0.00127514785368,0.469918488808,1
0.00127485231929,0.470047871652,1
0.00127485120733,0.470177254496,1
0.00127413268008,0.47030663734,1
0.00127388360849,0.470436020184,1
0.00127335655098,0.470565403028,1
0.00127323951566,0.470694785871,1
0.0012721693012,0.470824168715,1
0.00127207418985,0.470953551559,1
0.00127188441255,0.471082934403,1
0.0012715990748,0.471212317247,1
0.00127112641962,0.471341700091,1
0.00127094055433,0.471471082934,1
0.00127056282728,0.471600465778,1
0.00127053378833,0.471729848622,1
0.00127032913228,0.471859231466,1
0.00127024058925,0.47198861431,1
0.00126942476186,0.472117997154,1
0.00126908464703,0.472247379997,1
0.00126896443743,0.472376762841,1
0.00126864206817,0.472506145685,1
0.00126846805814,0.472635528529,1
0.0012678510219,0.472764911373,1
0.00126761699636,0.472894294217,1
0.00126749967754,0.47302367706,1
0.00126691561551,0.473153059904,1
0.00126652841555,0.473282442748,1
0.00126652606844,0.473411825592,1
0.00126590959217,0.473541208436,1
0.00126563700568,0.47367059128,1
0.00126500765791,0.473799974123,1
0.00126459745747,0.473929356967,1
0.0012641132276,0.474058739811,1
0.00126385641231,0.474188122655,1
0.00126293891539,0.474317505499,1
0.00126289220657,0.474446888343,1
0.0012627795129,0.474576271186,1
0.00126268242804,0.47470565403,1
0.00126257377577,0.474835036874,1
0.00126228406384,0.474964419718,1
0.00126214108879,0.475093802562,1
0.00126200572372,0.475223185406,1
0.00126168684054,0.475352568249,1
0.00126144186703,0.475481951093,1
0.00126124810694,0.475611333937,1
0.0012610477251,0.475740716781,1
0.00126081505296,0.475870099625,1
0.00126053695261,0.475999482469,1
0.00126037550481,0.476128865312,1
0.00126018432196,0.476258248156,1
0.00125927257188,0.476387631,1
0.00125882417691,0.476517013844,1
0.00125821595261,0.476646396688,1
0.00125790853472,0.476775779532,1
0.00125746331499,0.476905162375,1
0.00125740915943,0.477034545219,1
0.00125577745174,0.477163928063,1
0.00125577261735,0.477293310907,1
0.00125562243084,0.477422693751,1
0.00125480675541,0.477552076595,1
0.00125392662403,0.477681459438,1
0.00125371836174,0.477810842282,1
0.0012537117376,0.477940225126,1
0.00125343382701,0.47806960797,1
0.00125333626755,0.478198990814,1
0.00125310591213,0.478328373658,1
0.00125280943629,0.478457756501,1
0.00125265638136,0.478587139345,1
0.00125221809447,0.478716522189,1
0.00125219584234,0.478845905033,1
0.00125209351971,0.478975287877,1
0.00125193462933,0.479104670721,1
0.00125180544399,0.479234053564,1
0.00125134684183,0.479363436408,1
0.00125104164905,0.479492819252,1
0.00125094509955,0.479622202096,1
0.00125039712423,0.47975158494,1
0.00124970185705,0.479880967784,1
0.00124940859462,0.480010350628,1
0.00124914794216,0.480139733471,1
0.0012482834783,0.480269116315,1
0.00124814046825,0.480398499159,1
0.00124730315813,0.480527882003,1
0.00124573751229,0.480657264847,1
0.001245341209,0.480786647691,1
0.00124531986306,0.480916030534,1
0.00124504079285,0.481045413378,1
0.00124457837456,0.481174796222,1
0.00124449675906,0.481304179066,1
0.00124421305836,0.48143356191,1
0.00124387505111,0.481562944754,1
0.00124367903485,0.481692327597,1
0.0012427348391,0.481821710441,1
0.0012416776806,0.481951093285,1
0.00124155499412,0.482080476129,1
0.0012415316823,0.482209858973,1
0.00124149242551,0.482339241817,1
0.00124142016528,0.48246862466,1
0.00124139953565,0.482598007504,1
0.00124108999794,0.482727390348,1
0.0012407777207,0.482856773192,1
0.00124072370346,0.482986156036,1
0.00124060258105,0.48311553888,1
0.0012405875623,0.483244921723,1
0.00124043603649,0.483374304567,1
0.00124025599753,0.483503687411,1
0.0012402331683,0.483633070255,1
0.00124008154586,0.483762453099,1
0.00123948542859,0.483891835943,1
0.00123929337096,0.484021218786,1
0.00123881193104,0.48415060163,1
0.00123814824843,0.484279984474,1
0.00123805983294,0.484409367318,1
0.00123669430397,0.484538750162,1
0.00123654700011,0.484668133006,1
0.00123639667344,0.484797515849,1
0.00123553135657,0.484926898693,1
0.00123537200509,0.485056281537,1
0.00123513837385,0.485185664381,1
0.00123419207499,0.485315047225,1
0.00123260398484,0.485444430069,1
0.00123203887432,0.485573812912,1
0.00123194392836,0.485703195756,1
0.00123171178981,0.4858325786,1
0.00123117137385,0.485961961444,1
0.00123113181404,0.486091344288,1
0.00123102483961,0.486220727132,1
0.00123093934767,0.486350109975,1
0.00123059488274,0.486479492819,1
0.00123051198455,0.486608875663,1
0.00123026082785,0.486738258507,1
0.00123002230551,0.486867641351,1
0.00122938463827,0.486997024195,1
0.00122846100793,0.487126407038,1
0.00122803438391,0.487255789882,1
0.00122751471963,0.487385172726,1
0.00122716998262,0.48751455557,1
0.00122688179556,0.487773321258,1
0.00122683553146,0.487902704101,1
0.00122678040867,0.488032086945,1
0.00122654023059,0.488161469789,1
0.00122626778667,0.488290852633,1
0.00122612558563,0.488420235477,1
0.00122604961007,0.488549618321,1
0.00122591025083,0.488679001164,1
0.00122565794394,0.488808384008,1
0.00122472573823,0.488937766852,1
0.00122434121426,0.489067149696,1
0.00122367141809,0.48919653254,1
0.00122348563994,0.489325915384,1
0.00122281011476,0.489455298227,1
0.00122277032214,0.489584681071,1
0.00122259504585,0.489714063915,1
0.00122253761633,0.489843446759,1
0.0012225131901,0.489972829603,1
0.00122233888095,0.490102212447,1
0.00122201636001,0.49023159529,1
0.0012215320111,0.490360978134,1
0.00122125682733,0.490490360978,1
0.00122048569063,0.490619743822,1
0.00122018243194,0.490749126666,1
0.00122017282703,0.49087850951,1
0.00122010390755,0.491007892353,1
0.0012198490234,0.491137275197,1
0.0012196199289,0.491266658041,1
0.00121909454892,0.491396040885,1
0.00121884648759,0.491525423729,1
0.0012187485628,0.491654806573,1
0.00121831733708,0.491784189416,1
0.00121820318489,0.49191357226,1
0.00121811595536,0.492042955104,1
0.00121807890703,0.492172337948,1
0.00121750387027,0.492431103636,1
0.00121703601254,0.492560486479,1
0.00121557339559,0.492689869323,1
0.00121521543441,0.492819252167,1
0.0012151135731,0.492948635011,1
0.00121492213227,0.493078017855,1
0.00121414285021,0.493207400699,1
0.00121359407097,0.493336783543,1
0.00121339024476,0.493466166386,1
0.00121293182503,0.493724932074,1
0.00121278062432,0.493854314918,1
0.00121241539614,0.493983697762,1
0.00121185865177,0.494113080606,1
0.00121183388961,0.494242463449,1
0.0012115852627,0.494371846293,1
0.00121152214368,0.494501229137,1
0.00121145209822,0.494630611981,1
0.00121101627119,0.494759994825,1
0.00121069135015,0.494889377669,1
0.00121052025476,0.495018760512,1
0.00121014785677,0.495148143356,1
0.00120989549132,0.4952775262,1
0.00120969970905,0.495406909044,1
0.00120952248306,0.495536291888,1
0.00120930869903,0.495665674732,1
0.00120898303984,0.495795057575,1
0.00120833484463,0.495924440419,1
0.00120761282672,0.496053823263,1
0.00120746546097,0.496183206107,1
0.00120694986713,0.496312588951,1
0.00120687328122,0.496441971795,1
0.00120683962968,0.496571354638,1
0.00120648372037,0.496700737482,1
0.00120644017829,0.496830120326,1
0.00120641117048,0.49695950317,1
0.00120596520102,0.497088886014,1
0.00120593472353,0.497218268858,1
0.00120568613117,0.497347651701,1
0.00120482201364,0.497477034545,1
0.00120477460292,0.497606417389,1
0.00120456588624,0.497735800233,1
0.00120443890368,0.497994565921,1
0.00120413981945,0.498123948764,1
0.00120375428255,0.498253331608,1
0.00120340581411,0.498382714452,1
0.00120291035843,0.498512097296,1
0.00120280577121,0.49864148014,1
0.0012027345099,0.498770862984,1
0.00120272114637,0.498900245827,1
0.0012026970736,0.499029628671,1
0.00120258685677,0.499159011515,1
0.00120249746908,0.499288394359,1
0.00120202477411,0.499417777203,1
0.00120171312058,0.499547160047,1
0.00120115394792,0.49967654289,1
0.00120099502282,0.499805925734,1
0.00120087161407,0.499935308578,1
0.00120043928483,0.500064691422,1
0.0012002681991,0.500194074266,1
0.00120006641263,0.50032345711,1
0.00119984422286,0.500452839953,1
0.00119963353379,0.500582222797,1
0.00119963166457,0.500711605641,1
0.00119954604483,0.500840988485,1
0.00119945533914,0.500970371329,1
0.00119923852605,0.501099754173,1
0.00119922148992,0.501229137016,1
0.00119921605586,0.50135851986,1
0.00119901957287,0.501487902704,1
0.00119901920787,0.501617285548,1
0.00119895096201,0.501746668392,1
0.00119883228977,0.502005434079,1
0.00119859562874,0.502134816923,1
0.00119816274551,0.502264199767,1
0.00119809213126,0.502393582611,1
0.00119791180829,0.502522965455,1
0.00119787921175,0.502652348299,1
0.00119741544929,0.502781731142,1
0.00119727072028,0.502911113986,1
0.00119715677322,0.50304049683,1
0.00119682990725,0.503169879674,1
0.00119651889011,0.503299262518,1
0.00119556603022,0.503428645362,1
0.00119546395451,0.503558028205,1
0.00119526740312,0.503687411049,1
0.00119406211971,0.503816793893,1
0.00119345313556,0.503946176737,1
0.00119331130883,0.504075559581,1
0.00119248090238,0.504204942425,1
0.00119204753421,0.504334325268,1
0.00119194657453,0.504463708112,1
0.00119187433417,0.504593090956,1
0.00119185899347,0.5047224738,1
0.00119169975673,0.504851856644,1
0.00119130487665,0.504981239488,1
0.00119120912331,0.505110622331,1
0.00119071635915,0.505240005175,1
0.00119041931401,0.505369388019,1
0.00118973276758,0.505498770863,1
0.00118965657208,0.505628153707,1
0.00118923779203,0.505757536551,1
0.00118900210803,0.505886919394,1
0.00118898538744,0.506016302238,1
0.00118893738446,0.506145685082,1
0.00118886438257,0.506275067926,1
0.00118839030602,0.50640445077,1
0.00118834607923,0.506533833614,1
0.00118828186054,0.506663216457,1
0.0011882041401,0.506792599301,1
0.00118750478865,0.507051364989,1
0.00118657090435,0.507180747833,1
0.00118634097113,0.507310130677,1
0.00118625787077,0.507439513521,1
0.0011849601544,0.507568896364,1
0.00118491276895,0.507698279208,1
0.00118456006868,0.507827662052,1
0.00118431541418,0.507957044896,1
0.0011841936811,0.50808642774,1
0.00118376576201,0.508215810584,1
0.00118361777035,0.508345193427,1
0.0011833976435,0.508474576271,1
0.00118308180705,0.508603959115,1
0.00118292712769,0.508733341959,1
0.0011826996987,0.508862724803,1
0.00118266657724,0.508992107647,1
0.00118266285391,0.50912149049,1
0.00118258968991,0.509250873334,1
0.00118250532583,0.509380256178,1
0.00118250240995,0.509509639022,1
0.00118246880721,0.509639021866,1
0.00118243245016,0.50976840471,1
0.00118149136916,0.509897787553,1
0.00118147942589,0.510027170397,1
0.00118099201865,0.510156553241,1
0.00118092232932,0.510415318929,1
0.0011804952879,0.510544701773,1
0.00118045655145,0.510674084616,1
0.00118012173523,0.51080346746,1
0.00118001032535,0.510932850304,1
0.00117997933084,0.511062233148,1
0.00117990803528,0.511191615992,1
0.00117966774804,0.511320998836,1
0.00117936792504,0.511450381679,1
0.00117834347171,0.511579764523,1
0.00117825577771,0.511709147367,1
0.00117776664081,0.511838530211,1
0.00117754126892,0.511967913055,1
0.00117732995137,0.512097295899,1
0.00117714373705,0.512226678742,1
0.00117695881572,0.512356061586,1
0.00117672176573,0.51248544443,1
0.00117665624611,0.512614827274,1
0.00117657775118,0.512744210118,1
0.00117585345777,0.512873592962,1
0.00117561479875,0.513002975805,1
0.00117541685382,0.513261741493,1
0.00117385735319,0.513391124337,1
0.00117382212215,0.513520507181,1
0.00117357809016,0.513649890025,1
0.00117347602153,0.513779272868,1
0.00117345938538,0.513908655712,1
0.00117289394758,0.514038038556,1
0.00117267679012,0.5141674214,1
0.00117253553199,0.514296804244,1
0.00117225713918,0.514426187088,1
0.00117213980031,0.514555569931,1
0.00117184805035,0.514684952775,1
0.00117126874231,0.514814335619,1
0.00117108770356,0.514943718463,1
0.00117097024039,0.515073101307,1
0.00117013904319,0.515202484151,1
0.00117010431202,0.515331866994,1
0.00116978526221,0.515461249838,1
0.0011695067035,0.515590632682,1
0.00116950264264,0.515720015526,1
0.00116856005138,0.51584939837,1
0.00116803008163,0.515978781214,1
0.00116755077986,0.516108164057,1
0.00116675286893,0.516237546901,1
0.00116651699991,0.516366929745,1
0.00116651474012,0.516496312589,1
0.0011659385453,0.516625695433,1
0.0011652602915,0.516755078277,1
0.00116517215519,0.51688446112,1
0.00116490835961,0.517143226808,1
0.0011646145179,0.517272609652,1
0.00116452233715,0.517401992496,1
0.00116445066998,0.51753137534,1
0.00116421522337,0.517790141027,1
0.00116388549683,0.517919523871,1
0.00116329410835,0.518048906715,1
0.00116316137334,0.518178289559,1
0.0011627418999,0.518307672403,1
0.00116258004076,0.518437055246,1
0.0011625761832,0.51856643809,1
0.00116166067752,0.518695820934,1
0.00116160266899,0.518825203778,1
0.00116059629701,0.518954586622,1
0.00115971162097,0.519083969466,1
0.00115910837915,0.519342735153,1
0.00115873787935,0.519472117997,1
0.00115779558357,0.519601500841,1
0.00115725899348,0.519730883685,1
0.00115704667617,0.519860266529,1
0.00115641844843,0.519989649372,1
0.00115640433289,0.520119032216,1
0.0011559470444,0.52024841506,1
0.00115562547432,0.520377797904,1
0.00115558534547,0.520507180748,1
0.00115558293555,0.520636563592,1
0.00115545786255,0.521024712123,1
0.00115536864144,0.521283477811,1
0.00115432252917,0.521412860655,1
0.00115410393274,0.521542243499,1
0.00115269018244,0.521671626342,1
0.00115225992168,0.521801009186,1
0.00115225018197,0.52193039203,1
0.00115206641391,0.522059774874,1
0.00115180898144,0.522189157718,1
0.00115178448774,0.522318540562,1
0.0011513828169,0.522447923405,1
0.00115136179215,0.522706689093,1
0.0011508078967,0.522836071937,1
0.00115070194732,0.522965454781,1
0.00115035445942,0.523094837625,1
0.00115013800005,0.523224220468,1
0.00114990266366,0.523353603312,1
0.00114986740849,0.523482986156,1
0.00114973795472,0.523612369,1
0.00114939734668,0.523741751844,1
0.00114928644593,0.523871134688,1
0.00114920792816,0.524000517531,1
0.00114905128987,0.524129900375,1
0.00114905083438,0.524259283219,1
0.00114826725747,0.524388666063,1
0.00114761877975,0.524518048907,1
0.00114756529904,0.524647431751,1
0.00114740636656,0.524776814594,1
0.00114673959064,0.524906197438,1
0.00114666851119,0.525035580282,1
0.00114642858909,0.525164963126,1
0.0011460880839,0.52529434597,1
0.0011460452093,0.525423728814,1
0.00114596261699,0.525553111657,1
0.00114554425253,0.525682494501,1
0.00114529186101,0.525811877345,1
0.00114501548141,0.525941260189,1
0.00114462402208,0.526070643033,1
0.00114320019681,0.526200025877,1
0.0011429500121,0.52632940872,1
0.001142932287,0.526458791564,1
0.00114244167656,0.526588174408,1
0.00114223502506,0.526717557252,1
0.00114220608064,0.526846940096,1
0.00114186922404,0.52697632294,1
0.00114174372717,0.527105705783,1
0.00114172218497,0.527235088627,1
0.00114160142965,0.527364471471,1
0.00114012399189,0.527493854315,1
0.00114009595587,0.527623237159,1
0.00113960514333,0.527882002846,1
0.00113940096756,0.52801138569,1
0.00113896800705,0.528140768534,1
0.00113883239386,0.528399534222,1
0.00113865878928,0.528528917066,1
0.001138633384,0.528658299909,1
0.0011382830684,0.528787682753,1
0.00113808140871,0.528917065597,1
0.00113782412833,0.529046448441,1
0.00113764815815,0.529175831285,1
0.00113752007773,0.529305214129,1
0.00113690963739,0.529434596972,1
0.00113662403691,0.529563979816,1
0.00113641648902,0.52969336266,1
0.00113605931138,0.529822745504,1
0.00113597106398,0.529952128348,1
0.00113506674358,0.530081511192,1
0.00113501375763,0.530210894035,1
0.0011348454336,0.530340276879,1
0.00113444756584,0.530469659723,1
0.00113427350507,0.530599042567,1
0.00113408716843,0.530728425411,1
0.0011327928892,0.530857808255,1
0.00113231700061,0.530987191098,1
0.00113229503465,0.531116573942,1
0.00113163802043,0.531245956786,1
0.00113148406543,0.53137533963,1
0.00113111744994,0.531504722474,1
0.00113102918224,0.531634105318,1
0.00113049208824,0.531763488161,1
0.00113029715158,0.531892871005,1
0.00113026485609,0.532022253849,1
0.00113026044148,0.532151636693,1
0.00112960759,0.532281019537,1
0.00112952445068,0.532410402381,1
0.00112943734117,0.532798550912,1
0.00112918159061,0.532927933756,1
0.00112908741564,0.5330573166,1
0.00112874549007,0.533186699444,1
0.00112873167725,0.533316082287,1
0.00112865480265,0.533445465131,1
0.00112860832296,0.533574847975,1
0.00112828382498,0.533704230819,1
0.0011281419945,0.533833613663,1
0.00112793352957,0.533962996507,1
0.00112742821328,0.53409237935,1
0.00112706702211,0.534221762194,1
0.00112704371987,0.534351145038,1
0.00112668251508,0.534480527882,1
0.00112617894476,0.534609910726,1
0.00112617046316,0.53473929357,1
0.00112549107309,0.534868676414,1
0.00112530031035,0.534998059257,1
0.00112524833266,0.535127442101,1
0.00112470839066,0.535256824945,1
0.00112411737923,0.535386207789,1
0.00112408949894,0.535515590633,1
0.00112407831987,0.53577435632,1
0.00112403840482,0.535903739164,1
0.00112378441944,0.536033122008,1
0.00112362821807,0.536162504852,1
0.00112352878471,0.536291887696,1
0.0011231379296,0.53642127054,1
0.00112239475657,0.536550653383,1
0.00112229356023,0.536680036227,1
0.00112229260223,0.536809419071,1
0.00112209498915,0.536938801915,1
0.00112200557891,0.537068184759,1
0.0011219034816,0.537197567603,1
0.00112151576108,0.537326950446,1
0.00112090411355,0.53745633329,1
0.00112074046745,0.537585716134,1
0.00112025715136,0.537715098978,1
0.00112004039406,0.537844481822,1
0.00111974854242,0.537973864666,1
0.00111951987561,0.538103247509,1
0.00111923983163,0.538232630353,1
0.00111851369515,0.538362013197,1
0.00111827906433,0.538491396041,1
0.00111826455348,0.538750161729,1
0.00111811851742,0.538879544572,1
0.0011180969882,0.539008927416,1
0.00111803160916,0.53913831026,1
0.0011171012673,0.539397075948,1
0.00111636102365,0.539655841635,1
0.00111618575039,0.539785224479,1
0.00111496120298,0.539914607323,1
0.00111476342563,0.540043990167,1
0.00111455473751,0.540173373011,1
0.0011124808049,0.540302755855,1
0.00111115782831,0.540432138698,1
0.00111094647424,0.540561521542,1
0.00111081674285,0.540690904386,1
0.00111077592491,0.54082028723,1
0.00111016546995,0.540949670074,1
0.00111004573892,0.541079052918,1
0.00110958666125,0.541208435761,1
0.00110928791855,0.541337818605,1
0.00110921434315,0.541467201449,1
0.00110913979175,0.541725967137,1
0.00110898387741,0.541855349981,1
0.00110890823262,0.541984732824,1
0.00110836834101,0.542114115668,1
0.00110835849538,0.542243498512,1
0.00110792604978,0.542372881356,1
0.00110785703256,0.5425022642,1
0.00110776954318,0.542631647044,1
0.00110742896665,0.542761029887,1
0.00110739952587,0.542890412731,1
0.00110736273191,0.543019795575,1
0.00110735759675,0.543149178419,1
0.00110710684692,0.543278561263,1
0.00110575832326,0.543407944107,1
0.00110562035115,0.54353732695,1
0.00110529481946,0.543666709794,1
0.00110488842436,0.543796092638,1
0.00110475078448,0.543925475482,1
0.00110467524009,0.544054858326,1
0.00110421576314,0.54418424117,1
0.00110412613138,0.544313624013,1
0.00110404045849,0.544443006857,1
0.00110385079949,0.544572389701,1
0.00110375384789,0.544701772545,1
0.00110310165158,0.544960538233,1
0.00110271133909,0.545089921076,1
0.0011024314776,0.54521930392,1
0.00110223770572,0.545348686764,1
0.00110212383649,0.545478069608,1
0.00110209835734,0.545607452452,1
0.00110204339974,0.545736835296,1
0.0011018170332,0.545866218139,1
0.0011017213045,0.545995600983,1
0.00110164228263,0.546124983827,1
0.00110156757601,0.546254366671,1
0.00110150773384,0.546383749515,1
0.00110130301004,0.546513132359,1
0.00110089915887,0.546642515202,1
0.0011008319015,0.546771898046,1
0.00110039618677,0.54690128089,1
0.00110031499131,0.547030663734,1
0.00110015176012,0.547160046578,1
0.00109908750697,0.547289429422,1
0.00109878794316,0.547418812265,1
0.00109861030592,0.547548195109,1
0.00109854975316,0.547677577953,1
0.00109835342764,0.547806960797,1
0.00109833837732,0.547936343641,1
0.0010981455443,0.548065726485,1
0.00109705274444,0.548195109329,1
0.00109666414659,0.548324492172,1
0.00109645921756,0.548453875016,1
0.00109634388442,0.54858325786,1
0.00109629520271,0.548712640704,1
0.00109578896909,0.548842023548,1
0.00109567219787,0.548971406392,1
0.00109524353446,0.549100789235,1
0.00109523799558,0.549230172079,1
0.00109416774123,0.549359554923,1
0.00109325991548,0.549488937767,1
0.00109272439863,0.549618320611,1
0.00109252509033,0.549747703455,1
0.00109209553638,0.549877086298,1
0.00109129814911,0.550006469142,1
0.00109059340579,0.550135851986,1
0.00109023559888,0.55026523483,1
0.00109006777604,0.550394617674,1
0.00109006068607,0.550524000518,1
0.0010900488341,0.550653383361,1
0.00108965520369,0.550782766205,1
0.0010886158008,0.550912149049,1
0.00108806353758,0.551041531893,1
0.00108800648547,0.551170914737,1
0.00108799952904,0.551300297581,1
0.00108762966937,0.551429680424,1
0.00108761061261,0.551559063268,1
0.0010873556364,0.551688446112,1
0.00108718535508,0.551817828956,1
0.00108712490188,0.5519472118,1
0.0010851733934,0.552076594644,1
0.0010850080677,0.552205977487,1
0.00108489752965,0.552335360331,1
0.00108475875174,0.552464743175,1
0.0010844389757,0.552594126019,1
0.00108433170785,0.552723508863,1
0.00108421782751,0.552852891707,1
0.0010842084666,0.55298227455,1
0.00108328142277,0.553370423082,1
0.00108244924085,0.553499805926,1
0.00108234084965,0.55362918877,1
0.00108228689996,0.553758571613,1
0.0010822855312,0.553887954457,1
0.0010814663408,0.554017337301,1
0.0010806605174,0.554146720145,1
0.00108037814046,0.554276102989,1
0.00108027893298,0.554405485833,1
0.001079674907,0.55466425152,1
0.00107951502718,0.554793634364,1
0.00107944157616,0.554923017208,1
0.00107888038069,0.555052400052,1
0.00107873767704,0.555181782896,1
0.00107793909833,0.555311165739,1
0.00107775200852,0.555440548583,1
0.00107773565426,0.555569931427,1
0.00107739743213,0.555699314271,1
0.00107736735418,0.555958079959,1
0.00107692689268,0.556087462802,1
0.00107671045043,0.556216845646,1
0.00107652656868,0.55634622849,1
0.00107640307303,0.556475611334,1
0.00107587465276,0.556604994178,1
0.00107583265839,0.556734377022,1
0.00107575981209,0.556863759865,1
0.001075740862,0.556993142709,1
0.00107471442597,0.557122525553,1
0.00107444983604,0.557251908397,1
0.00107412662417,0.557381291241,1
0.0010739416116,0.557898822616,1
0.00107291929672,0.55802820546,1
0.00107286808261,0.558157588304,1
0.00107280510984,0.558286971148,1
0.00107258396927,0.558416353991,1
0.00107253086301,0.558545736835,1
0.00107236646204,0.558675119679,1
0.00107209413117,0.558804502523,1
0.00107172734288,0.558933885367,1
0.00107139116094,0.559063268211,1
0.00107131060885,0.559192651054,1
0.00107125847387,0.559322033898,1
0.00107115332385,0.559451416742,1
0.00107089541877,0.559580799586,1
0.00107081091774,0.55971018243,1
0.00107045222282,0.559839565274,1
0.00107004587014,0.559968948117,1
0.00106999873356,0.560098330961,1
0.00106991703757,0.560227713805,1
0.00106983302198,0.560486479493,1
0.00106960564741,0.560615862337,1
0.00106876578167,0.56074524518,1
0.00106821751638,0.560874628024,1
0.00106792693638,0.561004010868,1
0.00106737877767,0.561133393712,1
0.00106718790927,0.561262776556,1
0.00106694388473,0.5613921594,1
0.00106692910313,0.561521542243,1
0.00106680087276,0.561650925087,1
0.00106596841893,0.561780307931,1
0.00106591090621,0.561909690775,1
0.00106502747533,0.562039073619,1
0.00106394038731,0.562168456463,1
0.00106385991228,0.562297839307,1
0.00106368921799,0.56242722215,1
0.00106364447617,0.562556604994,1
0.00106322338546,0.562685987838,1
0.00106297994371,0.562815370682,1
0.00106211772906,0.56307413637,1
0.00106134617201,0.563203519213,1
0.00106132303204,0.563332902057,1
0.00106109388609,0.563462284901,1
0.00106073840689,0.563591667745,1
0.00106067823694,0.563721050589,1
0.00106058167928,0.563850433433,1
0.00106055483887,0.563979816276,1
0.00106039830746,0.56410919912,1
0.00106035612109,0.564238581964,1
0.00105999762286,0.564367964808,1
0.00105978392407,0.564497347652,1
0.0010592355536,0.564626730496,1
0.00105921550331,0.564756113339,1
0.0010592105527,0.564885496183,1
0.00105907225821,0.565014879027,1
0.00105900979348,0.565144261871,1
0.00105850202903,0.565273644715,1
0.00105842936102,0.565532410402,1
0.00105828013103,0.565661793246,1
0.00105794365315,0.56579117609,1
0.00105783099775,0.566049941778,1
0.00105743665588,0.566438090309,1
0.00105722406297,0.566567473153,1
0.00105718536187,0.566696855997,1
0.0010568066601,0.566826238841,1
0.00105611195601,0.566955621685,1
0.00105598678347,0.567085004528,1
0.00105544627016,0.567214387372,1
0.00105517634248,0.567343770216,1
0.00105512887044,0.56747315306,1
0.00105477523794,0.567602535904,1
0.00105456973559,0.567731918748,1
0.00105398899582,0.567861301591,1
0.0010536677341,0.567990684435,1
0.00105334821274,0.568120067279,1
0.00105322978985,0.568249450123,1
0.00105300727325,0.568378832967,1
0.00105298272518,0.568508215811,1
0.00105224340571,0.568637598654,1
0.00105154900706,0.568766981498,1
0.00105137981158,0.568896364342,1
0.00105133378185,0.56915513003,1
0.00105109367043,0.569284512874,1
0.00105091986375,0.569543278561,1
0.00105030807472,0.569672661405,1
0.00105015966099,0.570060809937,1
0.0010498963081,0.57019019278,1
0.00104986340169,0.570319575624,1
0.00104902811595,0.570448958468,1
0.00104894303871,0.570578341312,1
0.00104886112554,0.570707724156,1
0.0010481875797,0.570837107,1
0.00104780433071,0.570966489843,1
0.00104774710325,0.571095872687,1
0.00104755875671,0.571225255531,1
0.00104751022925,0.571354638375,1
0.00104750417579,0.571484021219,1
0.00104717951311,0.571613404063,1
0.00104672517317,0.571742786906,1
0.00104646546449,0.57187216975,1
0.00104636029315,0.572001552594,1
0.00104596654706,0.572130935438,1
0.00104534769893,0.572260318282,1
0.00104485312214,0.572389701126,1
0.00104429053356,0.572519083969,1
0.0010427490605,0.572648466813,1
0.00104223915404,0.572777849657,1
0.00104206132697,0.572907232501,1
0.00104194635985,0.573036615345,1
0.00104194219564,0.573165998189,1
0.00104189679643,0.573295381032,1
0.00104179434542,0.573424763876,1
0.00104150155126,0.57355414672,1
0.00104136685534,0.573683529564,1
0.00104084092578,0.573812912408,1
0.00104023956543,0.573942295252,1
0.00103987294769,0.574071678095,1
0.00103975518891,0.574201060939,1
0.00103973666807,0.574330443783,1
0.00103969773165,0.574459826627,1
0.00103961164786,0.574718592315,1
0.00103949250704,0.574847975158,1
0.00103947440358,0.574977358002,1
0.00103942998935,0.575106740846,1
0.00103936308695,0.57523612369,1
0.00103893224828,0.575365506534,1
0.00103850341296,0.575494889378,1
0.00103804728234,0.575753655065,1
0.00103780659188,0.575883037909,1
0.00103743858133,0.576012420753,1
0.00103741305485,0.576141803597,1
0.00103732084923,0.576271186441,1
0.00103713806318,0.576400569285,1
0.00103698140705,0.576529952128,1
0.00103697453886,0.576659334972,1
0.00103664382955,0.576788717816,1
0.00103658285101,0.57691810066,1
0.00103622760375,0.577047483504,1
0.00103613621532,0.577176866348,1
0.00103569667864,0.577306249191,1
0.00103556893213,0.577435632035,1
0.00103506807315,0.577565014879,1
0.00103496128032,0.577694397723,1
0.00103436844844,0.577823780567,1
0.00103414178616,0.577953163411,1
0.00103401122007,0.578082546254,1
0.00103389263772,0.578211929098,1
0.00103385080975,0.578341311942,1
0.00103364023702,0.578470694786,1
0.00103309315366,0.57860007763,1
0.00103247739522,0.578729460474,1
0.00103230962644,0.578858843317,1
0.00103180965493,0.578988226161,1
0.00103108765578,0.579117609005,1
0.00103105875922,0.579246991849,1
0.00103015326245,0.579376374693,1
0.00103006627042,0.579505757537,1
0.00103004398086,0.57963514038,1
0.00102994718168,0.579764523224,1
0.00102985919326,0.579893906068,1
0.00102902772969,0.580023288912,1
0.00102886361439,0.580152671756,1
0.00102879211755,0.5802820546,1
0.00102878901587,0.580411437443,1
0.00102877219147,0.580540820287,1
0.00102862451609,0.580670203131,1
0.00102849037992,0.580799585975,1
0.00102846563284,0.580928968819,1
0.00102827961191,0.581058351663,1
0.00102817126716,0.581187734506,1
0.00102782768821,0.58131711735,1
0.00102688845007,0.581446500194,1
0.00102685767071,0.581705265882,1
0.0010267536039,0.581834648726,1
0.0010256180585,0.582093414413,1
0.00102555794584,0.582222797257,1
0.0010253665172,0.582352180101,1
0.00102521522597,0.582481562945,1
0.00102509229389,0.582610945789,1
0.00102496841338,0.582740328632,1
0.00102471280925,0.582869711476,1
0.00102458205732,0.58299909432,1
0.00102437668125,0.583128477164,1
0.00102419677484,0.583257860008,1
0.00102417900945,0.583387242852,1
0.00102344419437,0.583516625695,1
0.00102306687721,0.583646008539,1
0.00102274157527,0.583775391383,1
0.00102237738947,0.583904774227,1
0.00102198118492,0.584034157071,1
0.00102179110064,0.584163539915,1
0.00102165219921,0.584292922758,1
0.00102153000313,0.584422305602,1
0.00102141040643,0.584551688446,1
0.00102119613455,0.58468107129,1
0.0010207367556,0.584810454134,1
0.00102046929155,0.584939836978,1
0.00101966984133,0.585069219821,1
0.00101964937384,0.585198602665,1
0.00101930327757,0.585327985509,1
0.00101921468298,0.585457368353,1
0.00101916760927,0.585586751197,1
0.00101848166746,0.585716134041,1
0.00101827517927,0.585845516884,1
0.00101826630065,0.585974899728,1
0.00101813180457,0.586104282572,1
0.00101776633097,0.586233665416,1
0.00101676423555,0.58636304826,1
0.00101663768543,0.586492431104,1
0.00101589681891,0.586621813947,1
0.00101586851446,0.586751196791,1
0.00101582579018,0.586880579635,1
0.00101575543568,0.587009962479,1
0.00101565252554,0.587139345323,1
0.00101518521624,0.587268728167,1
0.0010150193909,0.58739811101,1
0.00101492629549,0.587527493854,1
0.00101388740191,0.587656876698,1
0.00101374765997,0.587786259542,1
0.00101304818342,0.587915642386,1
0.00101302656312,0.58804502523,1
0.0010128011771,0.588174408073,1
0.00101234745481,0.588303790917,1
0.00101234575305,0.588433173761,1
0.00101226539834,0.588562556605,1
0.00101199279649,0.588691939449,1
0.00101163097548,0.588821322293,1
0.00101080411158,0.588950705136,1
0.0010106367552,0.58908008798,1
0.00101063060064,0.589209470824,1
0.00101045937683,0.589338853668,1
0.00101012820769,0.589468236512,1
0.0010101039738,0.589597619356,1
0.00101006266841,0.5897270022,1
0.00100996722685,0.589856385043,1
0.00100936788995,0.589985767887,1
0.00100787074787,0.590115150731,1
0.00100750084669,0.590244533575,1
0.00100736618003,0.590373916419,1
0.00100732581408,0.590503299263,1
0.00100727300789,0.590632682106,1
0.00100720455263,0.59076206495,1
0.00100695496864,0.590891447794,1
0.00100651257837,0.591020830638,1
0.00100603611184,0.591150213482,1
0.00100597509351,0.591279596326,1
0.00100592748598,0.591408979169,1
0.00100579688619,0.591538362013,1
0.00100554651674,0.591667744857,1
0.00100531011511,0.591797127701,1
0.00100527690072,0.591926510545,1
0.00100518913822,0.592055893389,1
0.00100471100357,0.592185276232,1
0.00100454317817,0.592314659076,1
0.00100424321689,0.59244404192,1
0.00100409021984,0.592573424764,1
0.00100373549613,0.592702807608,1
0.00100359453171,0.592832190452,1
0.00100295357699,0.592961573295,1
0.00100288773936,0.593090956139,1
0.00100268463172,0.593220338983,1
0.00100257968003,0.593349721827,1
0.00100232745364,0.593479104671,1
0.00100219597652,0.593608487515,1
0.00100217559897,0.593737870358,1
0.00100210108395,0.593867253202,1
0.00100204298976,0.593996636046,1
0.00100198560262,0.59412601889,1
0.00100183759712,0.594255401734,1
0.00100160361638,0.594384784578,1
0.00100148153867,0.594514167421,1
0.00100142976171,0.594643550265,1
0.00100127235227,0.594772933109,1
0.00100118989363,0.594902315953,1
0.00100088772277,0.595031698797,1
0.00100061182244,0.595161081641,1
0.00100054852315,0.595290464484,1
0.0010003693573,0.595419847328,1
0.00100021823917,0.595549230172,1
0.000999871096191,0.595678613016,1
0.00099986434106,0.59580799586,1
0.000999721358177,0.595937378704,1
0.000999616839499,0.596066761547,1
0.000999438171821,0.596196144391,1
0.000999212280538,0.596325527235,1
0.000999006997785,0.596454910079,1
0.000998592972888,0.596584292923,1
0.000998434013879,0.596713675767,1
0.000998261757886,0.59684305861,1
0.000996894097306,0.596972441454,1
0.00099681145387,0.597101824298,1
0.000996804642824,0.597231207142,1
0.000996644391444,0.597360589986,1
0.000996567849504,0.59748997283,1
0.000996013042809,0.597619355673,1
0.000995980735803,0.597748738517,1
0.000995811207324,0.597878121361,1
0.000995785907778,0.598007504205,1
0.000995517035668,0.598266269893,1
0.000995458893382,0.598395652736,1
0.000995345117872,0.59852503558,1
0.000994943649403,0.598654418424,1
0.000994889783585,0.598783801268,1
0.000994661242065,0.598913184112,1
0.000994408620956,0.599171949799,1
0.000994169021348,0.599301332643,1
0.000993942346329,0.599430715487,1
0.000993828864674,0.599560098331,1
0.000993657011541,0.599689481175,1
0.000993450001458,0.599818864019,1
0.000993158507104,0.599948246862,1
0.000992180255228,0.600077629706,1
0.00099212327094,0.60020701255,1
0.000991779371675,0.600336395394,1
0.00099151713759,0.600465778238,1
0.000991428635774,0.600595161082,1
0.000991010647989,0.600724543925,1
0.00099096042954,0.600853926769,1
0.000990527732037,0.600983309613,1
0.000990164599475,0.601112692457,1
0.000989546092208,0.601242075301,1
0.000989454297302,0.601371458145,1
0.000989223282115,0.601500840988,1
0.000988803961255,0.601630223832,1
0.000988683122909,0.601759606676,1
0.000988518275187,0.60188898952,1
0.000988179836087,0.602277138051,1
0.000987815481647,0.602406520895,1
0.00098772771998,0.602535903739,1
0.000987517548192,0.602665286583,1
0.000987445259038,0.602794669427,1
0.000987276095424,0.602924052271,1
0.000985328635991,0.603053435115,1
0.000985269780841,0.603182817958,1
0.000985267421108,0.603312200802,1
0.000985049264637,0.603441583646,1
0.000984932023648,0.60357096649,1
0.000984685588737,0.603700349334,1
0.000984569192168,0.603829732178,1
0.000984379568291,0.603959115021,1
0.000984055520135,0.604347263553,1
0.00098398608613,0.604476646397,1
0.00098326555962,0.604606029241,1
0.000983239251078,0.604735412084,1
0.000982982867639,0.604864794928,1
0.000982968403757,0.604994177772,1
0.000982788852752,0.605123560616,1
0.000982639371689,0.60525294346,1
0.000982588955041,0.605382326304,1
0.000982186414527,0.605511709147,1
0.000982043129181,0.605641091991,1
0.000981744775214,0.605770474835,1
0.000981705636802,0.605899857679,1
0.000980975689356,0.606029240523,1
0.000979700602455,0.606158623367,1
0.000978861840134,0.60628800621,1
0.000978790180018,0.606417389054,1
0.000977366939395,0.606546771898,1
0.000977121689536,0.606676154742,1
0.00097700953141,0.606805537586,1
0.000976852170497,0.60693492043,1
0.000976646152246,0.607064303273,1
0.00097651654001,0.607193686117,1
0.000976040340018,0.607323068961,1
0.0009758268527,0.607452451805,1
0.000975793411357,0.607581834649,1
0.000975735983923,0.607711217493,1
0.000975734762492,0.607840600336,1
0.00097568062505,0.608099366024,1
0.000975377532068,0.608228748868,1
0.000975292002552,0.608358131712,1
0.000975219661848,0.608487514556,1
0.000974978740876,0.608616897399,1
0.000974810990071,0.608746280243,1
0.00097471988017,0.608875663087,1
0.000974438358557,0.609005045931,1
0.000974434136556,0.609134428775,1
0.000974378714526,0.609263811619,1
0.00097394351384,0.609393194462,1
0.000973936966937,0.609522577306,1
0.000973559526473,0.60965196015,1
0.000973134807377,0.609781342994,1
0.000972995299435,0.609910725838,1
0.000972665290085,0.610040108682,1
0.000972281272146,0.610169491525,1
0.000972162719803,0.610298874369,1
0.000971225342698,0.610428257213,1
0.000970821342188,0.610687022901,1
0.00097073630804,0.610816405745,1
0.000970706954566,0.610945788588,1
0.000970200525846,0.611075171432,1
0.000970147458566,0.611204554276,1
0.000969998033581,0.61133393712,1
0.000969912821101,0.611463319964,1
0.00096966070121,0.611592702808,1
0.000969609151486,0.611722085651,1
0.000969489978308,0.611851468495,1
0.000969004335995,0.611980851339,1
0.000968741592425,0.612110234183,1
0.000968720386049,0.612239617027,1
0.000968697907576,0.612368999871,1
0.000968616060867,0.612498382714,1
0.00096837609149,0.612627765558,1
0.000968111232359,0.612757148402,1
0.000968021152146,0.612886531246,1
0.000967465840823,0.61301591409,1
0.000967342572332,0.613145296934,1
0.000966976810739,0.613274679777,1
0.000966537923615,0.613404062621,1
0.000966293528816,0.613533445465,1
0.000965987814754,0.613662828309,1
0.000965717275808,0.613792211153,1
0.000965716184363,0.613921593997,1
0.000965656752508,0.61405097684,1
0.000965550190997,0.614180359684,1
0.000965481174967,0.614309742528,1
0.000965361127502,0.614439125372,1
0.000965099789246,0.614568508216,1
0.000964977440343,0.61469789106,1
0.000964616856394,0.614827273903,1
0.00096447840827,0.614956656747,1
0.000964160511597,0.615086039591,1
0.000964051040722,0.615215422435,1
0.000963865934895,0.615344805279,1
0.000963845047385,0.615474188123,1
0.000963740000461,0.615603570966,1
0.000963619944995,0.61573295381,1
0.000963322236634,0.615862336654,1
0.000962395909343,0.615991719498,1
0.000962362744909,0.616121102342,1
0.000962061797438,0.616250485186,1
0.000961866635061,0.616379868029,1
0.000961730294891,0.616509250873,1
0.000961155173872,0.616638633717,1
0.00096074158479,0.616768016561,1
0.000959734820665,0.616897399405,1
0.000959422179497,0.617026782249,1
0.000959370012328,0.617156165093,1
0.000958749874605,0.617285547936,1
0.000958732475808,0.61741493078,1
0.000958476373549,0.617544313624,1
0.000957513150568,0.617673696468,1
0.000957467695704,0.617803079312,1
0.000957317068295,0.617932462156,1
0.00095694547042,0.618061844999,1
0.000956850860902,0.618191227843,1
0.000956785292858,0.618320610687,1
0.000956772869224,0.618449993531,1
0.000956759505126,0.618579376375,1
0.000956629146216,0.618708759219,1
0.000955772281356,0.618838142062,1
0.000955722251589,0.61909690775,1
0.000955575587301,0.619226290594,1
0.000955020935424,0.619355673438,1
0.000954970050458,0.619485056282,1
0.000954632612544,0.619614439125,1
0.000954313820017,0.619743821969,1
0.000953923286646,0.619873204813,1
0.000953775431802,0.620002587657,1
0.000953756267969,0.620131970501,1
0.000953237345083,0.620261353345,1
0.000953038753329,0.620390736188,1
0.000952253546039,0.620520119032,1
0.000951359355914,0.620649501876,1
0.000951144604125,0.62077888472,1
0.000951084846997,0.620908267564,1
0.000950918030624,0.621037650408,1
0.000950819237395,0.621167033251,1
0.000950773859166,0.621425798939,1
0.000950437605922,0.621555181783,1
0.000950436219326,0.621684564627,1
0.000950321305445,0.621813947471,1
0.000949993004446,0.621943330314,1
0.000949854658732,0.622072713158,1
0.000948947494153,0.622202096002,1
0.000948821423607,0.622331478846,1
0.000947897913827,0.62246086169,1
0.000947575660051,0.622590244534,1
0.000946869169148,0.622719627377,1
0.000946756674074,0.622849010221,1
0.000946271428535,0.622978393065,1
0.000946181512653,0.623107775909,1
0.000945794069952,0.623237158753,1
0.000945650478576,0.623366541597,1
0.000945480835979,0.62349592444,1
0.000945233506429,0.623625307284,1
0.000944505898262,0.623754690128,1
0.000944360382915,0.623884072972,1
0.000944228912096,0.624013455816,1
0.000944080278365,0.62414283866,1
0.000943829562735,0.624272221503,1
0.000943600081572,0.624401604347,1
0.000943362203181,0.624530987191,1
0.000943073419383,0.624660370035,1
0.000942901575854,0.624789752879,1
0.000942859205164,0.624919135723,1
0.000942855747581,0.625048518566,1
0.000942762233987,0.62517790141,1
0.000942267406843,0.625307284254,1
0.000942154908528,0.625436667098,1
0.000941977885465,0.625566049942,1
0.000941930164762,0.625695432786,1
0.000941721342202,0.625824815629,1
0.000941483558893,0.625954198473,1
0.000941374610342,0.626083581317,1
0.000941283112783,0.626212964161,1
0.000941144211372,0.626342347005,1
0.000941127812988,0.626471729849,1
0.000940917784321,0.626601112692,1
0.000939919301064,0.626730495536,1
0.000939589738847,0.626989261224,1
0.000939149134776,0.627118644068,1
0.000939039899305,0.627248026912,1
0.000938917562753,0.627377409755,1
0.000938688601525,0.627506792599,1
0.000938661072391,0.627636175443,1
0.000938575404612,0.627765558287,1
0.000938503939836,0.627894941131,1
0.000937968096036,0.628024323975,1
0.000937955138227,0.628153706818,1
0.000937914544791,0.628283089662,1
0.000937812993626,0.628412472506,1
0.000937258051362,0.62854185535,1
0.000937154373314,0.628671238194,1
0.000937151059794,0.628800621038,1
0.000937119724019,0.628930003881,1
0.000937023641433,0.629059386725,1
0.000936915860314,0.629188769569,1
0.000936607141777,0.629447535257,1
0.000936216784572,0.629576918101,1
0.0009361605348,0.629706300944,1
0.000936041056465,0.629965066632,1
0.000935913797634,0.630094449476,1
0.000935075597225,0.63022383232,1
0.000934876194929,0.630353215164,1
0.000934726417999,0.630482598008,1
0.000934651156388,0.630611980851,1
0.000934620141586,0.630741363695,1
0.000934279425584,0.630870746539,1
0.000934273433579,0.631000129383,1
0.000934209248127,0.631129512227,1
0.00093409811903,0.631258895071,1
0.000933989026289,0.631388277914,1
0.000933481325745,0.631517660758,1
0.000933170452382,0.631647043602,1
0.000932628725364,0.631776426446,1
0.000932553585575,0.632035192134,1
0.000932300363868,0.632164574977,1
0.000932110517789,0.632293957821,1
0.000932069534356,0.632423340665,1
0.000932029476907,0.632552723509,1
0.000931896425649,0.632682106353,1
0.000931829301644,0.632811489197,1
0.000931589579275,0.63294087204,1
0.000931351937464,0.633070254884,1
0.000931334085969,0.633199637728,1
0.000931160238125,0.633329020572,1
0.000931112439576,0.633458403416,1
0.000930794493886,0.63358778626,1
0.000930780118909,0.633717169103,1
0.000930641353337,0.633846551947,1
0.000930444482518,0.633975934791,1
0.000930227399379,0.634105317635,1
0.00093021261182,0.634234700479,1
0.000930178348863,0.634364083323,1
0.000929664717959,0.634493466166,1
0.000929517004329,0.63462284901,1
0.00092878672758,0.634752231854,1
0.00092864802429,0.634881614698,1
0.000928309979432,0.635010997542,1
0.000928238191636,0.635140380386,1
0.000927828869937,0.635269763229,1
0.000927824792335,0.635399146073,1
0.000927740821623,0.635528528917,1
0.000927418130377,0.635657911761,1
0.000927256891315,0.635787294605,1
0.000927200444072,0.635916677449,1
0.000927071114035,0.636046060292,1
0.000927003432595,0.636175443136,1
0.000926477079976,0.63630482598,1
0.000926445091526,0.636434208824,1
0.000925971197826,0.636563591668,1
0.000925869320174,0.636692974512,1
0.00092586299295,0.636822357355,1
0.00092571180906,0.636951740199,1
0.000925599966025,0.637081123043,1
0.000925463117049,0.637210505887,1
0.00092531990269,0.637339888731,1
0.000925314739013,0.637469271575,1
0.000925098161608,0.637598654418,1
0.0009250950091,0.637728037262,1
0.000925090899336,0.637857420106,1
0.000924960231469,0.63798680295,1
0.000924592898716,0.638116185794,1
0.000924451810888,0.638245568638,1
0.000924270186735,0.638374951481,1
0.000924147484328,0.638504334325,1
0.000923959437184,0.638633717169,1
0.000923907343296,0.638763100013,1
0.000923025407887,0.638892482857,1
0.000923014455974,0.639021865701,1
0.000922933484719,0.639151248544,1
0.000922773827336,0.639280631388,1
0.000922747063306,0.639410014232,1
0.0009227433232,0.639539397076,1
0.000922499264505,0.63966877992,1
0.000922241402474,0.639798162764,1
0.00092215947362,0.639927545607,1
0.000921916424568,0.640056928451,1
0.00092186326782,0.640186311295,1
0.000921656758528,0.640315694139,1
0.000921335825915,0.640445076983,1
0.000921203210268,0.640574459827,1
0.000920987837328,0.64070384267,1
0.000920977186185,0.640833225514,1
0.000920734422476,0.640962608358,1
0.000920688564784,0.641091991202,1
0.000920207558687,0.641221374046,1
0.00091957584204,0.64135075689,1
0.00091940254559,0.641480139733,1
0.000919207295396,0.641609522577,1
0.000919117622968,0.641738905421,1
0.000918776580217,0.641868288265,1
0.000918671780508,0.641997671109,1
0.000918582434268,0.642127053953,1
0.000918325991421,0.642256436796,1
0.000918238537481,0.64238581964,1
0.000918237823248,0.642515202484,1
0.000917693636738,0.642644585328,1
0.000917324535068,0.642773968172,1
0.000917320304084,0.642903351016,1
0.000917082238347,0.643032733859,1
0.000917000823205,0.643162116703,1
0.000916798902397,0.643291499547,1
0.000916666846123,0.643420882391,1
0.000916162615393,0.643550265235,1
0.000915879379597,0.643679648079,1
0.000915843934176,0.643809030922,1
0.000915059742554,0.643938413766,1
0.00091454521982,0.64406779661,1
0.000914415462496,0.644197179454,1
0.000914042316671,0.644326562298,1
0.000913490388944,0.644455945142,1
0.000913304226148,0.644585327986,1
0.000912468788624,0.644714710829,1
0.000911959094895,0.644844093673,1
0.000911866704912,0.644973476517,1
0.000911367177322,0.645102859361,1
0.000910532234424,0.645232242205,1
0.0009100184099,0.645361625049,1
0.000909564073986,0.645491007892,1
0.000909478232992,0.645620390736,1
0.000909432769936,0.64574977358,1
0.000909287000135,0.645879156424,1
0.000908714437916,0.646008539268,1
0.000908409114687,0.646137922112,1
0.000908324056184,0.646267304955,1
0.000908166434439,0.646396687799,1
0.000907597373753,0.646526070643,1
0.000906511731848,0.647172984862,1
0.000906234719902,0.647302367706,1
0.000906166457502,0.64743175055,1
0.000906089479446,0.647561133394,1
0.000905983013058,0.647690516238,1
0.000905616142248,0.647819899081,1
0.000905026205125,0.647949281925,1
0.000905022258954,0.648078664769,1
0.000904885417223,0.648208047613,1
0.000904882231722,0.648466813301,1
0.000904667703811,0.648596196144,1
0.000904551156116,0.648725578988,1
0.000904452111741,0.648854961832,1
0.000904365705302,0.648984344676,1
0.000904244515223,0.64911372752,1
0.000904130999979,0.649501876051,1
0.000903949783289,0.649631258895,1
0.00090393336252,0.649760641739,1
0.000903500636695,0.649890024583,1
0.000903232304254,0.650019407427,1
0.000902622202979,0.65014879027,1
0.000902115060878,0.650278173114,1
0.000901833691553,0.650407555958,1
0.00090165300601,0.650536938802,1
0.000901579250439,0.650666321646,1
0.000901103154102,0.65079570449,1
0.000901032274031,0.650925087333,1
0.000900844577276,0.651054470177,1
0.000900831002858,0.651183853021,1
0.000900811526105,0.651313235865,1
0.000900601046227,0.651442618709,1
0.000900426725951,0.651572001553,1
0.000900291188337,0.651701384396,1
0.000900254501012,0.65183076724,1
0.000900233291237,0.651960150084,1
0.00090013070813,0.652089532928,1
0.000899660624538,0.652218915772,1
0.000899369653433,0.652348298616,1
0.000898981241591,0.652477681459,1
0.000897541572312,0.652607064303,1
0.000897389049552,0.652736447147,1
0.000897230307934,0.652865829991,1
0.000896978816266,0.652995212835,1
0.000896809741213,0.653124595679,1
0.000896620885266,0.653253978522,1
0.000896598937733,0.653383361366,1
0.000896147082572,0.65351274421,1
0.000895870458084,0.653642127054,1
0.000895537160658,0.653771509898,1
0.000895306237399,0.653900892742,1
0.000895024649192,0.654030275585,1
0.000894964950206,0.654159658429,1
0.000894385566769,0.654289041273,1
0.000894130795712,0.654418424117,1
0.000893911800605,0.654547806961,1
0.000893860503688,0.654677189805,1
0.000893585589778,0.654806572648,1
0.000893214936168,0.654935955492,1
0.000892542985423,0.655065338336,1
0.000891905981179,0.65519472118,1
0.000891068297489,0.655324104024,1
0.000891032279635,0.655453486868,1
0.000890424778085,0.655582869711,1
0.000890339048403,0.655712252555,1
0.000890323770099,0.655841635399,1
0.000890285008478,0.655971018243,1
0.00089014812216,0.656100401087,1
0.000890080505273,0.656229783931,1
0.000889975295121,0.656359166774,1
0.0008898978225,0.656617932462,1
0.000889833857043,0.656747315306,1
0.00088983308918,0.65687669815,1
0.000889722509677,0.657006080994,1
0.000888823184269,0.657135463837,1
0.000888787216802,0.657264846681,1
0.000888541705065,0.657394229525,1
0.000888501118182,0.657523612369,1
0.000888468390946,0.657652995213,1
0.000888258138196,0.657782378057,1
0.000888181366541,0.657911760901,1
0.000888043548284,0.658041143744,1
0.000887956819129,0.658170526588,1
0.000887792975901,0.658299909432,1
0.000887602968994,0.658429292276,1
0.000887540104705,0.65855867512,1
0.000887006777702,0.658688057964,1
0.000886812680346,0.658817440807,1
0.000886732880551,0.658946823651,1
0.000886532878315,0.659076206495,1
0.000886207450515,0.659205589339,1
0.000886160280203,0.659334972183,1
0.000886138596269,0.659464355027,1
0.000885629259063,0.65959373787,1
0.000885377847243,0.659723120714,1
0.000885268894423,0.659852503558,1
0.000885213694138,0.659981886402,1
0.000885057440204,0.660111269246,1
0.000885030032085,0.66024065209,1
0.00088501295757,0.660370034933,1
0.000884838162482,0.660499417777,1
0.000884651618161,0.660628800621,1
0.000884634187146,0.660758183465,1
0.000884489667465,0.660887566309,1
0.00088428413364,0.661016949153,1
0.000884251531167,0.661146331996,1
0.00088417194167,0.66127571484,1
0.000883886660178,0.661405097684,1
0.000883251478837,0.661534480528,1
0.000883006094702,0.661663863372,1
0.000882457194995,0.661922629059,1
0.000882381288963,0.662052011903,1
0.000881827565626,0.662181394747,1
0.000881612323748,0.662310777591,1
0.000881162289284,0.662440160435,1
0.000881103673541,0.662569543279,1
0.000880916403937,0.662698926122,1
0.000880809308986,0.662828308966,1
0.000880555914601,0.66295769181,1
0.000880456138803,0.663087074654,1
0.000880181709092,0.663216457498,1
0.000879343975182,0.663345840342,1
0.000879291986287,0.663475223185,1
0.000879277883628,0.663604606029,1
0.0008788842556,0.663733988873,1
0.000878679937966,0.663863371717,1
0.000878545574078,0.663992754561,1
0.000878507643704,0.664122137405,1
0.000878502814496,0.664251520248,1
0.000877666282832,0.664380903092,1
0.000877477786995,0.664510285936,1
0.000877208231813,0.66463966878,1
0.000876696663186,0.664769051624,1
0.000876398008007,0.664898434468,1
0.000875859589965,0.665027817311,1
0.000875292344679,0.665157200155,1
0.000874916978092,0.665286582999,1
0.000874859724694,0.665415965843,1
0.000874652491514,0.665674731531,1
0.000874593343545,0.665804114374,1
0.000874396130647,0.666062880062,1
0.0008737083617,0.66632164575,1
0.000873611343088,0.666451028594,1
0.000873260145541,0.666580411437,1
0.000872836587213,0.666709794281,1
0.000872683472087,0.666839177125,1
0.000872566541579,0.666968559969,1
0.000872539872642,0.667097942813,1
0.000871775628263,0.667227325657,1
0.000871348403432,0.6673567085,1
0.000871059866238,0.667486091344,1
0.000870313779561,0.667615474188,1
0.000870309899587,0.667744857032,1
0.000869873643072,0.667874239876,1
0.000869748900465,0.66800362272,1
0.000869672984597,0.668133005563,1
0.000869426475271,0.668262388407,1
0.000869330068724,0.668521154095,1
0.000869278136224,0.668650536939,1
0.000869053713702,0.668779919783,1
0.000868871489039,0.668909302626,1
0.000868361884039,0.66903868547,1
0.000868227786923,0.669168068314,1
0.000868211570068,0.669297451158,1
0.000867921016611,0.669556216846,1
0.000867864498174,0.669685599689,1
0.000867597988739,0.669814982533,1
0.000866639421333,0.669944365377,1
0.00086631529694,0.670073748221,1
0.000865855751936,0.670203131065,1
0.000865822877128,0.670332513909,1
0.000865396381374,0.670461896752,1
0.000865358671208,0.670850045284,1
0.000865195964321,0.670979428128,1
0.000865038010025,0.671108810972,1
0.000864719015956,0.671238193816,1
0.000864697024641,0.671367576659,1
0.00086415262654,0.671496959503,1
0.000863950345534,0.671626342347,1
0.000863613680855,0.671755725191,1
0.000863383839829,0.671885108035,1
0.000863122605214,0.672014490879,1
0.000862922429953,0.672143873722,1
0.00086276821153,0.672273256566,1
0.000862606502725,0.672532022254,1
0.000861999130381,0.672661405098,1
0.000861823506258,0.672790787942,1
0.000861575934759,0.672920170785,1
0.000861135130492,0.673049553629,1
0.000861094034609,0.673178936473,1
0.000860869583892,0.673308319317,1
0.000860577600724,0.673437702161,1
0.000860435299276,0.673567085005,1
0.00086032712905,0.673696467848,1
0.0008603167787,0.673825850692,1
0.00086029035264,0.673955233536,1
0.000860177413882,0.67408461638,1
0.000860007304932,0.674213999224,1
0.000859502624857,0.674343382068,1
0.00085910416992,0.674472764911,1
0.000858278333164,0.674602147755,1
0.000858073883331,0.674731530599,1
0.000858051309679,0.674860913443,1
0.000857804594916,0.674990296287,1
0.000857608950936,0.675119679131,1
0.000857181308297,0.675249061974,1
0.00085712064497,0.675378444818,1
0.000856754341421,0.675507827662,1
0.000856578103211,0.675637210506,1
0.000856517568127,0.67576659335,1
0.000856468636342,0.675895976194,1
0.000856400267504,0.676025359037,1
0.000856032205866,0.676413507569,1
0.000855682344109,0.676542890413,1
0.000855526347957,0.676672273257,1
0.000855123692272,0.676931038944,1
0.000854620808981,0.677060421788,1
0.000854618645912,0.677189804632,1
0.00085444838729,0.677319187476,1
0.000853810752618,0.67744857032,1
0.000853234928891,0.677577953163,1
0.000852580926604,0.677707336007,1
0.000852445064549,0.677836718851,1
0.00085240054467,0.677966101695,1
0.000852214602619,0.678095484539,1
0.000851902388006,0.678224867383,1
0.000851228687607,0.678354250226,1
0.000850958888326,0.67848363307,1
0.000850631753688,0.678613015914,1
0.000850545698941,0.678742398758,1
0.00085025089264,0.678871781602,1
0.000850171569627,0.679130547289,1
0.000849979806381,0.679259930133,1
0.000849665983961,0.679389312977,1
0.000849474163519,0.679518695821,1
0.00084943779144,0.679648078665,1
0.000849102236072,0.679777461509,1
0.000848591120855,0.679906844352,1
0.000848557527179,0.680036227196,1
0.000848557423198,0.68016561004,1
0.00084839504627,0.680294992884,1
0.000848299048972,0.680424375728,1
0.000848270773088,0.680553758572,1
0.000848241652329,0.680683141415,1
0.000848200753996,0.680812524259,1
0.000847825263358,0.680941907103,1
0.000847772970507,0.681200672791,1
0.000847568980981,0.681330055635,1
0.000847412662412,0.681459438478,1
0.000847362824076,0.681588821322,1
0.000847109438439,0.681718204166,1
0.000847102212778,0.68184758701,1
0.000847009569077,0.681976969854,1
0.000846661746491,0.682106352698,1
0.000846569671676,0.682235735541,1
0.000846390754276,0.682365118385,1
0.000846114493277,0.682494501229,1
0.000846017642868,0.682623884073,1
0.00084567959356,0.682753266917,1
0.000845635370452,0.682882649761,1
0.000845268669294,0.683141415448,1
0.000845186861458,0.683270798292,1
0.00084514326004,0.68352956398,1
0.000844979786005,0.683658946824,1
0.000844939767057,0.683788329667,1
0.000844904444344,0.683917712511,1
0.000844495005917,0.684047095355,1
0.000843546872561,0.684176478199,1
0.000843400819276,0.684305861043,1
0.000843216558268,0.684435243887,1
0.000843086225444,0.68456462673,1
0.000842959243196,0.684694009574,1
0.000842908676958,0.684823392418,1
0.000842403819739,0.684952775262,1
0.000841964419223,0.685082158106,1
0.000841554094755,0.68521154095,1
0.000841407048695,0.685340923794,1
0.000841272518447,0.685470306637,1
0.000840643008474,0.685599689481,1
0.00084015846088,0.685729072325,1
0.000839916349892,0.685858455169,1
0.000839851260062,0.685987838013,1
0.000839567511787,0.686117220857,1
0.000838640143711,0.6862466037,1
0.000838347972608,0.686375986544,1
0.000837836095016,0.686505369388,1
0.000837817122187,0.686634752232,1
0.000837797399958,0.686764135076,1
0.000837380311863,0.68689351792,1
0.000837205313249,0.687022900763,1
0.000837163029643,0.687152283607,1
0.000837071528836,0.687281666451,1
0.000836397953857,0.687411049295,1
0.000836342895855,0.687540432139,1
0.000835868587098,0.687669814983,1
0.000835487261392,0.687799197826,1
0.000835131201522,0.68792858067,1
0.000834965692879,0.688057963514,1
0.000834816395941,0.688187346358,1
0.000834756192156,0.688316729202,1
0.000834734244301,0.688446112046,1
0.000834633705091,0.688575494889,1
0.000834617573282,0.688704877733,1
0.000834203529728,0.688834260577,1
0.000834178517137,0.688963643421,1
0.00083397724773,0.689093026265,1
0.000833810385113,0.689222409109,1
0.000833465647653,0.689351791952,1
0.000833457660038,0.689481174796,1
0.000833293273637,0.68961055764,1
0.000833073133943,0.689739940484,1
0.000832972504681,0.689869323328,1
0.000832838418457,0.689998706172,1
0.000832089827586,0.690128089015,1
0.000832071876709,0.690257471859,1
0.000831379215501,0.690386854703,1
0.000831379111328,0.690516237547,1
0.000831305929494,0.690645620391,1
0.00083119652269,0.690775003235,1
0.000831068829564,0.690904386078,1
0.000830657678376,0.691033768922,1
0.000830225646019,0.691163151766,1
0.000829917765437,0.691421917454,1
0.000829789537689,0.691551300298,1
0.000829499710925,0.691680683141,1
0.000829491152121,0.691810065985,1
0.000828913349075,0.691939448829,1
0.000828763222908,0.692068831673,1
0.00082872637562,0.692327597361,1
0.000827701836044,0.692456980204,1
0.000827497646413,0.692586363048,1
0.000827371288241,0.692845128736,1
0.000827339777709,0.69297451158,1
0.000827244075949,0.693103894424,1
0.000827127479274,0.693233277267,1
0.000827026772373,0.693362660111,1
0.000826903984057,0.693621425799,1
0.000826621707522,0.693750808643,1
0.000826424305263,0.693880191487,1
0.000826240779028,0.69400957433,1
0.000826230486287,0.694138957174,1
0.00082622350736,0.694268340018,1
0.000826174464309,0.694397722862,1
0.000826012965689,0.694527105706,1
0.000825997588786,0.69465648855,1
0.000825326305885,0.694785871393,1
0.000825235092394,0.694915254237,1
0.00082437236155,0.695044637081,1
0.000824102040321,0.695174019925,1
0.00082406820941,0.695303402769,1
0.000823775317432,0.695432785613,1
0.000823574584291,0.695562168456,1
0.000823402912142,0.6956915513,1
0.000823258100095,0.695820934144,1
0.000822999065754,0.695950316988,1
0.000822986935937,0.696079699832,1
0.000822816814402,0.696209082676,1
0.000822249576274,0.696338465519,1
0.000822185509319,0.696467848363,1
0.000822145262555,0.696597231207,1
0.000821748591752,0.696726614051,1
0.000821669264452,0.696855996895,1
0.000821344199078,0.696985379739,1
0.000820753059276,0.697114762582,1
0.000820713817332,0.697244145426,1
0.000820660210764,0.69737352827,1
0.00082060827165,0.697502911114,1
0.000820549603883,0.697632293958,1
0.000820187716182,0.697761676802,1
0.000819998429687,0.697891059645,1
0.00081968583912,0.698020442489,1
0.000819667069471,0.698149825333,1
0.00081894588096,0.698279208177,1
0.000818812455661,0.698537973865,1
0.000818725829912,0.698667356709,1
0.00081860386008,0.698796739552,1
0.000818349124703,0.698926122396,1
0.000818035310094,0.69905550524,1
0.000817893023087,0.699184888084,1
0.000817513202195,0.699314270928,1
0.000816986018406,0.699443653772,1
0.000816892916888,0.699573036615,1
0.000816861742865,0.699702419459,1
0.000816668617828,0.699831802303,1
0.000816434227339,0.700090567991,1
0.000816125915672,0.700219950835,1
0.000815965342683,0.700349333678,1
0.000815633517989,0.700478716522,1
0.000815170327186,0.700608099366,1
0.000814319515541,0.70073748221,1
0.000814274667165,0.700866865054,1
0.000814106750374,0.700996247898,1
0.000813750311066,0.701125630741,1
0.000812941186091,0.701255013585,1
0.000812921441208,0.701384396429,1
0.000812862955746,0.701513779273,1
0.000812862636399,0.701643162117,1
0.000812761538275,0.701772544961,1
0.000812635345277,0.701901927804,1
0.000811992057629,0.702031310648,1
0.000811587732529,0.702160693492,1
0.000811043366669,0.702290076336,1
0.000810953997659,0.70241945918,1
0.00081059934807,0.702548842024,1
0.000810533135672,0.702678224867,1
0.000810451767613,0.702807607711,1
0.000810109799559,0.702936990555,1
0.000809964605458,0.703066373399,1
0.000809874861066,0.703195756243,1
0.000809639212484,0.703325139087,1
0.000809491469347,0.70345452193,1
0.000809373430541,0.703583904774,1
0.000809104006699,0.703713287618,1
0.000809019518778,0.703842670462,1
0.000808797844852,0.703972053306,1
0.00080864746628,0.70410143615,1
0.000808627380408,0.704230818993,1
0.000808619811189,0.704360201837,1
0.000808583191348,0.704489584681,1
0.000808504656484,0.704748350369,1
0.000808455813372,0.704877733213,1
0.000808382844418,0.705007116056,1
0.00080835613189,0.7051364989,1
0.000808182054054,0.705265881744,1
0.000807680085582,0.705395264588,1
0.000807581344494,0.705524647432,1
0.000807220332579,0.705654030276,1
0.000806978322835,0.705783413119,1
0.00080662529,0.705912795963,1
0.000806227392867,0.706042178807,1
0.000806207606558,0.706171561651,1
0.00080618575649,0.706300944495,1
0.000805953511285,0.706430327339,1
0.000804906838887,0.706559710182,1
0.000804904835943,0.706689093026,1
0.000804534472185,0.70681847587,1
0.000804374149238,0.706947858714,1
0.000803571137054,0.707077241558,1
0.000803399057265,0.707206624402,1
0.000803261275988,0.707336007245,1
0.000803215754141,0.707465390089,1
0.000803147913116,0.707724155777,1
0.000803141057655,0.707853538621,1
0.000802519686688,0.708112304308,1
0.000802445893991,0.708241687152,1
0.000802195748467,0.708371069996,1
0.000802171736675,0.70850045284,1
0.000802029265736,0.708629835684,1
0.000801815514635,0.708759218528,1
0.000801747971826,0.708888601371,1
0.000800559899387,0.709017984215,1
0.000800555101547,0.709276749903,1
0.000799631349643,0.709406132747,1
0.000799561013191,0.709535515591,1
0.000799477430442,0.709664898434,1
0.000799359938042,0.709794281278,1
0.000799183620539,0.709923664122,1
0.000799126575334,0.710053046966,1
0.00079885279706,0.71018242981,1
0.000798738211519,0.710311812654,1
0.00079871747395,0.710441195497,1
0.000798684312283,0.710570578341,1
0.000798613307067,0.710699961185,1
0.000798346898787,0.710829344029,1
0.000798143670468,0.710958726873,1
0.000798116300456,0.711088109717,1
0.000798021505159,0.71121749256,1
0.000797856163768,0.711476258248,1
0.000797631755159,0.711605641092,1
0.000797631045077,0.711735023936,1
0.000797592971986,0.71186440678,1
0.000796931625689,0.711993789623,1
0.000796378974544,0.712123172467,1
0.000796270414168,0.712252555311,1
0.000796207753418,0.712511320999,1
0.000796200663668,0.712640703843,1
0.000796122374463,0.712770086687,1
0.000796092736048,0.71289946953,1
0.000795840365617,0.713028852374,1
0.000795325265328,0.713158235218,1
0.000795123041166,0.713287618062,1
0.000795121254525,0.713417000906,1
0.000795113205863,0.71354638375,1
0.000794970022359,0.713675766593,1
0.000794015740476,0.713805149437,1
0.000793957964272,0.713934532281,1
0.000793896474473,0.714063915125,1
0.000793822216284,0.714193297969,1
0.00079350917992,0.714322680813,1
0.000793337104579,0.714452063656,1
0.000793100837509,0.7145814465,1
0.000792610647053,0.714710829344,1
0.000792557553601,0.714840212188,1
0.000792543213217,0.714969595032,1
0.000792319943498,0.715098977876,1
0.000792316768731,0.715228360719,1
0.000792165726494,0.715357743563,1
0.000791908087851,0.715487126407,1
0.000791646548112,0.715616509251,1
0.000791619143346,0.715875274939,1
0.000791450188005,0.716004657782,1
0.000791361567786,0.716134040626,1
0.000791332944619,0.71626342347,1
0.000791249429736,0.716392806314,1
0.000791160017007,0.716522189158,1
0.000790811798137,0.716651572002,1
0.000790808280102,0.716780954845,1
0.000790783215285,0.716910337689,1
0.000790453381392,0.717039720533,1
0.000790443639901,0.717169103377,1
0.000790355378116,0.717298486221,1
0.00079014537867,0.717427869065,1
0.000790000127943,0.717557251908,1
0.000789692184233,0.717686634752,1
0.000789344398618,0.71794540044,1
0.000789225091625,0.718074783284,1
0.000788858430046,0.718204166128,1
0.000788031179967,0.718333548971,1
0.000787883751293,0.718462931815,1
0.000787545006513,0.718592314659,1
0.000786985548349,0.718721697503,1
0.00078689250292,0.718851080347,1
0.000786852943038,0.718980463191,1
0.000786605372978,0.719109846034,1
0.00078630641518,0.719239228878,1
0.000786170487574,0.719368611722,1
0.000785403791732,0.719497994566,1
0.000785148488693,0.71962737741,1
0.000785045315464,0.719756760254,1
0.000784938890365,0.719886143097,1
0.000784499447665,0.720015525941,1
0.000784368608675,0.720144908785,1
0.000784272008806,0.720274291629,1
0.000783998701812,0.720403674473,1
0.000783713424999,0.720533057317,1
0.000783497645178,0.72066244016,1
0.000783291999108,0.720791823004,1
0.000783050359162,0.720921205848,1
0.000782523615833,0.721050588692,1
0.000782269908843,0.721179971536,1
0.000782060195399,0.72130935438,1
0.000782010684526,0.721438737223,1
0.000781848806476,0.721568120067,1
0.000781333782765,0.721697502911,1
0.000780528474228,0.721826885755,1
0.000780327740386,0.721956268599,1
0.000780183752099,0.722085651443,1
0.000780108715812,0.722215034286,1
0.00077998263852,0.72234441713,1
0.000779404301904,0.722473799974,1
0.000779087366981,0.722603182818,1
0.000778798460022,0.722732565662,1
0.000778633049133,0.722861948506,1
0.000778603793815,0.722991331349,1
0.000778493825816,0.723120714193,1
0.000778434234341,0.723250097037,1
0.000778373017035,0.723379479881,1
0.000777744178758,0.723508862725,1
0.000777611730251,0.723638245569,1
0.000777196554344,0.723767628412,1
0.000777155259061,0.723897011256,1
0.000776446258091,0.7240263941,1
0.000776277789503,0.724155776944,1
0.00077621194872,0.724414542632,1
0.000775187909719,0.724543925475,1
0.000775074647478,0.724673308319,1
0.000774561399973,0.724802691163,1
0.000774421476177,0.724932074007,1
0.00077422060557,0.725061456851,1
0.000774217978985,0.725190839695,1
0.000774142660867,0.725320222538,1
0.000774085711501,0.725449605382,1
0.000773138802941,0.725578988226,1
0.000772866427433,0.72570837107,1
0.000772845092771,0.725837753914,1
0.000772808274562,0.725967136758,1
0.000772780878329,0.726096519602,1
0.000772742824772,0.726225902445,1
0.000772366539629,0.726355285289,1
0.000771981281859,0.726484668133,1
0.000771626366428,0.726614050977,1
0.000771581339403,0.726743433821,1
0.000771570230061,0.726872816665,1
0.000771507644817,0.727002199508,1
0.000771419763839,0.727260965196,1
0.000771398513205,0.72739034804,1
0.000771372337017,0.727519730884,1
0.000771233201432,0.727649113728,1
0.000771126422793,0.727778496571,1
0.000771117527556,0.727907879415,1
0.000770990633053,0.728037262259,1
0.000770859636174,0.728166645103,1
0.000770688811447,0.728296027947,1
0.000770430474171,0.728425410791,1
0.000770361455201,0.728554793634,1
0.000770266138107,0.728684176478,1
0.000770198577219,0.728813559322,1
0.000770138883386,0.72907232501,1
0.0007699429799,0.729201707854,1
0.00076989564029,0.729331090697,1
0.000769335179408,0.729460473541,1
0.000769275299035,0.729589856385,1
0.000768727816008,0.729719239229,1
0.000768368885033,0.729848622073,1
0.000767992504824,0.729978004917,1
0.000767072242427,0.73010738776,1
0.000766965201014,0.730236770604,1
0.000766377401252,0.730366153448,1
0.000766135384902,0.730495536292,1
0.000765564228053,0.730624919136,1
0.000765546319194,0.73075430198,1
0.00076542607574,0.730883684823,1
0.0007654091218,0.731013067667,1
0.000765229786368,0.731142450511,1
0.000765072941738,0.731271833355,1
0.000764418852756,0.731401216199,1
0.000763928413226,0.731530599043,1
0.000763926348507,0.731659981886,1
0.000763849057564,0.73178936473,1
0.000763682066016,0.731918747574,1
0.000763389217321,0.732048130418,1
0.000763035545002,0.732177513262,1
0.000762930804372,0.732306896106,1
0.000762724854239,0.732436278949,1
0.000762631783799,0.732565661793,1
0.000762396095473,0.732695044637,1
0.000762205296037,0.732824427481,1
0.000762144801131,0.732953810325,1
0.000762118241436,0.733083193169,1
0.000761954310869,0.733212576012,1
0.000761924559431,0.733341958856,1
0.000761621733383,0.7334713417,1
0.000761022211746,0.733600724544,1
0.000760820452166,0.733730107388,1
0.000760062972135,0.733859490232,1
0.000759740149721,0.733988873075,1
0.000759622834198,0.734118255919,1
0.000759344507795,0.734247638763,1
0.000758784013783,0.734377021607,1
0.000758679612879,0.734506404451,1
0.000758518558837,0.734635787295,1
0.000758392714629,0.734765170138,1
0.000758046305085,0.734894552982,1
0.000757831859833,0.735023935826,1
0.000757437480159,0.73515331867,1
0.000757381023231,0.735282701514,1
0.000757340666791,0.735412084358,1
0.000757161133953,0.735541467201,1
0.000756774954147,0.735670850045,1
0.000756491920791,0.735800232889,1
0.000756480466496,0.735929615733,1
0.000756395944674,0.736058998577,1
0.000756286491821,0.736188381421,1
0.000756266381522,0.736317764264,1
0.00075620228002,0.736447147108,1
0.000755870913616,0.736576529952,1
0.000755823795711,0.736705912796,1
0.000755597345818,0.73683529564,1
0.000755508809448,0.736964678484,1
0.000755431732728,0.737094061327,1
0.000755383010093,0.737223444171,1
0.0007550137418,0.737352827015,1
0.000754955327018,0.737482209859,1
0.0007547826062,0.737611592703,1
0.000754569893187,0.737740975547,1
0.00075426128463,0.737999741234,1
0.00075376488297,0.738129124078,1
0.000753316337505,0.738258506922,1
0.000753275151694,0.738387889766,1
0.00075308976603,0.73851727261,1
0.00075307371181,0.738646655453,1
0.000752921059223,0.738776038297,1
0.00075219501466,0.738905421141,1
0.000752021396243,0.739034803985,1
0.000752014948067,0.739164186829,1
0.000751810465606,0.739293569673,1
0.000750916786471,0.739422952516,1
0.000750911833002,0.73955233536,1
0.000750817537026,0.739681718204,1
0.00075076474972,0.739811101048,1
0.000750691040143,0.739940483892,1
0.000750567331071,0.740069866736,1
0.000750557436775,0.74019924958,1
0.000750364338569,0.740328632423,1
0.000750342542766,0.740458015267,1
0.000750276211828,0.740587398111,1
0.000750062010308,0.740716780955,1
0.000750058451927,0.740846163799,1
0.000749622024875,0.740975546643,1
0.000748996049999,0.741104929486,1
0.000748845066038,0.74123431233,1
0.000748740339627,0.741493078018,1
0.000748364799908,0.741622460862,1
0.000747791351805,0.741751843706,1
0.000747660265929,0.741881226549,1
0.000747366173146,0.742010609393,1
0.000747162421647,0.742139992237,1
0.000747136968112,0.742269375081,1
0.000747132030052,0.742398757925,1
0.000747127851275,0.742528140769,1
0.000746908995648,0.742657523612,1
0.000746770411737,0.742786906456,1
0.000746560277627,0.7429162893,1
0.000746143063012,0.743045672144,1
0.000746109121656,0.743175054988,1
0.000745934028151,0.743304437832,1
0.000745923994302,0.743433820675,1
0.000745841939894,0.743563203519,1
0.000745789974072,0.743692586363,1
0.000745315510825,0.743821969207,1
0.000745277933742,0.743951352051,1
0.000745191208349,0.744080734895,1
0.000745054426955,0.744210117738,1
0.000744871016931,0.744339500582,1
0.000744850095979,0.744468883426,1
0.000744828179515,0.74459826627,1
0.000744680594152,0.744727649114,1
0.000744525908963,0.744857031958,1
0.000744478107861,0.744986414801,1
0.000744407597478,0.745115797645,1
0.000744170908999,0.745245180489,1
0.00074346242487,0.745374563333,1
0.000743424226625,0.745503946177,1
0.000743404311336,0.745633329021,1
0.000743350969004,0.745762711864,1
0.000743198878966,0.745892094708,1
0.000742835023774,0.746021477552,1
0.000742498756113,0.746150860396,1
0.000742296645999,0.74628024324,1
0.000741791269275,0.746409626084,1
0.000741733650724,0.746539008927,1
0.00074122509932,0.746668391771,1
0.000741106213407,0.746797774615,1
0.000740949878758,0.746927157459,1
0.000740172193018,0.747056540303,1
0.000740108087662,0.747185923147,1
0.00073986064544,0.74731530599,1
0.000739785242697,0.747444688834,1
0.000739514456653,0.747574071678,1
0.000739451681175,0.747703454522,1
0.000739325787018,0.747832837366,1
0.000739294604886,0.74796222021,1
0.000739182691978,0.748220985897,1
0.000739179244149,0.748350368741,1
0.000739088941029,0.748479751585,1
0.000739075739883,0.748609134429,1
0.000738798686945,0.748738517273,1
0.00073867498248,0.748867900116,1
0.000738522170885,0.74899728296,1
0.000738416828507,0.749126665804,1
0.000738232302192,0.749256048648,1
0.000738228990555,0.749385431492,1
0.000738062725977,0.749514814336,1
0.000737872883738,0.749644197179,1
0.000737852846478,0.749773580023,1
0.000737393706965,0.749902962867,1
0.000737362729303,0.750032345711,1
0.000737256866522,0.750161728555,1
0.000737133218577,0.750291111399,1
0.00073696364355,0.750420494242,1
0.000736511759261,0.750549877086,1
0.000735998250492,0.75067925993,1
0.000735789366729,0.750808642774,1
0.000735274444639,0.750938025618,1
0.000735007172867,0.751067408462,1
0.00073474264944,0.751196791305,1
0.000734693433318,0.751326174149,1
0.000734679496747,0.751455556993,1
0.000734547028869,0.751584939837,1
0.00073451241804,0.751714322681,1
0.000734322515803,0.751843705525,1
0.000734118505268,0.751973088368,1
0.000733944768838,0.752102471212,1
0.000733626920154,0.752231854056,1
0.000733468058671,0.7523612369,1
0.00073329189559,0.752490619744,1
0.000733207964217,0.752749385431,1
0.000733177179955,0.752878768275,1
0.000733097480552,0.753008151119,1
0.000732664204395,0.753137533963,1
0.000732347911196,0.753266916807,1
0.000732090726631,0.753396299651,1
0.000731790980669,0.753525682495,1
0.000731556065273,0.753655065338,1
0.000731387870165,0.753784448182,1
0.00073131947462,0.753913831026,1
0.000731274238622,0.75404321387,1
0.00073087041683,0.754172596714,1
0.00073071439372,0.754301979558,1
0.000730672002551,0.754431362401,1
0.000730586033296,0.754560745245,1
0.000730349171857,0.754690128089,1
0.000730330318502,0.754819510933,1
0.000730320593395,0.754948893777,1
0.000730269870916,0.755078276621,1
0.000729872889514,0.755207659464,1
0.000729557794146,0.755337042308,1
0.000728690618798,0.755466425152,1
0.00072864797118,0.755595807996,1
0.000728369581401,0.75572519084,1
0.00072818922087,0.755854573684,1
0.000728128693965,0.755983956527,1
0.000727498689722,0.756113339371,1
0.000727241676829,0.756242722215,1
0.000727083950363,0.756372105059,1
0.000726143785699,0.756501487903,1
0.000726013259774,0.756630870747,1
0.000725850506044,0.75676025359,1
0.000725741227598,0.756889636434,1
0.000725731936582,0.757019019278,1
0.000725707034253,0.757148402122,1
0.000725115894455,0.757277784966,1
0.00072475599598,0.75740716781,1
0.000724735366795,0.757536550653,1
0.000724146307307,0.757665933497,1
0.00072408882226,0.757795316341,1
0.000724015328919,0.757924699185,1
0.000723915961329,0.758312847716,1
0.000723853577409,0.75844223056,1
0.000722990287752,0.758571613404,1
0.000722904615938,0.758700996248,1
0.000722575035564,0.758830379092,1
0.000722472779671,0.758959761936,1
0.000722472341979,0.759089144779,1
0.000722439119388,0.759218527623,1
0.000721925305425,0.759347910467,1
0.000721859027422,0.759477293311,1
0.000721830468307,0.759606676155,1
0.000721629060002,0.759736058999,1
0.000721503011664,0.759865441842,1
0.000721251449146,0.759994824686,1
0.000721185064208,0.76012420753,1
0.000721132542581,0.760253590374,1
0.000720882387385,0.760382973218,1
0.000720309328238,0.760512356062,1
0.000720196213709,0.760641738905,1
0.000720005277714,0.760771121749,1
0.000719905499362,0.760900504593,1
0.000719748369039,0.761029887437,1
0.000719544670963,0.761159270281,1
0.000719463715188,0.761418035968,1
0.000719337776784,0.761547418812,1
0.000719218261011,0.761676801656,1
0.000718590662717,0.7618061845,1
0.000717909838501,0.761935567344,1
0.00071765628773,0.762064950188,1
0.000717581528995,0.762194333031,1
0.000716818735901,0.762323715875,1
0.000716769598593,0.762453098719,1
0.000716714393616,0.762582481563,1
0.000716678134083,0.762711864407,1
0.000716564470429,0.762841247251,1
0.000716007393351,0.762970630094,1
0.000715358538209,0.763100012938,1
0.000715301578423,0.763229395782,1
0.000715285435985,0.763358778626,1
0.000715110436673,0.76348816147,1
0.000715035167887,0.763617544314,1
0.000714573297523,0.763746927157,1
0.000714565758577,0.763876310001,1
0.000714513009354,0.764135075689,1
0.00071430498731,0.764264458533,1
0.000714121375779,0.764393841377,1
0.000713407594306,0.76452322422,1
0.000713298183759,0.764652607064,1
0.000713006556691,0.764781989908,1
0.000712872500646,0.764911372752,1
0.000712835258284,0.765040755596,1
0.000712691500643,0.76517013844,1
0.000712418081097,0.765299521283,1
0.000712169330167,0.765428904127,1
0.000711458413094,0.765558286971,1
0.000711414050453,0.765687669815,1
0.000711317602854,0.765817052659,1
0.00071117052226,0.765946435503,1
0.000711053783904,0.766075818346,1
0.00071090335402,0.76620520119,1
0.00071086998035,0.766722732566,1
0.00071078943728,0.766852115409,1
0.000710650622919,0.766981498253,1
0.000710330727757,0.767110881097,1
0.000710209896851,0.767240263941,1
0.000710011433549,0.767369646785,1
0.000710000227519,0.767628412473,1
0.000709919157844,0.767757795316,1
0.000709803173402,0.76788717816,1
0.000709742878893,0.768016561004,1
0.000709255460875,0.768145943848,1
0.000708838939822,0.768275326692,1
0.000708826178058,0.768792858067,1
0.000708514101226,0.768922240911,1
0.000707907579611,0.769051623755,1
0.0007078860817,0.769181006599,1
0.000707804995957,0.769310389442,1
0.000707646461133,0.769439772286,1
0.000707532575799,0.76956915513,1
0.000707502037021,0.769698537974,1
0.000706808956205,0.769827920818,1
0.000706493368672,0.769957303662,1
0.000706293706794,0.770086686505,1
0.000706068550861,0.770216069349,1
0.000706006398133,0.770345452193,1
0.000705800562908,0.770474835037,1
0.00070560789821,0.770604217881,1
0.000705454792789,0.770733600725,1
0.000705438911983,0.770862983568,1
0.000705432745099,0.770992366412,1
0.000705368334297,0.771121749256,1
0.00070530548873,0.771639280631,1
0.000705204583792,0.771768663475,1
0.000705064360436,0.771898046319,1
0.000704314316008,0.772027429163,1
0.00070418586551,0.772156812007,1
0.000704078782424,0.772286194851,1
0.000703922421631,0.772415577694,1
0.000703908545409,0.772544960538,1
0.00070386455468,0.772803726226,1
0.000703747606422,0.77293310907,1
0.000703460846314,0.773062491914,1
0.000703449321806,0.773191874757,1
0.000703193345867,0.773321257601,1
0.000703102482644,0.773450640445,1
0.000702900653394,0.773580023289,1
0.000702571364353,0.773709406133,1
0.000702543097651,0.773838788977,1
0.000702084662884,0.77396817182,1
0.000702067724091,0.774097554664,1
0.000701673644524,0.774226937508,1
0.00070119990167,0.774356320352,1
0.000701087203229,0.774485703196,1
0.000701059638068,0.77461508604,1
0.000701040722071,0.774744468883,1
0.000700958911324,0.774873851727,1
0.000700830936479,0.775003234571,1
0.000700817174015,0.776297063009,1
0.000700646665479,0.776555828697,1
0.000700338993895,0.776814594385,1
0.000700137538668,0.776943977229,1
0.000699353247794,0.777073360072,1
0.000699310181779,0.777202742916,1
0.000699113938942,0.77733212576,1
0.00069910828123,0.777461508604,1
0.000697974046895,0.777590891448,1
0.000697935683795,0.777849657135,1
0.000697879506898,0.777979039979,1
0.000697757148924,0.778108422823,1
0.000697650287592,0.778237805667,1
0.000697635727432,0.778367188511,1
0.000697521060237,0.778496571355,1
0.000697242760954,0.778625954198,1
0.000697175736572,0.778755337042,1
0.000697141588806,0.778884719886,1
0.000696910793183,0.77901410273,1
0.000696740291231,0.779143485574,1
0.00069658669376,0.779272868418,1
0.000696477262745,0.779402251261,1
0.00069619440487,0.779531634105,1
0.000696057147902,0.779661016949,1
0.000695802450013,0.779790399793,1
0.000695565265544,0.779919782637,1
0.000695512806137,0.780049165481,1
0.000695318851302,0.780178548324,1
0.000695229832895,0.780307931168,1
0.000695018044558,0.7806960797,1
0.000694955631225,0.780825462544,1
0.000694944990934,0.780954845388,1
0.00069448941943,0.781084228231,1
0.000694285837327,0.781213611075,1
0.000694003830654,0.781342993919,1
0.000693874109677,0.781601759607,1
0.000693800478947,0.781731142451,1
0.000693523602185,0.781860525294,1
0.00069332778095,0.781989908138,1
0.000693173666961,0.782119290982,1
0.000693040283052,0.782248673826,1
0.000692556080836,0.78237805667,1
0.000692517623033,0.782507439514,1
0.000692447723001,0.782636822357,1
0.000692386574782,0.782766205201,1
0.0006919227074,0.78341311942,1
0.000691833431049,0.783542502264,1
0.000691398557098,0.783671885108,1
0.000691223698184,0.783801267952,1
0.000690977324812,0.783930650796,1
0.000690571082541,0.78406003364,1
0.000690323211674,0.784189416483,1
0.000689355530297,0.784318799327,1
0.000689281575104,0.784448182171,1
0.000689252369748,0.784577565015,1
0.000688571313771,0.784706947859,1
0.000688434266186,0.784836330703,1
0.000688402341293,0.784965713546,1
0.000688351430874,0.78509509639,1
0.000688325445792,0.785224479234,1
0.000688143239619,0.785353862078,1
0.000687787202522,0.785483244922,1
0.000687619202177,0.785612627766,1
0.000687344160754,0.785871393453,1
0.000687267899907,0.786000776297,1
0.000686344637304,0.786130159141,1
0.000686341795404,0.786259541985,1
0.000686247900402,0.786388924829,1
0.00068620962773,0.786518307672,1
0.000685736407315,0.786647690516,1
0.000685700719867,0.78677707336,1
0.000685590498358,0.786906456204,1
0.000685525974047,0.787035839048,1
0.000685476203509,0.787165221892,1
0.000685472920513,0.787294604735,1
0.00068471166989,0.787423987579,1
0.000683812054852,0.787553370423,1
0.00068362430085,0.787682753267,1
0.000683469133768,0.787812136111,1
0.000683459463148,0.787941518955,1
0.000682888893942,0.788070901798,1
0.000682629745063,0.788329667486,1
0.000682624773374,0.78845905033,1
0.000682398526882,0.788588433174,1
0.000682237236749,0.788717816018,1
0.000681760823292,0.788847198861,1
0.000681659389099,0.788976581705,1
0.000681630253778,0.789105964549,1
0.000681591706157,0.789235347393,1
0.00068155546719,0.789494113081,1
0.000681515805264,0.789752878768,1
0.000681503932177,0.789882261612,1
0.000681317696438,0.790399792987,1
0.000681266491832,0.790658558675,1
0.000681114851446,0.790787941519,1
0.000681066113798,0.790917324363,1
0.000680946682892,0.791046707207,1
0.000680628385571,0.79117609005,1
0.000680369058892,0.791305472894,1
0.000680047604237,0.791434855738,1
0.000679832771631,0.791564238582,1
0.000679757048298,0.791693621426,1
0.000679619714098,0.79182300427,1
0.000679492181263,0.791952387113,1
0.000679309720329,0.792081769957,1
0.000679238236563,0.792469918489,1
0.000678876075458,0.792599301333,1
0.000678692835124,0.792728684176,1
0.000678656099992,0.79285806702,1
0.000678606681592,0.792987449864,1
0.000678008867492,0.793116832708,1
0.00067776981124,0.793246215552,1
0.000677626044793,0.793375598396,1
0.000677597553796,0.793504981239,1
0.00067748285327,0.793634364083,1
0.000677139767789,0.793763746927,1
0.000677107726738,0.793893129771,1
0.000676918667281,0.794022512615,1
0.000676779648243,0.794151895459,1
0.000676529707601,0.794281278302,1
0.000676525833274,0.79454004399,1
0.000676336975138,0.794669426834,1
0.000675570058636,0.794798809678,1
0.000675171646888,0.794928192522,1
0.000674939253285,0.795057575366,1
0.00067421209967,0.795186958209,1
0.000673634338357,0.795316341053,1
0.000673601445969,0.795445723897,1
0.000673535169988,0.795575106741,1
0.000673469137865,0.795704489585,1
0.000672233777503,0.795833872429,1
0.000672006358533,0.795963255272,1
0.000671935895877,0.79622202096,1
0.000671862441953,0.796351403804,1
0.000671724247272,0.796480786648,1
0.000671566314364,0.796610169492,1
0.000671423028705,0.796739552335,1
0.000670893081297,0.796868935179,1
0.000670764852355,0.796998318023,1
0.000670739510647,0.797127700867,1
0.000670225177534,0.797257083711,1
0.000670123078635,0.797386466555,1
0.000670046346267,0.797515849398,1
0.000669714460573,0.797645232242,1
0.000669334366263,0.797774615086,1
0.000669180964834,0.79790399793,1
0.000668990039917,0.798033380774,1
0.000668442105582,0.798162763618,1
0.000668438430078,0.798292146461,1
0.000668371033096,0.798421529305,1
0.000668240491333,0.798550912149,1
0.000668042242906,0.798809677837,1
0.000667619052347,0.798939060681,1
0.000667451555601,0.799068443524,1
0.000667241849432,0.799197826368,1
0.000667206614336,0.799327209212,1
0.000666911911403,0.799456592056,1
0.000666714319735,0.799715357744,1
0.000666537885608,0.799844740587,1
0.000666112868347,0.799974123431,1
0.000665982026236,0.800103506275,1
0.000665602039129,0.800232889119,1
0.000665490941114,0.800362271963,1
0.000665440134681,0.800491654807,1
0.000664866280188,0.80062103765,1
0.000664604646125,0.800750420494,1
0.00066445274774,0.800879803338,1
0.00066430593324,0.801009186182,1
0.000664277694366,0.801138569026,1
0.000663737936917,0.80126795187,1
0.000663685153342,0.801397334713,1
0.000663637152074,0.801526717557,1
0.000663416065302,0.801656100401,1
0.000663329267731,0.801785483245,1
0.000662113171152,0.801914866089,1
0.00066160070452,0.802044248933,1
0.000661254543962,0.802173631776,1
0.000661086915402,0.80230301462,1
0.000660973567776,0.802432397464,1
0.000659971800718,0.802561780308,1
0.000659674325624,0.802691163152,1
0.000659571254307,0.802820545996,1
0.000659379457814,0.802949928839,1
0.000659193638894,0.803079311683,1
0.000658917827233,0.803208694527,1
0.000658691343796,0.803338077371,1
0.000658131176356,0.803467460215,1
0.000658100865996,0.803596843059,1
0.000657967915257,0.803726225902,1
0.00065781934971,0.803855608746,1
0.00065740233282,0.80398499159,1
0.000657039029651,0.804114374434,1
0.000656989061559,0.804243757278,1
0.000656862861191,0.804373140122,1
0.000656757934925,0.804502522965,1
0.000656552938565,0.804631905809,1
0.000656393862997,0.804761288653,1
0.000656322088363,0.804890671497,1
0.000656259897669,0.805149437185,1
0.000655964217182,0.805278820028,1
0.000655269861937,0.805408202872,1
0.000654642883519,0.805537585716,1
0.000654496274956,0.80566696856,1
0.000654469614735,0.805796351404,1
0.000654416669534,0.805925734248,1
0.000654130696537,0.806055117091,1
0.00065394614457,0.806184499935,1
0.000653752978525,0.806313882779,1
0.000653335427559,0.806443265623,1
0.000653307467029,0.806572648467,1
0.000653084505928,0.806702031311,1
0.000653029912388,0.806831414154,1
0.00065230823092,0.806960796998,1
0.000651619487842,0.807090179842,1
0.000651320678094,0.807219562686,1
0.00065081593641,0.80734894553,1
0.000650037233019,0.807478328374,1
0.000650034787596,0.807607711217,1
0.000649426537251,0.807737094061,1
0.000649261195955,0.807995859749,1
0.000648544711561,0.808125242593,1
0.000647965242713,0.808384008281,1
0.000647834613662,0.808513391124,1
0.000647500979619,0.808642773968,1
0.00064732445912,0.808772156812,1
0.000647104651092,0.808901539656,1
0.000646905184635,0.8090309225,1
0.000646492432287,0.809160305344,1
0.000646325983093,0.809289688187,1
0.000646232629943,0.809419071031,1
0.000646157384686,0.809548453875,1
0.000646034305634,0.809677836719,1
0.000645787285783,0.809807219563,1
0.000645721394339,0.809936602407,1
0.000645671925938,0.81006598525,1
0.000645555707398,0.810195368094,1
0.000645484071692,0.810324750938,1
0.000645456907319,0.810454133782,1
0.000645419690049,0.810583516626,1
0.000645402150724,0.81071289947,1
0.000645229641863,0.810842282313,1
0.000644878505924,0.810971665157,1
0.000644664354127,0.811230430845,1
0.000644606304386,0.811359813689,1
0.000644452092754,0.811489196533,1
0.000644394413219,0.81174796222,1
0.000643834047646,0.811877345064,1
0.000643819886748,0.812006727908,1
0.000643506934924,0.812136110752,1
0.00064330925583,0.812265493596,1
0.000643110171393,0.812394876439,1
0.000642984900548,0.812524259283,1
0.000642933694621,0.812653642127,1
0.000642867475607,0.812783024971,1
0.000642800439823,0.812912407815,1
0.000642254965205,0.813041790659,1
0.000641767280955,0.813171173502,1
0.000641694822661,0.813300556346,1
0.000641560751889,0.81342993919,1
0.000641535311425,0.813818087722,1
0.000641106588089,0.813947470565,1
0.000640826383365,0.814076853409,1
0.000640766848807,0.814206236253,1
0.000640577007608,0.814335619097,1
0.00064009885421,0.814465001941,1
0.000639914262197,0.814594384785,1
0.000639830626198,0.814723767628,1
0.000639623123261,0.814853150472,1
0.000639474824993,0.814982533316,1
0.000639306438434,0.81511191616,1
0.000639256859135,0.815241299004,1
0.000639119839411,0.815500064691,1
0.000639006760372,0.815629447535,1
0.00063893269527,0.815758830379,1
0.000638125243266,0.815888213223,1
0.000638026009179,0.816017596067,1
0.000637773778596,0.816146978911,1
0.000637453287451,0.816276361754,1
0.000637406604213,0.816405744598,1
0.000636915738299,0.816535127442,1
0.000636393736599,0.816664510286,1
0.000636371339209,0.816923275974,1
0.000636346412607,0.817052658817,1
0.000636174197059,0.817182041661,1
0.000636141610852,0.817311424505,1
0.000636108260668,0.817440807349,1
0.000636065837248,0.817570190193,1
0.000635768575344,0.817699573037,1
0.000635648496072,0.81782895588,1
0.000635623282144,0.817958338724,1
0.00063519895964,0.818087721568,1
0.00063484965014,0.818217104412,1
0.000634765494748,0.818346487256,1
0.000634267272629,0.8184758701,1
0.000633865883989,0.818605252943,1
0.000633606536147,0.818734635787,1
0.000633196602578,0.818864018631,1
0.000633194481485,0.818993401475,1
0.000632686817047,0.819122784319,1
0.000632611275769,0.819252167163,1
0.000632530030753,0.81951093285,1
0.000632508243748,0.819640315694,1
0.000632341209591,0.819769698538,1
0.000632225448029,0.819899081382,1
0.00063219903842,0.820287229913,1
0.00063193790199,0.820416612757,1
0.000631783830748,0.820545995601,1
0.000631671059587,0.820675378445,1
0.000631592760368,0.820804761289,1
0.000631509138325,0.820934144132,1
0.000630658446312,0.821063526976,1
0.000630650175789,0.82119290982,1
0.000630514247345,0.821451675508,1
0.000630356336585,0.821581058352,1
0.000630284819312,0.821710441195,1
0.000629109206325,0.821839824039,1
0.000629060258752,0.821969206883,1
0.000629016207221,0.822098589727,1
0.000628982750675,0.822227972571,1
0.000628369078888,0.822357355415,1
0.000628332734036,0.822486738259,1
0.000628170154043,0.822616121102,1
0.000628126205812,0.822745503946,1
0.00062765054116,0.82287488679,1
0.000627529685162,0.823004269634,1
0.000627390380262,0.823133652478,1
0.000627269764755,0.823263035322,1
0.000627202651165,0.823392418165,1
0.000627143061622,0.823521801009,1
0.000626506389318,0.823651183853,1
0.000626424404964,0.823780566697,1
0.000626041787565,0.824298098072,1
0.000625939665835,0.824427480916,1
0.000625784815334,0.82455686376,1
0.000625740595643,0.824686246604,1
0.000625335385618,0.824815629448,1
0.000625147446524,0.824945012291,1
0.000625047638019,0.825074395135,1
0.000624805835559,0.825203777979,1
0.000624080686938,0.825333160823,1
0.000624059816641,0.825462543667,1
0.000623953423367,0.825591926511,1
0.000623693530248,0.825721309354,1
0.000623454786735,0.825850692198,1
0.000623003077885,0.826109457886,1
0.000622559911294,0.82623884073,1
0.000622280922112,0.826368223574,1
0.000622117008602,0.826497606417,1
0.000621689649036,0.826626989261,1
0.000621572304574,0.826756372105,1
0.000620473712902,0.826885754949,1
0.000620458736555,0.827015137793,1
0.000620109184914,0.827144520637,1
0.000619734211617,0.82727390348,1
0.000618887585535,0.827403286324,1
0.000618814603059,0.827532669168,1
0.000618774422139,0.827662052012,1
0.000618248019843,0.827791434856,1
0.000618120452725,0.8279208177,1
0.000617931275291,0.828050200543,1
0.000617871248901,0.828179583387,1
0.000617765416436,0.828308966231,1
0.000617713332239,0.828438349075,1
0.000617146283965,0.828567731919,1
0.000617069899325,0.828697114763,1
0.000616711760601,0.828826497606,1
0.000616710189238,0.82895588045,1
0.000616281754636,0.829085263294,1
0.000614991387045,0.829214646138,1
0.000614809812773,0.829344028982,1
0.000614793014706,0.829473411826,1
0.00061475450861,0.829602794669,1
0.000614656681307,0.829732177513,1
0.000614132749108,0.829861560357,1
0.000613851639769,0.829990943201,1
0.000613762310101,0.830120326045,1
0.000613511706306,0.830249708889,1
0.000613370828937,0.830379091732,1
0.000613223184364,0.830508474576,1
0.00061283369731,0.83063785742,1
0.000612812558565,0.830767240264,1
0.000612801710761,0.830896623108,1
0.000612697788918,0.831026005952,1
0.000612370575578,0.831155388795,1
0.000612003251635,0.831284771639,1
0.000611177283743,0.831414154483,1
0.000611094150065,0.831543537327,1
0.000610644218415,0.831672920171,1
0.000610177033407,0.831802303015,1
0.000610088507436,0.831931685858,1
0.000610066053747,0.832061068702,1
0.000609902344789,0.832190451546,1
0.000609887746872,0.83231983439,1
0.000609883085744,0.832449217234,1
0.000609872790726,0.832578600078,1
0.000609723084075,0.832707982921,1
0.000608326185471,0.832837365765,1
0.000608249907518,0.833225514297,1
0.000606677121293,0.833354897141,1
0.000606253694183,0.833484279984,1
0.000606148046822,0.833613662828,1
0.000605583342945,0.833743045672,1
0.000605301942431,0.833872428516,1
0.000604681830449,0.83400181136,1
0.000603539629628,0.834131194204,1
0.000603255415164,0.834260577047,1
0.000602690871774,0.834389959891,1
0.000602393291839,0.834519342735,1
0.000602191497058,0.834648725579,1
0.000602057366977,0.834778108423,1
0.000601904392649,0.834907491267,1
0.000601897016066,0.83503687411,1
0.000601824403533,0.835166256954,1
0.000601261701907,0.835295639798,1
0.000601236720266,0.835425022642,1
0.000600764915406,0.835554405486,1
0.000600728130333,0.83568378833,1
0.000600669922459,0.835813171174,1
0.000600438284389,0.835942554017,1
0.000600437618772,0.836071936861,1
0.000599924365267,0.836201319705,1
0.000599700247747,0.836330702549,1
0.000599604670954,0.836460085393,1
0.000599580328531,0.836589468237,1
0.000599430387265,0.83671885108,1
0.000599385991895,0.836848233924,1
0.000599196823662,0.836977616768,1
0.000598964701005,0.837106999612,1
0.000598822353585,0.837236382456,1
0.000598593828982,0.8373657653,1
0.000598540048562,0.837495148143,1
0.000598147383503,0.837624530987,1
0.000598056390171,0.838271445206,1
0.000597800549102,0.83840082805,1
0.00059767749297,0.838530210894,1
0.00059720446318,0.838659593738,1
0.000597117121091,0.838788976582,1
0.000596637316615,0.838918359426,1
0.000596524254516,0.839047742269,1
0.000596277756627,0.839177125113,1
0.000596192812427,0.839306507957,1
0.000595839829915,0.839435890801,1
0.000595232601905,0.839565273645,1
0.000594734431231,0.839694656489,1
0.00059420962161,0.839824039332,1
0.000593830002209,0.839953422176,1
0.000593788625217,0.84008280502,1
0.000593608021675,0.840212187864,1
0.000593450158972,0.840341570708,1
0.000593235923289,0.840470953552,1
0.000593208524506,0.840600336395,1
0.000592998054755,0.840729719239,1
0.000592781971274,0.840859102083,1
0.00059246497612,0.840988484927,1
0.000592167596934,0.841117867771,1
0.000592056606139,0.841247250615,1
0.000591751581866,0.841376633458,1
0.0005915597311,0.841506016302,1
0.000590475423697,0.841635399146,1
0.000590217532331,0.84176478199,1
0.000590140681859,0.841894164834,1
0.000590133515578,0.842023547678,1
0.000590061563414,0.842152930521,1
0.000590019648749,0.842282313365,1
0.000589945163343,0.842411696209,1
0.000589313780433,0.842670461897,1
0.000588761345458,0.842799844741,1
0.000588622035517,0.842929227584,1
0.000588080786411,0.843058610428,1
0.00058806342678,0.843187993272,1
0.000587500802797,0.843317376116,1
0.000587474032854,0.84344675896,1
0.000585769888132,0.843576141804,1
0.000584789380072,0.843705524647,1
0.000584780447633,0.843834907491,1
0.000584367176005,0.843964290335,1
0.000584267407323,0.844093673179,1
0.000583967211059,0.844223056023,1
0.00058395824395,0.844352438867,1
0.000583929377654,0.84448182171,1
0.000583805147869,0.844611204554,1
0.00058370243456,0.844740587398,1
0.000583565067129,0.844869970242,1
0.000583406311248,0.844999353086,1
0.00058332771084,0.84512873593,1
0.000583212443318,0.845258118773,1
0.000583205803242,0.845646267305,1
0.000582462900854,0.845775650149,1
0.000582261048611,0.845905032993,1
0.000581502155357,0.846293181524,1
0.000581289440749,0.846422564368,1
0.00058104494127,0.846551947212,1
0.000580588760481,0.846681330056,1
0.000580487284228,0.846810712899,1
0.000580334262646,0.846940095743,1
0.000579973941374,0.847069478587,1
0.000579905711412,0.847198861431,1
0.000579778483471,0.847328244275,1
0.000579745935358,0.847457627119,1
0.000579578457851,0.847587009962,1
0.000578871837657,0.847716392806,1
0.000578852008505,0.84784577565,1
0.00057882375215,0.847975158494,1
0.000578613425266,0.848104541338,1
0.000578599471282,0.848233924182,1
0.000578591352154,0.848622072713,1
0.000578187360685,0.848751455557,1
0.000577913216334,0.848880838401,1
0.000577199725903,0.849010221245,1
0.000576828670867,0.849139604088,1
0.000576766875138,0.849268986932,1
0.000576703134414,0.849398369776,1
0.000576250724607,0.84952775262,1
0.000575961268314,0.849786518308,1
0.000575938721125,0.849915901152,1
0.000575666284622,0.850045283995,1
0.000575488169885,0.850174666839,1
0.000575280558386,0.850304049683,1
0.000575114369355,0.850433432527,1
0.000574986955103,0.850562815371,1
0.000574930953626,0.850692198215,1
0.000574813902844,0.850821581058,1
0.000574554939733,0.850950963902,1
0.000574491035781,0.851080346746,1
0.000574340347313,0.85120972959,1
0.000574281771077,0.851339112434,1
0.000574275090692,0.851468495278,1
0.000574221906458,0.851597878121,1
0.000574119087739,0.851727260965,1
0.000573442811459,0.851856643809,1
0.0005732640117,0.851986026653,1
0.000573219118692,0.852115409497,1
0.000573027809161,0.852244792341,1
0.000572992931777,0.852374175184,1
0.000572882594233,0.85289170656,1
0.000572721202452,0.853021089404,1
0.000572498767679,0.853150472247,1
0.000572302190758,0.853279855091,1
0.000572294537831,0.853409237935,1
0.000572174896225,0.853538620779,1
0.000572141958612,0.853668003623,1
0.000571991325154,0.853797386467,1
0.000571666663793,0.85392676931,1
0.000571544761334,0.854056152154,1
0.000571376544112,0.854185534998,1
0.000570955175558,0.854314917842,1
0.000570929447829,0.854444300686,1
0.000570898922602,0.85457368353,1
0.000570839933909,0.854703066373,1
0.000570628391697,0.854832449217,1
0.000570261911101,0.854961832061,1
0.000570153827765,0.855091214905,1
0.000569939535609,0.855220597749,1
0.000569553130512,0.855349980593,1
0.000569248645148,0.855479363436,1
0.000569234345966,0.85560874628,1
0.000569115782178,0.855738129124,1
0.000569004968184,0.855867511968,1
0.000568995179674,0.855996894812,1
0.000568951792961,0.856126277656,1
0.000568194879212,0.856255660499,1
0.000568113217285,0.856385043343,1
0.000568044568913,0.856514426187,1
0.000567932741283,0.856643809031,1
0.000567909763273,0.856773191875,1
0.000567903985568,0.856902574719,1
0.000567680439295,0.857031957562,1
0.000567592037283,0.857161340406,1
0.000567589536682,0.85729072325,1
0.000567487389047,0.857420106094,1
0.000567484816244,0.857549488938,1
0.000567387950954,0.857678871782,1
0.000567330992706,0.857808254625,1
0.000567228869367,0.857937637469,1
0.000566986410868,0.858067020313,1
0.000566642481365,0.858196403157,1
0.000565039436452,0.858325786001,1
0.000564850319831,0.858455168845,1
0.000564817708689,0.858584551688,1
0.000564762591942,0.858713934532,1
0.000564715448656,0.858843317376,1
0.000564703138657,0.85897270022,1
0.00056439543629,0.859102083064,1
0.000564170821285,0.859231465908,1
0.000563530253884,0.859619614439,1
0.000563513198591,0.859748997283,1
0.000563461680305,0.859878380127,1
0.000563286885122,0.860007762971,1
0.000563195593495,0.860137145814,1
0.000563191873596,0.860266528658,1
0.000562909778976,0.860395911502,1
0.000562131264546,0.86065467719,1
0.000562084926658,0.860784060034,1
0.000562037619313,0.860913442877,1
0.000561985137191,0.861042825721,1
0.000561660887006,0.861172208565,1
0.000561232289834,0.861301591409,1
0.000561181472279,0.861430974253,1
0.000561128932386,0.861560357097,1
0.000560831202139,0.86168973994,1
0.000560784526049,0.861819122784,1
0.000560632116889,0.861948505628,1
0.000560521659446,0.862077888472,1
0.000560269259865,0.862595419847,1
0.000560205581722,0.862724802691,1
0.000560108476795,0.862854185535,1
0.000559965401516,0.862983568379,1
0.000559592045627,0.863112951223,1
0.00055942951206,0.86337171691,1
0.00055909748544,0.863501099754,1
0.000558855378011,0.863630482598,1
0.000558794269359,0.863759865442,1
0.000558690556604,0.863889248286,1
0.000558629860522,0.86401863113,1
0.000558622211108,0.864148013973,1
0.00055850257937,0.864277396817,1
0.000558100708155,0.864406779661,1
0.000558015025043,0.864536162505,1
0.000557963904704,0.864665545349,1
0.00055784387346,0.865183076724,1
0.000557749023392,0.865312459568,1
0.000557525949145,0.865441842412,1
0.000557435965937,0.865571225256,1
0.000557150754784,0.865700608099,1
0.000557092602078,0.865829990943,1
0.000556928888969,0.865959373787,1
0.000556835968717,0.866088756631,1
0.000556827071973,0.866218139475,1
0.000556733650613,0.866476905162,1
0.000556679783942,0.866606288006,1
0.000556596571437,0.86673567085,1
0.000556590586445,0.866865053694,1
0.000556474481551,0.866994436538,1
0.00055621156707,0.867253202225,1
0.000555591041174,0.867382585069,1
0.00055511772418,0.867511967913,1
0.000554928903752,0.867641350757,1
0.000554499280945,0.867770733601,1
0.000554441791653,0.867900116445,1
0.000554263922817,0.868029499288,1
0.000553952196596,0.868158882132,1
0.000553817975346,0.868288264976,1
0.000552955519363,0.86841764782,1
0.000552903201852,0.868547030664,1
0.000552192609695,0.868676413508,1
0.000552018136192,0.868805796351,1
0.00055167975904,0.868935179195,1
0.000551493219929,0.869064562039,1
0.000551234693092,0.869193944883,1
0.000550768048309,0.869323327727,1
0.00055047831059,0.869452710571,1
0.000550064629413,0.869582093414,1
0.000549984160331,0.869711476258,1
0.000549107146409,0.869840859102,1
0.000549035813429,0.869970241946,1
0.000548883569784,0.87009962479,1
0.000548684825951,0.870229007634,1
0.000548654652549,0.870358390477,1
0.000548604641965,0.870487773321,1
0.000548562970042,0.870617156165,1
0.000548465473217,0.870875921853,1
0.000548308654579,0.871005304697,1
0.000548253646714,0.87113468754,1
0.00054822824149,0.871264070384,1
0.000548133413816,0.871393453228,1
0.00054796889036,0.871522836072,1
0.000547943420902,0.871652218916,1
0.000547522904734,0.87178160176,1
0.000547473499762,0.871910984603,1
0.000547309787062,0.872040367447,1
0.000547230934095,0.872299133135,1
0.000547130172458,0.872428515979,1
0.000547116942662,0.872557898823,1
0.000546492617381,0.872687281666,1
0.000546374895032,0.87281666451,1
0.000546373183506,0.872946047354,1
0.000546127500958,0.873075430198,1
0.000546013647393,0.873204813042,1
0.000545951258782,0.873334195886,1
0.000545551284085,0.873463578729,1
0.000544181215795,0.873592961573,1
0.000543862236825,0.873722344417,1
0.000543333104951,0.873851727261,1
0.000543134301242,0.873981110105,1
0.000543123043292,0.874110492949,1
0.000542825223708,0.874239875792,1
0.000542717899877,0.874369258636,1
0.000542412335234,0.87449864148,1
0.000541779767972,0.874628024324,1
0.000541773693107,0.874757407168,1
0.000541765523914,0.874886790012,1
0.000541635839071,0.875274938543,1
0.00054162809981,0.875404321387,1
0.000541602377249,0.875533704231,1
0.000541536463864,0.875663087075,1
0.000541338713931,0.875792469918,1
0.000541201304839,0.875921852762,1
0.000540914370375,0.876051235606,1
0.000540855582976,0.87618061845,1
0.000540540757421,0.876310001294,1
0.000540240500202,0.876439384138,1
0.000540223853018,0.876568766981,1
0.000539119102813,0.876698149825,1
0.000538957914523,0.876827532669,1
0.00053859149001,0.876956915513,1
0.00053744675665,0.877086298357,1
0.000536769217746,0.877215681201,1
0.000536293451187,0.877345064045,1
0.000536235489503,0.877474446888,1
0.000536117594621,0.877603829732,1
0.00053605620313,0.877733212576,1
0.000535972598051,0.87786259542,1
0.000535411973871,0.877991978264,1
0.000535261478859,0.878121361108,1
0.000534969799427,0.878250743951,1
0.000534360245701,0.878380126795,1
0.00053426712778,0.878509509639,1
0.000534218813365,0.878638892483,1
0.000533495655992,0.878768275327,1
0.000533461619262,0.878897658171,1
0.000533339559804,0.879027041014,1
0.000533217374654,0.879156423858,1
0.000532864717712,0.879285806702,1
0.000532631353132,0.879415189546,1
0.000532616104474,0.87954457239,1
0.00053217472557,0.879673955234,1
0.000531516140976,0.879803338077,1
0.000531179803622,0.879932720921,1
0.000530644522565,0.880062103765,1
0.000530528403488,0.880191486609,1
0.000530306643513,0.880320869453,1
0.00053026523631,0.880450252297,1
0.00053018406797,0.88057963514,1
0.000530084546435,0.880709017984,1
0.000529842749806,0.880838400828,1
0.000529734728816,0.880967783672,1
0.000529708099984,0.881097166516,1
0.000529636796389,0.88122654936,1
0.000529401008758,0.881355932203,1
0.000529119109374,0.881485315047,1
0.000529092162664,0.881614697891,1
0.00052880676026,0.881873463579,1
0.000527722635847,0.882002846423,1
0.000527622780165,0.882132229266,1
0.000527241383034,0.88226161211,1
0.000527200292632,0.882390994954,1
0.000526712540335,0.882520377798,1
0.000526581701672,0.882649760642,1
0.000526395338923,0.882779143486,1
0.000525992762084,0.882908526329,1
0.000525567524496,0.883037909173,1
0.000525351733853,0.883167292017,1
0.000524798395814,0.883296674861,1
0.000524574964672,0.883426057705,1
0.000524520045398,0.883555440549,1
0.000524276985161,0.883684823392,1
0.000523703584704,0.883814206236,1
0.000523612154062,0.88394358908,1
0.000523425141677,0.884072971924,1
0.000523271730905,0.884202354768,1
0.000522904722333,0.884331737612,1
0.000522869274425,0.884461120455,1
0.000522795379626,0.884590503299,1
0.000522678162666,0.884719886143,1
0.000522628299717,0.884978651831,1
0.000522250360599,0.885108034675,1
0.000522180563027,0.885237417518,1
0.000521780013787,0.885366800362,1
0.000521442949298,0.885496183206,1
0.00052091650701,0.88562556605,1
0.000520009445983,0.885754948894,1
0.000519991403335,0.885884331738,1
0.00051993909886,0.886013714581,1
0.000519588922036,0.886143097425,1
0.000518889688381,0.886272480269,1
0.000518646421273,0.886401863113,1
0.000518297311868,0.886531245957,1
0.00051796045446,0.886660628801,1
0.000517807399862,0.886790011644,1
0.000517644654656,0.886919394488,1
0.000517517259749,0.887048777332,1
0.000516909223291,0.887178160176,1
0.000516889839894,0.88730754302,1
0.000516864329081,0.887436925864,1
0.000516680964693,0.887566308707,1
0.000516666568865,0.887695691551,1
0.000516432918977,0.887825074395,1
0.000516349511946,0.887954457239,1
0.000516287750746,0.888083840083,1
0.000516108585242,0.888213222927,1
0.00051595144387,0.88834260577,1
0.00051585017175,0.888471988614,1
0.000515608796393,0.888601371458,1
0.000515193226735,0.888730754302,1
0.000514940466129,0.888860137146,1
0.000514852741133,0.88898951999,1
0.000514602433845,0.889118902833,1
0.000514514434823,0.889248285677,1
0.000513067446236,0.889377668521,1
0.000512606072696,0.889507051365,1
0.000512537422654,0.889636434209,1
0.000512069112648,0.889765817053,1
0.000511766212265,0.889895199896,1
0.00051147640262,0.89002458274,1
0.000511038983747,0.890153965584,1
0.000510668898831,0.890283348428,1
0.000510227963084,0.890412731272,1
0.000510055054828,0.890542114116,1
0.000509943563282,0.89067149696,1
0.000509587291703,0.890800879803,1
0.00050935179028,0.890930262647,1
0.000508675155778,0.891059645491,1
0.000507528915869,0.891189028335,1
0.000506764545778,0.891318411179,1
0.00050585812073,0.891447794023,1
0.000505427728286,0.891577176866,1
0.000505184751069,0.89170655971,1
0.000504805482898,0.891835942554,1
0.000504520373867,0.891965325398,1
0.000504436355903,0.892094708242,1
0.000504022720723,0.892224091086,1
0.000503830827446,0.892353473929,1
0.00050376420263,0.892482856773,1
0.000503673799227,0.892612239617,1
0.000503490828001,0.892741622461,1
0.000503122560326,0.892871005305,1
0.000502473187533,0.893129770992,1
0.000502466350832,0.893259153836,1
0.00050223456217,0.89338853668,1
0.000501340527388,0.893517919524,1
0.000501309844548,0.893647302368,1
0.00050113534935,0.893776685212,1
0.000500763218178,0.893906068055,1
0.000499947839567,0.894035450899,1
0.000499348877903,0.894164833743,1
0.00049719247328,0.894294216587,1
0.000497115296959,0.894423599431,1
0.000497040768744,0.894552982275,1
0.000496655414047,0.894682365118,1
0.000496212090999,0.894811747962,1
0.000496043444912,0.894941130806,1
0.000495671982665,0.89507051365,1
0.00049537615724,0.895199896494,1
0.000494965083294,0.895329279338,1
0.00049494594409,0.895458662181,1
0.000493369333631,0.895588045025,1
0.000493275934628,0.895717427869,1
0.000493238088578,0.895846810713,1
0.000492996981532,0.895976193557,1
0.000492324913334,0.896105576401,1
0.000491730849083,0.896234959244,1
0.000491461273963,0.896364342088,1
0.00049098057865,0.896493724932,1
0.000490844215324,0.896623107776,1
0.000490455460623,0.89675249062,1
0.000490319276146,0.896881873464,1
0.000490214077659,0.897011256307,1
0.000490100521071,0.897140639151,1
0.000489700822041,0.897270021995,1
0.000489676401548,0.897399404839,1
0.000489418718856,0.897528787683,1
0.000489261082234,0.897658170527,1
0.00048912052458,0.89778755337,1
0.000489077472312,0.897916936214,1
0.000488831034226,0.898175701902,1
0.000488789528472,0.898305084746,1
0.000488752281492,0.89843446759,1
0.000488643667356,0.898563850433,1
0.00048798310733,0.898693233277,1
0.000487941220222,0.898822616121,1
0.000487857258262,0.898951998965,1
0.000487820502421,0.899081381809,1
0.000486913605404,0.899340147496,1
0.000486705858632,0.89946953034,1
0.000486529608541,0.899598913184,1
0.000486085458407,0.899728296028,1
0.00048503025193,0.899857678872,1
0.000484513666508,0.899987061716,1
0.000484335868855,0.900116444559,1
0.000484215934477,0.900245827403,1
0.000483524691003,0.900375210247,1
0.000483291005845,0.900504593091,1
0.000483238296087,0.900633975935,1
0.000483142551914,0.900763358779,1
0.000482868871263,0.900892741622,1
0.000482430260003,0.901022124466,1
0.000482402995279,0.90115150731,1
0.00048220629594,0.901280890154,1
0.00048156715089,0.901410272998,1
0.000481508991001,0.901539655842,1
0.000481466907803,0.901669038685,1
0.000480949661605,0.901798421529,1
0.000480533886456,0.901927804373,1
0.000480314086465,0.902057187217,1
0.000480270660796,0.902186570061,1
0.000480187180419,0.902445335748,1
0.000479968679756,0.902574718592,1
0.00047975746383,0.902704101436,1
0.000479700443069,0.90283348428,1
0.000479265571029,0.902962867124,1
0.000479175416468,0.903092249968,1
0.000478241634813,0.903221632811,1
0.00047821533296,0.903351015655,1
0.000478119381941,0.903480398499,1
0.000478081529106,0.903609781343,1
0.000477847573303,0.903739164187,1
0.000477095220485,0.903868547031,1
0.000476731247625,0.903997929874,1
0.000476343934602,0.904127312718,1
0.000476186875216,0.904256695562,1
0.000476128933942,0.904386078406,1
0.000476003419403,0.90451546125,1
0.000475979518168,0.904644844094,1
0.00047541574155,0.904774226938,1
0.000475370255784,0.904903609781,1
0.000475260554363,0.905032992625,1
0.000474823193379,0.905162375469,1
0.000473423850709,0.905291758313,1
0.000473091737444,0.905421141157,1
0.000472900866362,0.905550524001,1
0.00047284586464,0.905679906844,1
0.000472574884047,0.905809289688,1
0.00047232495477,0.905938672532,1
0.000471779579038,0.906068055376,1
0.000471770842864,0.90619743822,1
0.000471750717004,0.906326821064,1
0.000471024439872,0.906456203907,1
0.00047079502331,0.906585586751,1
0.000470711429183,0.906714969595,1
0.000470613076755,0.906844352439,1
0.000470511649577,0.906973735283,1
0.000469784825511,0.907103118127,1
0.000469704411546,0.90723250097,1
0.000469515873824,0.907361883814,1
0.000469485967752,0.907491266658,1
0.000469135089978,0.907620649502,1
0.000468989676082,0.907750032346,1
0.000468596689126,0.90787941519,1
0.000468523463929,0.908138180877,1
0.000468250503368,0.908267563721,1
0.000468027153376,0.908396946565,1
0.000467802923163,0.908526329409,1
0.000467056183126,0.908655712253,1
0.000466829120534,0.908785095096,1
0.000466669314546,0.90891447794,1
0.000466328055003,0.909043860784,1
0.000466179920279,0.909173243628,1
0.000465823100917,0.909302626472,1
0.000465512926196,0.909690775003,1
0.000465367870254,0.909820157847,1
0.000465333304931,0.909949540691,1
0.00046530983048,0.910078923535,1
0.000464306077227,0.910208306379,1
0.000464279521875,0.910337689222,1
0.000464277758018,0.910467072066,1
0.000463607739951,0.91059645491,1
0.000463335484389,0.910725837754,1
0.000463309500699,0.910855220598,1
0.000463280717496,0.910984603442,1
0.000463114298401,0.911113986285,1
0.000462782195494,0.911243369129,1
0.000462700261567,0.911372751973,1
0.000462494328785,0.911502134817,1
0.000462432183049,0.911631517661,1
0.000462215627276,0.911760900505,1
0.000461873549393,0.911890283348,1
0.000461620663576,0.912149049036,1
0.000460263334605,0.91227843188,1
0.000460200310848,0.912407814724,1
0.000460012756147,0.912537197568,1
0.000459266983297,0.912666580411,1
0.000459138942653,0.912795963255,1
0.000459092663423,0.912925346099,1
0.000458987015345,0.913054728943,1
0.000458793770997,0.913184111787,1
0.00045839235004,0.913313494631,1
0.00045814819791,0.913442877474,1
0.000457295505189,0.913572260318,1
0.000456762865892,0.913701643162,1
0.000456355736756,0.913831026006,1
0.000456169406047,0.91396040885,1
0.000455698315158,0.914089791694,1
0.000455187605618,0.914219174537,1
0.000455028025088,0.914348557381,1
0.000454829335339,0.914477940225,1
0.000454721725233,0.914607323069,1
0.000454461966271,0.914736705913,1
0.000454396357085,0.914866088757,1
0.000454348901801,0.9149954716,1
0.000454187100262,0.915124854444,1
0.000454182035046,0.915254237288,1
0.000453581583669,0.915383620132,1
0.000453558802254,0.915513002976,1
0.000453489295678,0.91564238582,1
0.000453273638932,0.915771768663,1
0.000453129029711,0.915901151507,1
0.00045308174703,0.916030534351,1
0.000452989244966,0.916159917195,1
0.000452895536134,0.916289300039,1
0.000452831287696,0.916418682883,1
0.000452704889965,0.916548065726,1
0.000452093015139,0.91667744857,1
0.000452009900224,0.916806831414,1
0.000451475701031,0.916936214258,1
0.000451299052514,0.917065597102,1
0.000451239217982,0.917194979946,1
0.000451067863204,0.917453745633,1
0.000450835757519,0.917583128477,1
0.000450630515446,0.917712511321,1
0.000450576695725,0.917841894165,1
0.000450480851298,0.917971277009,1
0.000450126313261,0.918100659853,1
0.000449960307229,0.918230042696,1
0.000449950738698,0.91835942554,1
0.000449354995184,0.918488808384,1
0.000448876696786,0.918618191228,1
0.000448817775839,0.918747574072,1
0.000448667003622,0.918876956916,1
0.00044864794941,0.919135722603,1
0.000448357828137,0.919265105447,1
0.000448210465004,0.919394488291,1
0.000447965584259,0.919523871135,1
0.000447567303017,0.919653253979,1
0.000447244346211,0.919782636822,1
0.000447188901453,0.919912019666,1
0.000447109673321,0.92004140251,1
0.000446520417767,0.920170785354,1
0.000446470521291,0.920300168198,1
0.000446346482497,0.920429551042,1
0.000445720898275,0.920558933885,1
0.000445621113242,0.920688316729,1
0.000444227480665,0.920817699573,1
0.000444130459094,0.920947082417,1
0.000444094333164,0.921076465261,1
0.000443687171836,0.921205848105,1
0.000443572731881,0.921335230948,1
0.000443234751913,0.921464613792,1
0.000443026526654,0.921593996636,1
0.000442363220703,0.92172337948,1
0.000442357956479,0.921852762324,1
0.000441574944201,0.921982145168,1
0.000441350879385,0.922111528011,1
0.000441001558632,0.922240910855,1
0.000440752524855,0.922370293699,1
0.000440715887884,0.922499676543,1
0.000440556249037,0.922629059387,1
0.000440164179371,0.922758442231,1
0.000440117473413,0.922887825074,1
0.000438924363728,0.923017207918,1
0.000437741428782,0.923146590762,1
0.000437517240574,0.923275973606,1
0.000437450011137,0.92340535645,1
0.000437138914312,0.923534739294,1
0.000436960217775,0.923664122137,1
0.0004367675366,0.923793504981,1
0.000436145927425,0.923922887825,1
0.0004359505954,0.924052270669,1
0.000435806879933,0.924181653513,1
0.000435221805572,0.924311036357,1
0.000434618453845,0.9244404192,1
0.000434516795091,0.924699184888,1
0.000434413669453,0.924828567732,1
0.000434245693157,0.924957950576,1
0.000433688067353,0.92508733342,1
0.000433310907715,0.925216716263,1
0.000432735472091,0.925346099107,1
0.000432508524841,0.925475481951,1
0.000432436122747,0.925604864795,1
0.000432296313614,0.925734247639,1
0.000432237442692,0.925863630483,1
0.000431551762165,0.925993013326,1
0.000431469330429,0.92612239617,1
0.000430525913491,0.926251779014,1
0.000430480877814,0.926381161858,1
0.000430463210526,0.926510544702,1
0.000429451848797,0.926639927546,1
0.000429398656182,0.926769310389,1
0.000429195869559,0.926898693233,1
0.000429094024621,0.927028076077,1
0.000429050170747,0.927157458921,1
0.000428795666319,0.927286841765,1
0.000428544510661,0.927416224609,1
0.000428360848948,0.927674990296,1
0.000427829562276,0.92780437314,1
0.000427492264176,0.927933755984,1
0.000427449320598,0.928063138828,1
0.00042744082311,0.928192521672,1
0.000427358310362,0.928321904515,1
0.000426528917699,0.928451287359,1
0.000426261781226,0.928580670203,1
0.000426059160976,0.928710053047,1
0.000425164496274,0.928839435891,1
0.000423993263914,0.928968818735,1
0.000423434047982,0.929098201578,1
0.000423336870722,0.929227584422,1
0.000422940455108,0.929356967266,1
0.000422704971036,0.92948635011,1
0.000422585201825,0.929615732954,1
0.000422384028185,0.929745115798,1
0.000421620482461,0.929874498641,1
0.000421578063637,0.930003881485,1
0.000420076571183,0.930133264329,1
0.000419952114774,0.930262647173,1
0.000419158212981,0.930650795704,1
0.000419100700967,0.930780178548,1
0.000417857110275,0.930909561392,1
0.000417261437387,0.931038944236,1
0.000417225931132,0.93116832708,1
0.000416955357749,0.931297709924,1
0.000416415051786,0.931427092767,1
0.000415905493779,0.931556475611,1
0.000415324252488,0.931815241299,1
0.000413888936643,0.931944624143,1
0.000413871704869,0.932074006987,1
0.000413787277483,0.932203389831,1
0.000413650008753,0.932332772674,1
0.00041291975329,0.932462155518,1
0.00041269035292,0.932591538362,1
0.000412563191504,0.932720921206,1
0.000412474452988,0.93285030405,1
0.000412443703542,0.932979686894,1
0.000411773295717,0.933109069737,1
0.000411691681712,0.933238452581,1
0.000411456097331,0.933367835425,1
0.000411371954078,0.933497218269,1
0.000411314214628,0.933626601113,1
0.000411212483777,0.933755983957,1
0.000410138132661,0.9338853668,1
0.000409608929495,0.934014749644,1
0.0004095354591,0.934144132488,1
0.000408837772784,0.934273515332,1
0.000408169947466,0.934402898176,1
0.000407455630152,0.93453228102,1
0.000407443338045,0.934791046707,1
0.000407105659309,0.934920429551,1
0.000406897470749,0.935049812395,1
0.000406692581454,0.935179195239,1
0.000406529978615,0.935308578083,1
0.000406150677075,0.935437960926,1
0.00040613904789,0.93556734377,1
0.000405996955292,0.935696726614,1
0.000405833198534,0.935826109458,1
0.00040529009914,0.935955492302,1
0.00040480453355,0.936084875146,1
0.000403879837449,0.936214257989,1
0.000403453504507,0.936343640833,1
0.000403076724698,0.936473023677,1
0.000402685288714,0.936602406521,1
0.000401919127217,0.936731789365,1
0.000401829983203,0.936861172209,1
0.000401551333594,0.936990555052,1
0.000401532152956,0.937119937896,1
0.000401518027859,0.93724932074,1
0.000401506857447,0.937378703584,1
0.000400522169967,0.937508086428,1
0.000400250013152,0.937637469272,1
0.00040011404084,0.937766852115,1
0.000399320614032,0.937896234959,1
0.000399255265098,0.938025617803,1
0.00039900823024,0.938155000647,1
0.000397964031261,0.938284383491,1
0.000397877725774,0.938413766335,1
0.000397849735659,0.938543149178,1
0.000397843449574,0.938672532022,1
0.000396737714954,0.938801914866,1
0.000395775562173,0.93893129771,1
0.000395606952385,0.939060680554,1
0.000395340564665,0.939190063398,1
0.000395245371416,0.939448829085,1
0.000394869501331,0.939578211929,1
0.000394373146196,0.939707594773,1
0.000394373102071,0.939836977617,1
0.000394329275896,0.939966360461,1
0.000393721388417,0.940095743304,1
0.000392131240122,0.940225126148,1
0.000391691984714,0.940354508992,1
0.000391237932199,0.940483891836,1
0.00039012218261,0.94061327468,1
0.00038919215728,0.940742657524,1
0.000389080491392,0.940872040367,1
0.00038895646984,0.941001423211,1
0.000388226186369,0.941130806055,1
0.000388117967829,0.941260188899,1
0.000387949674885,0.941389571743,1
0.000387911844771,0.941518954587,1
0.000387664530244,0.94164833743,1
0.000387615057546,0.941777720274,1
0.000387110457571,0.941907103118,1
0.000386750808069,0.942036485962,1
0.000386156913697,0.942165868806,1
0.000386156394124,0.94229525165,1
0.000385925738713,0.942424634493,1
0.000385633136902,0.942554017337,1
0.000385450550425,0.942812783025,1
0.000385414516845,0.942942165869,1
0.00038535054143,0.943071548713,1
0.000385225646242,0.943200931556,1
0.000384346366705,0.9433303144,1
0.000383884149105,0.943589080088,1
0.000383723121216,0.943718462932,1
0.00038365132127,0.943847845776,1
0.000383459445881,0.943977228619,1
0.000382203516797,0.944106611463,1
0.000382087212955,0.944235994307,1
0.000382053270676,0.944365377151,1
0.000381377747033,0.944494759995,1
0.000381285692547,0.944624142839,1
0.000381160798911,0.944753525682,1
0.000379702255793,0.944882908526,1
0.000378940310196,0.94501229137,1
0.000378921951047,0.945141674214,1
0.000378860578684,0.945271057058,1
0.000378602081695,0.945400439902,1
0.00037859224682,0.945529822746,1
0.000377875470103,0.945659205589,1
0.000377814066117,0.945788588433,1
0.000377729196331,0.945917971277,1
0.000377575801425,0.946047354121,1
0.000377354538983,0.946176736965,1
0.000377095717497,0.946306119809,1
0.0003768443097,0.946435502652,1
0.000376839657414,0.946564885496,1
0.000376407517646,0.94669426834,1
0.000375991064107,0.946823651184,1
0.000374809199092,0.946953034028,1
0.000374666640602,0.947082416872,1
0.00037455506324,0.947211799715,1
0.000374519865566,0.947341182559,1
0.000374042777637,0.947470565403,1
0.000373611819497,0.947599948247,1
0.000372281904191,0.947729331091,1
0.000372200075141,0.947858713935,1
0.000371860077915,0.947988096778,1
0.000371560770271,0.948117479622,1
0.000371493939523,0.948246862466,1
0.000371369961061,0.94837624531,1
0.000370637559857,0.948505628154,1
0.000370030319425,0.948635010998,1
0.000369960792476,0.948764393841,1
0.000369528429052,0.948893776685,1
0.000369101692369,0.949023159529,1
0.000369027268594,0.949152542373,1
0.000368557209433,0.949281925217,1
0.000368549367838,0.949411308061,1
0.000368463189666,0.949540690904,1
0.000368343971468,0.949670073748,1
0.000367923802671,0.949799456592,1
0.000367595724903,0.949928839436,1
0.000367184624595,0.95005822228,1
0.00036645842658,0.950187605124,1
0.000366384248914,0.950316987967,1
0.000365941721311,0.950446370811,1
0.000365914656909,0.950575753655,1
0.00036583912873,0.950705136499,1
0.00036498389761,0.950834519343,1
0.000364898121983,0.950963902187,1
0.00036452219095,0.95109328503,1
0.000364069347532,0.951222667874,1
0.000363638117491,0.951352050718,1
0.000363277855468,0.951481433562,1
0.000363071534136,0.951610816406,1
0.000362975729729,0.95174019925,1
0.000362638609009,0.951869582093,1
0.000362486896769,0.951998964937,1
0.000361826810199,0.952128347781,1
0.00036041193892,0.952257730625,1
0.000360266229356,0.952387113469,1
0.00036001071902,0.952516496313,1
0.000359723178622,0.952645879156,1
0.000358909108255,0.952775262,1
0.000358586851565,0.952904644844,1
0.000358567772057,0.953034027688,1
0.000358524040686,0.953163410532,1
0.000358471278991,0.953292793376,1
0.000357590045977,0.953422176219,1
0.000357278886778,0.953551559063,1
0.000357166569232,0.953680941907,1
0.000357022061218,0.953810324751,1
0.000356676768739,0.953939707595,1
0.000356216368955,0.954069090439,1
0.000355498202916,0.954198473282,1
0.000355352127394,0.954327856126,1
0.000354200825393,0.95445723897,1
0.000354191043166,0.954586621814,1
0.000354032148318,0.954716004658,1
0.000353922018332,0.954845387502,1
0.000353629064935,0.954974770345,1
0.000352128171977,0.955104153189,1
0.000351858714985,0.955233536033,1
0.000351803871306,0.955362918877,1
0.000350921664296,0.955751067408,1
0.000350278735769,0.955880450252,1
0.000350114020241,0.956009833096,1
0.00034996138688,0.95613921594,1
0.000349763897036,0.956268598784,1
0.000348749066569,0.956397981628,1
0.000348654677998,0.956527364471,1
0.000348503000041,0.956656747315,1
0.000347271052543,0.956786130159,1
0.000346810993309,0.956915513003,1
0.000346628036139,0.957044895847,1
0.000345914723828,0.957174278691,1
0.000345542842952,0.957303661534,1
0.000344717508085,0.957433044378,1
0.000344653778457,0.957562427222,1
0.00034462814373,0.957691810066,1
0.000344572984395,0.95782119291,1
0.000344292680305,0.957950575754,1
0.000344049513334,0.958079958597,1
0.000343677842701,0.958209341441,1
0.000343617695553,0.958338724285,1
0.000343607750677,0.958468107129,1
0.000343095547913,0.958597489973,1
0.000342185528836,0.958726872817,1
0.000342063803008,0.95885625566,1
0.000341978237844,0.958985638504,1
0.000341934917863,0.959115021348,1
0.000341427686407,0.959244404192,1
0.000340640006049,0.959373787036,1
0.000340557974855,0.95950316988,1
0.000339856664261,0.959632552724,1
0.000339666818794,0.959761935567,1
0.000339592169349,0.959891318411,1
0.000339144426345,0.960150084099,1
0.000338862956309,0.960279466943,1
0.000338821853185,0.960408849787,1
0.000338712485499,0.96053823263,1
0.000338195844421,0.960667615474,1
0.00033711987544,0.960926381162,1
0.000336826297608,0.961055764006,1
0.000335786861425,0.96118514685,1
0.000335548623809,0.961314529693,1
0.000335520845374,0.961443912537,1
0.000334987640146,0.961573295381,1
0.000334367440945,0.961702678225,1
0.000333823098408,0.961832061069,1
0.000333553836513,0.961961443913,1
0.00033291757426,0.962090826756,1
0.00033237411158,0.9622202096,1
0.00033194565541,0.962349592444,1
0.000331756608982,0.962478975288,1
0.000331649697462,0.962608358132,1
0.000331352888838,0.962737740976,1
0.000331216903668,0.962867123819,1
0.00033121153852,0.962996506663,1
0.00033092588065,0.963125889507,1
0.000330761056694,0.963255272351,1
0.000330399254826,0.963514038039,1
0.000330182095533,0.963643420882,1
0.00032986956161,0.963772803726,1
0.000329341062149,0.964031569414,1
0.000328416153617,0.964160952258,1
0.000328107482593,0.964290335102,1
0.000328038627701,0.964419717945,1
0.000327506665161,0.964549100789,1
0.000325921165899,0.964678483633,1
0.000325437675974,0.964807866477,1
0.000325431827316,0.964937249321,1
0.000325278401388,0.965066632165,1
0.000325162097522,0.965196015008,1
0.000324465044858,0.965325397852,1
0.00032413320358,0.965454780696,1
0.000323738023901,0.96558416354,1
0.000323185917036,0.965713546384,1
0.000322924543331,0.965842929228,1
0.000322163919831,0.965972312071,1
0.000322057751216,0.966101694915,1
0.000321874325885,0.966231077759,1
0.000321233562173,0.966360460603,1
0.000321100266733,0.966489843447,1
0.000320561241885,0.966619226291,1
0.00032054356453,0.966748609134,1
0.000319517443526,0.966877991978,1
0.00031920203465,0.967007374822,1
0.000318820882019,0.967136757666,1
0.000318782513269,0.96726614051,1
0.000318666506283,0.967395523354,1
0.00031811703215,0.967524906197,1
0.000317940394279,0.967654289041,1
0.000317860790474,0.967783671885,1
0.000317642955029,0.967913054729,1
0.000317533931427,0.968042437573,1
0.000317091135565,0.968171820417,1
0.000316909096807,0.968430586104,1
0.000316442369432,0.968559968948,1
0.000316268145097,0.968818734636,1
0.000316067933871,0.96894811748,1
0.000315911274953,0.969077500323,1
0.000315638538233,0.969206883167,1
0.000315128465353,0.969336266011,1
0.000314909958229,0.969465648855,1
0.000314572546675,0.969595031699,1
0.000314392538618,0.969724414543,1
0.000314220195838,0.969853797386,1
0.00031402397019,0.96998318023,1
0.000312442474047,0.970112563074,1
0.000312392674259,0.970241945918,1
0.000311121108509,0.970371328762,1
0.000311094678627,0.970759477293,1
0.000309837623033,0.970888860137,1
0.000309450065862,0.971018242981,1
0.000309425040356,0.971277008669,1
0.000308647513978,0.971535774356,1
0.000308233727322,0.971794540044,1
0.000307306741734,0.971923922888,1
0.000306883406163,0.972053305732,1
0.000306576580042,0.972182688575,1
0.000305433796015,0.972312071419,1
0.000305226602174,0.972441454263,1
0.000303613317708,0.972570837107,1
0.000302771109599,0.972700219951,1
0.000302613530464,0.972829602795,1
0.000302189561492,0.972958985639,1
0.000300962450756,0.973088368482,1
0.000300896559359,0.973217751326,1
0.000300483696682,0.97334713417,1
0.000300101608505,0.973476517014,1
0.000298571830543,0.973605899858,1
0.000298317776445,0.973735282702,1
0.000296904358706,0.973864665545,1
0.000296877784457,0.973994048389,1
0.000296401655614,0.974123431233,1
0.000294105046596,0.974252814077,1
0.000294046689119,0.974382196921,1
0.000291921295926,0.974511579765,1
0.000290150169842,0.974640962608,1
0.000289985071136,0.974770345452,1
0.000289884269363,0.974899728296,1
0.000289198686465,0.97502911114,1
0.000288429087646,0.975158493984,1
0.000288212755062,0.975287876828,1
0.000286878125577,0.975417259671,1
0.000286621812981,0.975546642515,1
0.000286099860555,0.975676025359,1
0.000285516338149,0.975805408203,1
0.00028444140287,0.975934791047,1
0.000284231014905,0.976064173891,1
0.000283624473855,0.976193556734,1
0.000283106543427,0.976322939578,1
0.000282977956781,0.976452322422,1
0.000281841817522,0.976581705266,1
0.000281442727393,0.97671108811,1
0.000281092678246,0.976840470954,1
0.000280580145166,0.976969853797,1
0.00028049574689,0.977099236641,1
0.000277786910589,0.977228619485,1
0.000277772675085,0.977358002329,1
0.000277699688539,0.977487385173,1
0.000277279023994,0.977616768017,1
0.000276831501936,0.97774615086,1
0.000276738097415,0.977875533704,1
0.000276485597504,0.978004916548,1
0.000276179494488,0.978134299392,1
0.000276133811436,0.978263682236,1
0.000275374627633,0.97839306508,1
0.000275093343271,0.978522447923,1
0.000275046007437,0.978651830767,1
0.000274542692686,0.978781213611,1
0.000273961584155,0.978910596455,1
0.000272961299288,0.979039979299,1
0.000272214047374,0.979169362143,1
0.000272158644817,0.979298744986,1
0.000272128350663,0.97942812783,1
0.000272100154546,0.979557510674,1
0.000271081884297,0.979686893518,1
0.000270118819766,0.979945659206,1
0.000268702728509,0.980075042049,1
0.000268328129847,0.980204424893,1
0.000268020017442,0.980333807737,1
0.000266961642394,0.980592573425,1
0.000266743774991,0.980721956269,1
0.000266409855954,0.980851339112,1
0.000266339649673,0.980980721956,1
0.000265518678809,0.9811101048,1
0.000264968417077,0.981239487644,1
0.000264373594767,0.981368870488,1
0.00026332629923,0.981498253332,1
0.000262973199197,0.981627636175,1
0.000262697081705,0.981757019019,1
0.000262637433498,0.981886401863,1
0.00026239461628,0.982015784707,1
0.000260425258949,0.982145167551,1
0.000258397271314,0.982274550395,1
0.000257184254789,0.982403933238,1
0.000256518881972,0.982533316082,1
0.00025650170297,0.982662698926,1
0.000256145743788,0.98279208177,1
0.000254912996015,0.982921464614,1
0.000254407389448,0.983050847458,1
0.000253287695777,0.983180230301,1
0.000251788252468,0.983309613145,1
0.000251581085339,0.983438995989,1
0.00025140272108,0.983568378833,1
0.000250215705051,0.983697761677,1
0.000250179112384,0.983827144521,1
0.000249697480111,0.983956527364,1
0.000249519269213,0.984085910208,1
0.000249121689861,0.984215293052,1
0.000248983753866,0.984344675896,1
0.000248869367926,0.984603441584,1
0.000247402479544,0.984732824427,1
0.000247352729448,0.984862207271,1
0.00024724877471,0.984991590115,1
0.000246213076926,0.985120972959,1
0.0002459270132,0.985250355803,1
0.000244707791128,0.985379738647,1
0.00024421830318,0.98550912149,1
0.000243804762602,0.985638504334,1
0.000243377302595,0.985767887178,1
0.000241558817989,0.985897270022,1
0.000241174348346,0.986026652866,1
0.000240603489867,0.98615603571,1
0.000239882345142,0.986285418553,1
0.000237801082779,0.986414801397,1
0.000237400687328,0.986544184241,1
0.000236810765045,0.986673567085,1
0.00023643920384,0.986802949929,1
0.000236095007034,0.986932332773,1
0.000234251654778,0.987061715617,1
0.000232809142358,0.98719109846,1
0.000231941994671,0.987320481304,1
0.000230822036021,0.987449864148,1
0.000230674298967,0.987579246992,1
0.000230171244846,0.987708629836,1
0.000229525083646,0.98783801268,1
0.000228278863662,0.987967395523,1
0.000226980840754,0.988096778367,1
0.000226773803837,0.988226161211,1
0.000226663268413,0.988355544055,1
0.000224238333822,0.988484926899,1
0.000223869570871,0.988614309743,1
0.000223711698142,0.988743692586,1
0.000223337879912,0.98887307543,1
0.000222782136229,0.989002458274,1
0.000222691089574,0.989131841118,1
0.000220594268127,0.989390606806,1
0.000220464912539,0.989519989649,1
0.000220435926841,0.989649372493,1
0.000219885934719,0.989778755337,1
0.00021962747816,0.989908138181,1
0.000219365281065,0.990037521025,1
0.00021700693838,0.990166903869,1
0.000216432901524,0.990296286712,1
0.000216118533765,0.990425669556,1
0.000214119785851,0.9905550524,1
0.000212589582452,0.990684435244,1
0.000210979357659,0.990813818088,1
0.000210971974208,0.990943200932,1
0.00021089753558,0.991072583775,1
0.000209405510544,0.991201966619,1
0.000209207584557,0.991331349463,1
0.000208293052733,0.991460732307,1
0.000207776805671,0.991590115151,1
0.000205821306644,0.991719497995,1
0.000205370845048,0.991848880838,1
0.000204799844638,0.991978263682,1
0.000203215219991,0.992107646526,1
0.000202476441262,0.99223702937,1
0.000201425265879,0.992366412214,1
0.00019826768536,0.992495795058,1
0.000197264690277,0.992625177901,1
0.000196515240611,0.992754560745,1
0.000196208962652,0.992883943589,1
0.0001960243969,0.993013326433,1
0.000195817184726,0.993142709277,1
0.000194612338547,0.993272092121,1
0.000194563095326,0.993401474964,1
0.000194249222476,0.993530857808,1
0.000193340652042,0.993660240652,1
0.000192671561445,0.994048389184,1
0.000192601744028,0.994177772027,1
0.000192280218996,0.994307154871,1
0.000190756524296,0.994436537715,1
0.0001903813079,0.994565920559,1
0.000188917265922,0.994695303403,1
0.000188311562818,0.994824686247,1
0.000183954770861,0.99495406909,1
0.00018322052487,0.995083451934,1
0.000182203406102,0.995212834778,1
0.000181989948881,0.995342217622,1
0.000181705261946,0.995471600466,1
0.000180056946277,0.99560098331,1
0.000179876060575,0.995730366153,1
0.000179573511964,0.995859748997,1
0.000175771462076,0.995989131841,1
0.000174816645732,0.996118514685,1
0.000174642067219,0.996247897529,1
0.000173401209297,0.996377280373,1
0.000173148521942,0.996506663216,1
0.000170256976863,0.99663604606,1
0.000164931480366,0.996765428904,1
0.000164573965749,0.996894811748,1
0.000164451080446,0.997024194592,1
0.000159719645355,0.997153577436,1
0.000157597450634,0.997282960279,1
0.000156616713988,0.997412343123,1
0.000152469823444,0.997541725967,1
0.000151105592421,0.997671108811,1
0.000148484696077,0.997800491655,1
0.00014639040021,0.997929874499,1
0.000145451696697,0.998059257342,1
0.000142755484526,0.998188640186,1
0.000136751375756,0.99831802303,1
0.00013268887028,0.998447405874,1
0.000132243504479,0.998706171562,1
0.000129600158882,0.998835554405,1
0.000119328182804,0.998964937249,1
0.000114367697437,0.999094320093,1
0.000110905601473,0.999223702937,1
0.000110236495573,0.999353085781,1
0.000101032214568,0.999482468625,1
0.000100070245521,0.999611851468,1
9.56311174343e-05,0.999741234312,1
8.81884439907e-05,0.999870617156,1
8.24109599346e-05,1,1
