row_index,split,y_true,probability_failure,y_pred
1888,train,0,0.003160060040948123,0
4858,train,0,0.03699772565994027,0
8990,train,0,0.000999845683460271,0
4901,train,0,0.12455800101953211,0
7957,train,0,0.09167192022022408,0
7856,train,0,0.001407783386782265,0
864,train,0,0.0061078051204819074,0
5672,train,0,0.0008880174857571559,0
6154,train,0,0.0017554298835910287,0
5060,train,0,0.0013010994834189164,0
8238,train,0,0.0015570372271998096,0
4939,train,0,0.3833136324500645,1
39,train,0,0.0024944393362148886,0
4653,train,0,0.002349511622284623,0
4187,train,0,0.0015535416380907281,0
2231,train,0,0.006199791119535693,0
6528,train,0,0.000914604948954699,0
9929,train,0,0.0018521825074333685,0
7081,train,0,0.172873726839138,0
925,train,0,0.11233622511966486,0
2915,train,0,0.19862201923102557,0
9227,train,0,0.000928602516528964,0
8942,train,0,0.11644537362668796,0
1116,train,0,0.0019676310734355767,0
9910,train,0,0.00104454403267358,0
1533,train,0,0.0019735833263523975,0
8511,train,0,0.0011830656894423921,0
3396,train,0,0.0009731211036498028,0
620,train,0,0.003958866463691491,0
5388,train,0,0.33415307891029056,0
57,train,0,0.000917237753891301,0
3410,train,0,0.0017592753530638878,0
3400,train,0,0.0012148896028338237,0
5220,train,0,0.0530209472191131,0
9908,train,0,0.0011771242737604413,0
9432,train,0,0.00060070081698346,0
9976,train,0,0.0020140572252282645,0
4244,train,0,0.0020497021117120706,0
2931,train,0,0.00949318359067604,0
6436,train,0,0.0011896719633974592,0
4220,train,0,0.2877295033173154,0
1625,train,0,0.0022579505092536895,0
7911,train,0,0.001123244458053473,0
7766,train,0,0.003402839426614289,0
1105,train,0,0.005506387032172643,0
9063,train,0,0.0008123108833290155,0
5472,train,0,0.03018371336227676,0
9870,train,0,0.0019371115898568578,0
2024,train,0,0.001879701897942558,0
2736,train,0,0.0008779030860896686,0
7325,train,0,0.004503676762199004,0
3664,train,0,0.0009830295961714617,0
2515,train,0,0.0013543935136194176,0
4470,train,0,0.0034617801651367244,0
4477,train,0,0.002170085782450158,0
99,train,0,0.0015072734522253738,0
6733,train,0,0.04332619377276134,0
1249,train,0,0.053443892055159516,0
6190,train,0,0.001038112696551352,0
5836,train,0,0.0009043342084689735,0
5273,train,0,0.0022687596924771567,0
4135,train,0,0.002681434309440257,0
7130,train,0,0.007895622295655408,0
4116,train,0,0.35667492172841003,0
5841,train,0,0.0004993521071205703,0
4989,train,0,0.002292823624392354,0
5221,train,0,0.055997064939212825,0
527,train,0,0.00043659340344339294,0
1377,train,0,0.0016804046602715325,0
8479,train,0,0.0007264086763992954,0
9532,train,0,0.0030299960955597212,0
2309,train,0,0.0012130897055266268,0
4643,train,1,0.9876042982398474,1
4211,train,1,0.7172806435165867,1
3566,train,0,0.3865415426757764,1
9926,train,0,0.0026131604624030124,0
1899,train,0,0.0012340202313320275,0
8578,train,0,0.00040640225729362135,0
4894,train,0,0.003860153056413394,0
5029,train,0,0.001480887302135536,0
9208,train,0,0.0010841225217409893,0
1423,train,0,0.000875078468306397,0
230,train,0,0.0012746665678116645,0
9387,train,0,0.0021828154926205974,0
6062,train,0,0.0028963131826563915,0
5036,train,0,0.0017897132564344274,0
5914,train,0,0.001005015940291335,0
3657,train,0,0.0032875771757328955,0
3290,train,0,0.0026963253547595844,0
93,train,0,0.0009186085901508348,0
3848,train,0,0.0020696413603654286,0
393,train,0,0.001059220099107262,0
1076,train,0,0.004834985425294462,0
6079,train,0,0.02136116616828962,0
8502,train,0,0.007103108606805564,0
6651,train,0,0.025200551154212096,0
602,train,0,0.0014940040299441595,0
3173,train,0,0.0008401824558651644,0
4009,train,0,0.001184012164930811,0
7824,train,0,0.001028985608315102,0
2550,train,0,0.002304903305380597,0
2839,train,0,0.0024926622674447375,0
457,train,0,0.0016087890449749658,0
5781,train,0,0.0009806656866875076,0
9795,train,0,0.0007897840545841229,0
5860,train,0,0.0011846295014432758,0
6303,train,0,0.0015771532039320984,0
4952,train,0,0.020089215377175014,0
161,train,1,0.7259399434386814,1
9370,train,0,0.0013233926996395488,0
1665,train,0,0.0014392850413858602,0
1528,train,0,0.0007212395621557984,0
9621,train,0,0.002590086154676985,0
2578,train,0,0.0034264780301387246,0
1845,train,0,0.000964025001948867,0
1174,train,0,0.00213115688348557,0
5921,train,0,0.011874463861025131,0
9384,train,0,0.0030186628629493644,0
1205,train,0,0.0025504122302319647,0
8128,train,0,0.0006299400781735652,0
6678,train,1,0.48495718439790886,1
2198,train,0,0.0012123705122097097,0
4946,train,0,0.0015082877993709165,0
8022,train,0,0.035280061591673066,0
1417,train,0,0.057347450133636256,0
5655,train,0,0.016289652702487507,0
6211,train,0,0.006623461087709623,0
7700,train,0,0.22916375719691465,0
9106,train,0,0.0010391649431412651,0
5317,train,0,0.0014604776775270461,0
1925,train,0,0.0012164953384841443,0
6455,train,0,0.0011060237507192164,0
1515,train,0,0.0009936740857653884,0
3314,train,0,0.001040335276388025,0
8629,train,0,0.0005118671254938439,0
9407,train,0,0.001940032222520178,0
2669,train,0,0.03984568189100267,0
2527,train,0,0.003976756671256075,0
1601,train,0,0.0008564792453527734,0
4230,train,0,0.001741308193082807,0
7984,train,0,0.0008173753544029587,0
573,train,0,0.0014641396060534803,0
9869,train,0,0.0009538343137189065,0
8380,train,0,0.0011969071180364889,0
26,train,0,0.0010339130439936375,0
8832,train,0,0.0005790218188948118,0
147,train,0,0.002075804404461509,0
2737,train,0,0.0006655896454194748,0
2060,train,0,0.0021866751530826008,0
1493,train,0,0.001224555434288352,0
3509,train,0,0.0017848466742972232,0
8589,train,0,0.001275167877527702,0
6608,train,0,0.0016580265335300803,0
5190,train,0,0.004763375014367311,0
9215,train,0,0.0007453935602588957,0
6791,train,0,0.001040335276388025,0
8822,train,0,0.0009459790172956467,0
7756,train,1,0.7285227022046866,1
3705,train,0,0.0012362427913059693,0
7040,train,0,0.0015692976563646938,0
2209,train,0,0.001867967065365709,0
6407,train,0,0.005538464891036241,0
2500,train,0,0.05955755379250363,0
9281,train,0,0.0031867029114588017,0
6141,train,0,0.002124139277802296,0
1723,train,0,0.006386355619807861,0
7057,train,0,0.0011440962920279095,0
2365,train,0,0.0039997611610311295,0
2348,train,0,0.0013512185572972975,0
3800,train,0,0.0020832567574995517,0
4133,train,0,0.0022471312738357925,0
2387,train,0,0.0017744303441691548,0
7284,train,0,0.00576528816647929,0
7337,train,0,0.04644947842441482,0
695,train,0,0.0008781732560908026,0
6893,train,0,0.000800091243163668,0
6214,train,0,0.0023705338893291548,0
6216,train,0,0.001393116498153986,0
5007,train,0,0.0059497492877849745,0
7157,train,0,0.0010721254868531966,0
7388,train,0,0.0006850022485036284,0
5309,train,1,0.3744828361683585,1
9430,train,0,0.0011494538836193913,0
801,train,0,0.0037048919871965976,0
403,train,0,0.060420281909850895,0
9958,train,0,0.0023533636939752226,0
3896,train,0,0.0009614081088281976,0
2774,train,0,0.0005961274019501663,0
310,train,0,0.00048351665378434255,0
1506,train,0,0.026718803316818758,0
5059,train,0,0.0037293666956024762,0
2304,train,0,0.0018027231170348896,0
6958,train,0,0.0010256921536654963,0
2834,train,0,0.0028929566810585207,0
9330,train,0,0.0011893290351671886,0
3449,train,0,0.08097988079450709,0
8458,train,0,0.001246910432637677,0
8972,train,0,0.002219698725665671,0
43,train,0,0.002586932303025237,0
255,train,0,0.0005850163022319979,0
6710,train,0,0.01028540966119145,0
6518,train,0,0.2420163444600473,0
609,train,0,0.0006153011585419402,0
968,train,0,0.0009391263998651119,0
9463,train,0,0.0008401774823062648,0
8902,train,0,0.0007228954764716234,0
430,train,0,0.00037099556792476304,0
1589,train,0,0.04241447405187684,0
4119,train,1,0.6396908889460781,1
1389,train,0,0.0009590699559550483,0
5814,train,0,0.004319600097826118,0
8788,train,0,0.0013496088847861328,0
4202,train,0,0.05864553744895996,0
2362,train,0,0.0014450900563623948,0
2117,train,0,0.0023800001409671465,0
5540,train,0,0.001306992607712834,0
1464,train,0,0.0039483225628836926,0
3692,train,0,0.0010594560452360075,0
3115,train,0,0.0006121093284977094,0
9907,train,0,0.01265879490414414,0
6516,train,0,0.0010792490216301263,0
3276,train,0,0.0028975009363861478,0
4378,train,0,0.17546409138240657,0
7990,train,0,0.000959816905569977,0
5825,train,0,0.04651828393486793,0
3981,train,0,0.001240434634618916,0
5120,train,0,0.002756222602996255,0
5414,train,0,0.0014737827008187035,0
434,train,0,0.0006553946970482803,0
8740,train,0,0.000429169317156995,0
154,train,0,0.0022646516387388924,0
6589,train,0,0.002825094861293849,0
6425,train,0,0.00759570886399443,0
971,train,0,0.0009391263998651119,0
3262,train,0,0.0016985294902950117,0
7217,train,0,0.0013142109559687342,0
7440,train,0,0.0009082198642495142,0
7317,train,0,0.002854246301143591,0
2850,train,0,0.03243513513994014,0
3289,train,0,0.01004799276280284,0
6132,train,0,0.0014889745457370683,0
7509,train,1,0.973973222981594,1
948,train,0,0.0024254575079491704,0
1998,train,0,0.0013495635919790075,0
7368,train,0,0.0014011987237048447,0
7296,train,0,0.0012361643414527405,0
5243,train,0,0.0018481685212227374,0
8340,train,0,0.0008460987099831547,0
2821,train,0,0.0011684741372421053,0
8109,train,0,0.002226254570179078,0
9714,train,0,0.0025850618809666803,0
4795,train,0,0.0050348599957482825,0
9726,train,0,0.0012179835428803233,0
3204,train,0,0.001875794560822234,0
7447,train,0,0.0006933194460290698,0
6222,train,0,0.0011829263699490722,0
6110,train,0,0.0012076996037104451,0
9789,train,0,0.0014863280468466764,0
804,train,0,0.0014696850942911266,0
9303,train,0,0.0008391671813539455,0
7818,train,0,0.15969122214354717,0
674,train,0,0.0008114098984199194,0
8442,train,0,0.0008945599462618262,0
1907,train,0,0.001247682780585622,0
9451,train,0,0.0007490866325355927,0
2738,train,0,0.0008738563566940697,0
3145,train,0,0.0021812505587174933,0
6281,train,0,0.0006843127585251966,0
8703,train,0,0.0013351747084692945,0
4550,train,0,0.0012378959012209038,0
4065,train,0,0.0018022355822361754,0
4770,train,1,0.7366041896675244,1
5103,train,0,0.0023164192905460526,0
9863,train,0,0.0072040597630387455,0
4019,train,0,0.003864551257869883,0
259,train,1,0.6599915011574217,1
4020,train,0,0.06416341219331603,0
2779,train,0,0.0019466256679797488,0
8941,train,0,0.0004286146214162622,0
3131,train,0,0.0007144217067262364,0
1546,train,0,0.003406972243530416,0
8291,train,0,0.0011229855475185194,0
1294,train,0,0.0010927032931959705,0
336,train,0,0.0009893807146766859,0
3183,train,0,0.000995384527234812,0
200,train,0,0.0011409070456451387,0
4043,train,0,0.030919763121400923,0
9646,train,0,0.001839734656302141,0
5306,train,0,0.059178051965936965,0
1203,train,0,0.002109459698130613,0
7903,train,0,0.002262544970613751,0
510,train,0,0.0005892917259564711,0
1759,train,0,0.0031493753912230213,0
4205,train,0,0.03573793537869868,0
4567,train,0,0.026855016277843795,0
1655,train,0,0.0010287964352792085,0
9112,train,0,0.0004330106806409241,0
7343,train,0,0.0012206911908310737,0
3803,train,0,0.002803136090911408,0
2812,train,0,0.0009120760658259232,0
2999,train,0,0.1286644862252504,0
7201,train,0,0.0009789867625512767,0
5826,train,0,0.04723458572561907,0
8130,train,0,0.0009537022637052968,0
7878,train,0,0.0031339994321042024,0
9585,train,0,0.0006188364205508312,0
3235,train,0,0.0015808647050525675,0
6139,train,0,0.0009792773057698855,0
8646,train,0,0.000544938180245477,0
3377,train,0,0.0020316401095189693,0
7434,train,0,0.0007648379466250289,0
2156,train,0,0.0016598657369537493,0
9113,train,0,0.0005026075258622275,0
5681,train,0,0.025756394221350776,0
8918,train,0,0.0017414314930791906,0
8726,train,0,0.0005998535966573798,0
1442,train,0,0.0009330055272885126,0
4862,train,0,0.08498755531476325,0
1619,train,0,0.0024247807631880467,0
851,train,0,0.0031249030193140196,0
1627,train,0,0.0009743487918730128,0
3004,train,0,0.0031495933949332168,0
8382,train,0,0.001647168587705895,0
6507,train,0,0.0013474260480221406,0
6596,train,0,0.0038295229060754566,0
427,train,0,0.0004706797161397341,0
2084,train,0,0.0018657350580678334,0
6914,train,0,0.0027727365262946446,0
6745,train,0,0.0031767986268106526,0
1393,train,0,0.0009755362578713702,0
4624,train,0,0.003893300637749345,0
4301,train,0,0.009421390463511932,0
9133,train,0,0.000995419884105717,0
3041,train,0,0.0008545087104201429,0
2462,train,0,0.000998210785990309,0
7488,train,0,0.0012232774636310327,0
4239,train,0,0.003677707489442032,0
8750,train,0,0.000454006954832232,0
2675,train,0,0.0008765951846991638,0
2930,train,0,0.003279707545647621,0
1283,train,0,0.0027012064241182096,0
6305,train,0,0.000894480345314105,0
1837,train,0,0.0012800546062084993,0
2749,train,1,0.0072934661982059544,0
9899,train,0,0.001096374101252736,0
8008,train,0,0.0015780202543705423,0
3760,train,1,0.4379376708827909,1
9706,train,0,0.0010083342370833762,0
9057,train,0,0.0005663403461044602,0
8617,train,0,0.00063649536256604,0
7888,train,0,0.001019041315491864,0
4017,train,0,0.0018017566453632974,0
7672,train,0,0.0997111827424788,0
7764,train,0,0.0009654772961589779,0
1559,train,0,0.0011225970063832725,0
9306,train,0,0.0012300228499333217,0
6272,train,0,0.0024331571543561286,0
4975,train,0,0.004416117728806983,0
5416,train,0,0.001550365459295717,0
2889,train,0,0.0013024144599272688,0
4465,train,0,0.06956859449933982,0
2504,train,0,0.0009349686449165556,0
5669,train,0,0.0008346705281692107,0
3356,train,1,0.8104948015466353,1
7843,train,0,0.024290956394747425,0
5792,train,0,0.0009266586170801943,0
333,train,0,0.0003721441512982502,0
8492,train,0,0.0009810221846381535,0
3484,train,0,0.002074558016957394,0
209,train,0,0.0013643582298502157,0
8148,train,0,0.0006618957377808841,0
8251,train,0,0.002726162716929391,0
6065,train,0,0.0013045500951949114,0
8775,train,0,0.0005539140518677397,0
6664,train,0,0.0018103386934113436,0
2962,train,0,0.0009218312334469376,0
4265,train,0,0.0038417018343311782,0
659,train,0,0.0013271769635437812,0
3937,train,0,0.0010799971316560713,0
9361,train,0,0.00045516338675331196,0
8968,train,0,0.002433896310587091,0
533,train,0,0.0006380263323629689,0
7095,train,0,0.0018598690205694102,0
8252,train,0,0.0011016456483683539,0
8949,train,0,0.005259311759484061,0
3780,train,0,0.0035738200341927603,0
6604,train,0,0.0013451822873970483,0
9839,train,0,0.0012985721459466807,0
9034,train,0,0.0008221571525848574,0
9991,train,0,0.001526211868805929,0
5629,train,0,0.004568952891771141,0
2337,train,0,0.0017570896714552485,0
4335,train,0,0.0024611579447161133,0
6822,train,0,0.0029792239433476544,0
9415,train,0,0.001542958023008777,0
7778,train,0,0.0011437130896782607,0
8267,train,0,0.0012894135065072995,0
2487,train,0,0.001286549326915675,0
5565,train,0,0.042677928744700395,0
8711,train,0,0.0006485998023956424,0
1054,train,0,0.003946767076404468,0
931,train,0,0.0014205295600055383,0
5000,train,0,0.0021739976080539613,0
36,train,0,0.0008219711362458659,0
9198,train,0,0.0005893008679474325,0
7689,train,0,0.0014828776083591986,0
3315,train,0,0.0013451466378335611,0
8966,train,0,0.0028356145938179572,0
8686,train,0,0.0005033386542880869,0
3715,train,0,0.002547475506856761,0
894,train,0,0.0019084062050879833,0
2008,train,0,0.0013987534564405086,0
7598,train,0,0.0008686037189803705,0
2899,train,0,0.00176970308320077,0
9510,train,0,0.0006428690588548327,0
5526,train,0,0.0031974806073777336,0
7346,train,0,0.0011999754564303246,0
1436,train,0,0.0011339766374709342,0
6329,train,0,0.001715373913832816,0
6098,train,0,0.0008928020206323169,0
6077,train,0,0.001438695351812065,0
5851,train,0,0.0011630528735713547,0
5636,train,0,0.011972509161434098,0
5535,train,0,0.0010657140382334474,0
2708,train,0,0.301468203224225,0
3913,train,0,0.0014135538922530584,0
7329,train,0,0.0012072723252560928,0
1931,train,0,0.002536040281580552,0
5188,train,0,0.0022920940569609166,0
535,train,0,0.0017006344808809927,0
2877,train,0,0.0007214229574372853,0
2356,train,0,0.0014505661843322419,0
5949,train,0,0.0008005479410153726,0
9253,train,0,0.0007789881453404264,0
7660,train,0,0.0034674278690911484,0
7336,train,0,0.016234335230418825,0
5001,train,0,0.29186715577416367,0
401,train,0,0.0006906224677891907,0
8098,train,0,0.0011387244956469105,0
7136,train,0,0.3368131388837348,0
2901,train,0,0.00176970308320077,0
1296,train,0,0.000914665399124831,0
6759,train,1,0.2596898271541032,0
9702,train,0,0.0009850915853342804,0
5166,train,0,0.0018807980631829692,0
8781,train,0,0.0005238654472717177,0
4503,train,0,0.004446164835898492,0
5372,train,0,0.0021331689702169406,0
5558,train,0,0.0009148709876671399,0
7840,train,0,0.0013501416974964955,0
3957,train,0,0.003992295069860064,0
3250,train,0,0.0025838809679296195,0
1240,train,0,0.0006203651590469175,0
3735,train,0,0.23829835634154614,0
6717,train,0,0.00136800297359947,0
8373,train,0,0.0022393433021620055,0
2066,train,0,0.0010691005758351774,0
5744,train,0,0.0016221949087991238,0
3379,train,0,0.000778006971427438,0
6994,train,0,0.017414394399183675,0
2178,train,0,0.000702118802781358,0
2234,train,0,0.002130450858704487,0
6982,train,0,0.0022618888412972724,0
8375,train,0,0.002210273363848007,0
6541,train,0,0.0012837417038096973,0
3193,train,0,0.0015287978756099246,0
4030,train,0,0.40346354818257524,1
5580,train,0,0.0013613141487759308,0
8041,train,0,0.002629758988640483,0
9783,train,0,0.002082353400035035,0
1603,train,0,0.0018887764662015253,0
1030,train,0,0.005482749231840157,0
867,train,0,0.002592836708758943,0
5037,train,0,0.001480887302135536,0
1947,train,0,0.0018810219996725985,0
7303,train,0,0.0034258879167758916,0
6459,train,0,0.007358064924951044,0
2280,train,0,0.011991168237795165,0
4492,train,0,0.061539645131061506,0
9239,train,0,0.00272347787450786,0
748,train,0,0.019128630142187332,0
7204,train,0,0.0006785577990374364,0
551,train,0,0.0016940373792076575,0
2991,train,0,0.003527557303836679,0
782,train,0,0.0013318053243607738,0
352,train,0,0.0006553946970482803,0
7155,train,0,0.0009420714560841476,0
9683,train,0,0.0059453561927858565,0
569,train,0,0.0003265720289423947,0
6505,train,0,0.05078762125624092,0
4930,train,0,0.0018701415561662021,0
3083,train,0,0.0011882879778726896,0
1221,train,0,0.0016116108469621277,0
7193,train,0,0.22242068389374614,0
5125,train,0,0.006422694548606848,0
1591,train,0,0.1437761398560247,0
31,train,0,0.0016296428838032772,0
8177,train,0,0.0038513295072716133,0
8071,train,0,0.0014970363382212067,0
1106,train,0,0.002000997263648073,0
3831,train,0,0.002871866337037685,0
7165,train,0,0.007223424560277887,0
2400,train,0,0.0024287159964691946,0
9610,train,0,0.0009306325014850613,0
7178,train,0,0.0006332480893622618,0
957,train,0,0.0013396538809650204,0
1095,train,1,0.5398938542106888,1
6808,train,0,0.006181495645014441,0
9973,train,0,0.0028683078311420186,0
8392,train,0,0.0008838895385464571,0
688,train,0,0.0006463030306089951,0
8274,train,0,0.0033291280662054437,0
4867,train,0,0.013542652808536147,0
6454,train,0,0.0010535708703711337,0
4792,train,0,0.0013803054377608194,0
5241,train,0,0.001986914757422141,0
4736,train,0,0.002328641577611966,0
5704,train,0,0.13786156009849623,0
5341,train,0,0.007684250605556577,0
6258,train,0,0.0009851780479597557,0
4586,train,0,0.028558957190301326,0
5654,train,0,0.0020884631416690767,0
3889,train,0,0.010771558338911007,0
7403,train,0,0.00358162211998235,0
6758,train,0,0.03351861647882091,0
9326,train,0,0.0011385141600709534,0
7832,train,0,0.0014656904489988413,0
8809,train,0,0.0006386754229224655,0
1101,train,0,0.004057235546901597,0
3162,train,0,0.0016585161513651995,0
3782,train,0,0.0035699105182831086,0
1790,train,0,0.002253096689042059,0
8852,train,0,0.0005688516040488402,0
9399,train,0,0.000798897072323198,0
8657,train,0,0.0011124795256700019,0
2014,train,0,0.015162052067440795,0
2424,train,0,0.0014007265753335871,0
7123,train,0,0.0010220146823799769,0
7688,train,0,0.0007974709221699538,0
883,train,0,0.0028937242291608317,0
3942,train,0,0.004376360290038588,0
387,train,0,0.005232386066126866,0
2266,train,0,0.03110113076595266,0
8461,train,0,0.0017124600941520892,0
5903,train,0,0.001927444435162177,0
9266,train,0,0.001239487983797934,0
2541,train,0,0.001060107818976411,0
1360,train,0,0.0013132220595528023,0
9661,train,0,0.07291198717899895,0
4193,train,0,0.000888419626264747,0
2224,train,0,0.0007259153131463735,0
407,train,0,0.00046377932360467793,0
1617,train,0,0.001958352479849951,0
4515,train,0,0.029105653979143508,0
2367,train,0,0.001400911444444131,0
6587,train,0,0.029392247788521123,0
492,train,0,0.0008915468467187105,0
6429,train,0,0.0037846078961409585,0
6655,train,0,0.0010428004386238189,0
8807,train,0,0.0004939638181875149,0
7826,train,0,0.2877184875695656,0
9553,train,0,0.001014259764000485,0
8514,train,0,0.003048304253491754,0
5751,train,0,0.000684063484532367,0
4144,train,0,0.0025724646228561607,0
9902,train,0,0.0030961178925826946,0
2617,train,0,0.000980713925566324,0
3113,train,0,0.004389834931293693,0
5838,train,0,0.0006512314632634954,0
6411,train,0,0.0018095081002563935,0
1578,train,0,0.0011543563128930518,0
8805,train,0,0.0005815207472918836,0
2644,train,0,0.0008158858025235345,0
158,train,0,0.10666703346808062,0
9846,train,0,0.009150860018949792,0
8094,train,0,0.0020788272506114293,0
5555,train,0,0.0015988730165427852,0
9705,train,0,0.0009306325014850613,0
5941,train,1,0.007501617197283432,0
7369,train,0,0.0014404202761422456,0
5530,train,0,0.07001256608477853,0
6827,train,0,0.0009188653698390927,0
2709,train,0,0.0008595422729584105,0
9957,train,0,0.0018962958461553878,0
9565,train,0,0.0009629343010460102,0
5368,train,0,0.0025742924938874073,0
6682,train,0,0.003250927547007362,0
3796,train,0,0.001538288349243537,0
1606,train,0,0.0009473716017100418,0
2621,train,0,0.000733710305966907,0
8481,train,0,0.001948983431276935,0
9619,train,0,0.003814552544383302,0
543,train,0,0.000617682699215451,0
5361,train,0,0.001471881909872493,0
4616,train,0,0.0016593195016401051,0
311,train,0,0.0006231516212701266,0
3713,train,0,0.0012677828267333034,0
3583,train,0,0.003688832766787772,0
2967,train,0,0.004979890385238179,0
9992,train,0,0.0012681981595929284,0
9423,train,0,0.0006377695253096795,0
6778,train,0,0.0008219535899096326,0
6404,train,0,0.14934434415664527,0
2888,train,0,0.00302566437990539,0
1688,train,0,0.0025735119072445665,0
2833,train,0,0.001484824440990678,0
3323,train,0,0.0016526496594508051,0
4982,train,0,0.02994948191508422,0
9373,train,0,0.001235421910474831,0
1382,train,0,0.0010718868034412235,0
4482,train,0,0.003867423000720698,0
6150,train,0,0.0024511589488101027,0
2260,train,0,0.001609713015387837,0
2745,train,0,0.0008215518317153557,0
4439,train,0,0.09355773067168296,0
1917,train,0,0.01451170061279823,0
4042,train,0,0.004166057322531686,0
6357,train,0,0.003788751277302545,0
1396,train,0,0.0010678274323534219,0
6475,train,0,0.0015209877373621636,0
6016,train,0,0.004772358460225303,0
2996,train,0,0.001964430809830591,0
2439,train,0,0.001090657661690975,0
6003,train,0,0.0011510846412262324,0
1677,train,0,0.16531866112492857,0
5577,train,0,0.000987513628919211,0
4526,train,0,0.002576456989860672,0
6856,train,0,0.0007383252585816609,0
6068,train,0,0.007473856985845211,0
7979,train,0,0.0008487029838494575,0
2832,train,0,0.0009260398122539299,0
2492,train,0,0.13662942140264864,0
1266,train,0,0.0005876785254193409,0
7147,train,0,0.0015073039923908084,0
9186,train,0,0.0010684567448863795,0
9029,train,0,0.0005036463045353213,0
2542,train,0,0.0019461914844599627,0
4649,train,0,0.36952253404557345,0
2296,train,0,0.0011667098713997724,0
8566,train,0,0.001000892579284462,0
9930,train,0,0.003164713366670453,0
2990,train,0,0.0018128068413284443,0
5052,train,0,0.004624925949121504,0
975,train,0,0.0008516215555963597,0
8877,train,0,0.0009085822712266564,0
2467,train,0,0.0011079765862921735,0
4481,train,0,0.0034085394987828166,0
1960,train,0,0.0020602632868277158,0
2555,train,0,0.0009743380299340886,0
8606,train,0,0.060279418594752464,0
3159,train,0,0.007550367029208826,0
4208,train,0,0.0029194648007325294,0
5815,train,0,0.0012666942195536126,0
8880,train,0,0.0010310847580205166,0
2775,train,0,0.0008830313420746967,0
4539,train,0,0.001961706027095435,0
9807,train,0,0.0033289539843619005,0
6011,train,0,0.0010009695362769957,0
9070,train,0,0.0012372829946644347,0
7425,train,0,0.025559883389206235,0
7567,train,0,0.0860785524285923,0
6483,train,0,0.008753983380957075,0
6113,train,0,0.0014814730898370415,0
5548,train,0,0.001184012164930811,0
436,train,0,0.0005208511131822849,0
5770,train,0,0.002163905529499395,0
854,train,0,0.0018215524505993022,0
7565,train,0,0.001291218818876879,0
5437,train,0,0.0033460454589811723,0
172,train,0,0.0017374623197262261,0
5287,train,0,0.0038697136673747643,0
5153,train,0,0.0017105020658718679,0
743,train,0,0.059291192880849684,0
5900,train,0,0.001115384637972162,0
6811,train,0,0.0019682401894752896,0
6943,train,0,0.0010080487183610639,0
6080,train,0,0.07081551512095735,0
955,train,0,0.006976589266141246,0
3299,train,0,0.006765861983648953,0
8969,train,0,0.0033376593703193106,0
7537,train,0,0.21875562130921786,0
6924,train,1,0.5312289454402596,1
7524,train,0,0.0006413821373800796,0
5571,train,0,0.0017082259213639075,0
5271,train,0,0.0014829274768834836,0
1953,train,0,0.00229787959090077,0
5504,train,0,0.0031823576059036777,0
8953,train,0,0.0008722207558077441,0
718,train,0,0.0005379647181387023,0
2155,train,0,0.01849578846723422,0
1851,train,0,0.0018359950400814163,0
6932,train,1,0.5255925056991023,1
3573,train,0,0.01043075973568974,0
2696,train,0,0.0016036393237231234,0
2730,train,0,0.002021475190312298,0
2953,train,0,0.0009000797570109585,0
4784,train,0,0.0015518152260318443,0
3744,train,0,0.018102101559321883,0
5942,train,0,0.0016264745995067207,0
6464,train,0,0.00247960159716636,0
9064,train,0,0.0008868312848248656,0
4906,train,0,0.008257792748591671,0
4681,train,0,0.003163664188692129,0
5330,train,0,0.001639023946715665,0
710,train,0,0.0007816515877920328,0
9294,train,0,0.001335980186061388,0
9856,train,0,0.001353714882638903,0
3665,train,0,0.10073626759729622,0
4709,train,0,0.021500769645404122,0
8672,train,0,0.0013644799304935414,0
7414,train,0,0.0012361875498576385,0
686,train,0,0.00040035882860816187,0
7741,train,0,0.0015261256477077689,0
7271,train,0,0.003096491588969231,0
1157,train,0,0.002240568752939571,0
2013,train,0,0.001033916666839562,0
1264,train,0,0.08560876000280171,0
1126,train,0,0.001309583120417027,0
155,train,0,0.003419248810832794,0
1280,train,0,0.0010668096838509031,0
468,train,0,0.0005330198978864678,0
7007,train,0,0.0016401349145643927,0
2434,train,0,0.0016674624524969466,0
9719,train,0,0.009027960477517255,0
4303,train,0,0.02555705031861162,0
9823,train,0,0.0010055477736459952,0
4961,train,0,0.0017582974504180232,0
5864,train,0,0.0008792958056898443,0
5602,train,0,0.030588291140461975,0
309,train,0,0.0006687275842292661,0
5175,train,0,0.0019455071891278145,0
5968,train,0,0.009588435233937442,0
885,train,0,0.002318036670899463,0
7721,train,0,0.0017084581075251664,0
6413,train,0,0.0017707431419471222,0
2273,train,0,0.001305583178087872,0
5017,train,0,0.004332276709964411,0
1737,train,0,0.0022527750667491672,0
7932,train,0,0.032968849235980494,0
5569,train,0,0.0016339653426909783,0
4896,train,0,0.052144037140224656,0
905,train,0,0.0010513110012688178,0
223,train,0,0.0014840853842046401,0
1065,train,0,0.002474335412782227,0
6383,train,0,0.0006728751498873101,0
5901,train,0,0.002437256056335028,0
5415,train,0,0.0027076522787339253,0
5285,train,0,0.0015900156206167936,0
9961,train,0,0.00490689115987235,0
2966,train,0,0.000821383295656781,0
4153,train,1,0.7727239725817581,1
1900,train,0,0.0026229966845974584,0
8995,train,0,0.0006977477119504213,0
9210,train,0,0.12082166029581438,0
6457,train,0,0.008618403015525519,0
1703,train,0,0.0008349867247220432,0
8139,train,0,0.0013688694431569558,0
5935,train,0,0.0011672071522047835,0
7582,train,0,0.002365636925550944,0
4430,train,0,0.004119140748333365,0
9617,train,0,0.0010795488996929092,0
4947,train,0,0.005851433689422109,0
9433,train,0,0.0017070307360364913,0
2805,train,0,0.0007012667545685607,0
3027,train,0,0.001013524340135092,0
7487,train,0,0.001183258548973954,0
9461,train,0,0.0025589729491892798,0
7277,train,0,0.001521935063029599,0
467,train,0,0.1408920833976844,0
8521,train,0,0.036762358911590236,0
2036,train,0,0.002920786425070973,0
2307,train,0,0.0010700059839209878,0
3429,train,0,0.0014342038812165628,0
6103,train,0,0.005277274209864524,0
740,train,0,0.0015343905944516022,0
7869,train,0,0.0008712396528253883,0
8656,train,0,0.0006101821450434935,0
7755,train,0,0.00859098576145199,0
6278,train,0,0.0011286275858723369,0
4145,train,0,0.004897115838852766,0
9285,train,0,0.002291795557110213,0
4747,train,0,0.0018633564820388243,0
4251,train,1,0.5364161019603544,1
1587,train,0,0.0014804060014622065,0
3608,train,0,0.0017412758324173768,0
8225,train,0,0.0010746405518694004,0
2095,train,0,0.0006022736938385301,0
190,train,0,0.0018528189370209162,0
8310,train,0,0.0010840248200080936,0
2570,train,0,0.0021538286789297583,0
2893,train,0,0.0010135735572648365,0
8825,train,0,0.000429459642485327,0
7319,train,0,0.0008257251314231719,0
584,train,0,0.03997882577538302,0
3167,train,0,0.0032700848722462587,0
2242,train,0,0.004743932043980946,0
4443,train,0,0.23980471882341667,0
7429,train,0,0.000590352756052009,0
6543,train,0,0.0015906147468728899,0
7370,train,0,0.0016069037473708805,0
5829,train,0,0.0008895450277650134,0
8125,train,0,0.002170116902246376,0
4788,train,0,0.0016161263916602113,0
7146,train,0,0.0017991167015346087,0
1547,train,0,0.0053907847672970055,0
473,train,0,0.0004501160605062956,0
1680,train,0,0.22772394645548266,0
4959,train,0,0.0016677460915724203,0
8254,train,0,0.000789355901412043,0
9974,train,1,0.8031427605132511,1
3952,train,0,0.002165343759054109,0
5511,train,0,0.0017783184996297873,0
5850,train,0,0.0008432383624839926,0
727,train,0,0.0004680089610450266,0
3534,train,0,0.0019099989178032214,0
7504,train,0,0.0016069781249556628,0
6535,train,0,0.0008843529370279259,0
6977,train,0,0.16884603677613882,0
2514,train,0,0.0024380552629364805,0
6988,train,0,0.0021097772354336923,0
3426,train,0,0.012971764613159612,0
8241,train,0,0.02027481557010203,0
4052,train,0,0.0012322244210809707,0
8391,train,0,0.0013974542359953298,0
7126,train,0,0.0012973267658532863,0
4869,train,0,0.001768412814394405,0
1808,train,1,0.436165953932332,1
1548,train,0,0.0028855258733297153,0
8187,train,0,0.005257832343649832,0
6783,train,0,0.00448406014194723,0
4509,train,0,0.0048742727762289845,0
4269,train,0,0.001906563770334165,0
5486,train,0,0.0314579070963372,0
629,train,0,0.0017256456152786879,0
6725,train,0,0.0072973505443405026,0
1309,train,0,0.0009700933651911076,0
5551,train,0,0.08860393379080023,0
8446,train,0,0.000935346898597251,0
54,train,0,0.0013603976897970998,0
4129,train,0,0.0026621536638248328,0
475,train,0,0.0009563071057200848,0
3199,train,0,0.0007715981796589129,0
5809,train,0,0.001245433938238399,0
361,train,0,0.00043502586276427595,0
1404,train,0,0.0008270099623923378,0
5259,train,0,0.0017455914885750492,0
1430,train,0,0.003562422003965942,0
9574,train,0,0.0040248082389365905,0
5359,train,0,0.005381195985730498,0
117,train,0,0.0009559141673240824,0
1017,train,0,0.0038605460418265785,0
4536,train,1,0.9073127570786601,1
5632,train,0,0.020896716804807577,0
1676,train,0,0.03247248786456381,0
7512,train,0,0.0008396051448866652,0
3978,train,0,0.03174534937250159,0
3233,train,0,0.00098644335487312,0
621,train,0,0.004652221856334918,0
7797,train,0,0.0009283198797098739,0
6427,train,0,0.0030965770918649155,0
4943,train,0,0.0024259536383250424,0
6792,train,0,0.001393116498153986,0
7153,train,0,0.0015653055852949836,0
1086,train,0,0.03241496678579276,0
4406,train,1,0.8765459878997005,1
3313,train,0,0.0010262351219718678,0
9692,train,0,0.0008623171049579073,0
3654,train,0,0.001102896578496371,0
9020,train,0,0.0005275698634197195,0
9804,train,0,0.0009047905460133983,0
7501,train,0,0.0013595401414389914,0
7746,train,0,0.0021602552677030063,0
8526,train,0,0.0020007558890279237,0
6102,train,0,0.002031925420169655,0
1893,train,0,0.004107378641010394,0
9996,train,0,0.0011980099188924657,0
1087,train,1,0.22567203425676122,0
6663,train,0,0.002630503187200061,0
6669,train,0,0.05680988974294001,0
7291,train,0,0.002905844039290339,0
5983,train,0,0.0018834221983454029,0
213,train,0,0.0037789968571160684,0
9914,train,0,0.0012855624623716178,0
5963,train,0,0.0010478271591188835,0
9784,train,0,0.004698636316865274,0
3799,train,0,0.00234338118101373,0
4556,train,1,0.9040932262879244,1
1838,train,0,0.001044284315999253,0
5344,train,0,0.02567666637823921,0
8388,train,0,0.0061185552618410865,0
8719,train,0,0.0009273577672421518,0
9045,train,0,0.0004918470053941775,0
1021,train,0,0.0021245838950758396,0
1027,train,0,0.0048251079192820475,0
9666,train,0,0.07074813975906108,0
6739,train,0,0.0011033764753613266,0
1918,train,0,0.000759632755341457,0
7892,train,0,0.0006384005588797818,0
3670,train,0,0.0013409888553428213,0
9335,train,0,0.032498871522280356,0
3791,train,0,0.0018429083207769025,0
2000,train,0,0.004663645582717983,0
6368,train,0,0.0019504711259721954,0
6051,train,0,0.005331463232995969,0
198,train,0,0.0011409070456451387,0
8965,train,0,0.0012589393869427785,0
6617,train,0,0.21149412220076852,0
8152,train,0,0.003517360444180813,0
9955,train,0,0.0014090958416750872,0
7729,train,0,0.007722653118809111,0
3062,train,0,0.000665140740601486,0
390,train,0,0.00080650786430004,0
1817,train,0,0.0043169170293318945,0
2373,train,0,0.00336402127080214,0
2841,train,0,0.004750918727835462,0
1599,train,0,0.0009639767376495278,0
8605,train,0,0.049013994419321694,0
3554,train,0,0.001864138927855239,0
4071,train,1,0.6009614774521497,1
7158,train,0,0.0050094099879160105,0
315,train,0,0.00048813790608701323,0
9849,train,0,0.18937262001418514,0
1488,train,0,0.0008719086460314346,0
4914,train,0,0.0015276639035071548,0
547,train,0,0.0005306525890331166,0
2284,train,0,0.0034667076184752075,0
1140,train,0,0.0024011539938029553,0
5484,train,0,0.02002296378957869,0
1788,train,0,0.0035197972659749685,0
2393,train,0,0.0017785198758645253,0
5177,train,0,0.007619289283563163,0
8669,train,0,0.0005311012769397893,0
1188,train,0,0.0014106957660388443,0
4781,train,0,0.006050754174556925,0
7127,train,0,0.008936458189948985,0
5993,train,0,0.03920838938981148,0
5246,train,0,0.0016200980696646622,0
5554,train,0,0.0009944018568687942,0
3815,train,0,0.0021074892221227804,0
2210,train,0,0.002421391324047468,0
6957,train,0,0.005009908674827035,0
8935,train,0,0.0006479056738590297,0
7033,train,0,0.0015715879427587267,0
5882,train,0,0.0009498339456910175,0
4920,train,1,0.7970646434733127,1
4007,train,0,0.061129373498417655,0
460,train,0,0.0008931003149125715,0
3063,train,0,0.0018417018648197731,0
8336,train,0,0.0031632982512781902,0
3485,train,0,0.01649716471433313,0
5584,train,0,0.0012970108947795603,0
9611,train,0,0.0017037862694413524,0
2571,train,0,0.0006170352860778081,0
2180,train,0,0.0007795732993999914,0
6771,train,0,0.0009310942132697348,0
7977,train,0,0.02006829827153429,0
5176,train,0,0.0019455071891278145,0
3184,train,0,0.0010336469836380567,0
5634,train,0,0.06813106649644024,0
6532,train,0,0.0034298637694728878,0
3442,train,0,0.002202690445067418,0
7089,train,0,0.0008690226996240307,0
8048,train,0,0.001544823055257216,0
9603,train,0,0.001059136261648911,0
5763,train,0,0.001340757708889022,0
1718,train,0,0.002814732664482297,0
5264,train,0,0.0162118262216128,0
817,train,0,0.0036104074624949767,0
66,train,0,0.0021158002669616565,0
4557,train,0,0.0033589894920086315,0
8210,train,0,0.0013491656956629086,0
7036,train,0,0.0022273653037878562,0
2494,train,1,0.8544331505438288,1
52,train,0,0.0007087408753188367,0
3070,train,0,0.0011103838918937285,0
6469,train,0,0.001044604740465418,0
8487,train,0,0.0032488039007169374,0
5279,train,0,0.0017233152152669672,0
477,train,0,0.0004327191510670047,0
5724,train,0,0.006082147828759474,0
1941,train,0,0.012656935619080554,0
2308,train,0,0.00830689343627175,0
5990,train,0,0.120262095801564,0
2506,train,0,0.0007718411639470979,0
9148,train,0,0.000520596788289828,0
4597,train,0,0.0021266918200730893,0
219,train,0,0.00317874390105882,0
4562,train,0,0.12695500145469255,0
1080,train,0,0.006381952653683246,0
666,train,0,0.0007060957625176242,0
1930,train,0,0.0007324866521956489,0
692,train,0,0.0005979055481234191,0
7143,train,0,0.0010869133656312973,0
766,train,0,0.0008521812624806932,0
5818,train,0,0.06375627425135506,0
1973,train,0,0.0036517689762877188,0
6502,train,0,0.18559381844919468,0
4745,train,0,0.0020856037404616188,0
370,train,0,0.0005009175949146833,0
4731,train,1,0.9032839523929042,1
6644,train,0,0.001602766277185158,0
5557,train,0,0.0013240177931198843,0
9041,train,0,0.17846352558463643,0
5964,train,0,0.0014899008824767522,0
9507,train,0,0.0009890312459185538,0
6334,train,0,0.0060170842945088485,0
6104,train,0,0.0006473434530366039,0
8563,train,0,0.000984028484807141,0
5439,train,0,0.002123096380505704,0
1410,train,0,0.003208370646445737,0
8231,train,0,0.003824634271265996,0
8283,train,0,0.07813363986807507,0
7971,train,0,0.002387033661810003,0
9756,train,0,0.04234821269948495,0
1730,train,0,0.0052974304624323195,0
5189,train,0,0.007268074997108133,0
8263,train,0,0.0011982726867176639,0
3347,train,0,0.001057127954535401,0
2501,train,0,0.02021381450376035,0
1358,train,0,0.0007293574036198804,0
662,train,0,0.000400408516448819,0
3068,train,0,0.0006144209797240399,0
8948,train,0,0.0005476216925799612,0
1386,train,0,0.0018933143703925566,0
4769,train,0,0.003512529852183316,0
1000,train,0,0.00785227765324833,0
9663,train,1,0.5556372670606213,1
5544,train,0,0.0032559427712685095,0
469,train,0,0.0003678431634504727,0
2113,train,0,0.0032346279134333506,0
3740,train,0,0.008363363654809393,0
1058,train,0,0.003064216128255708,0
4691,train,0,0.0018487112900010313,0
6737,train,0,0.001528027349185173,0
1453,train,0,0.0014130514763265071,0
2754,train,0,0.0012910294766933191,0
4839,train,0,0.01830468678429538,0
4613,train,0,0.04044028924317935,0
3227,train,0,0.0008881417250084037,0
8508,train,0,0.0007420686481565045,0
6426,train,0,0.0008970942659054041,0
4401,train,0,0.001912013073045532,0
6654,train,0,0.1136768184712325,0
5515,train,0,0.0030908868977439826,0
2403,train,0,0.003073329867863095,0
7913,train,0,0.0018196512041686675,0
5885,train,0,0.0010776661345404553,0
7467,train,0,0.0008736167448791448,0
5284,train,0,0.0028689768653283603,0
5473,train,0,0.03142538878717906,0
8092,train,0,0.0007323095770596826,0
6322,train,0,0.0011790223807320475,0
4112,train,0,0.0011080906090580708,0
9498,train,0,0.0009765605760605263,0
6168,train,0,0.028879987654016753,0
6446,train,0,0.0010465967235298583,0
7394,train,0,0.0011989278379836048,0
8534,train,0,0.001211055291307649,0
5984,train,0,0.008644983316376215,0
5707,train,0,0.001511665989558575,0
6842,train,0,0.046456257921058494,0
565,train,0,0.00039857218921230645,0
6041,train,0,0.0030065546984712815,0
3999,train,0,0.010504411227747713,0
5516,train,0,0.0022359605356638036,0
1577,train,0,0.0012728766696253264,0
7234,train,0,0.003216736015079449,0
6700,train,0,0.006376746841640216,0
2716,train,0,0.0009989144245057873,0
3855,train,0,0.000962409518551633,0
3343,train,0,0.0014367940299184708,0
4878,train,0,0.03673175203683549,0
3079,train,0,0.004345867128463327,0
282,train,0,0.001983624905527965,0
3559,train,0,0.0024262946669022308,0
6935,train,0,0.0009392788361175404,0
4203,train,0,0.0973212281824044,0
3260,train,0,0.010578860395758555,0
6545,train,0,0.001415003105801887,0
9569,train,0,0.001813502057408345,0
4003,train,0,0.0011033764753613266,0
2076,train,0,0.0017807703014193414,0
5847,train,0,0.0014458070277852165,0
4181,train,0,0.0016103503300394794,0
8897,train,0,0.00047750298045539676,0
30,train,0,0.0030983241987188287,0
63,train,0,0.0014844676546825275,0
9925,train,0,0.003921102896517273,0
4803,train,0,0.001239748537970809,0
8088,train,0,0.00349639142869961,0
5937,train,0,0.0008915311843133151,0
7464,train,0,0.0007522531621617853,0
9797,train,0,0.0007538648622215099,0
680,train,0,0.00088770040737317,0
1111,train,0,0.003772399690250951,0
2691,train,0,0.0017619939885537468,0
3101,train,0,0.0010155031899150748,0
7825,train,0,0.000857477584953386,0
2352,train,0,0.0029227602647889828,0
5181,train,0,0.0019455071891278145,0
1025,train,0,0.0013082788227612666,0
1222,train,0,0.06855872727053153,0
7164,train,0,0.0010267983080451198,0
5098,train,0,0.0016889371305918376,0
9040,train,0,0.0005208511131822849,0
815,train,0,0.0015996845824774342,0
7570,train,0,0.0009900192339946845,0
3560,train,0,0.0018845251357577375,0
4405,train,1,0.9202538763956376,1
4198,train,0,0.0035679850976890015,0
9862,train,0,0.003021680151356266,0
6376,train,0,0.0011327721071035157,0
6433,train,0,0.0012437179072721351,0
4561,train,0,0.0024953534546850965,0
3279,train,0,0.012844961686964699,0
9576,train,1,0.1882832289634187,0
4441,train,1,0.9227081326482471,1
5868,train,0,0.0012416682798235032,0
2913,train,0,0.0009786909615879856,0
7946,train,0,0.0010651592050888398,0
6626,train,0,0.0013707878844172684,0
9466,train,0,0.0012957870365828642,0
7410,train,0,0.001226898515320182,0
7669,train,1,0.7652163945983615,1
1298,train,0,0.004161100100595599,0
159,train,0,0.07561781064258886,0
8676,train,0,0.00041381503953001646,0
6688,train,0,0.0027071980039235196,0
5912,train,0,0.0017706070918006972,0
9798,train,0,0.0013400485642887218,0
216,train,0,0.001542041332019316,0
3810,train,0,0.0020374030387810766,0
7208,train,0,0.002218141485776678,0
5612,train,0,0.0014611692476996204,0
3956,train,0,0.0010098435501074469,0
9900,train,0,0.0012483520915244543,0
1638,train,0,0.0019078279522135979,0
1825,train,0,0.003160060040948123,0
8435,train,0,0.0013510666615470619,0
9965,train,0,0.004092288701894483,0
1610,train,0,0.0008721340618641063,0
6159,train,1,0.44231986699788034,1
3074,train,0,0.0011882879778726896,0
7960,train,0,0.0005672895457612563,0
4137,train,0,0.02752570194653087,0
6862,train,0,0.0018210683203202978,0
1366,train,0,0.007798465774581725,0
1726,train,0,0.006386355619807861,0
1977,train,0,0.002007552230317582,0
9564,train,0,0.00130547128398147,0
5898,train,0,0.03807329933250629,0
9010,train,0,0.0015268415178747304,0
638,train,0,0.0009812666302191147,0
4863,train,0,0.0019610599793297057,0
8921,train,0,0.0008314713524255773,0
1029,train,0,0.0032414503259151827,0
4400,train,1,0.9047650232361126,1
1288,train,0,0.0036380701801659067,0
4036,train,0,0.032290676015482855,0
2836,train,0,0.0011166874962104387,0
7562,train,0,0.009511994716757878,0
5442,train,0,0.024952699229803775,0
6520,train,0,0.0009744186278723881,0
8477,train,0,0.0010261556928624685,0
4051,train,0,0.11594427408382009,0
4668,train,0,0.0022216056688954687,0
1826,train,0,0.0007918903678631002,0
3020,train,0,0.04374151285086255,0
599,train,0,0.00046567003291350407,0
795,train,0,0.001400496894361572,0
6396,train,0,0.0011140756221290232,0
3237,train,0,0.001717356901103069,0
1057,train,0,0.0015277521708046435,0
999,train,0,0.006366817323074871,0
4844,train,1,0.8022445751619135,1
1642,train,0,0.0021407035902352134,0
7281,train,0,0.001497478870952319,0
2469,train,0,0.0016945806595790283,0
6544,train,0,0.001501080809373648,0
8264,train,0,0.002954513675142662,0
4761,train,1,0.7871274160341258,1
8774,train,0,0.0015080506371922668,0
2034,train,0,0.003571968909345619,0
4533,train,1,0.875475940174197,1
5065,train,0,0.002336982182813364,0
2276,train,0,0.003574563770710178,0
8862,train,0,0.0005200165255686769,0
2545,train,0,0.0008807714168449966,0
9591,train,0,0.0009357003204623766,0
1192,train,0,0.0007455395619984376,0
724,train,0,0.0010959009666838364,0
7740,train,0,0.0037098542048491457,0
1063,train,0,0.002896526232627427,0
1470,train,0,0.0020533682748306464,0
1815,train,0,0.0009237228824048573,0
9367,train,0,0.0008698867663714628,0
6843,train,0,0.021746974768786197,0
9188,train,0,0.0006630599400024741,0
5625,train,0,0.0014970440511093755,0
362,train,0,0.0004172633216329524,0
4713,train,0,0.01777035138448987,0
5891,train,0,0.0060513117982937655,0
5020,train,0,0.0019593767247522353,0
5386,train,0,0.045255474278930355,0
2268,train,0,0.0032961210194345043,0
4048,train,1,0.3658905566020883,0
367,train,0,0.0005596437294409077,0
7988,train,0,0.0008784853374680558,0
5529,train,0,0.0009737502812926772,0
2055,train,0,0.0009783814902789504,0
4504,train,0,0.002066857369414422,0
9166,train,0,0.0009408915051193534,0
708,train,0,0.0013631619090689433,0
276,train,0,0.0016564120067245486,0
658,train,0,0.0005843931489790861,0
7696,train,0,0.009848704448264049,0
423,train,0,0.0005279267197915908,0
3919,train,0,0.0010160448197355865,0
513,train,0,0.0008277312994994732,0
4674,train,0,0.020150175181970747,0
1256,train,0,0.0004526018788603887,0
8548,train,0,0.0011869371896685522,0
2651,train,0,0.0014390043616107112,0
4467,train,0,0.09870700876676344,0
5315,train,0,0.0020648670368102746,0
4513,train,0,0.0023463496211764204,0
6235,train,0,0.0010070625509174319,0
5635,train,0,0.0027704736060646445,0
9491,train,0,0.02699294343377541,0
2602,train,0,0.0008499547363173617,0
7022,train,0,0.0010274409535639096,0
4798,train,0,0.003285187576705998,0
3247,train,0,0.0013515417550826112,0
8457,train,0,0.003729289395234183,0
5832,train,0,0.0008179477311142163,0
8191,train,0,0.04524763866027825,0
4581,train,0,0.0017761232122134065,0
3002,train,0,0.0019416714868540235,0
5754,train,0,0.0011951711136115575,0
6646,train,0,0.0018884472951059268,0
1864,train,0,0.0012089810034487825,0
1333,train,0,0.051821334396362585,0
8066,train,0,0.0015655843006607932,0
641,train,0,0.0017877784619077216,0
4456,train,0,0.007068185872230227,0
3604,train,0,0.0015976108001782695,0
4012,train,0,0.041195112544717846,0
5247,train,0,0.0026302216101574405,0
7125,train,0,0.022332814377246088,0
767,train,0,0.0009520645273130564,0
8770,train,0,0.000575871878662266,0
1767,train,0,0.0017478748513681554,0
4177,train,0,0.0021859163037755143,0
6095,train,0,0.0027237967110300405,0
9785,train,0,0.0010500835423946052,0
1940,train,0,0.001149058967158386,0
168,train,1,0.8069377868308865,1
3904,train,0,0.004409112620386415,0
9776,train,0,0.002423955325183886,0
5518,train,0,0.0014790835247108865,0
1873,train,0,0.010526285069850556,0
7980,train,0,0.0006736029120592078,0
5507,train,0,0.001196727208493637,0
946,train,0,0.0025968815872739557,0
577,train,0,0.00060799395840026,0
7848,train,0,0.060041007129654184,0
2546,train,0,0.0007629888651897844,0
1764,train,0,0.008616269851627776,0
2031,train,0,0.4039886514459299,1
2512,train,0,0.001360635258018918,0
8597,train,0,0.0013178770464456744,0
6096,train,0,0.0006259629529701919,0
5263,train,0,0.0019610599793297057,0
9546,train,0,0.0007183130600538199,0
668,train,0,0.0008832282064056432,0
9190,train,0,0.0007928134930257259,0
0,train,0,0.0005876193677435878,0
9686,train,0,0.0007654680858752734,0
2070,train,0,0.006438337192205363,0
2863,train,0,0.027555893525833555,0
8001,train,0,0.004365863852778922,0
4276,train,0,0.006427606390993449,0
3333,train,0,0.1800677892152216,0
9467,train,0,0.001839831318559155,0
9060,train,0,0.0015865570609514617,0
1184,train,0,0.0006950923020853657,0
5312,train,0,0.002397567427458691,0
4857,train,0,0.001474682629043175,0
3579,train,1,0.24468516541473387,0
8404,train,0,0.001080299855541729,0
2447,train,0,0.0028554875711313465,0
5641,train,0,0.0011528705653867358,0
9977,train,0,0.0029767426120371004,0
8089,train,0,0.0015132272920448731,0
7666,train,0,0.0039384868063530795,0
2271,train,0,0.00229949916923878,0
3452,train,0,0.002192839656740269,0
6010,train,0,0.001198681426410703,0
3195,train,0,0.0005229864655869485,0
3428,train,0,0.01382893624378275,0
7170,train,0,0.0016847343460922501,0
5224,train,0,0.001986219266988518,0
5048,train,1,0.4778339571754034,1
8233,train,0,0.0011340349516980013,0
509,train,0,0.0006223504636991158,0
6781,train,0,0.0008293185263765528,0
9350,train,0,0.2150413954807021,0
5828,train,0,0.0010596297753758244,0
2452,train,0,0.19094378296551381,0
7654,train,0,0.0010526153330689305,0
9478,train,0,0.0018270818272489526,0
7806,train,0,0.0028432783050601966,0
6091,train,0,0.03354083796001616,0
2361,train,0,0.001408357780474842,0
5606,train,0,0.001508283594252465,0
7377,train,0,0.0039148319952904105,0
3701,train,0,0.011888703383208054,0
9007,train,0,0.002978067179586426,0
4382,train,0,0.04019600161521558,0
1784,train,1,0.3811461159943158,1
2061,train,0,0.002696283270455859,0
2712,train,0,0.003066286486146371,0
7794,train,0,0.003019826958614148,0
3478,train,0,0.0018845251357577375,0
4660,train,0,0.003386990075331173,0
2425,train,0,0.0019121948313216876,0
5208,train,0,0.0031238908637797594,0
930,train,0,0.0028831487361492287,0
1483,train,0,0.0008085549564025612,0
1172,train,0,0.1905034530831349,0
445,train,0,0.0006675526710868679,0
912,train,0,0.0010513110012688178,0
3667,train,0,0.0010623407990076757,0
284,train,0,0.003221489682253401,0
9811,train,0,0.0007036314368469164,0
5418,train,0,0.0014682273489725096,0
8904,train,0,0.0006268014193586712,0
675,train,0,0.0019603606735933508,0
8803,train,0,0.0008359423094108086,0
3334,train,0,0.001562080885613037,0
2322,train,0,0.0018113138864441526,0
2874,train,0,0.001267154989903296,0
9175,train,1,0.6380799177760543,1
7548,train,0,0.0007800261931977099,0
6614,train,0,0.0022904089580754947,0
4841,train,0,0.03610514532510888,0
8853,train,0,0.0005688516040488402,0
83,train,0,0.0007052003679228649,0
7738,train,0,0.009760469690231,0
4996,train,0,0.0027856776583201955,0
2532,train,0,0.003050548067238048,0
8936,train,0,0.0005279267197915908,0
7619,train,0,0.0024333633784033998,0
4237,train,0,0.0025745563057784724,0
9941,train,0,0.0017890840659212663,0
2518,train,0,0.003213458873109626,0
7615,train,0,0.0036321513664490804,0
8727,train,0,0.000885605684966226,0
8433,train,0,0.0019492034636510152,0
7616,train,0,0.0006636103530225368,0
9032,train,0,0.0007744120157697614,0
8858,train,0,0.0006703966178731451,0
5316,train,0,0.0017612119694780388,0
8894,train,0,0.00037367980287949176,0
4922,train,0,0.0014297990976347183,0
6023,train,0,0.0033312562311339543,0
2592,train,0,0.0016046676070589556,0
9852,train,0,0.0022190492190748076,0
4346,train,0,0.0029153463615413234,0
8806,train,0,0.00047898320971694904,0
944,train,0,0.003514594979177505,0
9068,train,0,0.0005055640112499774,0
5822,train,0,0.051424593072483614,0
5777,train,0,0.0048378387400688375,0
7896,train,0,0.003020420642677835,0
6868,train,0,0.004510149888343346,0
1367,train,0,0.001188827958466568,0
7141,train,0,0.00611356685760694,0
9434,train,0,0.00045516338675331196,0
3029,train,0,0.0011362368941448544,0
5258,train,0,0.00382481218489491,0
4615,train,0,0.003620666661691679,0
5376,train,0,0.07633089879191127,0
9315,train,0,0.0010849371781040333,0
9377,train,0,0.0005693312086573678,0
4298,train,0,0.005271770583414099,0
4345,train,0,0.002327849557394929,0
5514,train,0,0.0022938941849929544,0
764,train,0,0.011816421856426399,0
5392,train,0,0.08718606990639713,0
6255,train,1,0.9186349259559498,1
7614,train,0,0.0032935535001404523,0
7110,train,0,0.001285541394230444,0
9953,train,0,0.0024445648166326562,0
495,train,0,0.0007846747061669526,0
4151,train,1,0.7062777168583045,1
6462,train,0,0.0010253894973136285,0
2656,train,0,0.0045005871403467415,0
2150,train,0,0.0019447625309255688,0
2166,train,1,0.371765241214067,1
9995,train,0,0.0012176407963289241,0
8414,train,0,0.002867885610484448,0
2394,train,0,0.0017785198758645253,0
1401,train,0,0.0009016712360607454,0
1902,train,0,0.006563699571594795,0
2876,train,0,0.001396766169439,0
3211,train,0,0.001061771968109824,0
6199,train,0,0.0010669348242936733,0
6317,train,0,0.007693389106292658,0
2684,train,0,0.0007036678948879063,0
1182,train,0,0.001196327472936311,0
9906,train,0,0.023719470768902903,0
2010,train,0,0.014507943200613879,0
8318,train,0,0.0008217327081146856,0
1536,train,0,0.0029886270478994294,0
3418,train,0,0.0012803139766803427,0
7233,train,0,0.0032973365741184382,0
4811,train,0,0.0027260883897757796,0
9425,train,0,0.0015889394904479376,0
6087,train,0,0.0009220103265518669,0
7804,train,0,0.0013309393232489367,0
3879,train,0,0.010547557234499152,0
1712,train,0,0.0017795983845154835,0
6567,train,0,0.0011286016089058868,0
7965,train,0,0.0010580842193800603,0
2885,train,0,0.002700245665483462,0
6054,train,0,0.0008472722596991536,0
5807,train,0,0.0014549407750488802,0
8540,train,0,0.0014684295500893862,0
454,train,0,0.0012220645336955345,0
1549,train,0,0.0012582332924676815,0
9115,train,0,0.001149942180318091,0
7811,train,0,0.0008419730298026559,0
4663,train,0,0.03544351467764038,0
1399,train,0,0.0010783797084404254,0
3861,train,0,0.05105020940439251,0
1576,train,0,0.0012728766696253264,0
2173,train,0,0.0005995614234917477,0
3329,train,0,0.0024714385975005628,0
5276,train,0,0.0014344264404055158,0
465,train,0,0.0004536343042762026,0
1983,train,0,0.0010231837406759008,0
1476,train,0,0.0017558478270389396,0
6665,train,0,0.0027975413538926133,0
869,train,0,0.002614209328098731,0
9228,train,0,0.000536178583447795,0
3864,train,0,0.10451489701255189,0
5710,train,0,0.00416519732949256,0
2411,train,0,0.0020041953015137756,0
5538,train,0,0.0012783266391006088,0
6902,train,0,0.0008692341552484591,0
2565,train,0,0.00229674478731074,0
9165,train,0,0.3959023773393602,1
424,train,0,0.0012769425180913082,0
8163,train,0,0.0011019008758933314,0
6417,train,0,0.04899051735909444,0
6448,train,0,0.001926232741883471,0
1132,train,0,0.35192106596306066,0
3014,train,0,0.001349181724961645,0
7836,train,0,0.0014545334565305211,0
317,train,0,0.0009250214000387489,0
8257,train,0,0.0007698278288211353,0
7260,train,0,0.1918905811407058,0
277,train,0,0.0012220358401228968,0
2247,train,0,0.003630852936591119,0
8680,train,0,0.0006650911279666552,0
3564,train,0,0.0013116743966532804,0
6034,train,0,0.00321065416925834,0
8036,train,0,0.0020731064792935345,0
9479,train,0,0.0007652332592584718,0
2330,train,0,0.05295399441517566,0
3146,train,0,0.00247960159716636,0
7018,train,0,0.0028476538214239626,0
3125,train,0,0.0009096472394499675,0
6372,train,0,0.0015062638744510156,0
6581,train,0,0.0018020377132318675,0
280,train,0,0.0008551300059428003,0
2107,train,0,0.0020419534074774095,0
2830,train,0,0.001443771045906273,0
2744,train,0,0.0018462006876480308,0
1295,train,0,0.005094896519726683,0
7439,train,0,0.0006394744234898721,0
3637,train,0,0.0008573504998058788,0
1827,train,0,0.0017076278562453927,0
5378,train,0,0.0012663556143615207,0
8270,train,0,0.0014204436712779863,0
1639,train,0,0.0010889242906168732,0
7670,train,0,0.0023293563306152365,0
6424,train,0,0.0015623524829062158,0
1208,train,0,0.0009011192209765357,0
1461,train,0,0.0016250909691702049,0
2496,train,0,0.056616162220982806,0
1807,train,0,0.004735270735305369,0
7754,train,0,0.0015981303394453185,0
130,train,0,0.0015071724325471589,0
7453,train,0,0.0028154641346731057,0
7859,train,0,0.0038078825205129997,0
7868,train,0,0.0027566857365240015,0
4174,train,0,0.002314225802317711,0
6109,train,0,0.0010693352191496034,0
1161,train,1,0.8779711816082626,1
9265,train,0,0.00290446686264309,0
1193,train,0,0.0013201916795381504,0
7275,train,0,0.000840113264889448,0
9691,train,0,0.0008797625582283419,0
2432,train,0,0.0010692163973433796,0
7638,train,0,0.0011312908488802747,0
4563,train,0,0.0037769469313347123,0
1147,train,0,0.0009231400761543723,0
9099,train,0,0.0013599198882647185,0
335,train,0,0.0008812988271569831,0
9098,train,0,0.0009496022070827462,0
8368,train,0,0.0009013866753745814,0
3281,train,0,0.007265856474161157,0
7883,train,0,0.0018153970846498885,0
8081,train,0,0.002964783551376813,0
5005,train,0,0.008224190337608649,0
8756,train,0,0.0007833341772176663,0
8034,train,0,0.0009880268936856703,0
8697,train,0,0.0005526901583596975,0
4180,train,0,0.005027051603487656,0
821,train,0,0.0016878833383249087,0
7166,train,0,0.04489421517208707,0
4182,train,1,0.7524961422821079,1
439,train,0,0.0005472515305200023,0
7311,train,0,0.0007672931964715312,0
3350,train,1,0.8176640229465092,1
8261,train,0,0.0027994208926351086,0
6076,train,0,0.0017311191204565518,0
7200,train,0,0.0009325529527971501,0
8255,train,0,0.0008543097320845108,0
7673,train,0,0.0020067896094385727,0
1883,train,0,0.001168750444286769,0
1048,train,0,0.0037896149203899177,0
6373,train,0,0.0027496536488987905,0
3623,train,0,0.001149506750363626,0
4463,train,0,0.0026415978719542686,0
7024,train,0,0.01832960893493112,0
7224,train,0,0.0006661210847447688,0
237,train,0,0.0007256508511204043,0
3231,train,0,0.003539095248350942,0
4773,train,0,0.02090128695025523,0
646,train,0,0.0003538667193051386,0
1749,train,0,0.004092304184339365,0
5971,train,0,0.0014655671828180685,0
9216,train,0,0.0005284763053045958,0
2785,train,0,0.0007019882286390803,0
1915,train,0,0.0016910146779448498,0
9193,train,0,0.0005240643338203701,0
3475,train,0,0.0018845251357577375,0
8725,train,0,0.0005727833958540146,0
5398,train,0,0.07514296237753956,0
1588,train,0,0.0011519133750567978,0
5920,train,0,0.0011896719633974592,0
8385,train,0,0.001434227644288939,0
4945,train,0,0.0018105869487265417,0
1327,train,0,0.028170815141638477,0
1374,train,0,0.0010271991579830632,0
3710,train,0,0.0015407808425860201,0
2993,train,0,0.012898276176963801,0
2995,train,0,0.001957334634431056,0
9911,train,0,0.0006698544943924264,0
3764,train,0,0.1923949664874934,0
9842,train,0,0.002460850030523532,0
9346,train,0,0.000887786913245012,0
4189,train,0,0.0023711209624369825,0
1365,train,0,0.0009850915853342804,0
4524,train,0,0.00200176708037041,0
2390,train,0,0.0015071724325471589,0
4826,train,0,0.3350610969901759,0
4217,train,0,0.003700528395928779,0
1439,train,0,0.0010167708611648592,0
1823,train,0,0.0021684428563489362,0
4596,train,1,0.7762462010824711,1
6773,train,0,0.006144088508001185,0
8161,train,0,0.00084069465626804,0
7827,train,0,0.0020282688790645032,0
2829,train,0,0.0009711328911452266,0
1385,train,0,0.0008295943665265021,0
7607,train,0,0.0006919692783831361,0
410,train,0,0.0006293151082746387,0
6324,train,0,0.005883419070715184,0
6268,train,0,0.0008078038857125632,0
8562,train,0,0.002502133980360834,0
4047,train,0,0.004876781430000739,0
3677,train,0,0.07331836706809543,0
7833,train,0,0.0013989563354719257,0
1611,train,0,0.0012673254619769393,0
7998,train,0,0.0030104000843397946,0
2503,train,0,0.001814741830504143,0
9480,train,0,0.0016850054248912629,0
1948,train,0,0.0018272962024834648,0
3253,train,0,0.0015283273248044627,0
2919,train,0,0.0019289303454177156,0
7482,train,0,0.0014450304314152654,0
4293,train,0,0.36267748776080777,0
7581,train,0,0.008890284106654368,0
8692,train,0,0.0005545451965464287,0
2041,train,0,0.00168408258045898,0
1525,train,0,0.18598254827853408,0
9343,train,0,0.0032497917688064917,0
8824,train,0,0.0006206160853844016,0
8579,train,0,0.0005078530888202315,0
5930,train,0,0.0017397512217697043,0
9058,train,0,0.0037746020697442574,0
6636,train,0,0.0016509331492254391,0
8173,train,0,0.000770844440471501,0
6579,train,0,0.0013880523230045039,0
5653,train,0,0.08159390029056637,0
7745,train,0,0.0012824585598005993,0
8602,train,0,0.05037767542682068,0
4295,train,0,0.08390719152731708,0
4683,train,0,0.002113533159121628,0
7422,train,0,0.022056337974264036,0
839,train,0,0.001657065339739941,0
9840,train,0,0.0008655043563679343,0
235,train,0,0.0005098286468319542,0
4987,train,0,0.02105657933199886,0
808,train,0,0.0017771548616721277,0
9053,train,0,0.00048654136950354495,0
4969,train,0,0.0014882186431817278,0
4362,train,0,0.015879844018744985,0
2653,train,0,0.0012975753026444352,0
6151,train,0,0.0010297228973838227,0
2375,train,0,0.0017397419606344144,0
2299,train,1,0.7277329713631978,1
8076,train,0,0.004051077572346258,0
5576,train,0,0.0008800222592361044,0
9340,train,0,0.0014109551533305884,0
194,train,1,0.24457090333267337,0
2955,train,0,0.0011746819489616607,0
7623,train,0,0.0015596869090072846,0
5605,train,0,0.0013079797008328248,0
7604,train,0,0.0008914960124141459,0
9000,train,0,0.0017216174494506227,0
5650,train,0,0.18902345441555762,0
8886,train,0,0.000947820984252736,0
7933,train,0,0.06789053848844491,0
523,train,0,0.0015341718672666684,0
2851,train,0,0.11974395499204357,0
319,train,0,0.0005329087121911769,0
5729,train,0,0.0009957244781471429,0
4183,train,0,0.02985766368511345,0
6997,train,0,0.0015993135896921135,0
3437,train,0,0.11116797068237422,0
8565,train,0,0.000984028484807141,0
3656,train,0,0.021912311282593938,0
6556,train,0,0.001855770920307367,0
5022,train,0,0.004960410696964959,0
2131,train,0,0.002021475190312298,0
102,train,0,0.0012230790916272936,0
8547,train,0,0.001884055484606319,0
8369,train,0,0.0020628658714808836,0
179,train,0,0.002504930089244979,0
4005,train,0,0.005055339574760912,0
3528,train,1,0.9384272579649084,1
5077,train,0,0.001863183586652982,0
3749,train,0,0.0010089486394416936,0
360,train,0,0.0005224373851653309,0
3634,train,0,0.0012736259334354529,0
8117,train,0,0.003126379651459066,0
963,train,0,0.002421574906040012,0
2123,train,0,0.0009884480743207016,0
1891,train,0,0.004013938580152857,0
7921,train,0,0.006031945151832184,0
1742,train,0,0.004725039853209047,0
1541,train,0,0.2942794245591568,0
4294,train,0,0.03826731598867436,0
4393,train,0,0.0035623962963441556,0
6356,train,0,0.001652003531900189,0
8761,train,0,0.0013585366316183091,0
1167,train,1,0.564253318483308,1
8480,train,0,0.0010878523729377855,0
1383,train,0,0.0039107881357384145,0
364,train,0,0.002135004949688789,0
6231,train,0,0.0008448872783113279,0
3301,train,0,0.008949727382045806,0
9049,train,0,0.0005630437980109779,0
3532,train,0,0.0032078592886153516,0
6297,train,0,0.010789504024503911,0
8327,train,0,0.004071292454687706,0
6119,train,0,0.0007487212791451586,0
9416,train,0,0.0010704375118153772,0
7194,train,0,0.0038874171714048927,0
6577,train,0,0.008121083616554507,0
4568,train,0,0.004123501649069461,0
9241,train,0,0.0017913021154581496,0
2389,train,0,0.0022747226303999933,0
4672,train,0,0.03449280785621309,0
5321,train,0,0.003863041821372795,0
4062,train,0,0.005007925675964336,0
2760,train,0,0.020740447382520195,0
7845,train,0,0.08325755432738476,0
593,train,0,0.001437823407522737,0
3958,train,0,0.07807016605648398,0
759,train,0,0.10502523338836263,0
8494,train,0,0.0009561573152249564,0
696,train,0,0.000732285016174945,0
2122,train,0,0.0016940556853766713,0
7592,train,0,0.08039071411459844,0
5715,train,0,0.0010240671770451488,0
7315,train,0,0.0016617397657671198,0
6698,train,0,0.012368638190522795,0
149,train,0,0.001962006481741746,0
5085,train,0,0.013154253762637345,0
3419,train,0,0.0015800622590769566,0
643,train,0,0.0004817522278376538,0
8213,train,0,0.0006964282964252262,0
6274,train,0,0.000759821234181091,0
3535,train,0,0.0031900786167391323,0
9729,train,0,0.0030657932150577804,0
630,train,0,0.0017256456152786879,0
8954,train,0,0.0016432010215386324,0
5775,train,0,0.0013198610965106277,0
983,train,0,0.002901809167631906,0
5746,train,0,0.0010543147481678005,0
6228,train,0,0.005509260689548365,0
7096,train,0,0.0017922275145227683,0
9966,train,0,0.001523015004466467,0
7692,train,0,0.0010185120691031451,0
6275,train,0,0.0008712221363475881,0
8920,train,0,0.001028874245170175,0
9825,train,0,0.001227090426776584,0
9065,train,0,0.09794365924825656,0
8332,train,0,0.0008321942807556549,0
1394,train,0,0.0010844295026753205,0
4018,train,0,0.0017412758324173768,0
5089,train,0,0.005098189419124131,0
7917,train,0,0.0007914845416923565,0
4599,train,0,0.03933702907477715,0
1840,train,0,0.0010977940900287993,0
5216,train,0,0.02598190367397313,0
4314,train,0,0.0010773869230754028,0
9378,train,0,0.0009820643973482326,0
1373,train,0,0.01892876487721386,0
2860,train,0,0.07831242810805006,0
2757,train,0,0.032394010092854864,0
3243,train,0,0.0013580901874475247,0
224,train,0,0.002934820781196949,0
3572,train,0,0.011040285757467185,0
8448,train,0,0.0008822626114143394,0
2692,train,0,0.0009709283924196267,0
9642,train,0,0.005222074476311534,0
6156,train,0,0.0010024153655203265,0
3024,train,0,0.03403068303691076,0
6481,train,0,0.010805055270513387,0
6735,train,0,0.0014587912641962357,0
534,train,0,0.0005134992139064181,0
4167,train,0,0.001825788212665755,0
228,train,0,0.0009652888541959337,0
6514,train,0,0.001419906032251148,0
1097,train,0,0.0050422244858924214,0
2741,train,0,0.0025334465721223855,0
2450,train,0,0.0017972751557352611,0
8554,train,0,0.0007202303403508902,0
783,train,0,0.001626749496197084,0
6418,train,0,0.13103242262996076,0
5134,train,0,0.004641060377208621,0
8236,train,0,0.0008339294937438001,0
1034,train,0,0.010955658785954774,0
1495,train,0,0.0016207518859530552,0
3899,train,0,0.0014093719802506246,0
1474,train,0,0.33690038887859425,0
217,train,0,0.0011192828705892043,0
6142,train,0,0.0014858664836026841,0
7799,train,0,0.001363356661750801,0
7437,train,0,0.0009082198642495142,0
9520,train,0,0.004803665513489465,0
3911,train,0,0.0768117100473984,0
2085,train,0,0.0009349686449165556,0
9527,train,0,0.0008916345419794831,0
5687,train,0,0.188376849076192,0
90,train,0,0.0014007265753335871,0
4514,train,0,0.0023915759924542997,0
5536,train,1,0.1094709165409773,0
9435,train,0,0.0019317614023388434,0
1255,train,0,0.0016527210739587896,0
6831,train,0,0.0024496047424597193,0
8386,train,0,0.00127068210175578,0
6412,train,0,0.002958351010555251,0
7981,train,0,0.0011305166005545386,0
4719,train,0,0.001972980131402168,0
4004,train,0,0.12019245561917646,0
7330,train,0,0.0011443718066364269,0
2154,train,0,0.002668608596013943,0
5948,train,0,0.23452046483083505,0
340,train,0,0.0006400550775863084,0
1232,train,0,0.0006245837685562479,0
872,train,0,0.0032040878432290304,0
9921,train,0,0.0036778274371854517,0
440,train,0,0.0005967659799349547,0
8093,train,0,0.0010242637048447512,0
9695,train,0,0.0010201046893598368,0
2718,train,0,0.0022658296954849717,0
755,train,0,0.03519352565578845,0
7560,train,0,0.0036236938535223738,0
3922,train,0,0.004249320205136949,0
1841,train,0,0.0008789472863839673,0
8728,train,0,0.0008972264336840823,0
9934,train,0,0.0017332484196958373,0
2213,train,0,0.0007301508746809579,0
2521,train,0,0.0009713471523960819,0
5721,train,0,0.0013441503207701497,0
1321,train,0,0.03388473317177377,0
5161,train,0,0.0026096926560703502,0
3960,train,0,0.007046379764502699,0
1765,train,0,0.003458174460786767,0
4317,train,0,0.006183637569693248,0
7344,train,0,0.002790013702327641,0
9513,train,0,0.0006833591039572129,0
8913,train,0,0.0006762934568776327,0
6593,train,0,0.004061639847625149,0
8420,train,0,0.001244379137069562,0
7069,train,0,0.001057127954535401,0
8234,train,0,0.0008339294937438001,0
5601,train,0,0.0012651933046886905,0
1545,train,0,0.0009531655170585478,0
2285,train,0,0.009517248159940662,0
9180,train,0,0.0007743712955589088,0
2529,train,0,0.0012657540071827932,0
6335,train,0,0.003418583233341422,0
4340,train,0,0.002285387502671447,0
4879,train,0,0.0016040845083439281,0
1246,train,0,0.02306393979088729,0
4827,train,0,0.3325879546497031,0
2802,train,0,0.001030551652624385,0
9970,train,0,0.0018217072524197304,0
2332,train,1,0.5641367986975904,1
2128,train,0,0.0019157616188222638,0
6685,train,0,0.0031524531896922198,0
3203,train,0,0.0006161767928076568,0
7747,train,0,0.006784376705143241,0
1792,train,0,0.002318965767966076,0
1234,train,0,0.05094199392702267,0
5925,train,0,0.0005663103609201184,0
9764,train,1,0.4329334293497721,1
7266,train,0,0.001062053208735524,0
3511,train,0,0.0645372616908404,0
8837,train,0,0.00036233091735533363,0
7936,train,0,0.12084940608397328,0
3612,train,0,0.0030709839019555547,0
9142,train,0,0.0004555409578962959,0
4354,train,0,0.08043670971306197,0
8455,train,0,0.023234993413749107,0
9014,train,1,0.611567443453418,1
8040,train,0,0.0006599729345012813,0
7184,train,0,0.0006317450651074045,0
2658,train,0,0.0026090341813480586,0
8961,train,0,0.001862450380510018,0
4645,train,0,0.0652542046793088,0
1102,train,0,0.004250342846267447,0
758,train,0,0.044550158124908854,0
7954,train,0,0.0009085372499841101,0
2363,train,0,0.0018564042938623905,0
435,train,0,0.0005027837221832022,0
4835,train,0,0.016221279851968966,0
6017,train,0,0.0020845237587703764,0
5242,train,0,0.003889941382123601,0
4656,train,0,0.0015484063540806752,0
105,train,0,0.001090657661690975,0
5114,train,0,0.004211201303792638,0
7771,train,0,0.0012140077818041514,0
2374,train,0,0.0018853427688787661,0
9403,train,0,0.0015308412610171998,0
1540,train,0,0.0008274950882053273,0
6265,train,0,0.010222859085813978,0
4411,train,0,0.0022712502693684714,0
487,train,0,0.0005116541973338433,0
9518,train,0,0.0008181495085037974,0
1987,train,0,0.002309977721278413,0
1496,train,1,0.8995316045130366,1
8259,train,0,0.001277636686334021,0
7372,train,0,0.0008329967654377724,0
4402,train,0,0.0022665465280347183,0
6310,train,0,0.012809641999036739,0
4605,train,0,0.006110185421822572,0
4214,train,0,0.00353996488714537,0
9196,train,0,0.0006754707603525487,0
2792,train,0,0.0009492362321163855,0
5038,train,0,0.0019455071891278145,0
5956,train,0,0.0012115349631218048,0
301,train,0,0.000564359882215809,0
2144,train,0,0.0021795872522298605,0
9773,train,0,0.0009601552595187319,0
392,train,0,0.0003812282328896699,0
7577,train,0,0.0015583482540255666,0
3268,train,0,0.0019322143304477334,0
7810,train,0,0.1685845880998995,0
5339,train,0,0.0014987776778555822,0
4721,train,0,0.0022219326212973988,0
4000,train,0,0.0065245189331315425,0
3930,train,0,0.00300953598495961,0
4875,train,0,0.0015204371825817175,0
2798,train,0,0.0007517794839726047,0
655,train,0,0.0007175043884405088,0
1824,train,0,0.012750207216294102,0
1381,train,0,0.0010057076160229872,0
714,train,0,0.0006054864781665254,0
9746,train,0,0.006345720729191353,0
2667,train,0,0.023822997964177285,0
2951,train,0,0.0006979667754834106,0
5464,train,0,0.0012131130241037006,0
6480,train,0,0.0019564186000228887,0
8912,train,0,0.0007189299933116475,0
6917,train,0,0.0014272011352544013,0
2722,train,0,0.0009120491461814432,0
2377,train,0,0.001505377074586852,0
9891,train,0,0.0034773655121205405,0
1376,train,0,0.0009431929430590474,0
1842,train,0,0.005171219732414454,0
5532,train,0,0.0033947365975987333,0
3753,train,0,0.003903461457551235,0
5933,train,0,0.00426290004388361,0
3471,train,0,0.016116954496750827,0
5371,train,0,0.004210134997824325,0
3278,train,0,0.0012341500851777514,0
5520,train,0,0.009039252749521344,0
2162,train,0,0.02712664619790775,0
6476,train,0,0.002744408499220965,0
3530,train,0,0.005994746447844509,0
2859,train,0,0.020604962912616494,0
1046,train,0,0.004378370930087542,0
6408,train,0,0.001892517793736659,0
6985,train,0,0.0009310740043359931,0
7962,train,0,0.0029856141847696507,0
8573,train,0,0.0003397241569869457,0
2788,train,0,0.002563078794023016,0
7554,train,0,0.003122962950877307,0
9287,train,0,0.001649423835307795,0
2132,train,0,0.0019157616188222638,0
2950,train,0,0.0032006084487643397,0
9426,train,0,0.00391562151598503,0
4256,train,0,0.002820827140407987,0
5902,train,0,0.0014555840263350461,0
9257,train,0,0.18981997997948752,0
6515,train,0,0.001246307006594527,0
6423,train,0,0.001050226372162672,0
1049,train,0,0.0019229917209969323,0
6394,train,0,0.0010749846170094784,0
1972,train,0,0.0022717918909323145,0
6529,train,0,0.0011126088615398553,0
4860,train,0,0.003884373033894758,0
1666,train,0,0.0023907098374067993,0
4962,train,0,0.004300941007923284,0
6195,train,0,0.0013409853479152446,0
4417,train,1,0.9399047170439891,1
4589,train,0,0.0029602527005027747,0
8341,train,0,0.001336464512710024,0
5510,train,0,0.004072430708493711,0
9187,train,0,0.0016668515288603958,0
1248,train,0,0.03668388068207138,0
40,train,0,0.002538123553773229,0
453,train,0,0.000885605684966226,0
580,train,0,0.009944317464528165,0
8319,train,0,0.0024900140923143077,0
2616,train,0,0.1891563801180833,0
4039,train,0,0.002849096221859969,0
8772,train,0,0.0007091330943257986,0
8439,train,0,0.03733503290227804,0
6649,train,0,0.02756588936624829,0
6176,train,0,0.001294843936312359,0
6789,train,0,0.0009211047686435162,0
8999,train,0,0.0009908762295422846,0
5055,train,0,0.014074941590653995,0
5466,train,0,0.0036287724879852526,0
7519,train,0,0.000907902520347844,0
2238,train,0,0.0029919132163419952,0
5531,train,0,0.0011084272554060766,0
818,train,0,0.0031874309007291174,0
8973,train,0,0.0022039052106613407,0
8272,train,0,0.025817391562720022,0
4864,train,0,0.0020101968607155493,0
9197,train,0,0.0007644126864100735,0
3581,train,0,0.001519127298554346,0
2320,train,0,0.0020428124911596257,0
7246,train,0,0.004221267537485904,0
1278,train,0,0.0025990155638355625,0
639,train,0,0.0017890974873182844,0
4888,train,0,0.001236426480957922,0
5960,train,0,0.0010770830671337356,0
9158,train,0,0.0006891645631806775,0
2642,train,0,0.0007227005209951618,0
4805,train,0,0.0011912002219444805,0
3954,train,0,0.0015404616102156713,0
4998,train,0,0.0021739976080539613,0
1663,train,0,0.0014781633113215356,0
7503,train,0,0.004782632349665663,0
8011,train,0,0.0019012917338356388,0
6761,train,0,0.018872748209020407,0
451,train,0,0.0013439310149117028,0
676,train,0,0.0006478031353700172,0
1263,train,0,0.0058689441263462825,0
4629,train,0,0.001506811386193917,0
4376,train,0,0.0573391061382852,0
9712,train,0,0.001532676714109916,0
5979,train,0,0.0015397392226765214,0
1302,train,0,0.002253684061927618,0
6325,train,0,0.0011164853855180031,0
5521,train,0,0.012503319697891608,0
5810,train,0,0.0018215654501229023,0
2370,train,0,0.0011882990804385014,0
4150,train,0,0.002190895610319267,0
1002,train,0,0.005829490302746557,0
8142,train,0,0.0020937907596256375,0
6905,train,0,0.0008647913474177675,0
9302,train,0,0.0010771720431014334,0
2442,train,0,0.004412588455000428,0
6772,train,0,0.0008844051312959882,0
9153,train,0,0.0004061275129941466,0
243,train,0,0.025220473184823945,0
1704,train,0,0.0011909462922271175,0
8349,train,0,0.0009937713677644682,0
7145,train,0,0.0047078247008512175,0
8248,train,0,0.001070236954628447,0
9622,train,0,0.001540224259696602,0
2338,train,0,0.0017570896714552485,0
8475,train,0,0.0010181157804565906,0
7152,train,0,0.0011657264360669614,0
7627,train,0,0.003720522441711018,0
4238,train,0,0.0015852922510543495,0
50,train,1,0.24750679710989892,0
3228,train,0,0.0011977698753458507,0
8662,train,0,0.00042100766645230484,0
8716,train,0,0.0004908691581580599,0
1870,train,0,0.001177200859826118,0
5926,train,0,0.0032188249474399563,0
2619,train,0,0.000778461187999772,0
9117,train,0,0.0006562315714410487,0
8833,train,0,0.0006926346390374112,0
2643,train,0,0.0020501219281325025,0
9749,train,0,0.0019168391163784703,0
6882,train,0,0.0011120409881213984,0
9791,train,0,0.0010645208083830027,0
3797,train,0,0.001741131192145156,0
1623,train,0,0.005387284840544562,0
466,train,0,0.0005297945433302585,0
8667,train,0,0.000519971138008144,0
4169,train,0,0.0021280761080036733,0
1178,train,0,0.05012945391580891,0
2073,train,0,0.0014561309450048375,0
3521,train,0,0.001607860287116525,0
4191,train,0,0.3736055866707295,1
8372,train,0,0.002118855094775996,0
142,train,0,0.0017107315300926382,0
3344,train,0,0.0014155955609946988,0
7148,train,0,0.0011618131011555302,0
1465,train,0,0.0009866242512860345,0
5684,train,0,0.0008676349689494631,0
988,train,0,0.00527059125213091,0
625,train,0,0.0011037620882885445,0
4299,train,0,0.032257265170264,0
2800,train,0,0.0009352979347409662,0
9809,train,0,0.001819002056510333,0
2710,train,0,0.0007084963032112299,0
8963,train,0,0.0014422821786593877,0
9948,train,0,0.003687706000507805,0
1356,train,0,0.000844636076973558,0
8068,train,0,0.0009347136065123266,0
3213,train,0,0.0020192388131929123,0
4890,train,0,0.001236426480957922,0
2096,train,0,0.0027706547391265074,0
1242,train,0,0.0010154804166459801,0
742,train,0,0.0007714159756972226,0
2249,train,0,0.003018031476703717,0
8621,train,0,0.0011644019095574949,0
180,train,0,0.001578710078166084,0
6066,train,0,0.0012996522483383836,0
1392,train,0,0.0013838447880936931,0
3207,train,0,0.00048164987966057334,0
4808,train,0,0.004706749637744685,0
3997,train,0,0.01575462812921968,0
7556,train,0,0.0011868993105285158,0
2275,train,0,0.0014132322373692017,0
5697,train,0,0.10972263741730227,0
9835,train,0,0.0009033723671395111,0
1500,train,0,0.04966240830005207,0
6319,train,0,0.0011720668409550365,0
7529,train,0,0.0008123703155437854,0
2928,train,0,0.005784787716698677,0
7205,train,0,0.0006785577990374364,0
7991,train,0,0.0009042200792041221,0
3869,train,0,0.006979084625322068,0
8226,train,0,0.4816928837107504,1
4353,train,1,0.6850592130390628,1
44,train,0,0.0010100714843101297,0
7044,train,0,0.0010903477653454994,0
4551,train,0,0.12147068706802853,0
7216,train,0,0.0014435582024183325,0
5479,train,0,0.001166893676806238,0
7528,train,0,0.0006567304652486871,0
987,train,0,0.004303882370017266,0
9230,train,0,0.0021872944100075325,0
1191,train,0,0.0006609266251167807,0
5252,train,0,0.0594917085280816,0
3067,train,0,0.0007851213562384817,0
6755,train,0,0.0008704545515517099,0
9220,train,0,0.004997984150622203,0
6359,train,0,0.016530824582397616,0
1871,train,0,0.003045016575255922,0
3927,train,0,0.0033281892726319947,0
399,train,0,0.0012550265624235253,0
1138,train,0,0.0012528870168438846,0
4848,train,0,0.05746144978573653,0
9770,train,0,0.0008612234285960931,0
4730,train,0,0.12766450037038676,0
7658,train,0,0.006279674816006853,0
1882,train,0,0.0008170393700450178,0
4595,train,0,0.0022177965504396684,0
7101,train,0,0.0013036679192034405,0
8938,train,0,0.0005581603107912429,0
6970,train,0,0.005560099143681767,0
9348,train,0,0.0027254184824238776,0
7181,train,0,0.0035133841680490864,0
8653,train,0,0.004316579591021622,0
302,train,0,0.0005241821484080041,0
671,train,0,0.022197595955660294,0
2139,train,0,0.0022726491075420858,0
4742,train,0,0.0015714615841162295,0
7678,train,0,0.25248751735884734,0
8240,train,0,0.0009215246433844905,0
3963,train,0,0.0009200455469839768,0
298,train,0,0.010453777729358663,0
6748,train,0,0.0015206095819126938,0
9138,train,0,0.0005645195242154556,0
4940,train,0,0.0014548832162796699,0
1068,train,0,0.0036096689638773372,0
5366,train,0,0.002057976782597231,0
6777,train,0,0.0012681136384667174,0
8289,train,0,0.001311151016449044,0
745,train,0,0.002602595734268005,0
4105,train,0,0.002098346452953821,0
784,train,0,0.0018733579309032598,0
3139,train,0,0.002087974994257648,0
7671,train,0,0.0033691642746740387,0
5254,train,0,0.0022351257876110048,0
9261,train,0,0.0010086382865206994,0
8601,train,0,0.0031885351983261716,0
3738,train,0,0.001488210848707653,0
3868,train,0,0.0038318452633611076,0
9221,train,0,0.0007259946543331683,0
5026,train,0,0.0016889371305918376,0
2610,train,0,0.0006616086907117953,0
9222,train,0,0.0007552435644748292,0
3717,train,0,0.0013944531958471264,0
1456,train,0,0.0009215246433844905,0
4889,train,0,0.001256109662178758,0
4687,train,0,0.21268008871474667,0
9176,train,0,0.0007199906036881279,0
6390,train,0,0.00826605899745069,0
3590,train,0,0.01522572437855092,0
3133,train,0,0.0023205148739150892,0
192,train,0,0.0031193779574931624,0
1628,train,0,0.0010762238045875403,0
8200,train,0,0.0011264624321150707,0
4493,train,0,0.003307481351103231,0
8777,train,0,0.0005539140518677397,0
7589,train,0,0.0021766190505239365,0
6375,train,0,0.0006875234622890055,0
5380,train,0,0.0013239311940274466,0
9184,train,0,0.0007023192423100125,0
7185,train,0,0.0019502773375464902,0
1662,train,0,0.0016476368412142134,0
909,train,0,0.0010513110012688178,0
4534,train,0,0.0025523981770132847,0
8409,train,0,0.001699046685531288,0
4723,train,1,0.7439722399406847,1
9760,train,0,0.0013104853173641537,0
5163,train,0,0.002094759224876888,0
1146,train,0,0.0011531148389754802,0
2498,train,0,0.1790458262906047,0
9264,train,0,0.0008230655789845088,0
5845,train,0,0.0006517658072971617,0
5002,train,0,0.001639023946715665,0
1745,train,0,0.0021252117654167956,0
7367,train,0,0.015295803234558616,0
7909,train,0,0.0010767793160708858,0
5727,train,0,0.0010384027777000538,0
9623,train,0,0.00470321253958547,0
7333,train,0,0.01865648972744988,0
8958,train,0,0.001139770211864914,0
3089,train,0,0.0008423361337664222,0
1455,train,0,0.004373115490223094,0
3555,train,0,0.0024405829858208873,0
5156,train,0,0.0018430824278350324,0
5528,train,0,0.008868729810877581,0
4435,train,1,0.9089049618830108,1
3010,train,0,0.0013723675586392785,0
5519,train,0,0.006211152479780127,0
5922,train,0,0.0015459663021487396,0
6249,train,0,0.0019292672424881814,0
6406,train,0,0.0018553057517997139,0
4657,train,0,0.0016168318448291368,0
5160,train,0,0.005703138968013006,0
6966,train,0,0.0015232081070931023,0
8266,train,0,0.0017286738694653287,0
8454,train,0,0.0007911320813294117,0
125,train,0,0.0012895886278052864,0
8706,train,0,0.0015291256719071721,0
3609,train,0,0.0014748375311257657,0
1416,train,0,0.12502518179822353,0
3403,train,0,0.008181282675009312,0
3143,train,0,0.0017501712599018691,0
8798,train,0,0.0008055099027860742,0
1297,train,0,0.0020002331646222136,0
2797,train,0,0.002253883534710924,0
1702,train,0,0.0018660853293045766,0
7792,train,0,0.0006747550960614856,0
2106,train,0,0.00191452127438428,0
5741,train,0,0.0013214179136096084,0
4749,train,0,0.015441158555742665,0
5542,train,0,0.0021673539628538183,0
8915,train,0,0.001957745804790907,0
4512,train,0,0.023315612023047466,0
1122,train,0,0.0019676310734355767,0
9134,train,0,0.0008561876399565124,0
4974,train,0,0.0015956773679683639,0
960,train,0,0.0012864486710499287,0
4688,train,0,0.0020253944958057127,0
7457,train,0,0.001044815368993603,0
3300,train,0,0.0013724864816755302,0
6879,train,0,0.0809507110945697,0
9443,train,0,0.0018056235656998343,0
6395,train,0,0.0021343361652789565,0
8346,train,0,0.0009482728503594624,0
8882,train,0,0.002370897557884612,0
3696,train,0,0.0094497338765222,0
3134,train,0,0.002509448931366153,0
4041,train,0,0.003845000543208591,0
5173,train,0,0.0019455071891278145,0
2175,train,0,0.0007366661659099965,0
8885,train,0,0.001050694413349678,0
6753,train,0,0.011407145719869425,0
2932,train,0,0.0012801525771947517,0
9594,train,0,0.0011467637843705443,0
4399,train,0,0.0036572593111504187,0
2164,train,0,0.05864919238338732,0
7142,train,0,0.0012786892756009667,0
6126,train,0,0.006664727717330499,0
3923,train,0,0.0021990282469858398,0
9516,train,0,0.004852180293207422,0
1437,train,1,0.006837546950942728,0
3169,train,0,0.0010125479874872672,0
3781,train,0,0.0030839324354995784,0
5760,train,0,0.001091664813809279,0
7974,train,0,0.0008774075541535181,0
9894,train,0,0.0008699266569522627,0
2998,train,0,0.0010584341988127272,0
8292,train,0,0.0015141947867368714,0
1800,train,0,0.0011524733504127559,0
2006,train,0,0.005081280217304864,0
8627,train,0,0.0012190731189031152,0
9582,train,0,0.0031433204314693583,0
3261,train,0,0.001374524660916799,0
2820,train,0,0.0021825195198906444,0
9526,train,0,0.0046987582757379515,0
9290,train,0,0.0013652316847816847,0
3057,train,0,0.002037704864376033,0
5443,train,0,0.006104655635214062,0
3953,train,0,0.0017513317427621617,0
6921,train,0,0.0048965424619012736,0
4228,train,0,0.35525519452236753,0
7686,train,0,0.08101647108209581,0
820,train,0,0.0019957988375098393,0
2426,train,1,0.5700239467680451,1
3049,train,0,0.0032151651581615497,0
6402,train,0,0.0006656966669160826,0
8418,train,0,0.0030948506665854727,0
8486,train,0,0.0009134639476808344,0
1653,train,0,0.012196163121060337,0
8217,train,0,0.0008833876418463176,0
5157,train,0,0.006176590866819859,0
4825,train,0,0.002438372873447252,0
4988,train,1,0.3854775307475743,1
2695,train,0,0.0010656004660094093,0
6680,train,0,0.014514227134551725,0
5890,train,0,0.0009244837170898768,0
4210,train,0,0.0034981218989789723,0
3360,train,0,0.07865270785170293,0
3808,train,0,0.002240382841058222,0
4027,train,0,0.09616175904406811,0
6829,train,0,0.0010454081895661656,0
6598,train,0,0.015625251393301537,0
4942,train,0,0.0014344264404055158,0
202,train,0,0.0011588979833615637,0
536,train,0,0.0010704658749007229,0
6666,train,0,0.00893798561590975,0
3587,train,0,0.0017128434114005555,0
5451,train,0,0.026748155616189054,0
507,train,0,0.0027851655360744145,0
8466,train,0,0.0012296319961958978,0
87,train,0,0.0007235659241064923,0
3402,train,0,0.006972578452733538,0
7800,train,0,0.0006191054167482379,0
1473,train,0,0.0027799030967139374,0
1789,train,1,0.4565189872004218,1
3209,train,0,0.0006459360162049774,0
654,train,0,0.0006039031622529737,0
5846,train,0,0.0006538807671674102,0
6629,train,0,0.01530892560988578,0
3687,train,0,0.0008453549997394815,0
6241,train,0,0.006811187349433797,0
9201,train,0,0.0010164394875238497,0
1460,train,0,0.0046990579620514675,0
9607,train,0,0.0012205992698162706,0
9143,train,0,0.0006700932262290174,0
59,train,0,0.003123666361780932,0
2287,train,0,0.002015712716949133,0
9123,train,0,0.0005634246359713707,0
3757,train,0,0.0010937313091735938,0
5974,train,0,0.0012871879910468958,0
9829,train,0,0.023221813567514137,0
7819,train,0,0.00349639142869961,0
1544,train,0,0.0014482093250666223,0
3860,train,0,0.15574452439287045,0
9552,train,0,0.0007563556351351041,0
9505,train,0,0.0011548858233605243,0
4981,train,0,0.09259919500081527,0
3711,train,0,0.0012736259334354529,0
933,train,0,0.0012410384787231354,0
6673,train,1,0.6717969212120973,1
4166,train,0,0.004434795305308946,0
9357,train,0,0.0013964808096255362,0
8489,train,0,0.0014791880177674485,0
9877,train,0,0.01961096441900991,0
8239,train,0,0.004896372104671258,0
3508,train,0,0.001832833932844419,0
3189,train,0,0.030741046899984865,0
9890,train,0,0.0008699266569522627,0
4893,train,0,0.003281971613788995,0
4694,train,0,0.01855160045789598,0
8121,train,0,0.0007750108667389699,0
917,train,0,0.0018117143622478253,0
1261,train,0,0.0006460966269322098,0
2228,train,0,0.0011405686877771623,0
4268,train,0,0.0036545509049813797,0
7222,train,0,0.12684950445207788,0
5916,train,0,0.0009122960905095217,0
9252,train,0,0.0006438164389216736,0
4415,train,0,0.0032579301427916644,0
8900,train,0,0.000948344606405911,0
9740,train,0,0.0007622647618994268,0
1773,train,0,0.12579860370608745,0
5611,train,0,0.002136559484693721,0
5509,train,0,0.0013622015151871076,0
3514,train,0,0.005903640697680327,0
9593,train,0,0.003849816035651,0
1607,train,0,0.001842821880048534,0
9896,train,0,0.0007303833576252266,0
736,train,0,0.000743744960454637,0
5459,train,0,0.004268503446722133,0
9206,train,0,0.0005856416505073677,0
1335,train,1,0.9519678231300964,1
369,train,0,0.0005498903212905682,0
6294,train,0,0.0012837417038096973,0
6240,train,0,0.0017270010220529568,0
5613,train,0,0.001670887263274839,0
3827,train,0,0.001827022502176842,0
37,train,0,0.0012196828413115128,0
2147,train,0,0.0017355616735338438,0
7757,train,0,0.002193223632168054,0
1517,train,0,0.0016353014753819877,0
567,train,0,0.0004675773697098361,0
8829,train,0,0.0004345012749459552,0
7357,train,0,0.0007323060855925255,0
2460,train,0,0.0016897221528440463,0
893,train,0,0.001053140402348356,0
7635,train,0,0.0012408668524086304,0
640,train,0,0.00048735990156878424,0
4545,train,0,0.0014900374360432855,0
2577,train,0,0.0011719462748775499,0
4516,train,0,0.002576456989860672,0
2770,train,0,0.002110626645808863,0
2090,train,0,0.0018230481969080435,0
291,train,0,0.000716083185826184,0
5880,train,0,0.004550453967148426,0
622,train,0,0.0008864626295253908,0
738,train,0,0.0011349400036312408,0
7497,train,0,0.002842651494327903,0
8127,train,0,0.00047626739310329086,0
4245,train,0,0.0026515876476325305,0
7483,train,0,0.0027030568561272885,0
4603,train,0,0.1245820728504128,0
7855,train,0,0.0007669037177601828,0
2252,train,0,0.0016726971727988968,0
3526,train,0,0.09891231391427815,0
8927,train,0,0.02331432793051912,0
918,train,0,0.0011687068083730576,0
1575,train,0,0.018904976232893087,0
5758,train,0,0.0011395218214515646,0
8674,train,0,0.001007061046385861,0
9179,train,0,0.0023449582943225163,0
6374,train,0,0.0008654103121611587,0
546,train,0,0.0010198609046665834,0
6284,train,0,0.0008717499044128027,0
452,train,0,0.0005506063079262597,0
7354,train,0,0.002642194980136244,0
9391,train,0,0.005980877211365766,0
3660,train,0,0.008355806080488871,0
5009,train,0,0.0017445449138354995,0
2615,train,0,0.001086028497010915,0
3488,train,0,0.24072339980499233,0
3230,train,0,0.0011082314193317894,0
5959,train,0,0.006203845505209605,0
1943,train,0,0.000747723913331964,0
4990,train,0,0.00572556934985326,0
6623,train,0,0.0024921679295852243,0
1579,train,0,0.0017914462872711204,0
7983,train,0,0.0006837774459360027,0
9101,train,0,0.0005354987478183024,0
1236,train,0,0.0017724577334948261,0
7890,train,0,0.0009502587825127103,0
4815,train,0,0.12224059813110158,0
9237,train,0,0.0006971375171000768,0
3205,train,0,0.001044619105939447,0
268,train,0,0.0010245128081371707,0
2142,train,0,0.04142666428758294,0
138,train,0,0.0033106729043916217,0
1859,train,0,0.0024623076090387113,0
5128,train,0,0.0022350795529546726,0
9155,train,0,0.0031005089290651556,0
2819,train,0,0.0024326113928697973,0
1062,train,0,0.002860608613548614,0
5140,train,0,0.0014162410268037018,0
9292,train,0,0.0008684671858191517,0
5731,train,0,0.0011749618596338918,0
9027,train,0,0.0007808491168608703,0
4057,train,0,0.0023459061783715203,0
6122,train,0,0.00757339768753335,0
1945,train,0,0.00073114486689016,0
5441,train,0,0.0022687894081857875,0
4234,train,0,0.0019087653727187911,0
250,train,0,0.000494794147658384,0
3947,train,0,0.003022101144100753,0
2305,train,0,0.003961698060345038,0
2321,train,0,0.007378395093314486,0
5716,train,0,0.07978873330932171,0
3627,train,0,0.0014656586816540324,0
7188,train,0,0.009838666420876148,0
8575,train,0,0.0006757271528597678,0
4109,train,0,0.0035428340276540886,0
3486,train,0,0.0025699859082474346,0
9909,train,0,0.0006343633232884368,0
9824,train,0,0.0013377757276414816,0
9103,train,0,0.0005279267197915908,0
5066,train,0,0.0022647083121624563,0
2776,train,0,0.0016025737076033385,0
8063,train,0,0.0009571067989512963,0
5136,train,0,0.003548463857440251,0
1752,train,0,0.0026682620437412565,0
7514,train,0,0.0008711943876056381,0
2728,train,0,0.001559672194583328,0
5722,train,0,0.002050660019354095,0
8074,train,0,0.0011041671460429424,0
554,train,0,0.0011913233070857585,0
4733,train,0,0.14415228110323508,0
271,train,0,0.0009597088066088431,0
9522,train,0,0.0009146821297051228,0
9577,train,0,0.003060800911924226,0
6648,train,0,0.0016958674108023084,0
6834,train,0,0.01997561357161933,0
6465,train,0,0.006576601089148691,0
7864,train,0,0.011627095713238713,0
9051,train,0,0.0007942576861905561,0
8190,train,0,0.04889634649116945,0
9716,train,0,0.003645852440312198,0
4593,train,0,0.0031636814015429415,0
6790,train,0,0.14785424932585986,0
2579,train,0,0.0032452765094368335,0
2959,train,0,0.0008165699508438575,0
7116,train,0,0.0011181194770651264,0
1562,train,0,0.2303380443827578,0
3340,train,0,0.002179894064145646,0
6929,train,0,0.00689985226412728,0
8845,train,0,0.15488585732669996,0
1651,train,0,0.0018964537724845026,0
1284,train,1,0.3080175440878711,0
6442,train,0,0.008967039951740119,0
6260,train,0,0.007542583487723694,0
1077,train,0,0.002552974026474845,0
4648,train,0,0.0018248077061141271,0
6179,train,0,0.005516368142281109,0
493,train,0,0.0007192837626618048,0
8219,train,0,0.0008711521169159735,0
3401,train,0,0.0008679563783210929,0
1885,train,0,0.0022717918909323145,0
855,train,0,0.002673648287063432,0
8067,train,0,0.0007976051117229037,0
5260,train,0,0.003752646010255919,0
9677,train,0,0.0019550317130770183,0
4323,train,1,0.6723165267266026,1
4772,train,0,0.007552046569740945,0
7107,train,0,0.0007057005454494888,0
2026,train,0,0.003765436272796272,0
1257,train,0,0.0005688516040488402,0
902,train,0,0.002410265377743464,0
7117,train,0,0.0009975549202194873,0
6967,train,0,0.0025925369326767183,0
7456,train,0,0.002201121179043563,0
7763,train,1,0.42482633560658667,1
8992,train,0,0.001052100033611707,0
8195,train,1,0.8897036307875001,1
5253,train,0,0.0018576875705129453,0
9972,train,0,0.003921872562544313,0
2601,train,0,0.0018153849928901219,0
6262,train,0,0.001044952538262174,0
7364,train,0,0.004376053689219095,0
5708,train,0,0.0012484416509482375,0
394,train,0,0.00044148135557795713,0
8376,train,0,0.005233937137318014,0
6749,train,0,0.0013982885693946518,0
2244,train,1,0.1856065978659605,0
7202,train,0,0.21233184750496895,0
8875,train,0,0.00219841265712446,0
9270,train,0,0.010916825085859188,0
3348,train,0,0.001115384637972162,0
7835,train,0,0.001624955326336486,0
9205,train,0,0.0007860600431759643,0
8590,train,0,0.0017470494239403508,0
9382,train,0,0.0004555409578962959,0
7172,train,0,0.0030660290944277014,0
8769,train,0,0.000619055286970216,0
3990,train,0,0.0010676301803315366,0
6732,train,0,0.003869995712056342,0
5232,train,0,0.0551271720757142,0
4025,train,0,0.028154998225369997,0
8874,train,0,0.00228047888748533,0
5804,train,0,0.016395355857942193,0
7428,train,0,0.0008510035324732532,0
9883,train,0,0.0007392704197055068,0
2093,train,0,0.0008402884753802504,0
3734,train,0,0.0010087661055626384,0
7469,train,0,0.001008580414089255,0
1189,train,0,0.0006390977860946213,0
2378,train,0,0.006102023097349656,0
7068,train,0,0.001057127954535401,0
5334,train,1,0.3699517142791231,0
2317,train,0,0.0019298550152545147,0
5801,train,0,0.00722755993741197,0
965,train,0,0.0014946567025163758,0
7075,train,0,0.0025474710974292087,0
2398,train,0,0.0014479200437253117,0
3157,train,0,0.0009785643675320201,0
9200,train,0,0.000512895439494979,0
8857,train,0,0.0006429220123587155,0
1830,train,0,0.004755887350528161,0
6980,train,0,0.001558085920182515,0
1452,train,0,0.0008656607658255001,0
5404,train,0,0.005077903960699129,0
6736,train,0,0.0016178931547686432,0
950,train,0,0.0013267518653736156,0
2523,train,0,0.0010478773689832357,0
4046,train,0,0.01339093926616704,0
135,train,0,0.0017534577903270175,0
2694,train,0,0.0005751166857706864,0
5347,train,0,0.3833136324500645,1
1434,train,0,0.004068479828799486,0
5752,train,0,0.0007857843755620978,0
2149,train,0,0.001322302488377369,0
1431,train,0,0.001604060452942515,0
7074,train,0,0.0011987179262954663,0
8493,train,0,0.0007965260763887075,0
4257,train,0,0.003191578638264744,0
5962,train,0,0.00151408471744168,0
5293,train,0,0.004291531694346838,0
2598,train,1,0.5105806743595843,1
3852,train,0,0.0021962862967424756,0
9963,train,0,0.002182167692411137,0
4108,train,0,0.0017681263480564225,0
4817,train,0,0.0017650456337688456,0
5194,train,0,0.0017818172501137754,0
9853,train,0,0.0008550088837745769,0
5675,train,0,0.0010167121854884067,0
2018,train,0,0.0029846345191884382,0
8820,train,0,0.0006376122054074103,0
4767,train,0,0.008300665365643169,0
4774,train,0,0.002798898539848878,0
7958,train,0,0.0023193087922437376,0
5461,train,0,0.01799540715972921,0
1682,train,1,0.27542574973181716,0
4438,train,0,0.045177751440672806,0
6213,train,0,0.0011358422566648313,0
9732,train,0,0.18346016100493892,0
3545,train,0,0.002083341415231584,0
835,train,0,0.004576142405773643,0
1319,train,0,0.0025974909259694314,0
7005,train,0,0.004205765998478542,0
911,train,0,0.0007884639471004231,0
64,train,0,0.0010689180102038827,0
5322,train,0,0.01934987319557886,0
6723,train,0,0.0010923510498448258,0
1175,train,0,0.0005464127002334987,0
2357,train,0,0.0017338576110718107,0
8755,train,0,0.00044261078007761385,0
208,train,0,0.0012373303761640142,0
9118,train,0,0.00046792306861109237,0
7272,train,0,0.00921101475705463,0
4424,train,0,0.0035388392019266757,0
5861,train,0,0.001861294030281082,0
5525,train,0,0.31401578747250325,0
5382,train,0,0.0011191916289062542,0
8747,train,0,0.00047632067604047254,0
1151,train,0,0.003148230425953283,0
7850,train,0,0.0011444075378292437,0
4818,train,0,0.0025384491499623528,0
4097,train,0,0.0021657579957824595,0
7649,train,0,0.002142563119757158,0
3562,train,0,0.0016814597215189834,0
5517,train,0,0.012157830914638125,0
4859,train,0,0.0017646163540891667,0
2298,train,0,0.002028273881422587,0
3621,train,0,0.0024704269119537794,0
4218,train,0,0.0016073469787156961,0
84,train,0,0.0031553942193682516,0
6400,train,0,0.0008071492981418592,0
9637,train,0,0.0013333563461775417,0
1911,train,0,0.09515474238567728,0
5348,train,0,0.0014978641896001804,0
9494,train,0,0.05336746025423394,0
3728,train,0,0.0021379052180554993,0
334,train,0,0.0008944266449118357,0
9659,train,1,0.9754518725090968,1
2384,train,0,0.0015897391138309405,0
5909,train,1,0.8129641398202473,1
5198,train,0,0.006467188854849265,0
3779,train,0,0.0024490152054294193,0
2732,train,0,0.005465522055474279,0
458,train,0,0.000669082479331779,0
5940,train,0,0.003001896673982138,0
8141,train,0,0.0035639918902644267,0
3411,train,0,0.010608521166871276,0
4677,train,0,0.007666030051239792,0
9217,train,0,0.002390281126026876,0
7120,train,0,0.22389581280550042,0
7941,train,0,0.0009508221118408874,0
1176,train,0,0.000791413278054175,0
7596,train,0,0.0010252481071064054,0
4149,train,0,0.002374164136439945,0
6108,train,0,0.0010848806032685073,0
6218,train,0,0.0033528256108725078,0
2099,train,0,0.0006707548939101415,0
7912,train,0,0.000986768931360599,0
1542,train,0,0.003234201105172927,0
9696,train,0,0.001945303214329793,0
4084,train,0,0.0020088285191563887,0
6086,train,0,0.0012947527449537204,0
5269,train,0,0.003282134709752832,0
6345,train,0,0.0011960839407877879,0
8026,train,1,0.5771214271442512,1
699,train,0,0.0006630181864006595,0
1190,train,0,0.0005027837221832022,0
5668,train,0,0.004841688718939116,0
6637,train,0,0.004683360352899517,0
1422,train,0,0.0009440310630832331,0
2333,train,0,0.3926715834137266,1
7587,train,0,0.03265047360807451,0
5627,train,0,0.0010966743152165301,0
3897,train,0,0.0009614081088281976,0
2457,train,0,0.0009559141673240824,0
3783,train,0,0.029274002840225213,0
698,train,0,0.0006142634118740777,0
5159,train,0,0.0018185419352784345,0
1458,train,0,0.004809506919840087,0
9993,train,0,0.002718896101911587,0
901,train,0,0.21584719151141987,0
3391,train,0,0.0035007871697242316,0
1563,train,0,0.00252497964229397,0
7254,train,0,0.07944593402986404,0
4254,train,1,0.8495330882511163,1
774,train,0,0.0023698109342891105,0
5789,train,0,0.003807543466929164,0
4623,train,0,0.0013792195871338425,0
1413,train,0,0.0013293259208607858,0
6846,train,0,0.00204584511171308,0
4054,train,0,0.0014230593745830126,0
7685,train,0,0.04885866821512001,0
3594,train,0,0.009005296703910481,0
2230,train,0,0.0039094982048490995,0
3719,train,0,0.0010322465430443282,0
5938,train,0,0.001237733077138211,0
8555,train,0,0.0009401087111571868,0
6634,train,0,0.008184800299392829,0
4479,train,0,0.0034824200224593295,0
2407,train,0,0.0019745366153917205,0
7523,train,0,0.001824426390651873,0
2415,train,0,0.0010871041595200619,0
4666,train,0,0.0023734740737865355,0
4172,train,0,0.02145598827801363,0
4469,train,1,0.20389066472051154,0
9474,train,0,0.0011643765324999332,0
6328,train,0,0.0024364366262662252,0
8574,train,0,0.0011563318685343322,0
3601,train,0,0.022448833936325456,0
9156,train,0,0.001222438713819462,0
7866,train,0,0.0028766572844081636,0
9566,train,0,0.0013528393567296519,0
2188,train,0,0.0010692787183941863,0
9247,train,0,0.0010664053532081724,0
7050,train,0,0.0022254396416735325,0
4304,train,0,0.0030923066916093635,0
8917,train,0,0.0005376420922496935,0
6341,train,0,0.006301885426661831,0
2632,train,0,0.0012442840316497776,0
8998,train,0,0.0006977477119504213,0
5737,train,0,0.02416420391290498,0
6807,train,0,0.0010280352272151938,0
2074,train,0,0.0014561309450048375,0
5429,train,0,0.0016004047201035106,0
4724,train,0,0.0017834455527841484,0
4209,train,0,0.028681648123573263,0
484,train,0,0.000692166524107735,0
4829,train,0,0.002431309688970143,0
3198,train,0,0.0009044911392085561,0
2295,train,0,0.0019401271085289996,0
463,train,1,0.2231704576785013,0
4708,train,0,0.0016840234043140891,0
3317,train,0,0.0018007932446873684,0
1768,train,0,0.0013572751847213045,0
2824,train,0,0.0010833256300984962,0
2109,train,0,0.0007137181763913895,0
5631,train,0,0.0014288757022361087,0
7923,train,0,0.0025447472674003683,0
1512,train,0,0.0007807803147116991,0
8905,train,0,0.002141315684193853,0
7808,train,0,0.000799392865370424,0
9077,train,0,0.000977315298831088,0
1741,train,0,0.004202941415987911,0
7989,train,0,0.0011761739175520562,0
8167,train,0,0.002626599437436658,0
9172,train,0,0.0008832282064056432,0
7443,train,0,0.0006224013987356213,0
953,train,0,0.002498732286226473,0
416,train,0,0.05496829712545184,0
1033,train,0,0.001995766679011238,0
8384,train,0,0.0014381942535344446,0
2926,train,0,0.0018871359563288584,0
3421,train,0,0.002763691413736289,0
1763,train,1,0.3564101864439554,0
9163,train,0,0.0010311579121966338,0
2138,train,0,0.0014576585003834464,0
8393,train,0,0.0019096140444193892,0
2355,train,0,0.014180971721616014,0
5016,train,0,0.005640933176756031,0
1511,train,0,0.000814894507848374,0
1614,train,0,0.0013105837237661743,0
5785,train,0,0.0012501527370503479,0
3747,train,0,0.001306992607712834,0
7975,train,0,0.0007146198622943815,0
1013,train,0,0.003237203016248951,0
229,train,0,0.001545600087989232,0
8869,train,0,0.0007447704377971685,0
6296,train,0,0.0020829947377595764,0
7063,train,0,0.008094255565966246,0
7099,train,0,0.001880124936349032,0
1609,train,0,0.002131106111424002,0
4308,train,0,0.004216947179604631,0
2933,train,0,0.002701874102924632,0
8006,train,0,0.001500858093425301,0
4814,train,1,0.8377030638560459,1
4390,train,0,0.03179618230544173,0
6351,train,0,0.0008544413796813782,0
6468,train,0,0.001347006215777898,0
6002,train,0,0.0008762321955090969,0
4068,train,0,0.02101084032622203,0
8202,train,0,0.0007399558638846312,0
8329,train,0,0.002615089502626086,0
8705,train,0,0.0013630942274999829,0
4722,train,0,0.005450529514477342,0
3241,train,0,0.0009712099171816436,0
9599,train,0,0.000911980448969124,0
7731,train,0,0.001366088214687097,0
8166,train,0,0.0008892749799564197,0
4252,train,0,0.01739876381874807,0
996,train,0,0.003689649531694357,0
6472,train,0,0.0010885988736987692,0
207,train,1,0.23609574767716487,0
3948,train,0,0.0018928123451945327,0
2894,train,0,0.0013178369612642854,0
2153,train,0,0.003555742996871306,0
9559,train,0,0.0013481309504997903,0
1230,train,0,0.0006786736894272776,0
3090,train,0,0.0017993658558801428,0
1056,train,0,0.0013660143666543716,0
690,train,0,0.0006398988422688606,0
8438,train,0,0.026026896413257138,0
8535,train,0,0.0010508080842008014,0
8478,train,0,0.020614921787932713,0
1910,train,0,0.0011655815194809246,0
146,train,0,0.0012337438798877532,0
9878,train,0,0.00947038723040526,0
2265,train,0,0.0030907351028124134,0
2187,train,0,0.0021085376363908295,0
1860,train,0,0.00288405588692485,0
9277,train,0,0.0026068325617550803,0
5450,train,0,0.00220276581342134,0
7356,train,0,0.00394143586335544,0
9401,train,0,0.0005206246308986185,0
3016,train,0,0.011274930765859722,0
231,train,0,0.0015785556368892101,0
5768,train,0,0.005787157387388354,0
6765,train,0,0.003377906361727393,0
449,train,0,0.0005386779946768582,0
8956,train,0,0.003848076914302368,0
9721,train,0,0.0010927032931959705,0
45,train,0,0.0012538415727301358,0
5802,train,0,0.0013044582211580802,0
806,train,0,0.00279029709103949,0
6162,train,0,0.0016131912177337856,0
6365,train,0,0.007845487211099999,0
3907,train,0,0.0011184996603763229,0
5915,train,0,0.0011049064549205443,0
3196,train,0,0.0005925721740027024,0
1243,train,0,0.0024164554082617183,0
7882,train,0,0.0009300473631283818,0
1134,train,0,0.0030408136201877656,0
6447,train,0,0.00992524035257789,0
357,train,0,0.0004804015368234576,0
7401,train,0,0.003188794883445194,0
6158,train,0,0.003584253493504204,0
7705,train,0,0.0033514436468201608,0
8430,train,0,0.07518555874855104,0
9602,train,0,0.0008953419192935612,0
1952,train,0,0.014453171404621365,0
9005,train,0,0.05451005995024479,0
106,train,0,0.003711345338942674,0
9351,train,0,0.0011356375373683693,0
5143,train,0,0.0019359437819279322,0
400,train,0,0.0976964614420916,0
3840,train,0,0.001468421784723934,0
1051,train,0,0.001698828415756041,0
6660,train,0,0.001674991210701112,0
6024,train,1,0.5501213393498612,1
3325,train,0,0.0015267915232727493,0
2563,train,0,0.0011498658129029142,0
6716,train,0,0.006795596904392592,0
6694,train,0,0.21199128253109958,0
6622,train,0,0.0053879961867481455,0
3480,train,0,0.10364777174185215,0
9470,train,0,0.002868954476062074,0
8634,train,0,0.000697534851217505,0
8810,train,0,0.0005423331940026492,0
570,train,0,0.0005458525602383955,0
752,train,0,0.14679015391981942,0
4154,train,0,0.0027326930812746207,0
9046,train,0,0.0007823648680466514,0
4569,train,0,0.0022669334811606322,0
2495,train,0,0.0372827623390249,0
6720,train,0,0.002156290002683573,0
5560,train,0,0.0011509002779380587,0
1121,train,0,0.0016640541024052855,0
1933,train,0,0.0007129044314139495,0
8427,train,0,0.0018040528657809628,0
5093,train,0,0.007262353619977331,0
4321,train,0,0.005030333251718658,0
2516,train,0,0.0017131590823604049,0
8922,train,0,0.0009095502925201317,0
7264,train,0,0.003419116136729945,0
2748,train,0,0.0009527569650634529,0
8491,train,0,0.0011639308016900129,0
5617,train,1,0.7394324488213648,1
9903,train,0,0.0030532724912652022,0
6315,train,0,0.0019304468395426105,0
5308,train,0,0.057923196254637245,0
3890,train,0,0.018134482161157834,0
3945,train,0,0.0021397141367206,0
8664,train,0,0.007845380824441781,0
6511,train,0,0.21112342334160114,0
3245,train,0,0.0008642303053970631,0
5396,train,0,0.0706223404394364,0
5718,train,0,0.0011066665938284338,0
7780,train,0,0.0010970245874142306,0
3190,train,0,0.04716559074314243,0
9989,train,0,0.0011257862831821,0
634,train,0,0.001049791877336406,0
9141,train,0,0.0004931362183444616,0
9628,train,0,0.000795720537668479,0
3097,train,0,0.0028601771739687914,0
7108,train,0,0.0007952086304027879,0
4559,train,0,0.005032130260419832,0
5585,train,0,0.0014501659503772491,0
8932,train,0,0.0005279267197915908,0
7510,train,1,0.10575200404883257,0
2429,train,0,0.00299816694607036,0
7034,train,0,0.0012017949089932096,0
8937,train,0,0.0018256074970699199,0
3915,train,0,0.001504048686973476,0
4093,train,0,0.0016740293848494085,0
5058,train,0,0.001346249788363134,0
1988,train,0,0.0018500524183222883,0
6242,train,0,0.0010947176919141074,0
4607,train,0,0.0019511542642074102,0
8201,train,0,0.0012192894362809163,0
4710,train,0,0.0014587349594818626,0
2241,train,0,0.004835563178445951,0
7091,train,0,0.007053008052613108,0
7703,train,0,0.0008494142318956864,0
9793,train,0,0.0035727755969052594,0
4033,train,0,0.07889812329319916,0
8836,train,0,0.0015948711787358134,0
4248,train,0,0.0027054043477469803,0
91,train,0,0.0014007265753335871,0
75,train,0,0.04603986210789102,0
3141,train,0,0.0020641867461119855,0
778,train,0,0.0008674860294073445,0
6721,train,0,0.019914527891251293,0
2167,train,0,0.0006342987619549213,0
471,train,0,0.0005705187405671883,0
7006,train,0,0.0014279356377677993,0
355,train,0,0.00042343908107416226,0
7908,train,0,0.0013920665280571425,0
3239,train,0,0.004120615229687053,0
5884,train,0,0.0013687008878630258,0
9132,train,0,0.00046860402208986505,0
126,train,0,0.0188717429483303,0
1863,train,0,0.0010440708573270301,0
275,train,0,0.0018746621396675872,0
3036,train,0,0.002261430010895221,0
4684,train,1,0.04443419647963165,0
1898,train,0,0.0026523013874160564,0
8453,train,0,0.0009349277336187284,0
3813,train,0,0.0052535351398419325,0
9606,train,0,0.003756291884649363,0
8923,train,0,0.0040980267791145076,0
8365,train,0,0.0009152872764080883,0
6677,train,0,0.12327176481180063,0
7320,train,0,0.0027463064309157337,0
9477,train,0,0.0006614072730348476,0
5806,train,0,0.0063484603252218505,0
908,train,0,0.0033776164842868124,0
7750,train,0,0.004649755913221136,0
583,train,0,0.009829980025313418,0
6706,train,0,0.008339349244692986,0
1306,train,0,0.0010783797084404254,0
2520,train,0,0.0012514220693811242,0
6342,train,0,0.0019192848856420064,0
6922,train,0,0.03427553582964731,0
1966,train,0,0.0009057953560802426,0
7307,train,0,0.0028525443291552723,0
7079,train,0,0.002886431369528984,0
4585,train,0,0.002793094399508038,0
3336,train,0,0.0020550779506130863,0
4612,train,0,0.17008144388916593,0
6523,train,0,0.0014325179710562937,0
6200,train,0,0.0017946471735837022,0
5512,train,0,0.0014852479592821544,0
5599,train,0,0.0028174169781266505,0
6352,train,0,0.0007118568631129996,0
6828,train,0,0.006905130194991862,0
7987,train,0,0.0005982187816972269,0
4277,train,0,0.002384173149808267,0
1557,train,0,0.0012196553364734893,0
4310,train,0,0.0011606334688342298,0
6855,train,0,0.0004993521071205703,0
9318,train,0,0.0037155067815959853,0
4328,train,1,0.6606796459028595,1
1196,train,0,0.0017957198345830093,0
7647,train,0,0.001034926709218745,0
3394,train,0,0.0036930246123517765,0
4389,train,1,0.842380078816467,1
3770,train,0,0.0012412923333377976,0
2573,train,0,0.0008210061503253407,0
1459,train,0,0.0010689851949543666,0
4138,train,1,0.6601985349947682,1
9271,train,0,0.00215766706186414,0
2968,train,0,0.0033750999762894593,0
4447,train,0,0.0020748594856459606,0
9152,train,0,0.001023676489493599,0
6517,train,0,0.0011573980709620067,0
3352,train,0,0.0013493177601861337,0
9860,train,0,0.0017291777017113207,0
6701,train,0,0.0016902620474804411,0
2585,train,0,0.0014787150899396911,0
3210,train,0,0.001977235079498801,0
1729,train,0,0.001592608598491055,0
4115,train,0,0.34743865031851157,0
3542,train,0,0.0026628205692696186,0
2600,train,0,0.0017273339510644034,0
6820,train,0,0.0012036637293905772,0
8168,train,0,0.0019122373189931834,0
7995,train,0,0.0016737604845498126,0
6779,train,0,0.003128960027211473,0
3491,train,0,0.0015499504166056146,0
2960,train,0,0.0012019601296034987,0
5101,train,0,0.001623031983813572,0
9485,train,0,0.0011682856614636718,0
4510,train,1,0.8529565090683007,1
4555,train,0,0.003520439055417995,0
6697,train,0,0.0016902620474804411,0
9814,train,0,0.0009953978700850848,0
5626,train,0,0.0012679796503267794,0
5278,train,0,0.0020835166569240595,0
3888,train,0,0.001489297945827863,0
32,train,0,0.002465025830461765,0
9420,train,0,0.0005850163022319979,0
4506,train,0,0.0025627394657657624,0
4069,train,0,0.011246563063148578,0
6398,train,0,0.006399327341704265,0
415,train,0,0.01562199985017287,0
7466,train,0,0.001046663554446401,0
1857,train,0,0.0007818710806066696,0
8362,train,0,0.35943265436304433,0
9525,train,0,0.0017276326483549056,0
411,train,0,0.0020655535700939308,0
7183,train,0,0.00282233386150555,0
9449,train,0,0.0011097543757032653,0
4892,train,0,0.0016391698609800676,0
9168,train,0,0.0009326234104040335,0
5265,train,0,0.0019610599793297057,0
4386,train,0,0.0023191000886690688,0
6861,train,0,0.09523259985401955,0
9678,train,0,0.0010616089274404167,0
3061,train,0,0.009414311076639903,0
2900,train,0,0.0009208171400573001,0
5027,train,0,0.014970437801384929,0
1520,train,0,0.0007158730680845069,0
882,train,0,0.0037654952843071895,0
1228,train,0,0.00048652036066594513,0
7953,train,0,0.0009419799380614963,0
3482,train,0,0.002074558016957394,0
5855,train,0,0.0035176914758707897,0
1700,train,0,0.002906855945611337,0
1388,train,0,0.0013629521515877722,0
6675,train,0,0.055354238684162595,0
5989,train,0,0.12060812145678759,0
6114,train,0,0.0009446659113301074,0
4644,train,0,0.07758768189332438,0
118,train,0,0.0016837402251289309,0
6484,train,0,0.0028651085409389554,0
6185,train,0,0.001125802425440928,0
4282,train,1,0.8251356809899475,1
3548,train,0,0.0018914571580655277,0
9004,train,0,0.003152242804503133,0
4874,train,0,0.001471881909872493,0
9360,train,0,0.0005381630479738478,0
728,train,0,0.001187861358093895,0
1312,train,0,0.0010783797084404254,0
3893,train,0,0.001209339730928212,0
6578,train,0,0.0013880523230045039,0
9557,train,0,0.0007829180295341035,0
6582,train,0,0.0015940680290310364,0
7299,train,0,0.0014337899631302275,0
1668,train,0,0.002314908892148067,0
4621,train,1,0.757839883114423,1
5894,train,0,0.0011396968792493215,0
6164,train,0,0.0012972944895198021,0
7197,train,0,0.000920216124360556,0
5045,train,0,0.004179904269569106,0
25,train,0,0.003115422682894511,0
5575,train,0,0.0013580656106335783,0
3702,train,0,0.012012418242245906,0
729,train,0,0.0004905401664638707,0
6671,train,0,0.046741902223700435,0
6754,train,0,0.0011008412322344896,0
6926,train,0,0.004296320494767329,0
9390,train,0,0.00042507801555045417,0
14,train,0,0.002046720145244523,0
8451,train,0,0.001829707949061759,0
1654,train,0,0.49301135975662225,1
9947,train,0,0.001501022672751256,0
6836,train,0,0.015464141858162386,0
4373,train,0,0.07079451516628649,0
4868,train,0,0.005656972570168037,0
5431,train,0,0.001584447095045267,0
4993,train,0,0.0020648670368102746,0
4089,train,0,0.0013260367180809945,0
8104,train,0,0.0017765902894499455,0
7894,train,0,0.0006769537268130322,0
4936,train,1,0.5086277875690857,1
2564,train,0,0.00114536355820585,0
2286,train,0,0.015391092535128803,0
9521,train,0,0.0009739419139303258,0
4090,train,0,0.1948133136127975,0
3529,train,1,0.11470531926913628,0
952,train,0,0.0023789584568325735,0
9768,train,0,0.0006956576065944434,0
9460,train,0,0.00258976563481745,0
7726,train,0,0.001610666524258499,0
3306,train,0,0.006310121278961439,0
4318,train,0,0.0017943620241718226,0
2253,train,0,0.0032397813729946297,0
7065,train,0,0.006904646622321146,0
9293,train,0,0.0012570063197840339,0
6470,train,0,0.0028860594693018195,0
6599,train,0,0.001906050256699722,0
144,train,0,0.0015947478940100523,0
3312,train,0,0.0026537361091336724,0
1215,train,0,0.0021705948252643188,0
7862,train,0,0.0026016180435091004,0
6042,train,0,0.0009240227120471165,0
8980,train,0,0.0015378244334976882,0
8020,train,0,0.0012918929269438457,0
9162,train,0,0.0003421603046423365,0
7035,train,0,0.0012665320453805495,0
9462,train,0,0.0009047905460133983,0
9097,train,0,0.049189780700412834,0
9209,train,0,0.0023579470932355065,0
4847,train,0,0.018370560850315173,0
8086,train,0,0.001080009680429478,0
6191,train,0,0.0010065672863295743,0
8644,train,0,0.0006857689133286146,0
3008,train,0,0.0018106484692603827,0
3282,train,0,0.0014807721587741709,0
2205,train,0,0.0006616271535906132,0
5354,train,0,0.001731254193853083,0
9817,train,0,0.0007386975974255096,0
5621,train,0,0.02401704615122029,0
8779,train,0,0.0014345552644475668,0
6330,train,0,0.0022571971920544785,0
9766,train,0,0.0012329885932780187,0
8655,train,0,0.006664871233519591,0
4267,train,0,0.0021820993077894405,0
3680,train,0,0.0011066665938284338,0
7348,train,0,0.0006852465600052704,0
8581,train,0,0.0011156060060503394,0
4077,train,0,0.0014690473002135433,0
719,train,0,0.00888824476147062,0
3155,train,0,0.007618839300828101,0
3103,train,0,0.0022284199517489094,0
331,train,0,0.19866782103254754,0
9124,train,0,0.0013568565250336878,0
5303,train,0,0.0014823535748300224,0
8924,train,0,0.0005701464424807968,0
8170,train,0,0.001496566343254295,0
6835,train,0,0.0017382161462530835,0
1944,train,0,0.0011450650970938772,0
7802,train,0,0.013625959707799054,0
6948,train,0,0.002205596315128561,0
9723,train,0,0.0009829800513222648,0
7728,train,0,0.004096931277111477,0
5939,train,0,0.10269174636179669,0
5013,train,0,0.0018928873279674837,0
7847,train,0,0.26532765353687615,0
2557,train,0,0.001804593717802424,0
8860,train,0,0.0005642724642934167,0
5573,train,0,0.0015993428037457198,0
1785,train,0,0.0016097170003559218,0
4527,train,1,0.7039328574287911,1
2609,train,0,0.0007004428316477145,0
1822,train,0,0.0010998385533234527,0
5332,train,0,0.006151090026370876,0
2686,train,0,0.0008796109788610174,0
3914,train,0,0.0013009966216913605,0
153,train,0,0.0022930556943834227,0
6146,train,0,0.0007297625462031947,0
2746,train,0,0.0021740673057217,0
6804,train,0,0.000950241251572523,0
5749,train,0,0.21525195032651964,0
582,train,0,0.15217944375707693,0
7450,train,0,0.0012618082615511227,0
8100,train,0,0.0023038405343740486,0
3212,train,0,0.0006459360162049774,0
4044,train,1,0.030637887077864367,0
7783,train,0,0.0017883527999725246,0
4777,train,0,0.001768412814394405,0
2964,train,0,0.0015411083771227488,0
5713,train,0,0.001189469639375325,0
9539,train,0,0.003149858293380475,0
3971,train,0,0.0010055439124834133,0
2646,train,0,0.0008988393845148277,0
7331,train,0,0.0013947085844668273,0
3476,train,0,0.001978265821564595,0
739,train,0,0.001009416033404418,0
1271,train,0,0.0006995624060455082,0
9952,train,0,0.0026552251653659646,0
8679,train,0,0.0011250864060891692,0
3645,train,0,0.0019013820534643767,0
4799,train,0,0.001933963815777233,0
3422,train,0,0.0016154865930782145,0
3565,train,0,0.007298254377180707,0
7416,train,0,0.0017057162645248607,0
3389,train,0,0.004301467756613956,0
3222,train,0,0.003583016749355815,0
1832,train,0,0.002400890348134743,0
5205,train,0,0.001444041030661196,0
525,train,0,0.0009621639723030401,0
8343,train,0,0.00588623427043536,0
3736,train,0,0.0012704822257382945,0
7801,train,0,0.0028401404078019217,0
5690,train,0,0.007489807770071121,0
2336,train,0,0.002914968660624413,0
942,train,0,0.0014537149469632952,0
8114,train,0,0.134707701711295,0
9345,train,0,0.0029717002143227773,0
9323,train,0,0.001466679375010219,0
3100,train,0,0.000995413712187161,0
8817,train,0,0.0019967538710462278,0
6473,train,0,0.0014856338789299656,0
4073,train,0,0.010369534221859567,0
9368,train,0,0.0004980016691495976,0
7762,train,0,0.001391030146730083,0
9105,train,0,0.00047178950854866804,0
5108,train,0,0.005128893648821011,0
263,train,0,0.0006339145633336559,0
6073,train,0,0.001679746390352479,0
8172,train,0,0.0025755511060135917,0
7436,train,0,0.0006426427470489653,0
3709,train,0,0.0014458932180140818,0
8280,train,0,0.050613841927593994,0
5674,train,0,0.0013655379687886604,0
6075,train,0,0.0017382161462530835,0
152,train,0,0.0012651821538107177,0
2004,train,0,0.003246328435187608,0
5393,train,0,0.05762919748018116,0
7643,train,0,0.0030128681677953208,0
7109,train,0,0.0009320148527343019,0
1644,train,0,0.0018312735227765126,0
28,train,0,0.001170703304530739,0
9383,train,0,0.0006348033053684822,0
96,train,0,0.0007315265504645369,0
8800,train,0,0.0008055099027860742,0
964,train,0,0.0038921812409032958,0
6269,train,0,0.0011900585937136075,0
103,train,0,0.0021729180043923136,0
3108,train,0,0.037713511521813306,0
7761,train,0,0.05955711108657569,0
2645,train,0,0.0008777776916178864,0
9634,train,0,0.004522775683482034,0
9408,train,0,0.0005446587873415295,0
665,train,0,0.0008832282064056432,0
6493,train,0,0.031010211557083268,0
790,train,0,0.0024682354282048163,0
8059,train,0,0.0010923295115434614,0
6844,train,0,0.0707819264810448,0
205,train,0,0.004255586039186672,0
107,train,0,0.0017355746612959225,0
1168,train,0,0.05955484914956394,0
3466,train,0,0.08182186592684702,0
2220,train,0,0.002112955027305194,0
3123,train,0,0.0008352501446187525,0
2206,train,0,0.002060943915453245,0
6318,train,0,0.004584156343525924,0
2587,train,0,0.25891720173070004,0
6013,train,0,0.0013341901322616095,0
2683,train,0,0.0008796109788610174,0
3460,train,0,0.0037824656314738915,0
2075,train,1,0.8077557247221572,1
3084,train,0,0.0036691521238984203,0
1131,train,0,0.0016102167575440965,0
8568,train,0,0.0007248245605182543,0
5079,train,0,0.00708005557661963,0
2826,train,0,0.0008018163625496527,0
5583,train,0,0.0012970108947795603,0
7644,train,0,0.003437778250502783,0
3187,train,0,0.0194326978156412,0
4925,train,0,0.0027158603429604574,0
2799,train,0,0.002074554690386984,0
8503,train,0,0.001225187989944514,0
3549,train,0,0.07579119918293234,0
397,train,0,0.0010121149227395032,0
5598,train,0,0.007809959404947584,0
644,train,0,0.00041299131337139256,0
994,train,0,0.38061562600620136,1
3986,train,0,0.001371659002979894,0
3607,train,0,0.0012472407182411273,0
5696,train,0,0.001029542579254774,0
9939,train,0,0.21554178007907132,0
4206,train,0,0.035807810834586985,0
6874,train,0,0.006473681613721191,0
1958,train,0,0.0009705456352579896,0
3882,train,0,0.001855822837609907,0
2620,train,0,0.001081045113174473,0
1440,train,0,0.0014309302454228246,0
7781,train,0,0.000961044692286709,0
6165,train,0,0.07251126850760367,0
7948,train,0,0.0008991524642789193,0
8016,train,0,0.0013473663090306934,0
9441,train,0,0.001200078779061571,0
6008,train,0,0.001922045554437881,0
1866,train,0,0.0021473970184058937,0
441,train,0,0.0012857592583149623,0
3273,train,0,0.0778840048381383,0
9822,train,1,0.5723068249784973,1
6092,train,0,0.0013673712891098873,0
2174,train,0,0.0008125641407931938,0
1846,train,0,0.0011021049671374782,0
7433,train,0,0.0008510035324732532,0
7347,train,0,0.0008009483026515697,0
220,train,0,0.0033736246828894,0
1505,train,0,0.022677218839792818,0
5280,train,0,0.0014548832162796699,0
201,train,0,0.0011191844896579332,0
9396,train,0,0.000798897072323198,0
9072,train,0,0.0009193556245737103,0
7274,train,0,0.0007418750194965155,0
3943,train,1,0.9347942317914799,1
2328,train,0,0.05690386703595605,0
9833,train,0,0.11412160110824568,0
2025,train,0,0.0014672278389748158,0
5872,train,0,0.001277302815600629,0
402,train,0,0.000533963099260314,0
1671,train,0,0.0015390635680391721,0
613,train,0,0.0007644970708126179,0
761,train,0,0.24013819055721777,0
2584,train,0,0.0027777384640438802,0
6059,train,0,0.10208494128434305,0
2223,train,0,0.0023118400438357756,0
5895,train,0,0.0015330069405070908,0
8571,train,0,0.13874991337340026,0
7544,train,0,0.0012545432153850346,0
5447,train,0,0.0014611692476996204,0
4809,train,0,0.0012803221554775596,0
4693,train,0,0.0024429156946182886,0
6900,train,0,0.0008407878413551921,0
7624,train,0,0.0025510947511153278,0
4759,train,1,0.7981348368192202,1
8993,train,0,0.0006970812628154778,0
8124,train,0,0.000663086449854853,0
9787,train,0,0.002798534357280239,0
6983,train,0,0.004341674085243954,0
1259,train,0,0.0013233445917276922,0
1142,train,0,0.0014283926698310427,0
7465,train,0,0.0019804821998834076,0
2278,train,0,0.0017757400151338987,0
6254,train,0,0.007599452462035449,0
2479,train,0,0.0012667512182105475,0
7322,train,0,0.0007658237474689875,0
3676,train,0,0.0011715875174503252,0
2673,train,0,0.0006247592109630401,0
4142,train,0,0.017946444745355075,0
1819,train,0,0.005678321370706579,0
6485,train,0,0.001439505126150973,0
6490,train,0,0.011831650702910642,0
2468,train,0,0.0013702708332354735,0
3408,train,0,0.0021827574953367374,0
2588,train,0,0.025085006226178576,0
4897,train,0,0.0934628793223691,0
2767,train,0,0.0010798881956278173,0
6378,train,0,0.0009567156447890992,0
48,train,0,0.002475363549271434,0
9812,train,0,0.0017331998816281049,0
4472,train,0,0.010127893384812086,0
934,train,0,0.0033700449563051943,0
5824,train,0,0.08672052819288298,0
329,train,0,0.029410651048073885,0
78,train,0,0.0030275927371320103,0
7999,train,0,0.0006749523048124882,0
2766,train,0,0.001020528776105784,0
7831,train,0,0.00104578765683502,0
2476,train,0,0.0017247872041265687,0
7665,train,0,0.0017226529307628033,0
4377,train,0,0.09792453281367597,0
4909,train,0,0.0014813054265974323,0
2870,train,0,0.001095345449774027,0
178,train,0,0.00298786564994802,0
4497,train,0,0.0029276104358905053,0
822,train,0,0.004067988916374574,0
7901,train,0,0.0026518908040477243,0
7770,train,0,0.0010248927330477017,0
496,train,0,0.011004955087427387,0
8038,train,0,0.0020731064792935345,0
5533,train,0,0.0011901277887046123,0
5779,train,0,0.0020337998618815733,0
1497,train,0,0.0007716941971031182,0
9409,train,0,0.0009189871188788921,0
5245,train,0,0.0019649349307252462,0
4306,train,0,0.003851510668646431,0
4094,train,0,0.0017082576360341838,0
3263,train,0,0.05201278260449121,0
892,train,0,0.002348473737175686,0
4184,train,1,0.6242466636224089,1
6946,train,0,0.0016570187256154366,0
4385,train,1,0.5308185602452443,1
5913,train,0,0.0022724615643601493,0
7821,train,0,0.0011796819859123428,0
6794,train,0,0.008614749218665266,0
7374,train,0,0.003848006202140773,0
7706,train,0,0.0011308424089671713,0
4207,train,1,0.2676962653097022,0
6603,train,0,0.005780783824038415,0
5031,train,0,0.003628881090534015,0
5154,train,0,0.0021041077838712965,0
3992,train,0,0.0010089486394416936,0
4726,train,0,0.26559135121925875,0
3567,train,0,0.0019143725649418204,0
4642,train,1,0.9876042982398474,1
3517,train,0,0.0016004862463637733,0
5480,train,0,0.0012358566962525957,0
7853,train,0,0.010292499738936811,0
1787,train,0,0.004106708590616215,0
9499,train,0,0.0009585479366583094,0
9481,train,0,0.006920511234922041,0
3461,train,0,0.37599325782571735,1
3774,train,0,0.0019474565622537904,0
6460,train,0,0.00812796832202573,0
3039,train,0,0.0005626225287975734,0
2580,train,0,0.05467517400177306,0
1513,train,0,0.0007840192197098119,0
9999,train,0,0.0011967559569705031,0
3142,train,0,0.0011001837757496922,0
1071,train,0,0.003695951157397515,0
4651,train,1,0.7737791515571574,1
4448,train,1,0.9083016095757211,1
8060,train,0,0.002062262777807794,0
3933,train,0,0.002089701858931824,0
7392,train,0,0.0007563556351351041,0
1173,train,0,0.1161402537597194,0
9274,train,0,0.004657160608000816,0
1514,train,0,0.0005925068894077784,0
5982,train,0,0.0016472062085796622,0
6964,train,0,0.00311246289966795,0
8739,train,0,0.0009509291815809852,0
1532,train,0,0.0009458342754189806,0
9761,train,0,0.001118307770341428,0
7508,train,0,0.03465336717877336,0
269,train,0,0.0006926485314006364,0
9916,train,0,0.0011612903449786122,0
2796,train,0,0.0008614383907152169,0
4678,train,0,0.0023998862994076544,0
1354,train,0,0.004704765982022123,0
3550,train,0,0.0020137806425941803,0
969,train,0,0.0010853832019765278,0
1582,train,0,0.0005300956640586816,0
7493,train,0,0.003281938891844644,0
9597,train,0,0.0009534595412859722,0
1079,train,0,0.007908477477726775,0
6257,train,0,0.00819102416805206,0
6949,train,0,0.0010724694760049396,0
6715,train,0,0.0015906147468728899,0
3522,train,0,0.0012412923333377976,0
8417,train,0,0.0007477770917929857,0
9923,train,0,0.001007236479519427,0
3600,train,0,0.0016694822003642871,0
308,train,0,0.0013743906358753691,0
3745,train,0,0.0021038136304446804,0
9120,train,0,0.0005681262491665602,0
1487,train,0,0.0022195234216757518,0
7961,train,0,0.008477621802680115,0
2168,train,0,0.0020796337493267183,0
5430,train,0,0.0018894394692521594,0
6857,train,0,0.0007123095338717982,0
9777,train,0,0.00830655002001474,0
6709,train,0,0.0015104500604155204,0
7899,train,0,0.0026594110547821345,0
5288,train,0,0.0016206604594486132,0
9375,train,0,0.0013733318497771215,0
3606,train,0,0.5731848537090495,1
1519,train,0,0.0012500159425399807,0
3012,train,0,0.003787381687441559,0
6872,train,0,0.0010822139167854419,0
1572,train,0,0.013172348819711879,0
8118,train,0,0.0009933052222023619,0
3980,train,0,0.04541770526733587,0
8415,train,0,0.004373665531912179,0
4281,train,0,0.0027840568704706426,0
1352,train,0,0.000705270053308729,0
5454,train,0,0.0014611692476996204,0
3569,train,0,0.001592368804120903,0
7725,train,0,0.00125005078776925,0
9544,train,0,0.0009248787915520725,0
6632,train,0,0.008652609765194663,0
701,train,0,0.0006246784698994041,0
6560,train,0,0.0021484850853547995,0
1340,train,0,0.0008556410143090532,0
4273,train,0,0.0029502117995153787,0
7846,train,0,0.04354992626444118,0
2794,train,0,0.0008659936571416199,0
6595,train,0,0.002983497658917412,0
9464,train,0,0.0028261440028142003,0
9735,train,0,0.0051938929326213025,0
6962,train,0,0.0029170231299057623,0
3492,train,0,0.27029642336223353,0
6653,train,0,0.0043695669231915224,0
8181,train,0,0.0026579515503847074,0
6724,train,0,0.0012279117496972378,0
6226,train,0,0.010113208423531085,0
4740,train,0,0.0019610573064750706,0
8456,train,0,0.0009774495032451426,0
3483,train,0,0.00123145967233483,0
88,train,0,0.0018186810838128292,0
115,train,0,0.0032080689171911972,0
1852,train,0,0.0009124337808368693,0
8423,train,0,0.004230397031698752,0
3871,train,0,0.0036561668133765954,0
1620,train,0,0.0010455078092030513,0
879,train,0,0.003043220707428971,0
3286,train,0,0.0010571048055708682,0
9288,train,0,0.003984842268182324,0
5702,train,0,0.0010982746586471696,0
5314,train,0,0.0019816346723160712,0
2734,train,0,0.0008148026636722638,0
3153,train,0,0.002687204227654892,0
6085,train,0,0.0012947527449537204,0
5957,train,0,0.0010584234141394163,0
7539,train,0,0.001044815368993603,0
9121,train,0,0.0012278978687564727,0
4464,train,0,0.004015822976002275,0
5238,train,0,0.0015837284728091048,0
1419,train,1,0.9142012101985963,1
2283,train,0,0.0030835168481956076,0
4934,train,0,0.0018165482872621722,0
3030,train,0,0.00080711378035151,0
1621,train,0,0.005508861952503368,0
77,train,1,0.06632984286102736,0
2721,train,0,0.0008183608332104045,0
6976,train,0,0.006050174406062984,0
4343,train,0,0.0022832310827086665,0
7191,train,0,0.0008820958116712707,0
834,train,0,0.004472620291528917,0
6326,train,0,0.0011880269018382057,0
2811,train,0,0.0011530618071943141,0
337,train,0,0.0005463669570761272,0
8518,train,0,0.0017225637240966978,0
7758,train,0,0.0018936943694096988,0
7250,train,0,0.018182597130815523,0
3168,train,0,0.002440248030089971,0
3432,train,0,0.0016979318005633675,0
6941,train,0,0.010023429875946354,0
4485,train,0,0.0027355108171114766,0
9551,train,0,0.0031223835784790475,0
1986,train,0,0.0010998385533234527,0
7937,train,0,0.09201635410544916,0
3031,train,0,0.0013917132970079995,0
3341,train,0,0.003080172337419122,0
5240,train,0,0.00196916151360372,0
6130,train,0,0.0009976252004034137,0
1510,train,0,0.0006826911115660713,0
3265,train,0,0.14292215782339204,0
4622,train,0,0.0020078260072112462,0
5889,train,0,0.004594889327554262,0
2327,train,0,0.05279724376410749,0
6221,train,0,0.003810514198949382,0
7546,train,0,0.0008488508258013065,0
9600,train,0,0.0016624404549025844,0
1656,train,0,0.0010985650665263364,0
3497,train,0,0.0014892399014685563,0
5951,train,0,0.0025286164993298796,0
7444,train,0,0.004342090709426,0
9927,train,0,0.0014259186853304144,0
9730,train,0,0.0012616131497022731,0
432,train,0,0.000431313631826851,0
262,train,0,0.0007433025046954605,0
2219,train,0,0.0019564605173719284,0
3005,train,0,0.0018649395275686285,0
6547,train,0,0.0025627511050372804,0
3405,train,0,0.0010832310107457073,0
862,train,0,0.002592836708758943,0
524,train,0,0.000633846196269867,0
5970,train,0,0.0015882585273235756,0
832,train,0,0.0020488796042275395,0
9374,train,0,0.0010630197497757913,0
1660,train,0,0.0010985650665263364,0
7930,train,0,0.045809279039297934,0
4938,train,0,0.0020835166569240595,0
8599,train,0,0.0005526061312261434,0
5364,train,0,0.001500860102032008,0
4452,train,0,0.0032806026908971074,0
2758,train,0,0.0170769356732793,0
9305,train,0,0.0007497912380042264,0
6363,train,0,0.0005500878743617485,0
6309,train,0,0.009458161489604443,0
8978,train,0,0.003133961988136982,0
5401,train,1,0.641754773519061,1
373,train,0,0.0008123108833290155,0
5556,train,0,0.02181849645651576,0
6774,train,0,0.0008664501659202989,0
7076,train,0,0.0019830963155241504,0
3462,train,0,0.0015524413662413826,0
2957,train,0,0.001221855739398041,0
1693,train,0,0.003330158073107341,0
7813,train,0,0.0007858048538205065,0
7244,train,0,0.0016888695834854795,0
7945,train,0,0.0008258193146051576,0
9806,train,0,0.0857978296556783,0
6346,train,0,0.008390013874227366,0
9035,train,0,0.0008990060578285698,0
9654,train,1,0.7989425094157832,1
4002,train,1,0.35622613188280217,0
3152,train,0,0.0014533074179522909,0
9638,train,0,0.002969181696543529,0
2719,train,0,0.002155341734095084,0
2843,train,0,0.0011788700589843392,0
6270,train,0,0.001217644501912173,0
4573,train,0,0.004551794278387133,0
7479,train,0,0.0007768866170205611,0
6244,train,0,0.0011080042604250488,0
3884,train,0,0.0009041845470531989,0
8242,train,0,0.0009381427211825114,0
2245,train,0,0.0016687841422502831,0
972,train,0,0.002654107241256283,0
3238,train,0,0.001852406660295387,0
4574,train,0,0.004385866605479936,0
3846,train,0,0.02846466607375488,0
9244,train,0,0.0017706932036644272,0
8659,train,0,0.0021225547298156563,0
723,train,0,0.000638431239942628,0
171,train,0,0.0015786969007255294,0
7387,train,0,0.002098030234689536,0
8509,train,0,0.0025551934431833363,0
9873,train,0,0.001032510659953362,0
8338,train,0,0.0018270818272489526,0
642,train,0,0.004005225935162902,0
4412,train,0,0.0048906547498657,0
6552,train,0,0.0014356658263252136,0
3331,train,0,0.0031939755645982904,0
8550,train,0,0.0014904327037079652,0
8916,train,0,0.09946510122191354,0
4840,train,1,0.9055599074060521,1
3928,train,1,0.5766882816244078,1
7579,train,0,0.0358240035185483,0
9363,train,0,0.0005988158896584995,0
9304,train,0,0.0007770522260796146,0
4924,train,0,0.0015510505133899584,0
8007,train,0,0.0009526605689750613,0
4919,train,0,0.0013766601747535402,0
8294,train,0,0.0007606194493625818,0
326,train,0,0.0005735790357284506,0
1962,train,0,0.0017455882331845955,0
7723,train,0,0.0014970363382212067,0
2009,train,0,0.0014140482254041127,0
4768,train,1,0.7338840208459251,1
3723,train,0,0.0014003271393611203,0
7228,train,0,0.002587913783813883,0
7338,train,0,0.05677611538132455,0
9400,train,0,0.0005515112484808964,0
8024,train,0,0.06932227730877885,0
1748,train,0,0.002739447748531237,0
6998,train,0,0.002122123950237252,0
7752,train,0,0.002272173990299733,0
8325,train,0,0.0009166561800428852,0
7646,train,0,0.0014548492986543552,0
227,train,0,0.0016672988689066708,0
619,train,0,0.0019634290288486457,0
4519,train,0,0.003191360717004853,0
1645,train,0,0.0008998589527656785,0
8278,train,0,0.11746082642837759,0
9012,train,0,0.0012499002145000512,0
2583,train,0,0.022487118047369994,0
2847,train,0,0.0012453602669845998,0
1254,train,0,0.0016225349910641551,0
8879,train,0,0.0008208463945717142,0
2300,train,0,0.003913445740639214,0
6444,train,0,0.009403463320333013,0
2937,train,0,0.0017146678966126839,0
5141,train,1,0.13909324760318617,0
1124,train,1,0.3980147639910585,1
2637,train,0,0.002150407209589266,0
5905,train,0,0.0013876898713640767,0
134,train,0,0.004089161720897628,0
9757,train,0,0.040232553158046,0
3512,train,0,0.005968194242190614,0
2419,train,0,0.004130322037238585,0
857,train,0,0.0036990214825825363,0
5010,train,0,0.002115814072315377,0
5233,train,0,0.005343057498347778,0
9081,train,0,0.0007832804453241752,0
9050,train,0,0.0005581807420687295,0
2267,train,0,0.003735092643115079,0
1924,train,0,0.002351133478663217,0
4845,train,0,0.0039048014668143474,0
3658,train,0,0.0032067703704575885,0
7097,train,0,0.005379262607674779,0
9223,train,0,0.0011822169625844198,0
3119,train,0,0.0008796109788610174,0
4646,train,1,0.49352937587465545,1
5735,train,0,0.06429949380876175,0
7134,train,0,0.005103937572647997,0
3962,train,0,0.0011951711136115575,0
6163,train,0,0.021577532472139248,0
3563,train,0,0.001611040380992038,0
1643,train,0,0.0010256698624481516,0
9214,train,0,0.000984028484807141,0
4247,train,1,0.7131070617891414,1
6027,train,0,0.0031096876055755986,0
1954,train,0,0.0011600005400902121,0
3772,train,0,0.005215302013156919,0
1023,train,0,0.003499477449828543,0
7235,train,0,0.0045841701329408955,0
6285,train,0,0.0035174442884454813,0
5338,train,0,0.0018894447350283176,0
1775,train,0,0.003293156221716737,0
7639,train,0,0.0010931520850423664,0
8198,train,0,0.15528188746771848,0
3439,train,0,0.0013880523230045039,0
6525,train,1,0.42918903509070244,1
616,train,0,0.0013819647332283691,0
4903,train,0,0.3476391886177926,0
7599,train,0,0.0010692710375052956,0
5660,train,0,0.001902493095478138,0
9836,train,0,0.003305188930553941,0
9859,train,0,0.0009536418710373471,0
514,train,0,0.0005440470789026345,0
6643,train,0,0.012402303154951713,0
7004,train,0,0.09689696535247905,0
181,train,0,0.0016090679837481026,0
8032,train,0,0.003965801727584994,0
5932,train,0,0.0011385248287914078,0
1539,train,0,0.0027062295985298746,0
4582,train,0,0.0026926934161675,0
5610,train,0,0.002355667010840975,0
5353,train,0,0.0014344264404055158,0
3298,train,0,0.0014217040021785345,0
2331,train,1,0.860472457257073,1
8778,train,0,0.0012895966106173864,0
9844,train,0,0.0009152989083653241,0
8237,train,0,0.0014919638937614388,0
683,train,0,0.0006782031828138573,0
6569,train,0,0.0018404115913084468,0
802,train,0,0.003979981181030767,0
9131,train,0,0.0007665813287005685,0
5296,train,0,0.014637983880039155,0
6927,train,0,0.0008903787928047713,0
2759,train,0,0.02695125504737318,0
256,train,0,0.3329855201112902,0
1066,train,0,0.0013049072437443855,0
3166,train,0,0.0013229434128514761,0
1717,train,0,0.0037694209372822417,0
7008,train,0,0.004027340868006485,0
9962,train,0,0.003232198152468018,0
7282,train,0,0.0010861581985141125,0
753,train,0,0.07438212986215159,0
1909,train,0,0.0024161478053206834,0
4091,train,0,0.0019398372841080934,0
5887,train,0,0.0012185590307770716,0
6143,train,0,0.0010358080837217607,0
7028,train,0,0.0032666052953906517,0
366,train,0,0.00054023141949543,0
483,train,0,0.009427137031181051,0
3924,train,0,0.0010439021866120864,0
7243,train,0,0.004025492608682571,0
7707,train,0,0.0011761134122106173,0
8182,train,0,0.0015084870617218216,0
3610,train,0,0.050303346886191834,0
7854,train,0,0.0009779247753361681,0
9110,train,0,0.0009935323182433972,0
8260,train,0,0.0035406343653452904,0
1237,train,0,0.0005618557251520508,0
6566,train,0,0.0015698680029660932,0
3028,train,0,0.00478118592859502,0
7239,train,0,0.0008668443702555085,0
1207,train,0,0.0010338871876016745,0
7390,train,0,0.0007563556351351041,0
368,train,0,0.000544938180245477,0
8661,train,0,0.0003981756850012557,0
8459,train,0,0.0009694211990978302,0
1351,train,0,0.0007911320813294117,0
1597,train,0,0.0006417887765853485,0
993,train,0,0.0025509313951831898,0
2772,train,0,0.0006247592109630401,0
321,train,0,0.0006953949432310777,0
1835,train,0,0.0034082442437891295,0
6992,train,0,0.0011207909898008773,0
5881,train,0,0.0011951549048941565,0
165,train,0,0.0015187551407379227,0
2551,train,0,0.0009743380299340886,0
6192,train,0,0.004639120615098767,0
145,train,0,0.00179945118960839,0
970,train,0,0.00303734858059821,0
7316,train,0,0.0014989684947385596,0
4522,train,0,0.0021426022911199788,0
7601,train,0,0.44121068956299353,1
8813,train,0,0.0006633821007658941,0
3552,train,0,0.10232392085283594,0
6722,train,0,0.001393116498153986,0
1740,train,0,0.0012723752903667002,0
3493,train,0,0.0014258438066875713,0
4521,train,0,0.0024179426236151064,0
5082,train,0,0.0016559823219088445,0
9284,train,0,0.0010250189881600314,0
2771,train,0,0.0008524091886229811,0
3918,train,0,0.10359251466831608,0
1447,train,0,0.0009057302322240478,0
5487,train,0,0.03539704413305914,0
239,train,0,0.0009590320049011789,0
3179,train,0,0.0012419363847660549,0
7030,train,0,0.0016171427620925516,0
1269,train,0,0.0007133468671091523,0
3072,train,0,0.004830958584301413,0
9087,train,0,0.0049250809343325905,0
7039,train,0,0.0008752028393947976,0
5137,train,0,0.001783472825111306,0
5021,train,0,0.0614820226002917,0
3726,train,0,0.0011762832896172228,0
1695,train,0,0.0009150889298492878,0
3192,train,0,0.04327880970403322,0
3906,train,0,0.365175463316315,0
9424,train,0,0.0004798719828313259,0
9129,train,0,0.00048387765401395336,0
359,train,0,0.00047625192880510994,0
4715,train,0,0.0015858457995301387,0
1114,train,0,0.001879794349453023,0
8632,train,0,0.0005164870208054261,0
2954,train,0,0.0016434520181561624,0
425,train,0,0.0008742939242464425,0
1553,train,0,0.02451466352823084,0
2083,train,0,0.0018387645895806717,0
3881,train,0,0.001070230708232861,0
8192,train,1,0.9702179336968962,1
4842,train,0,0.01031115841104619,0
7795,train,0,0.0008078534505557026,0
5745,train,0,0.002646583572159282,0
1136,train,0,0.0015277521708046435,0
3380,train,0,0.0009430907083291543,0
1457,train,0,0.0009215246433844905,0
705,train,0,0.0007213157829212067,0
9052,train,0,0.0013827977126351376,0
3259,train,0,0.0011862910797735694,0
6361,train,0,0.00340329421324254,0
6391,train,0,0.00102615628440102,0
9892,train,0,0.0023571018737610825,0
828,train,0,0.0020488796042275395,0
7475,train,0,0.003445008423061384,0
4087,train,1,0.7855211950682509,1
1971,train,0,0.001937990669911624,0
8281,train,0,0.056918125914248704,0
3761,train,0,0.001581372467642456,0
3226,train,0,0.0011977698753458507,0
3816,train,0,0.005589880881275341,0
919,train,0,0.0030980801992105756,0
6613,train,0,0.001978265821564595,0
1015,train,0,0.0015712253909120342,0
3171,train,0,0.01411546523795522,0
6382,train,0,0.0008910155359261121,0
506,train,0,0.0005684670999017842,0
2530,train,0,0.004062329823486127,0
6689,train,0,0.0018429083207769025,0
2408,train,0,0.016590477325676405,0
6443,train,0,0.0010340909712448685,0
2764,train,0,0.0020399970277681766,0
6950,train,0,0.0026258430039376177,0
3586,train,0,0.0017236567633545491,0
9150,train,0,0.002172754580891705,0
322,train,0,0.0009278579161212336,0
1407,train,0,0.0014742700348887245,0
2409,train,0,0.0027777384640438802,0
1346,train,0,0.0008507122400122724,0
5753,train,0,0.01711542790546648,0
8147,train,0,0.0013216458632867541,0
8303,train,0,0.0008181495085037974,0
8544,train,0,0.003689778703280223,0
2480,train,0,0.0012130897055266268,0
4554,train,0,0.003402141150805001,0
5508,train,0,0.02562788139167967,0
3867,train,1,0.4995711214192247,1
2593,train,0,0.005365703922301923,0
1939,train,0,0.002326776341467088,0
203,train,0,0.0015908001837531152,0
1970,train,0,0.20856543188820195,0
4751,train,0,0.001654496650089029,0
6286,train,0,0.0013135582813487824,0
5004,train,0,0.030985191768390118,0
8613,train,0,0.0013956577857486283,0
3857,train,0,0.04462240766114573,0
7379,train,0,0.003362696629048639,0
2089,train,0,0.0025482443852907102,0
5677,train,0,0.07561949121023055,0
8835,train,0,0.0011026295537884374,0
4823,train,0,0.0023103627477228813,0
4884,train,0,0.0016275205308945164,0
7798,train,0,0.0010642893275337492,0
7053,train,0,0.0010334306416684771,0
8732,train,0,0.0009290419495750779,0
1523,train,0,0.0008252348360519038,0
9036,train,0,0.0005208511131822849,0
9254,train,0,0.0010538978112043032,0
9734,train,0,0.0013539394190168915,0
6662,train,0,0.028521795797564458,0
7052,train,0,0.0009869749367177993,0
3310,train,0,0.009155169207728532,0
9550,train,0,0.0011979485859042753,0
3853,train,0,0.0012327464573134463,0
1744,train,0,0.0020461435357707215,0
2329,train,0,0.05383373080542184,0
6576,train,0,0.0012910002259910562,0
1921,train,0,0.000970348212457372,0
702,train,0,0.0006994842686981517,0
1793,train,0,0.0030582590456350086,0
6471,train,0,0.001002351956462885,0
4916,train,0,0.0016330000697282452,0
3175,train,0,0.0016890426744936367,0
8208,train,0,0.0006870587645769008,0
8424,train,0,0.004427067579072198,0
1226,train,0,0.0006040699510783241,0
8399,train,0,0.010775475872487733,0
7691,train,0,0.006405108723801767,0
3326,train,0,0.0020579150741214082,0
8497,train,0,0.0007774010811170143,0
3817,train,0,0.011702845124687358,0
3358,train,0,0.001585634326583759,0
8155,train,0,0.0032151784248852155,0
8153,train,0,0.0008339294937438001,0
4200,train,0,0.0010546150275543235,0
9728,train,0,0.0013865893564384074,0
5799,train,0,0.0015720230636281996,0
193,train,0,0.001111371707417492,0
9327,train,0,0.0013437120110964974,0
389,train,0,0.0011367036445392947,0
9644,train,0,0.001029306640178524,0
890,train,0,0.0021523589118939705,0
4259,train,0,0.0026140586304556485,0
7471,train,0,0.003843166476245514,0
6331,train,0,0.002731212347990099,0
5277,train,0,0.0014548832162796699,0
6640,train,0,0.003598717680573374,0
3372,train,0,0.006088936307271203,0
9669,train,0,0.05906309684992453,0
5049,train,0,0.004098866028889843,0
4852,train,0,0.0015490626395598941,0
1698,train,0,0.0010821786829424175,0
4460,train,0,0.0019308557528480376,0
8053,train,0,0.0012850611473310706,0
5170,train,0,0.0023391891506094296,0
3135,train,0,0.008316210534296535,0
9119,train,0,0.0006101422842157634,0
1862,train,0,0.0013370834616278878,0
4739,train,1,0.7912218628525035,1
5336,train,0,0.0018908087874522574,0
1974,train,0,0.0019200459406704816,0
9689,train,0,0.02080862969058385,0
94,train,0,0.0009301877513482567,0
3058,train,0,0.0006579473812620588,0
5476,train,0,0.0013682711138454744,0
4092,train,0,0.001653262626628444,0
7179,train,0,0.000664788785243681,0
9888,train,0,0.0007716381297769598,0
3628,train,0,0.0009831833438227434,0
9575,train,0,0.0016697259753279525,0
2049,train,0,0.0007595706311865147,0
4978,train,0,0.004416117728806983,0
9224,train,0,0.0023189408137546203,0
7376,train,0,0.0008329967654377724,0
605,train,0,0.0005586189370399523,0
6619,train,0,0.0014888608820162455,0
549,train,0,0.0010678512195758994,0
6813,train,0,0.0015671286936508964,0
5743,train,0,0.014665009906826754,0
7687,train,1,0.3951426452636882,1
3929,train,0,0.0034259886741156813,0
5676,train,0,0.0013541145262957967,0
8663,train,0,0.0007324822961144435,0
6293,train,0,0.0017668238917738436,0
3206,train,0,0.00048164987966057334,0
6760,train,0,0.00467574961489363,0
5199,train,0,0.001444041030661196,0
5474,train,0,0.011291925681700905,0
5223,train,0,0.04188871066330738,0
6194,train,0,0.0008769902987399759,0
9455,train,0,0.0027801355691617073,0
3891,train,0,0.006787299244762688,0
9596,train,0,0.0008181495085037974,0
183,train,0,0.0006378809353475082,0
4931,train,0,0.0022424180327432312,0
3778,train,0,0.27634941606684493,0
8736,train,0,0.0008548964344083012,0
5604,train,0,0.001556488247642689,0
2163,train,0,0.07732425547749353,0
4195,train,0,0.001607860287116525,0
1751,train,0,0.008851911547708223,0
9905,train,0,0.0029755126113917224,0
1304,train,0,0.03490743732278778,0
4199,train,0,0.0008453549997394815,0
8773,train,0,0.00040285954520719237,0
9688,train,0,0.003991634768720749,0
3837,train,0,0.006919873706777825,0
3591,train,0,0.0015078070714893035,0
6,train,0,0.0006068856522373096,0
4675,train,0,0.0026421282113131433,0
8898,train,0,0.0005169335183251888,0
8854,train,0,0.0006223504636991158,0
9085,train,0,0.0033866812565491932,0
7237,train,0,0.0007087328856208853,0
2866,train,0,0.0017333770192349638,0
1311,train,0,0.0015401023219445702,0
1554,train,0,0.0009969893409470566,0
3076,train,0,0.0009500708036829509,0
2845,train,0,0.017943049147437835,0
4242,train,0,0.0038869480428629518,0
1053,train,0,0.003512994029789018,0
4103,train,0,0.003012988704430855,0
4907,train,0,0.0014380097514257253,0
4752,train,0,0.001798807956343819,0
1408,train,0,0.0059980614569295765,0
9107,train,0,0.00045612024330914444,0
5927,train,0,0.0011189316728856878,0
6695,train,0,0.03800665229823876,0
2243,train,0,0.0031059435008914697,0
9738,train,0,0.001256673903151852,0
6853,train,0,0.0011778586421376757,0
5671,train,0,0.0008800188092138762,0
9469,train,0,0.0009130707185255699,0
85,train,0,0.001235068945118383,0
6658,train,0,0.00796459578290509,0
344,train,0,0.07429718752690243,0
7620,train,0,0.001279092998282717,0
3000,train,1,0.4210318703255765,1
3641,train,0,0.001253967126164325,0
5075,train,0,0.034035566704144926,0
6422,train,0,0.010008287649981882,0
160,train,1,0.9728771164224079,1
5934,train,0,0.002866586047578506,0
636,train,0,0.001049791877336406,0
7298,train,0,0.0009617041705081832,0
7308,train,0,0.004105560878672613,0
1552,train,0,0.0016817109872727764,0
627,train,0,0.0011633997419595258,0
4358,train,0,0.002836008502372315,0
8402,train,0,0.0037485448445121485,0
6683,train,0,0.021905410243951418,0
775,train,0,0.0031394355825869217,0
2148,train,0,0.0017355616735338438,0
5966,train,0,0.004105088829877325,0
3444,train,0,0.06717396106068745,0
7578,train,0,0.003997981773031117,0
1805,train,0,0.003781567548186042,0
4171,train,0,0.0019321556173415562,0
1047,train,0,0.0023163837232978344,0
3835,train,0,0.0016639303403116433,0
9571,train,0,0.0017515457529859823,0
1796,train,0,0.0011251798361423995,0
4880,train,0,0.0014144295226004825,0
594,train,0,0.001763075909072788,0
2360,train,0,0.0036274638814293766,0
1166,train,0,0.03904801660380424,0
5711,train,0,0.0013552667365977105,0
8018,train,0,0.0014189321922557473,0
6097,train,0,0.0008421237128575962,0
1293,train,0,0.000994905596766685,0
2310,train,0,0.0017011957153576951,0
7138,train,0,0.007808870172587177,0
1801,train,0,0.001205537339640635,0
53,train,0,0.0010640130564441715,0
1330,train,0,0.0548586917264176,0
2591,train,0,0.0016046676070589556,0
6936,train,0,0.0007935398789829518,0
89,train,0,0.00118416083131278,0
6069,train,0,0.0012922567518348655,0
4037,train,0,0.0026979024358892347,0
247,train,0,0.03888297125097167,0
5145,train,0,0.002067102161519606,0
4789,train,0,0.0015232084649971364,0
3464,train,0,0.25340647880542655,0
2701,train,0,0.0025600323445923267,0
1880,train,0,0.0047664515279021635,0
2226,train,0,0.0025087717839091138,0
1362,train,0,0.001095050264744244,0
3697,train,0,0.0025131952977845945,0
7645,train,0,0.002485713311332122,0
9581,train,0,0.002992884178451588,0
7267,train,0,0.0011040171788505163,0
7777,train,0,0.00104639167210149,0
9002,train,0,0.001319045858486382,0
8702,train,0,0.0010886183596388191,0
7918,train,0,0.0007914845416923565,0
8253,train,0,0.0008265979753520734,0
4410,train,0,0.002431526983820087,0
3092,train,0,0.08201180749628785,0
657,train,0,0.012552849792134084,0
2440,train,0,0.003270459197297254,0
9299,train,0,0.0022369325027722844,0
2522,train,0,0.0014035239248464794,0
6912,train,0,0.000975054008143792,0
3925,train,0,0.0031075922539906963,0
670,train,0,0.0009502093017475391,0
3878,train,0,0.001881982971070771,0
3398,train,0,0.000990994563731074,0
5384,train,0,0.08757427523223817,0
5969,train,0,0.0013764332635963913,0
3337,train,0,0.001815193350070814,0
9780,train,0,0.0020673388443200333,0
1467,train,0,0.0011026787746572862,0
5929,train,0,0.0017901521884013019,0
2982,train,0,0.0012870560600434034,0
1329,train,0,0.042513959229533646,0
1637,train,0,0.0017770202966033298,0
486,train,0,0.00055461836837984,0
1632,train,0,0.0009887210023139512,0
137,train,0,0.007382947139458463,0
8144,train,0,0.000661448554875659,0
2927,train,0,0.0026772791268395903,0
8400,train,0,0.0008075157855600963,0
5797,train,0,0.0027498042730690854,0
3011,train,0,0.0025901763086789518,0
949,train,0,0.002462619874639554,0
5502,train,0,0.006581249512512438,0
4703,train,0,0.007189738005922603,0
877,train,0,0.0023066351283803433,0
2867,train,0,0.004462106829654726,0
2240,train,0,0.003011296407041436,0
5586,train,0,0.0008440722972013075,0
1757,train,0,0.03049418704698579,0
7875,train,0,0.0013044159534646006,0
5997,train,0,0.09023626166866348,0
9003,train,0,0.006345471961537921,0
320,train,0,0.0006117021256076085,0
1486,train,0,0.0006321440814823928,0
6687,train,0,0.0031339954402246906,0
3614,train,0,0.0024490152054294193,0
2124,train,0,0.0017768012739270403,0
2392,train,0,0.0050129862920387696,0
9707,train,0,0.0008371698759830783,0
2376,train,0,0.0035927338830592584,0
4986,train,0,0.0020241953147517966,0
6445,train,0,0.0010989615705755162,0
8626,train,0,0.0011300501890204372,0
1022,train,0,0.0013082788227612666,0
4635,train,0,0.07646287117021587,0
7744,train,0,0.01963628542763547,0
7432,train,0,0.0006426427470489653,0
4440,train,0,0.005090969897869479,0
481,train,0,0.000429459642485327,0
139,train,0,0.007382947139458463,0
4372,train,0,0.002524960839012822,0
3865,train,1,0.26210113521837747,0
4155,train,1,0.4858705804186753,1
7904,train,0,0.000920344551288165,0
9262,train,0,0.002624623552883012,0
9219,train,0,0.0027179078130807545,0
3240,train,0,0.0009532111261949754,0
9701,train,0,0.0011649738619753274,0
1934,train,0,0.0008926617518465573,0
9213,train,0,0.0007738741653545566,0
7718,train,0,0.0022995273125873033,0
1409,train,0,0.0014570149456913626,0
174,train,0,0.005758329440111074,0
9549,train,0,0.0007926071366382609,0
3892,train,0,0.07075499550632779,0
4983,train,0,0.03121384841044204,0
5292,train,0,0.001944872195008195,0
9771,train,0,0.0021444508300741956,0
8379,train,0,0.0008385493352212244,0
3838,train,0,0.0012776508303003536,0
6776,train,0,0.0037538503008541953,0
6419,train,1,0.290578133319756,0
2455,train,0,0.002920786425070973,0
1400,train,0,0.32216879240374446,0
5200,train,0,0.1566999815716068,0
7198,train,0,0.001011953541734988,0
501,train,0,0.06898028154163943,0
8943,train,0,0.0011265759383749677,0
4908,train,0,0.0035360406745899276,0
7240,train,0,0.010593968349760018,0
3249,train,0,0.0017293017206449787,0
6702,train,0,0.0012389675463253481,0
1583,train,1,0.7779150101108102,1
1490,train,0,0.0013588777472503047,0
9194,train,0,0.0008243526704938669,0
3434,train,0,0.0018669422446789604,0
4350,train,0,0.0021879389296344844,0
3700,train,0,0.009317796575552883,0
8473,train,0,0.0018221673326530425,0
5581,train,0,0.0022315205404757716,0
7938,train,0,0.11430707073991783,0
8037,train,0,0.0008395613311305005,0
4320,train,0,0.014809554824559808,0
1719,train,0,0.002078593410993793,0
1897,train,0,0.0012253174132751021,0
4958,train,0,0.0032577197743638895,0
6512,train,0,0.006873897289292416,0
9709,train,0,0.0009431929430590474,0
6607,train,0,0.001927052390984801,0
2311,train,0,0.0014770807858989399,0
7914,train,0,0.0007956432543282689,0
1158,train,0,0.003717111974033396,0
8596,train,0,0.29157419743989604,0
46,train,0,0.0013517389738881165,0
5465,train,0,0.003979185044361728,0
5409,train,0,0.0017857105005911547,0
7900,train,0,0.0009792953718692908,0
3685,train,0,0.014623056755880277,0
6466,train,0,0.0008639360603553001,0
1868,train,0,0.007526284559219317,0
7038,train,0,0.0009777055898002919,0
2127,train,0,0.0008964837824733681,0
4913,train,0,0.0016198328599791472,0
2979,train,0,0.0010051730977013288,0
1956,train,0,0.002350121607203594,0
798,train,0,0.005127374690705167,0
7820,train,0,0.0022442331552618164,0
512,train,0,0.001267126468281114,0
1876,train,0,0.35014553943303195,0
1420,train,0,0.04826781679712508,0
4219,train,0,0.002364869349524805,0
7569,train,1,0.3294440276485469,0
737,train,0,0.0005718484774508918,0
4186,train,0,0.0018121869584235219,0
6099,train,0,0.0008308143143873929,0
6969,train,0,0.0007699248389698259,0
8108,train,0,0.0018181622707896244,0
9358,train,0,0.002284796621310945,0
5064,train,0,0.002803488478494106,0
8212,train,0,0.0021156253596456283,0
3431,train,0,0.00268210281349687,0
3242,train,0,0.0021607234364434823,0
6953,train,0,0.0008810285577311059,0
4918,train,0,0.0013457481511316852,0
9145,train,0,0.00042100766645230484,0
3841,train,0,0.0011033764753613266,0
2146,train,0,0.0014521066660555142,0
691,train,0,0.0005232922832313442,0
4110,train,0,0.5186566831467156,1
8403,train,0,0.001388903079909146,0
8218,train,0,0.0009235674658144733,0
1098,train,0,0.002065415583534368,0
700,train,0,0.0003840468213326055,0
3790,train,0,0.030399057309730665,0
8411,train,0,0.0011848910818381667,0
5849,train,0,0.0018689734463744913,0
5649,train,0,0.07862939871598418,0
6610,train,0,0.0019081741351970308,0
9545,train,0,0.0014143875752717304,0
6416,train,0,0.0021368844351610647,0
8517,train,0,0.0036112107423037876,0
5757,train,0,0.10087393915628855,0
2891,train,0,0.0008729152447253198,0
19,train,0,0.0006203373586147279,0
5572,train,0,0.0016339653426909783,0
673,train,0,0.04357127810442829,0
1004,train,0,0.0018917957851129574,0
2115,train,0,0.0019755200408919705,0
5662,train,0,0.0018402949205795827,0
4664,train,0,0.004619861689003951,0
682,train,0,0.0020489837759743927,0
7304,train,0,0.0026134305174416363,0
2714,train,0,0.0034793936546635216,0
8119,train,0,0.006698111581979039,0
2670,train,0,0.16383748091752978,0
2325,train,0,0.040798608797876085,0
3669,train,0,0.0012008233293562182,0
4578,train,0,0.0014891194513177073,0
2207,train,0,0.0007170642283909559,0
8484,train,0,0.0032488039007169374,0
1117,train,0,0.0016640541024052855,0
8890,train,0,0.0005820858634158001,0
2292,train,0,0.0041046566572068765,0
9310,train,0,0.0009047905460133983,0
1581,train,0,0.0010592405448020628,0
6074,train,0,0.001165052458724307,0
6170,train,0,0.05587457267306525,0
3284,train,0,0.009704968403107861,0
8763,train,0,0.0005756189974610335,0
5470,train,0,0.0012791127690100306,0
9556,train,0,0.004245769994658097,0
226,train,0,0.0031360102514292817,0
614,train,0,0.0027021238561882634,0
6797,train,0,0.0008174261505748332,0
3339,train,0,0.005125227532443639,0
4418,train,0,0.0024789264457454187,0
9788,train,0,0.0009134639476808344,0
4032,train,1,0.8021129555500823,1
4801,train,0,0.0013370468913262324,0
6847,train,0,0.0010163702182624378,0
9502,train,0,0.0012452923168382775,0
7737,train,0,0.001644647093017126,0
7534,train,0,0.0028098351533649237,0
6537,train,0,0.0008114309440430408,0
4213,train,0,0.003000258872398976,0
6705,train,0,0.013187285327971955,0
3965,train,0,0.0012736259334354529,0
4654,train,0,0.004974665926777104,0
3822,train,0,0.0013120567232330442,0
9405,train,0,0.0006726371905014723,0
9240,train,0,0.001553280818847224,0
6129,train,0,0.0013214922403103554,0
422,train,0,0.0028743067666770435,0
4416,train,0,0.005254839210132041,0
7734,train,0,0.002201303196432376,0
3863,train,0,0.06427429727903222,0
8203,train,0,0.0006261439718576888,0
3073,train,0,0.0009852266471916447,0
8546,train,0,0.0017610213055410477,0
6219,train,0,0.001517003855622467,0
69,train,1,0.9398436388022345,1
86,train,0,0.0013120945521655338,0
7538,train,0,0.0011231048952334774,0
5730,train,0,0.0010594560452360075,0
1922,train,0,0.0026225964485056437,0
9739,train,0,0.0010783797084404254,0
829,train,0,0.005310633776789842,0
5362,train,0,0.05585718415915762,0
2663,train,0,0.001002315956804819,0
3369,train,1,0.4948627489511618,1
3490,train,0,0.0019503573659584775,0
8154,train,0,0.0032513912939941578,0
2035,train,0,0.001408592140099846,0
7135,train,0,0.006558932254461852,0
7104,train,0,0.0014392593052020791,0
5761,train,0,0.0801946922484431,0
7760,train,0,0.0019497361984901621,0
5865,train,0,0.0015733894511651238,0
8243,train,0,0.003914863305524661,0
6224,train,0,0.0009375975532506069,0
3033,train,0,0.0016524562961848929,0
3357,train,0,0.005324361258348733,0
2069,train,0,0.0011195305604640357,0
9584,train,0,0.0006870587645769008,0
8780,train,0,0.0012645481583308479,0
9720,train,0,0.0049845304091849655,0
41,train,0,0.002553867503657675,0
7159,train,0,0.0011203812445013087,0
3197,train,0,0.0005925721740027024,0
6708,train,0,0.0011269822946812392,0
4419,train,1,0.5291455252477626,1
5250,train,0,0.01798407597921729,0
5219,train,1,0.8660118091079625,1
8356,train,0,0.2536894090699189,0
4436,train,0,0.002716353666270561,0
2143,train,0,0.003079339402805188,0
5162,train,0,0.004100652686738486,0
3585,train,0,0.002006290450536073,0
5608,train,0,0.001427974156720764,0
6521,train,0,0.0012002543353898567,0
5973,train,0,0.00530072907073325,0
4658,train,0,0.0014988112014584715,0
7349,train,0,0.0008254995049823235,0
709,train,0,0.00139971525772238,0
2989,train,0,0.0012985994414809487,0
3854,train,1,0.9500293941787813,1
4690,train,0,0.0023581584917689445,0
3375,train,0,0.0011390836827325282,0
5863,train,0,0.0008863413498342211,0
5647,train,0,0.06952558867550523,0
1477,train,0,0.0009950562780332208,0
923,train,0,0.016590354406752647,0
5866,train,0,0.0022633473778359632,0
7927,train,0,0.0016228666790123198,0
2437,train,0,0.0020252003989098023,0
1133,train,0,0.002372598593044413,0
2020,train,0,0.0013413403706148887,0
1287,train,0,0.0017195355822338008,0
8176,train,0,0.0009227889417388901,0
6312,train,0,0.0014077928033325935,0
9722,train,0,0.0030960870101753133,0
3365,train,0,0.0015675000251330676,0
4364,train,0,0.004970467925788013,0
6435,train,0,0.0010405079670501448,0
2908,train,0,0.01637907822042964,0
5981,train,0,0.005827146566946971,0
5628,train,0,0.0012320714270824418,0
8678,train,0,0.0007041535766775577,0
300,train,0,0.0005052943086652638,0
2528,train,0,0.001993262255562533,0
8033,train,0,0.0010329611875058964,0
2059,train,0,0.002090618297541755,0
4979,train,0,0.001357399033187788,0
8183,train,0,0.00420316430819833,0
2282,train,0,0.0017668407175614649,0
4359,train,0,0.002527422717478551,0
8470,train,0,0.001263251170425071,0
2992,train,0,0.004492455632758764,0
2923,train,0,0.0034936455399525706,0
4139,train,0,0.0018791060626136304,0
3272,train,0,0.04407341070913631,0
4714,train,0,0.002374274097147636,0
6421,train,0,0.0010598331720309247,0
7445,train,0,0.0006857340765184797,0
8530,train,0,0.000664405003065535,0
2511,train,0,0.0012046678717292875,0
785,train,0,0.0013007896156392443,0
3546,train,0,0.1726540200695364,0
2201,train,0,0.0008170678227916623,0
847,train,1,0.567138069891995,1
7735,train,0,0.006477530146335324,0
29,train,0,0.0009327184232805794,0
3381,train,0,0.006359742977345846,0
499,train,0,0.034782939931476846,0
6959,train,0,0.0011678754904425456,0
1194,train,0,0.000812176604892035,0
4520,train,0,0.007147920138393227,0
9493,train,1,0.887256648952624,1
6291,train,0,0.0009851803478119307,0
1148,train,0,0.004658199998665981,0
350,train,0,0.001153641360316034,0
2831,train,0,0.0011219113099694721,0
6592,train,0,0.007107229416393688,0
1674,train,0,0.11525428137488221,0
1185,train,0,0.0006950923020853657,0
2975,train,0,0.0034344236329483064,0
9875,train,0,0.0047990609192159845,0
5899,train,0,0.001174108497723577,0
6264,train,0,0.0014505667362682683,0
3178,train,0,0.0049900702397911965,0
444,train,0,0.0005836698685507736,0
1466,train,0,0.004949342846145065,0
4370,train,1,0.964942243656019,1
5397,train,0,0.044233792439618565,0
550,train,0,0.0015873115698582278,0
9365,train,0,0.0025457377821449796,0
5783,train,0,0.0010457465227183664,0
8523,train,0,0.000949307599980543,0
5274,train,0,0.001471881909872493,0
3987,train,0,0.0018133792268246146,0
1635,train,0,0.007808668352407303,0
6167,train,0,0.14298743016518567,0
307,train,0,0.0004904487891339012,0
2590,train,0,0.0028036874753054747,0
3071,train,0,0.17572013675494386,0
5570,train,0,0.0031319484698133842,0
1657,train,0,0.0017666418482732188,0
1507,train,0,0.2276507654133879,0
7931,train,0,0.0805673771941306,0
9487,train,0,0.001264867850147745,0
6196,train,0,0.0013409853479152446,0
4387,train,0,0.0030961181553606407,0
8752,train,0,0.0008693575063223548,0
285,train,0,0.0014426571135299022,0
2918,train,0,0.0010911950789543653,0
927,train,0,0.0032988636823794394,0
9279,train,0,0.0016675078335908436,0
2715,train,0,0.0018022656721864499,0
2659,train,0,0.0009841330729933454,0
4498,train,0,0.00486317776887371,0
9629,train,0,0.002211291134461122,0
4123,train,0,0.003062729704405068,0
3905,train,0,0.0010568775265105965,0
2880,train,0,0.0008944244679065833,0
6600,train,0,0.005422253520952692,0
3254,train,0,0.007373242358075579,0
5185,train,0,0.00206750402511237,0
4159,train,0,0.0012653888087777972,0
8665,train,0,0.0016456793660394574,0
2638,train,0,0.0012064274959757732,0
4746,train,0,0.01475173626899863,0
3274,train,0,0.0011756279991565087,0
5298,train,0,0.10470958417852864,0
633,train,0,0.0018936932739632433,0
8315,train,0,0.0019274294194801772,0
5081,train,0,0.00207944595388894,0
4275,train,0,0.0018974181614535648,0
2045,train,0,0.0007794046926702565,0
9943,train,0,0.0017384579251304357,0
4876,train,0,0.0016099575227443935,0
3732,train,0,0.04375816326818286,0
3703,train,0,0.010244206910299017,0
4459,train,0,0.0030694088149228263,0
5736,train,0,0.08043926953809076,0
9609,train,0,0.0009306325014850613,0
9772,train,0,0.0008859411945890824,0
5389,train,0,0.21197939074100564,0
876,train,0,0.006762099223489352,0
2259,train,0,0.0031653068825085364,0
9668,train,0,0.06871908000727613,0
9616,train,0,0.0010373503621870378,0
7663,train,0,0.005217305122780939,0
187,train,0,0.0014594406629123678,0
1195,train,0,0.002217281131489545,0
3931,train,0,0.0024078833664193354,0
2753,train,0,0.002528125892016509,0
2232,train,0,0.0023046843706434634,0
3674,train,0,0.06584555074376341,0
2065,train,0,0.002446215931712651,0
8608,train,1,0.6008669204419793,1
9897,train,0,0.0035964859348438225,0
8143,train,0,0.000833988255739901,0
2582,train,0,0.0013811715729675433,0
9093,train,0,0.0010247866109146496,0
6585,train,0,0.03889269403259727,0
6499,train,0,0.0018903106680021305,0
2165,train,0,0.14881773969833859,0
3393,train,0,0.0030813832855843422,0
3285,train,0,0.0018178249190707561,0
8189,train,0,0.0027175073844592735,0
8229,train,0,0.0017553795879101026,0
2017,train,0,0.0010692163973433796,0
2920,train,0,0.0010168483323159557,0
9865,train,0,0.1940356497265345,0
3129,train,0,0.0005933728537749724,0
7037,train,0,0.001026385336380707,0
3355,train,0,0.023767940455677445,0
1872,train,0,0.006872441850143171,0
4921,train,0,0.020914002573754954,0
5226,train,0,0.00572556934985326,0
8312,train,0,0.0012027734525000828,0
72,train,0,0.0072993436199618395,0
70,train,0,0.0035041557976302545,0
3751,train,0,0.001158085073900473,0
1967,train,0,0.0009357983506046745,0
6978,train,0,0.004147973134364388,0
5432,train,0,0.00469888623580411,0
8776,train,0,0.001154823485638826,0
7803,train,0,0.0006620362869072291,0
2674,train,0,0.0008423232248679605,0
6491,train,0,0.0033349591561130034,0
8449,train,0,0.001344577551471774,0
1008,train,0,0.001357305034071926,0
2015,train,1,0.4817017035869084,1
3679,train,0,0.0011066665938284338,0
2372,train,0,0.0030567735472310834,0
6906,train,0,0.0007554745217228626,0
4580,train,0,0.0020839737819672646,0
2481,train,0,0.0038743414172408954,0
4128,train,0,0.003125845824211542,0
9845,train,0,0.0019971235322366995,0
4973,train,0,0.0015552853363348309,0
563,train,0,0.0005884807602544865,0
5050,train,0,0.0027008191436913897,0
8641,train,0,0.0013303013610926286,0
6631,train,0,0.014180173715797753,0
6206,train,0,0.0010717536954071472,0
4011,train,0,0.0068482789842515285,0
7054,train,0,0.0008472722596991536,0
9920,train,0,0.002137082784343967,0
8434,train,0,0.003174075414470649,0
770,train,0,0.002382199058580429,0
6510,train,0,0.0037585324081667753,0
4483,train,0,0.002299701505082098,0
5299,train,0,0.025169124172352234,0
3533,train,0,0.00303344314268206,0
7506,train,0,0.038571325776381865,0
9779,train,0,0.001263972431289739,0
8757,train,0,0.0004924565555129149,0
1858,train,0,0.003136546526725328,0
9445,train,0,0.0024710870067665616,0
6197,train,0,0.0020424995008648185,0
6172,train,1,0.12175300560185787,0
6169,train,0,0.10732603950206575,0
9731,train,0,0.004616557561132306,0
490,train,0,0.0008831112522846428,0
7032,train,0,0.0011505113649342502,0
7563,train,0,0.0015012176566079369,0
1991,train,0,0.0015344001924649994,0
185,train,0,0.0018890472716178034,0
5100,train,0,0.0075504881586201935,0
3060,train,0,0.0011530618071943141,0
8004,train,0,0.0008692341552484591,0
5197,train,0,0.0016350000569453856,0
3469,train,0,0.007021408857027511,0
3584,train,0,0.3256768653409617,0
2368,train,0,0.001196966369597712,0
7221,train,0,0.002166531248284228,0
831,train,0,0.0013262142759200928,0
5445,train,0,0.001427974156720764,0
8745,train,0,0.0011654178815013578,0
8903,train,0,0.0012797488711100114,0
9884,train,0,0.0007736618668933602,0
5099,train,0,0.005504447143558305,0
3844,train,0,0.0029613664305304524,0
4738,train,0,0.05636768554470858,0
4086,train,0,0.0021280761080036733,0
7473,train,0,0.20204549223381296,0
7773,train,0,0.0010118447270293447,0
2647,train,0,0.0022669982216159948,0
7593,train,1,0.9788551423737147,1
2313,train,0,0.0017056294135044548,0
82,train,0,0.0018053836815144365,0
9497,train,0,0.0019808037354314507,0
9928,train,0,0.001549250409834169,0
4226,train,0,0.001741131192145156,0
7910,train,0,0.0009526605689750613,0
1963,train,0,0.0009104120764768345,0
6106,train,0,0.004568151240359675,0
396,train,0,0.0005174317424824595,0
1634,train,0,0.009735948453415386,0
4711,train,0,0.0023406006316052477,0
4380,train,0,0.39914876000051247,1
1350,train,0,0.0041004866760527515,0
3883,train,0,0.0008346705281692107,0
2246,train,0,0.0027112480204213745,0
9028,train,0,0.001228888033214397,0
4473,train,0,0.0037337925523771138,0
5266,train,0,0.001663700516498713,0
1794,train,0,0.0009480262858413557,0
6833,train,0,0.007263877291756338,0
266,train,0,0.001104163379778705,0
4058,train,0,0.004085900775471288,0
6795,train,0,0.0021037328441178135,0
6304,train,0,0.0013229548726316465,0
9918,train,0,0.009627882565200191,0
4785,train,0,0.00541973561020561,0
6441,train,0,0.0009262424306529104,0
288,train,0,0.0016700302406570278,0
1961,train,0,0.0018978220245016754,0
2345,train,0,0.001706816034037169,0
9690,train,0,0.0009287236565405369,0
6081,train,0,0.02725115037274157,0
5879,train,0,0.0013180808431431023,0
3605,train,0,0.0013366560060217778,0
1531,train,0,0.0009924369107554866,0
5236,train,0,0.004793611868284109,0
6606,train,0,0.0017261224232474604,0
8631,train,0,0.0006348352211637719,0
2477,train,0,0.01907223906269798,0
1648,train,0,0.0021506149610524983,0
9437,train,0,0.0006088426182103315,0
814,train,0,0.001828414822422088,0
6973,train,0,0.0010570312846191715,0
1856,train,0,0.002906855945611337,0
694,train,0,0.0013436852352800908,0
1913,train,0,0.0009259093339587101,0
9725,train,0,0.0013279579251193798,0
4560,train,0,0.002288771418909367,0
4249,train,1,0.5246817044072515,1
2121,train,0,0.0016204101201233443,0
8136,train,0,0.0007577035788806807,0
6252,train,0,0.0018020377132318675,0
7321,train,0,0.0012263548696176125,0
3568,train,0,0.2975671829479418,0
2818,train,0,0.0012064274959757732,0
379,train,0,0.0006614357273840787,0
9631,train,0,0.0010182001377122888,0
9769,train,0,0.0020944004965739228,0
995,train,0,0.005727086550217281,0
7077,train,0,0.0013214062127375195,0
5748,train,0,0.000989185762837204,0
4532,train,0,0.0038546973153936403,0
5167,train,0,0.001877517346113027,0
4185,train,1,0.626998722619745,1
9298,train,0,0.002295540578888054,0
6123,train,0,0.0009976252004034137,0
2825,train,0,0.001140262624574657,0
9289,train,0,0.0028978622562448922,0
8377,train,0,0.002682336489767854,0
3136,train,0,0.006449686255236205,0
4499,train,0,0.004020239867132142,0
8178,train,0,0.006620118051306382,0
5235,train,0,0.0017637684562952123,0
8785,train,0,0.0004860050482757639,0
4395,train,0,0.0030983037704541963,0
8214,train,0,0.0026504158790510973,0
2159,train,0,0.024604974870242165,0
3416,train,0,0.007329427220009296,0
5172,train,0,0.0023564106826680065,0
5262,train,0,0.0019569709347533543,0
9959,train,0,0.0021397675608254806,0
1026,train,0,0.002000997263648073,0
5767,train,0,0.0035838018150193248,0
5739,train,0,0.0012944655865325277,0
2875,train,0,0.001263735066245982,0
7575,train,0,0.002219109666077658,0
8588,train,0,0.0023907461481496328,0
3064,train,0,0.0012348415216853518,0
3244,train,0,0.003152456045775547,0
1323,train,0,0.02654927178596815,0
8906,train,0,0.000604652062756104,0
5862,train,0,0.0009550979842309341,0
2603,train,0,0.002039391950138535,0
3003,train,0,0.0021282223686700068,0
8350,train,0,0.004308553872314951,0
7378,train,0,0.0036388651089688394,0
1357,train,0,0.0016295658847949258,0
8258,train,0,0.0009578002287061006,0
4162,train,0,0.0028611148555027187,0
1206,train,0,0.0024853215490077086,0
6492,train,0,0.00835241235666608,0
4240,train,0,0.0017448538494759243,0
5759,train,0,0.0013996521561696518,0
519,train,0,0.0009285659080211433,0
4421,train,1,0.9307016407462528,1
2371,train,0,0.0027496347015218353,0
9436,train,0,0.0005381630479738478,0
5638,train,0,0.0012052927094180481,0
2944,train,0,0.0008798076446333885,0
1810,train,0,0.002410323691375564,0
1485,train,0,0.0012763162083130144,0
7359,train,0,0.0006713991194099632,0
113,train,0,0.00116001588940953,0
8306,train,0,0.0009626470380831356,0
3646,train,0,0.0010087661055626384,0
3742,train,0,0.0013009966216913605,0
494,train,0,0.01221312397639323,0
8931,train,0,0.0006684104213288628,0
6336,train,0,0.013037270077145753,0
2652,train,0,0.0012975753026444352,0
5444,train,0,0.0019322999347854536,0
3630,train,0,0.0011951711136115575,0
1446,train,0,0.0010304119617150448,0
3177,train,0,0.001046248504349273,0
5906,train,0,0.0018020377132318675,0
2449,train,0,0.0020931160180202124,0
3707,train,0,0.0012017761224905692,0
4782,train,0,0.02691113504583698,0
6082,train,0,0.2526054844778583,0
9872,train,0,0.0053549921914615335,0
4541,train,0,0.028579178845769247,0
5063,train,0,0.00467289590154602,0
7249,train,0,0.04181259899701894,0
5118,train,0,0.0018111069921001178,0
8013,train,0,0.0030410740245547466,0
3775,train,0,0.06049621295952934,0
4830,train,0,0.002654815456743299,0
5138,train,0,0.0014244981606788272,0
5469,train,0,0.0016179948562354098,0
5228,train,0,0.41239653424493694,1
4173,train,1,0.5216251920181049,1
2182,train,0,0.14739776757757952,0
7515,train,0,0.009168088407347669,0
9866,train,0,0.0009538343137189065,0
5144,train,0,0.001986219266988518,0
191,train,0,0.0010703700323974469,0
4164,train,1,0.6192099579773467,1
7082,train,0,0.04587697468568724,0
7812,train,0,0.0007775565202994078,0
6036,train,0,0.0031852520320771317,0
8532,train,0,0.0038962851603210964,0
564,train,0,0.00033539311230228267,0
6870,train,0,0.0005963033624192612,0
8299,train,0,0.0007359751319617993,0
182,train,0,0.0019065162937219058,0
7121,train,0,0.0054297740847420485,0
8700,train,0,0.0006820589721407239,0
6332,train,0,0.004110286783077908,0
2958,train,0,0.0010520941733261303,0
9280,train,0,0.0011835016223673079,0
9580,train,0,0.013442775452733018,0
559,train,0,0.0005921095349225302,0
6635,train,0,0.001602766277185158,0
9540,train,0,0.0006493014600216307,0
1522,train,0,0.000927018403503518,0
60,train,0,0.002770795485553613,0
9514,train,0,0.003472367355794853,0
5886,train,0,0.0008047025652130831,0
5667,train,0,0.0018016104621629385,0
7071,train,0,0.001062948076506921,0
6883,train,0,0.0011120409881213984,0
4834,train,0,0.002292790631966879,0
1041,train,0,0.006096649867009097,0
8591,train,0,0.0013550072729433865,0
4941,train,0,0.0015082877993709165,0
9975,train,0,0.0010144123061831224,0
328,train,0,0.02982357323331723,0
5400,train,1,0.4843200015232843,1
8055,train,0,0.0006317188942766737,0
9406,train,0,0.04776807380704409,0
3524,train,0,0.14038054981694476,0
7294,train,0,0.0011076404063453695,0
1115,train,0,0.010232824328945652,0
1214,train,0,0.003142548023988844,0
9496,train,0,0.17062515560925162,0
3580,train,0,0.0016506720248908285,0
7838,train,0,0.016372985609015126,0
110,train,0,0.0030430681985195336,0
2677,train,0,0.0006247592109630401,0
206,train,0,0.0011409070456451387,0
6181,train,0,0.0016016725853023799,0
4104,train,0,0.021017590326740925,0
3970,train,0,0.07607229953340845,0
8408,train,0,0.00086573097173716,0
6972,train,0,0.005973273498129139,0
7190,train,0,0.004377861454540654,0
1070,train,0,0.0015442834956299505,0
6826,train,0,0.001569978540640359,0
4517,train,0,0.002377610115369515,0
7968,train,0,0.0013485122843039763,0
5080,train,0,0.004853187866241675,0
5756,train,0,0.03529953268870363,0
1484,train,0,0.00045963542396940056,0
2914,train,0,0.0020742585288945755,0
2454,train,0,0.0009559141673240824,0
7302,train,0,0.0007829042144513807,0
2872,train,0,0.0013544620063771257,0
1250,train,0,0.08151201201796822,0
6124,train,0,0.0013569322557872325,0
2731,train,0,0.0007012855169364094,0
2751,train,0,0.003281702210897222,0
8701,train,0,0.0005754142497626136,0
9202,train,0,0.0008361761524281197,0
5952,train,0,0.0011686646510107347,0
2552,train,0,0.0006774030357048925,0
5977,train,0,0.0021247667197053606,0
1886,train,0,0.0009057953560802426,0
7640,train,0,0.0011312908488802747,0
8881,train,0,0.0007808853338411061,0
4793,train,0,0.0013541992733453509,0
1923,train,0,0.002730433946322692,0
8783,train,0,0.0010368504158282282,0
1143,train,0,0.0011531148389754802,0
8046,train,0,0.000822835951867229,0
9614,train,0,0.001597397936319376,0
2054,train,0,0.001294504929625971,0
2977,train,0,0.0022545152502572857,0
17,train,0,0.002007157079656275,0
4040,train,0,0.0032981903313262922,0
3283,train,0,0.004968304317460122,0
1716,train,0,0.001215373296499726,0
6602,train,0,0.015744659706913276,0
349,train,0,0.00034233373263873327,0
813,train,0,0.0015378244334976882,0
8790,train,0,0.0006394982080568862,0
1359,train,0,0.0033402737781261494,0
6043,train,0,0.0008877141981548628,0
9062,train,0,0.000688547603936689,0
9195,train,0,0.0007447704377971685,0
8322,train,0,0.0028557141282328077,0
9092,train,0,0.0008936219436280288,0
2706,train,0,0.0009320929886559547,0
5070,train,0,0.0016841942627779543,0
6782,train,0,0.002201356336943321,0
1534,train,0,0.0014714020961936398,0
4999,train,0,0.001797756054752129,0
7269,train,0,0.0008105198591934915,0
9297,train,0,0.0007233784284717627,0
8929,train,0,0.07249443723538489,0
9211,train,0,0.001662153038372239,0
9359,train,0,0.0008453380924606398,0
3516,train,0,0.006047224119060242,0
1550,train,0,0.0010127796351723408,0
6118,train,0,0.2184367292121673,0
4718,train,1,0.9013729318852355,1
8047,train,0,0.0010126959457656584,0
7733,train,0,0.000997497059694731,0
9942,train,0,0.0042582350290988474,0
932,train,0,0.0028327942904139126,0
9971,train,0,0.0016083452402729818,0
8909,train,0,0.0005755182625876349,0
3370,train,0,0.0011476896363626446,0
1955,train,0,0.003937822585841594,0
4932,train,0,0.006878481823724966,0
8101,train,0,0.0021231160179221845,0
4490,train,0,0.002935312618491459,0
1569,train,0,0.00047948880502055827,0
1901,train,0,0.0007951505368301221,0
3694,train,0,0.033628895934264456,0
8576,train,0,0.00040640225729362135,0
5222,train,0,0.002925353718742909,0
2791,train,0,0.0015122029976637938,0
5725,train,0,0.0010384027777000538,0
6995,train,0,0.0012650812544410903,0
9139,train,0,0.0005645195242154556,0
4227,train,0,0.29122685836614354,0
4669,train,1,0.8056792620330719,1
6963,train,0,0.0011319591292741121,0
9495,train,0,0.1322234834631855,0
8623,train,0,0.0006561124583839294,0
2323,train,0,0.003607224520046474,0
8075,train,0,0.001856568907897855,0
4190,train,0,0.0035276555064463733,0
1756,train,0,0.11625738484469161,0
5011,train,0,0.0017377786669576668,0
1159,train,0,0.004883684516198735,0
5796,train,0,0.023228527898309915,0
3297,train,0,0.0014217040021785345,0
1395,train,0,0.0016372620022820875,0
3505,train,0,0.0018460029745007358,0
1258,train,0,0.0014188180069043379,0
6234,train,0,0.001057127954535401,0
1689,train,0,0.0012164953384841443,0
8072,train,0,0.001567210563219325,0
7386,train,0,0.0007754626231246144,0
8850,train,0,0.0005688516040488402,0
2935,train,0,0.002701874102924632,0
603,train,1,0.3993842684684605,1
1201,train,0,0.0006944674842233283,0
6428,train,0,0.001060703299466424,0
2428,train,0,0.002916023063382281,0
2636,train,0,0.007629695092663939,0
264,train,0,0.0012337356159804853,0
3811,train,0,0.0020624081497851166,0
3870,train,0,0.006184019174469846,0
9364,train,0,0.0008320595742104006,0
697,train,0,0.0005976560616450605,0
9128,train,0,0.0007181027514099533,0
889,train,0,0.0019286478245433805,0
5488,train,1,0.5321092355711169,1
5772,train,0,0.001459475634294305,0
3042,train,0,0.000533577255088527,0
4053,train,0,0.2984694592687929,0
4494,train,0,0.005231774453125041,0
111,train,0,0.0011552614783571899,0
8158,train,0,0.0014253936230730134,0
8684,train,0,0.0006068841323706749,0
6837,train,0,0.001869311682989854,0
3172,train,0,0.0007442862939598241,0
7657,train,0,0.002243796457137544,0
6584,train,0,0.030091459794282436,0
2291,train,0,0.0033885814921207173,0
6409,train,0,0.0015787752447802568,0
5985,train,0,0.005480025098139667,0
47,train,0,0.0022644706332658306,0
8297,train,0,0.000705270053308729,0
9321,train,0,0.00408011459434999,0
8146,train,0,0.0010735565316188811,0
8823,train,0,0.005526124970557694,0
7817,train,0,0.0009196196010782104,0
9333,train,0,0.002373382632103252,0
8287,train,0,0.0007814757710571742,0
6385,train,0,0.0021724138927201046,0
8685,train,0,0.0005533432308775856,0
859,train,0,0.0010734326613458408,0
3961,train,0,0.0007765348163251375,0
184,train,0,0.0012395452838670805,0
3825,train,0,0.011484062748102968,0
7929,train,0,0.004196726148814791,0
6379,train,0,0.0010050939073528965,0
5561,train,0,0.06629438949468262,0
4971,train,0,0.0014312649838176335,0
511,train,0,0.0005688516040488402,0
1160,train,0,0.006384392664201931,0
5999,train,1,0.31422350374318125,0
7119,train,0,0.0059696578224925235,0
7606,train,0,0.005182264736342874,0
4098,train,0,0.003713269668249166,0
4476,train,0,0.034152040606643876,0
1672,train,0,0.002943989024730029,0
8819,train,0,0.0018828620231848847,0
8017,train,0,0.0011345717901913,0
8797,train,0,0.0005480491670153611,0
8637,train,0,0.0004807265031594296,0
1094,train,0,0.004060886472524309,0
726,train,0,0.00039820371123168614,0
5998,train,0,0.09942054804807125,0
5381,train,0,0.0012763624622155467,0
1881,train,0,0.0012077088588548777,0
8328,train,0,0.002541541559400928,0
4501,train,1,0.9202863712263837,1
8873,train,0,0.0006761684408977791,0
437,train,0,0.0005208511131822849,0
5833,train,0,0.0018707205216710336,0
722,train,0,0.001212800351872353,0
8012,train,0,0.008800313174602677,0
5349,train,0,0.0014492387961782824,0
3423,train,0,0.0013446338968767506,0
7014,train,0,0.004109594180711303,0
2846,train,0,0.004725532421532156,0
5043,train,0,0.0016763536397274119,0
1558,train,0,0.0009344809724480294,0
5955,train,0,0.0009777055898002919,0
863,train,0,0.0012785789329159063,0
2380,train,0,0.02222087941691807,0
6728,train,0,0.002317282781529898,0
2973,train,0,0.001318806716540166,0
711,train,0,0.0016833357793710126,0
7485,train,0,0.0012717850640183125,0
5644,train,0,0.04565833552327963,0
7103,train,0,0.0017469553473225545,0
9588,train,0,0.0012338766668376353,0
2019,train,0,0.0014623073168148547,0
3731,train,0,0.007279610006041841,0
9048,train,0,0.0016381967806479516,0
4425,train,0,0.0025603220167628275,0
760,train,0,0.10878461618740719,0
7530,train,0,0.0004683681523146925,0
7048,train,0,0.0015340975545775674,0
878,train,0,0.002408553412678326,0
1521,train,0,0.0008368407544235421,0
9182,train,0,0.000911919756743055,0
4285,train,1,0.7004189628907656,1
2294,train,0,0.0012915019771369146,0
4970,train,0,0.0014962405188201835,0
4371,train,0,0.002400524986282808,0
3021,train,0,0.26152222456116286,0
8061,train,0,0.0007285248469853621,0
4396,train,0,0.11066529878647767,0
1994,train,0,0.0032195065587212763,0
8889,train,0,0.0013153967282591341,0
3629,train,0,0.001909433651027392,0
8296,train,0,0.0015467637503123136,0
9748,train,0,0.002384370154671894,0
8551,train,0,0.0013193338642605032,0
8463,train,0,0.003846927922366445,0
429,train,0,0.17316070911522138,0
5456,train,0,0.00166574893376868,0
1369,train,0,0.0008685567161166852,0
408,train,0,0.0011603914270556165,0
4634,train,0,0.07940943662568994,0
9537,train,0,0.0007439227721356427,0
4388,train,0,0.003584009607766393,0
6337,train,0,0.03841507929381117,0
7118,train,0,0.001225316769844837,0
7113,train,0,0.001383975371723624,0
4010,train,0,0.0010487145293576927,0
7521,train,0,0.0005456284993575136,0
7552,train,0,0.001005581612155216,0
1125,train,0,0.003679744752334998,0
6246,train,0,0.002369300420971255,0
1985,train,0,0.0010998385533234527,0
4637,train,0,0.037698264443764125,0
1219,train,0,0.0011279074984330345,0
8818,train,0,0.0010325283768997805,0
590,train,0,0.05415372198917304,0
5183,train,0,0.00206750402511237,0
5592,train,0,0.008627472727442586,0
3188,train,0,0.027845797964784147,0
3458,train,0,0.034467531682606384,0
338,train,0,0.00046118099575052137,0
1229,train,0,0.00144928614505259,0
3387,train,0,0.2161758374828194,0
3880,train,0,0.0017730227398008796,0
2655,train,0,0.0013307049836653918,0
6895,train,0,0.0026697566074644404,0
8396,train,0,0.0008022091308114138,0
5379,train,0,0.001570071172045412,0
6018,train,0,0.0007286190228405098,0
2343,train,0,0.4723740244796637,1
5352,train,0,0.0014519964923420312,0
6277,train,0,0.000914604948954699,0
2816,train,0,0.002093044463163454,0
776,train,0,0.0014421637953769034,0
3950,train,0,0.002165343759054109,0
9352,train,0,0.001239487983797934,0
8051,train,0,0.0009713506066829019,0
4246,train,0,0.0028152666856507504,0
6784,train,0,0.003262592805738203,0
3182,train,0,0.0023780513625773613,0
521,train,0,0.0005641596393496682,0
9249,train,0,0.0010477477799319113,0
2130,train,0,0.009837747394311442,0
2687,train,0,0.0020284846152021124,0
9936,train,0,0.00161612173856102,0
2664,train,0,0.0008616212149885219,0
1854,train,0,0.0007715326117777683,0
8175,train,0,0.0014525298133398884,0
4325,train,0,0.1186985291419903,0
7405,train,0,0.0009014148064137858,0
3489,train,0,0.00223452729593577,0
3979,train,0,0.0021194546181049585,0
371,train,0,0.0004931362183444616,0
9754,train,0,0.03676974274949511,0
4631,train,0,0.1844381107091509,0
556,train,0,0.001511407822432087,0
2221,train,0,0.021707659336429715,0
6938,train,0,0.002744825101086012,0
3613,train,0,0.0032078592886153516,0
1186,train,0,0.0011354810192012977,0
2840,train,0,0.0016884863607140727,0
68,train,0,0.002134543392177109,0
1769,train,0,0.003385981023319932,0
4583,train,0,0.00423322570735989,0
2688,train,0,0.0020756492632549952,0
5067,train,0,0.0072881910425620896,0
222,train,0,0.004309103895271493,0
8951,train,0,0.0008393402898546823,0
6477,train,0,0.001764365108443039,0
1397,train,0,0.0012159263021906254,0
2786,train,0,0.0009719967640552004,0
49,train,0,0.001074340804975199,0
5678,train,0,0.0008937463795604255,0
5387,train,0,0.2672803525766704,0
8495,train,0,0.0015081386193298305,0
9737,train,0,0.0017845773782002397,0
9590,train,0,0.0025341024783044164,0
488,train,0,0.0006992272550927325,0
3223,train,0,0.0011123531785613549,0
9985,train,0,0.0016159064076524945,0
9185,train,0,0.0019292448985837461,0
7351,train,0,0.0007177684681794798,0
4232,train,0,0.0032598699424606654,0
7047,train,0,0.0022761964194547234,0
9078,train,0,0.0007832804453241752,0
3126,train,0,0.0007573123602184525,0
1786,train,0,0.0011247739032946374,0
8594,train,0,0.003395903141176283,0
4309,train,0,0.0010583585738194003,0
2761,train,1,0.9513697612426004,1
3616,train,0,0.0027874957019565195,0
2510,train,0,0.00246975185299736,0
3454,train,0,0.0034203162813945397,0
7683,train,0,0.039449987182221515,0
9639,train,0,0.0020465513793513366,0
8216,train,0,0.3733477586327737,1
9255,train,0,0.0009872076489814048,0
7891,train,0,0.0007069153969194055,0
2125,train,1,0.3307649582488954,0
4486,train,0,0.004348853189616881,0
8789,train,0,0.0005027837221832022,0
3086,train,0,0.0007023107303750273,0
610,train,0,0.0007463487379228423,0
2353,train,0,0.0030171460023505,0
3983,train,0,0.006966752597556954,0
5455,train,0,0.0017424731159331843,0
5919,train,0,0.00550314374536144,0
5494,train,0,0.021108056583576267,0
8720,train,0,0.0008130739607410566,0
1777,train,0,0.001344547773723775,0
6989,train,0,0.0009887710249406837,0
4886,train,0,0.02540003088532873,0
2854,train,0,0.056453787113494046,0
3496,train,0,0.3197533624280582,0
8928,train,0,0.07599772935985856,0
1042,train,0,0.0019676310734355767,0
186,train,0,0.0026129044567679512,0
7870,train,0,0.0015273467060301455,0
548,train,0,0.0025648414634203863,0
7389,train,0,0.0007685564934553808,0
2639,train,0,0.0019570873412824937,0
3767,train,0,0.0010008299329989077,0
5607,train,0,0.001508283594252465,0
3834,train,0,0.10150020613796468,0
1503,train,0,0.014001962283633365,0
1831,train,0,0.0029272865065473257,0
6089,train,0,0.0013536176664842,0
9242,train,0,0.010054236459660332,0
1711,train,0,0.003451115906787327,0
5122,train,0,0.002818180629153823,0
836,train,0,0.008979201178271596,0
8179,train,0,0.001548475101179632,0
5092,train,0,0.001480887302135536,0
8940,train,0,0.0012436827099713869,0
1267,train,0,0.0006070126183984939,0
8397,train,0,0.0016487043352351352,0
8830,train,0,0.0006154066621439367,0
7897,train,0,0.0020952715734770095,0
1199,train,0,0.004048774117799126,0
1995,train,0,0.004036467139485098,0
7361,train,0,0.0010216563192571937,0
1454,train,0,0.0036487824459919002,0
8186,train,0,0.0024981802931428525,0
2475,train,0,0.0017124710634521846,0
8138,train,0,0.006229840872486339,0
9990,train,0,0.0013639283016190012,0
5615,train,1,0.7438874798169772,1
225,train,0,0.003987854831606104,0
485,train,0,0.0003678431634504727,0
3995,train,0,0.0010089486394416936,0
218,train,0,0.0022455882536126597,0
8357,train,1,0.08729339150204547,0
5842,train,0,0.0035350870502182693,0
1090,train,0,0.0018571263249159958,0
6711,train,0,0.00820264622820334,0
8721,train,0,0.0006304858087362608,0
9786,train,0,0.0014409430111860656,0
8553,train,0,0.0006456063013723961,0
651,train,0,0.0005843931489790861,0
4082,train,0,0.0018721250158399265,0
122,train,0,0.0032819433018165855,0
6253,train,0,0.001388011642110578,0
5816,train,0,0.0016332266798752032,0
9775,train,0,0.0012014045772226563,0
7823,train,0,0.001719235657003676,0
7520,train,0,0.0007613272643652967,0
763,train,0,0.003644817255267518,0
4451,train,0,0.002059277950046959,0
448,train,0,0.0006873035037451608,0
3094,train,0,0.0014173728430371692,0
4096,train,1,0.7608572431238081,1
3941,train,0,0.0011749618596338918,0
1244,train,0,0.0009189806505294009,0
4511,train,0,0.0034358613312264227,0
4152,train,0,0.012522164913690641,0
8598,train,0,0.0005526061312261434,0
4549,train,0,0.0027816797947080654,0
3714,train,0,0.0009587653432470362,0
6880,train,0,0.0009423552099633295,0
1020,train,0,0.011977018758031206,0
5493,train,0,0.05995502493863754,0
5823,train,0,0.04875128409416502,0
631,train,0,0.0011507338909023982,0
2052,train,0,0.0007301508746809579,0
3901,train,0,0.000882847458174392,0
5835,train,0,0.001284246548263191,0
2777,train,0,0.0005961274019501663,0
3448,train,0,0.10143589670234064,0
7765,train,0,0.005882642430038408,0
9645,train,0,0.003257727883834071,0
71,train,0,0.003714624027565169,0
9245,train,0,0.0017706932036644272,0
6751,train,0,0.0013367956576348513,0
4686,train,0,0.002586975905451201,0
9658,train,0,0.05733620302117745,0
79,train,0,0.001616079772433751,0
4728,train,0,0.3581830164601253,0
4188,train,0,0.0015535416380907281,0
5619,train,0,0.0019322999347854536,0
9102,train,0,0.0005468971229320987,0
3046,train,0,0.0005443863127300367,0
363,train,0,0.0011822339556743172,0
3330,train,0,0.015945301568834294,0
8984,train,0,0.10819367865398222,0
819,train,0,0.0035973383644017087,0
2136,train,0,0.0012209538545140354,0
4168,train,0,0.0028667246491866716,0
2575,train,0,0.0032126646343374455,0
6713,train,0,0.005498943562706386,0
4929,train,0,0.0472981185552559,0
6633,train,0,0.0029465177406497213,0
2,train,0,0.0009004056460595265,0
164,train,0,0.0023186534290683836,0
503,train,0,0.0014235003270952728,0
4348,train,0,0.00783298206938974,0
4121,train,1,0.4848075558804827,1
6878,train,0,0.0007019454723639571,0
7597,train,0,0.0012525564384804292,0
746,train,1,0.911915689273213,1
8764,train,0,0.0006822766715504314,0
937,train,0,0.39713991405553367,1
1372,train,0,0.0008584829499158101,0
6307,train,0,0.0010589701387015169,0
1128,train,0,0.0021728961017630855,0
95,train,0,0.001986030251642973,0
612,train,0,0.000735529870078038,0
5811,train,0,0.0017210974297523383,0
8624,train,0,0.0005056008687422943,0
805,train,0,0.0025742345133590774,0
3383,train,0,0.0007519948064968018,0
5310,train,0,0.0030908667694477037,0
8558,train,0,0.0007937070846718656,0
2068,train,0,0.0009176738772176553,0
385,train,0,0.000949299290727904,0
4592,train,0,0.0025272061883931003,0
8604,train,0,0.2862503616504753,0
3903,train,0,0.0007844368823837289,0
9698,train,0,0.002009796044852292,0
7594,train,0,0.0009490779410608471,0
906,train,0,0.0011424849995633737,0
9697,train,0,0.0053365522035921644,0
4997,train,1,0.3625129805397516,0
4147,train,0,0.006503356066179428,0
6229,train,0,0.14819102606546333,0
3577,train,0,0.002001105530022466,0
3976,train,0,0.061155748608679124,0
3107,train,0,0.02091135739161945,0
8731,train,0,0.001049041041201938,0
8987,train,0,0.0014927291701298737,0
5734,train,1,0.8175719396009273,1
9703,train,0,0.00200452546991082,0
5329,train,0,0.0036848882867054253,0
6380,train,0,0.006042798083157015,0
5873,train,0,0.0017444354701952958,0
1371,train,0,0.001012194922922277,0
8116,train,0,0.0011487727012165043,0
1746,train,0,0.0017608324915504422,0
6747,train,0,0.0014448545443289942,0
5875,train,0,0.001301059277843945,0
2981,train,0,0.000975061459201616,0
4175,train,0,0.0017869053669071588,0
175,train,0,0.0012207258764677332,0
4286,train,0,0.015441719079429423,0
6696,train,0,0.0018113801456958755,0
693,train,0,0.0006193889968161572,0
2200,train,0,0.0008170678227916623,0
5057,train,0,0.023442148510255896,0
2303,train,0,0.004809579853621442,0
8099,train,0,0.0016745228455740447,0
9838,train,0,0.00283769893163349,0
5094,train,0,0.004211201303792638,0
1112,train,0,0.006954439378264362,0
270,train,0,0.000776433073453846,0
3540,train,0,0.0026184140941282684,0
5961,train,0,0.0012280167890962178,0
8002,train,0,0.0010565354603148584,0
4131,train,0,0.006217494783682633,0
5892,train,0,0.0015558603228369176,0
6071,train,0,0.0017544122591195129,0
8945,train,0,0.00040641432677214283,0
7029,train,0,0.0019135934991249184,0
8334,train,0,0.0011612312777412477,0
595,train,0,0.001399014477276049,0
2633,train,0,0.0008910155359261121,0
1445,train,0,0.0019097967655390081,0
9073,train,0,0.0007090669783545361,0
7195,train,0,0.003092173141676906,0
827,train,0,0.0017327889260324823,0
9931,train,0,0.0033487617630441452,0
443,train,0,0.0009755211810140239,0
4976,train,1,0.3629581053310583,0
189,train,0,0.0013875053154562293,0
3088,train,0,0.0006027938123130897,0
4311,train,0,0.0017549043582206262,0
2483,train,0,0.0030478001963673727,0
4221,train,0,0.0020425993243819106,0
7124,train,0,0.0017443628970209102,0
7715,train,0,0.0038108873025719486,0
6620,train,0,0.001457681736623212,0
8387,train,0,0.005934739693485803,0
5053,train,0,0.001511048842537243,0
1289,train,0,0.0006933697811984244,0
6641,train,0,0.001855770920307367,0
4712,train,0,0.0027737638065182275,0
7613,train,0,0.001663340266168099,0
6832,train,0,0.0016092070464869088,0
8406,train,0,0.003392717058969456,0
1631,train,0,0.0011689159284635738,0
3082,train,0,0.00092283982337821,0
4564,train,0,0.0024283060938338876,0
2255,train,0,0.0010751696560684213,0
9632,train,0,0.008474985129850298,0
7710,train,0,0.0031430028698235684,0
4398,train,0,0.0025984047127292193,0
1336,train,0,0.08639474821302913,0
1530,train,0,0.0008150368340815181,0
4500,train,0,0.0028557615887894313,0
4023,train,0,0.08802559925632156,0
6869,train,0,0.0016300978129671108,0
8977,train,0,0.004254590717678384,0
3319,train,0,0.0016471431209434243,0
1225,train,0,0.0004949426951597644,0
1949,train,0,0.0007399474969201463,0
188,train,0,0.0011083621490672341,0
1411,train,0,0.004142483868343076,0
7661,train,0,0.0016407661265997121,0
6290,train,0,0.0015647568691347135,0
7430,train,0,0.002613540014977419,0
4885,train,0,0.001311630726548093,0
6384,train,0,0.0010419760921702667,0
6088,train,0,0.0013536176664842,0
5193,train,0,0.0025631626487960988,0
5869,train,0,0.0013770121616149007,0
7622,train,0,0.00102702035510856,0
2784,train,0,0.0018676645181883492,0
4965,train,0,0.03452048806668386,0
712,train,0,0.0008877050837467289,0
4937,train,0,0.0017646163540891667,0
3001,train,0,0.002804701649754221,0
8691,train,0,0.0005748601155766353,0
587,train,0,0.045397182469382014,0
2987,train,0,0.004470733724078463,0
1120,train,0,0.0038139809548281087,0
6105,train,0,0.0010802803702166335,0
2290,train,0,0.00328554333557778,0
4670,train,0,0.0017854932655017683,0
1491,train,0,0.001711610942920701,0
1696,train,0,0.0010821786829424175,0
5839,train,0,0.0006039321107547879,0
3917,train,0,0.0023183318170706675,0
4262,train,0,0.0026516250122788896,0
6048,train,0,0.0009955675882421223,0
5213,train,0,0.0023163105295870615,0
9090,train,0,0.0032687388586715564,0
4462,train,1,0.9858056289993727,1
7211,train,0,0.0010563147368499474,0
5311,train,0,0.004797625602018175,0
8847,train,0,0.0007073619523528689,0
7451,train,0,0.0011151352417332985,0
7427,train,0,0.000590352756052009,0
347,train,0,0.0003959949175218102,0
8795,train,0,0.0005484198683022377,0
9682,train,0,0.0032631655573491193,0
6273,train,0,0.0019262614779479129,0
4194,train,0,0.008842732654513805,0
6839,train,0,0.05021374505217955,0
2458,train,0,0.0032080689171911972,0
2538,train,0,0.003254666560298045,0
7675,train,0,0.045892428667888355,0
4233,train,0,0.2709861220652527,0
3543,train,0,0.00377575688504248,0
5097,train,0,0.003943740014609581,0
7393,train,0,0.0009292819634423098,0
2626,train,0,0.0013743052282408407,0
8529,train,0,0.0014174999439221653,0
4528,train,0,0.0019412235108886967,0
7207,train,0,0.0008348660283093841,0
8468,train,0,0.0011052010296470271,0
7209,train,0,0.0006463642591343962,0
8395,train,0,0.0013418897217128258,0
5289,train,0,0.0018623947269160498,0
8735,train,0,0.0016723641455831423,0
8120,train,0,0.0007750108667389699,0
9169,train,0,0.0008832282064056432,0
661,train,0,0.001010361340123931,0
9750,train,0,0.0016091734074038108,0
9747,train,0,0.0026273912318407165,0
5657,train,0,0.0020172638039073223,0
112,train,0,0.0013576737158193341,0
9504,train,0,0.0033115806382507766,0
7360,train,0,0.000888423605164538,0
9895,train,0,0.003362146420795542,0
8220,train,0,0.0009089688212301744,0
5537,train,0,0.001504048686973476,0
4732,train,0,0.08365409573840937,0
7365,train,0,0.0033191596263965817,0
9033,train,0,0.0005770549912335071,0
9767,train,0,0.0007973505394673444,0
1820,train,0,0.0010998385533234527,0
2461,train,0,0.0013576737158193341,0
8960,train,0,0.0018679178593086607,0
601,train,0,0.14598040849590108,0
6494,train,0,0.001243176324505488,0
6903,train,0,0.0007930907297839108,0
7013,train,0,0.0011016693026121396,0
9915,train,0,0.0015303073722195558,0
6467,train,0,0.0014330026843054336,0
5524,train,0,0.001900565228496003,0
7572,train,0,0.0015797204086049573,0
7934,train,0,0.022110313086996045,0
3362,train,0,0.044684267018325424,0
8715,train,0,0.0007176986026134298,0
1332,train,0,0.08300943733116237,0
5304,train,0,0.005266388922745199,0
5412,train,0,0.05478192396574302,0
6865,train,0,0.0008471264383613649,0
7906,train,0,0.0026406897877814467,0
5468,train,0,0.002228555486886167,0
7251,train,0,0.037730452855441673,0
7380,train,0,0.0017838341233453701,0
5116,train,0,0.006339620293452138,0
9026,train,0,0.0005680741205914579,0
4702,train,1,0.9242506111279623,1
9693,train,0,0.0013878444167671473,0
9161,train,0,0.0004977270656553206,0
211,train,0,0.0013662765919166121,0
3440,train,0,0.0014392353137893494,0
1253,train,0,0.0038302413769337436,0
6897,train,0,0.3634443154952477,0
3802,train,0,0.0016778918722300184,0
4016,train,0,0.003085378423270329,0
8432,train,0,0.0014677578167512375,0
7522,train,0,0.00306225989169548,0
6399,train,0,0.0007866840281544586,0
2978,train,0,0.001078455539987482,0
4225,train,1,0.5731539629195038,1
3938,train,0,0.000935439530460472,0
3967,train,0,0.002720017506524385,0
9334,train,0,0.008068077731151308,0
544,train,0,0.0007995086220528962,0
5490,train,1,0.6319448033131118,1
5680,train,0,0.0054586873885951685,0
7667,train,0,0.001498460952455769,0
5495,train,0,0.01680474116568013,0
891,train,0,0.0019286478245433805,0
967,train,0,0.001265446685500286,0
9096,train,0,0.03704235254662493,0
9640,train,0,0.0013418519867977674,0
6157,train,0,0.0020090659165667973,0
1516,train,0,0.0032388188518492865,0
3342,train,0,0.01290035305971912,0
8235,train,0,0.002648999386007026,0
757,train,0,0.11649990264870806,0
4741,train,0,0.03335557069140435,0
7924,train,0,0.004379256602655688,0
781,train,0,0.0009424434666660261,0
5196,train,0,0.0017120577131258827,0
5639,train,0,0.0011476471945291633,0
936,train,0,0.002979165768857099,0
8828,train,0,0.0006846688285831662,0
5231,train,0,0.0017040869255716305,0
3327,train,0,0.17895618163951876,0
5564,train,0,0.006561072121822865,0
8111,train,1,0.08039634479785986,0
4764,train,0,0.03191007186461169,0
1324,train,1,0.5500199656437911,1
6403,train,0,0.0007164770353102069,0
3544,train,0,0.0020043789724735962,0
2871,train,0,0.0008951141213481133,0
2289,train,0,0.0017972751557352611,0
5139,train,0,0.001832746456734455,0
8443,train,0,0.0007042232099233785,0
8767,train,0,0.019473981086048767,0
9613,train,1,0.4294480323110198,1
4434,train,0,0.002545373242536257,0
4609,train,0,0.0016395298829155727,0
6009,train,0,0.0012098155203031404,0
9336,train,0,0.03509656535305867,0
7905,train,0,0.0006656359087054072,0
5943,train,0,0.001026385336380707,0
2108,train,0,0.0021569586072563486,0
6947,train,0,0.0009083413689427015,0
1450,train,0,0.0018004887203841209,0
6731,train,0,0.01674313216946467,0
9935,train,0,0.0036866106507753363,0
316,train,0,0.00047261743995859803,0
4898,train,0,0.36517548448187914,0
8683,train,0,0.0015502730618938217,0
6661,train,0,0.0013367726002303693,0
713,train,0,0.001617599898627276,0
7129,train,0,0.0010535708703711337,0
6487,train,0,0.0017143520250120778,0
3,train,0,0.0017596351006299317,0
8113,train,0,0.0020065235218381656,0
9325,train,0,0.0006893755937609681,0
7092,train,0,0.0012196391943617307,0
4783,train,0,0.0015346441440386679,0
4124,train,0,0.06998159177169895,0
6888,train,0,0.002417340095046526,0
5501,train,0,0.0016134098830651025,0
3359,train,0,0.027963630865538987,0
6001,train,0,0.00552633778322264,0
7019,train,0,0.0010037680922737307,0
3487,train,0,0.0016184629697767487,0
5227,train,0,0.002953421432272951,0
5073,train,0,0.005403970517428508,0
6026,train,0,0.00639744264877709,0
5975,train,0,0.0014295902755577287,0
6561,train,0,0.001695798825791883,0
3828,train,0,0.0019321556173415562,0
7571,train,0,0.0011237960240445633,0
6527,train,0,0.0016385873845110453,0
2214,train,0,0.0021580605201157615,0
3025,train,0,0.4321124443339428,1
8982,train,0,0.0206129125035145,0
4832,train,0,0.016697430682345346,0
6461,train,0,0.0013585175375926898,0
516,train,0,0.0005441332058772194,0
2562,train,0,0.0012021514923595572,0
6486,train,0,0.002445837351463687,0
6955,train,0,0.004927944194530765,0
2301,train,0,0.0012807471280711987,0
3625,train,0,0.0010098435501074469,0
3887,train,0,0.007028605035151662,0
6256,train,1,0.07606556595427968,0
730,train,0,0.0006740257310008687,0
2848,train,0,0.28962353014435366,0
9651,train,0,0.0014218399187999583,0
9512,train,0,0.0009534595412859722,0
4260,train,0,0.003440966247979261,0
4638,train,0,0.11255087229338818,0
6975,train,0,0.003513141883433426,0
5105,train,0,0.056188202663829,0
58,train,0,0.0010857507696683333,0
4140,train,1,0.5529282863570293,1
672,train,0,0.0070812579263742625,0
2873,train,0,0.0012142650011559392,0
7542,train,0,0.0026936536238451854,0
1277,train,0,0.002677799231906858,0
2682,train,0,0.0021247582578178795,0
2222,train,0,0.0008457415031620815,0
5766,train,0,0.0014141894110180893,0
4655,train,0,0.0023447986439344005,0
2486,train,0,0.0017589788981487726,0
6923,train,0,0.033718219692593386,0
3798,train,0,0.0019551061049583795,0
2752,train,0,0.0027977213446906536,0
2418,train,0,0.0009843723648997613,0
9684,train,0,0.0055549725785175325,0
9913,train,0,0.0012855624623716178,0
4756,train,0,0.002449540359292096,0
9344,train,0,0.0009169220439974627,0
456,train,0,0.001083842026927862,0
5712,train,0,0.08077298241519257,0
8,train,0,0.0014678645300303917,0
4935,train,0,0.0015046147487001826,0
23,train,0,0.0017904091519542024,0
7591,train,1,0.32590422596687746,0
9329,train,0,0.0013871073962098705,0
6940,train,0,0.0016656075878976268,0
2947,train,0,0.0022856100571664907,0
2909,train,0,0.0008595201296804412,0
7564,train,1,0.3766998163353897,1
9805,train,0,0.0016518353598742419,0
6937,train,0,0.0010355124376809739,0
5151,train,0,0.005877621289497674,0
6386,train,0,0.0006661210847447688,0
7232,train,0,0.0007405582654453737,0
6659,train,0,0.0013381018432261811,0
4796,train,0,0.006005868306744697,0
1270,train,0,0.12869459608528352,0
1339,train,0,0.0006642472988719514,0
1292,train,0,0.0014849509107911975,0
8082,train,0,0.0022092810577483152,0
8352,train,0,0.0014475264365743654,0
2828,train,0,0.0020059304374666293,0
868,train,0,0.0013864255284812461,0
5008,train,0,0.001519319498787805,0
2597,train,0,0.0018803438112494405,0
4640,train,0,0.13168263066583424,0
8333,train,0,0.0010304392280087366,0
5858,train,0,0.005765487586728936,0
5343,train,0,0.0015944102237708834,0
5661,train,0,0.02922485548177267,0
9519,train,0,0.0011545435630367336,0
2171,train,0,0.0008899627200650585,0
5234,train,0,0.004249055819003296,0
3156,train,0,0.0011032168911209806,0
1260,train,0,0.0005684670999017842,0
9680,train,0,0.0010865680701077198,0
4157,train,1,0.5972871599897696,1
1570,train,0,0.0014992496693546251,0
5435,train,0,0.0017590236344886259,0
450,train,0,0.0006662032463660784,0
462,train,0,0.0010872515324764312,0
1875,train,0,0.0031126323588169472,0
4341,train,0,0.029674111180561975,0
2976,train,0,0.0017501041363593103,0
8042,train,0,0.0014791695943219799,0
3642,train,0,0.11496338795376719,0
4910,train,0,0.0014380097514257253,0
6453,train,0,0.0017425387662488182,0
4468,train,0,0.0911338295353732,0
2472,train,0,0.00638138242552823,0
4496,train,0,0.002454425896781269,0
910,train,0,0.003399326293466564,0
8557,train,0,0.0012245808144368247,0
8331,train,0,0.0021086396735026164,0
596,train,0,0.0004184020286069393,0
6198,train,0,0.0008863943439333207,0
2217,train,0,0.004136864602418067,0
3973,train,0,0.001253967126164325,0
8595,train,0,0.00036963245509121016,0
566,train,0,0.00033820151253415726,0
9672,train,0,0.0007669689592230948,0
7396,train,0,0.001042601530283304,0
9074,train,0,0.0005693996521827163,0
9647,train,0,0.0025574367100332698,0
1661,train,0,0.0021846008796225012,0
2485,train,0,0.001366523808628636,0
6338,train,0,0.031697960442101394,0
3750,train,0,0.0017738037073265656,0
3465,train,0,0.05628149646731486,0
2858,train,1,0.4959002147113492,1
8064,train,0,0.0011041671460429424,0
7816,train,0,0.0009522962867311149,0
2344,train,0,0.0018268109366261615,0
9967,train,0,0.0012238526539060089,0
7549,train,0,0.0010426977176074702,0
339,train,0,0.00038097327280852046,0
9531,train,0,0.0008452890273004527,0
529,train,0,0.0006193889968161572,0
4530,train,0,0.002059277950046959,0
3498,train,0,0.10155395481077113,0
4780,train,0,0.006050754174556925,0
1328,train,0,0.034882141938394035,0
4061,train,0,0.0026888275566782243,0
5587,train,0,0.0009470401648858096,0
7916,train,0,0.0009009755302778653,0
9711,train,0,0.0013418991283307773,0
606,train,0,0.001252167886229244,0
4074,train,0,0.002663525397692569,0
2961,train,0,0.0009191347495269462,0
162,train,0,0.0012057279001172908,0
3009,train,0,0.0012509262789613276,0
8184,train,0,0.13749455850987008,0
6100,train,0,0.0009232883022417833,0
6488,train,0,0.012567824311177285,0
6571,train,0,0.00470859006830693,0
9572,train,0,0.004384102895384909,0
7417,train,0,0.001084404223962025,0
4665,train,1,0.7966990958786427,1
1797,train,0,0.0009745406007507663,0
1844,train,0,0.0012923236021807848,0
7964,train,0,0.0012050074770532239,0
7112,train,0,0.007415081987124911,0
4070,train,0,0.5499144811184352,1
2196,train,0,0.0013748793488141437,0
7944,train,0,0.003685376340575544,0
2934,train,0,0.0011532346450338505,0
6681,train,0,0.006639676608045625,0
3850,train,0,0.0019582858560687204,0
5688,train,0,0.003731327181033191,0
7353,train,0,0.0010066785980707093,0
6866,train,0,0.0009898037044089644,0
1932,train,0,0.001250916819003653,0
2316,train,0,0.002130450858704487,0
5394,train,1,0.833265014617602,1
4812,train,0,0.12249131684053577,0
2649,train,0,0.0008035786241695912,0
7102,train,0,0.0008319212604559414,0
5769,train,0,0.05895384063065092,0
8746,train,0,0.0006482166798925024,0
2793,train,0,0.0007868310978471419,0
3756,train,0,0.0012563150131651728,0
7767,train,0,0.0032786937064722224,0
1139,train,0,0.001427572854713072,0
9258,train,0,0.0013191045235757212,0
880,train,1,0.29643837469730483,0
6344,train,0,0.0054799287183233325,0
5566,train,0,0.055269700596209996,0
6746,train,0,0.0009494260943746137,0
1233,train,0,0.0023450045676693724,0
4680,train,0,0.0018705269965858197,0
7590,train,0,0.005190477819128367,0
5954,train,0,0.0013359426592840947,0
4954,train,0,0.0035616022748503344,0
8687,train,0,0.0005627056958517608,0
3388,train,0,0.009247042675388138,0
3093,train,0,0.002108814811852469,0
5191,train,0,0.004637257320255453,0
4224,train,0,0.0019551061049583795,0
7608,train,0,0.0010608077561333074,0
2177,train,0,0.0015825300953102876,0
4707,train,0,0.0022063990573597454,0
5261,train,0,0.001782206045303531,0
6907,train,0,0.0013285492489393176,0
5552,train,0,0.001138069502056031,0
1305,train,0,0.0015401023219445702,0
5693,train,0,0.0013403334435225676,0
5133,train,0,0.0015746495824007895,0
9144,train,0,0.0007244528115311897,0
9745,train,0,0.0012334369128176891,0
5187,train,0,0.0017815066816702627,0
1673,train,0,0.0014609293051509628,0
9792,train,0,0.0011440303448497528,0
517,train,0,0.0035879156020334852,0
907,train,0,0.0055922839649912345,0
9968,train,0,0.0013389377134275637,0
5500,train,0,0.0014031158365069975,0
7784,train,0,0.08506583399125148,0
2071,train,0,0.1006604896654532,0
5203,train,0,0.002612582841071706,0
7273,train,0,0.001674036364952165,0
7478,train,0,0.0007752440863162494,0
9246,train,0,0.0017706932036644272,0
6934,train,0,0.0008991524642789193,0
9328,train,0,0.003366996159030187,0
1075,train,0,0.004871576396612103,0
7255,train,0,0.1412140063812439,0
5257,train,0,0.0017904158359331125,0
1707,train,0,0.00197437728137372,0
9700,train,0,0.0046861049803428355,0
9380,train,0,0.0018077292737390227,0
5853,train,0,0.0013803871784182234,0
6738,train,0,0.0020583919162678673,0
2543,train,0,0.0018590100138689651,0
8696,train,0,0.0013731853567512378,0
236,train,0,0.0007974216007887163,0
6859,train,0,0.0007383252585816609,0
8593,train,0,0.0006352655605369605,0
461,train,0,0.0010146301332590593,0
4322,train,0,0.0037069994205030355,0
1715,train,0,0.0025622354490082207,0
938,train,0,0.003499477449828543,0
5923,train,0,0.0011426057114088668,0
5646,train,0,0.0009150917026814072,0
8337,train,0,0.0007451154931122735,0
1594,train,0,0.06102190265508262,0
3739,train,0,0.001371659002979894,0
8394,train,0,0.000906025048553722,0
3653,train,0,0.0012130948455990496,0
7412,train,0,0.001128651485079993,0
6611,train,0,0.0012047810583955489,0
3395,train,0,0.000990994563731074,0
6539,train,0,0.007168536464224371,0
9428,train,0,0.0014622095356076961,0
7676,train,0,0.04600612817309377,0
8859,train,0,0.0010168284549851585,0
3672,train,0,0.0011066665938284338,0
3826,train,0,0.0030013147530294506,0
8871,train,0,0.0005918408537158065,0
607,train,0,0.0005545066719615148,0
6775,train,0,0.0013984731740462654,0
1113,train,0,0.006085905211667928,0
6814,train,0,0.0008234688520835722,0
2058,train,0,0.0017192739495131338,0
3447,train,0,0.060361620171555636,0
6217,train,0,0.001505091390703426,0
9708,train,0,0.0010401076908970518,0
3217,train,0,0.0017526605119805776,0
4049,train,0,0.0020425993243819106,0
1180,train,0,0.0006733833156721999,0
7212,train,0,0.0012442840316497776,0
6763,train,0,0.0012134438533434521,0
8861,train,0,0.0005656700000800302,0
8359,train,0,0.000652883693077008,0
346,train,0,0.0006337484486245878,0
195,train,0,0.0016065205234294636,0
3793,train,1,0.48695338949884037,1
6621,train,0,0.001946425385311436,0
478,train,0,0.001760354766150845,0
4178,train,0,0.0021743867426437563,0
7213,train,0,0.0037804774654787597,0
7301,train,0,0.0007743738751298573,0
1641,train,0,0.0008695994817608959,0
1153,train,0,0.002183263484179324,0
6178,train,1,0.5437111628222995,1
7171,train,0,0.0032050370700644547,0
8522,train,0,0.0012046230868051385,0
2986,train,0,0.002917838950341185,0
837,train,0,0.0030076714588018814,0
7743,train,0,0.0016561173096692103,0
2436,train,0,0.0013593238891368,0
2902,train,0,0.0010964166618743242,0
3988,train,0,0.0010591823213415938,0
7681,train,0,0.04675842642843671,0
1451,train,0,0.0015251595931505201,0
7462,train,0,0.0010683443133939026,0
581,train,0,0.01939472016736734,0
1535,train,0,0.0009034431535397939,0
6314,train,0,0.0017976208736463692,0
4263,train,0,0.0022668523806281264,0
8538,train,0,0.0009929391492062125,0
8268,train,0,0.0007816440741991157,0
1073,train,0,0.00358427221945326,0
4331,train,0,0.002064742803588456,0
9018,train,1,0.110764343973396,0
2359,train,0,0.0018702712393148574,0
9061,train,0,0.000914901701178746,0
5546,train,0,0.001652750184605596,0
2082,train,0,0.036342991324177114,0
733,train,0,0.0006266443600767761,0
7160,train,0,0.0009480426056074432,0
4409,train,1,0.8791848964064273,1
4489,train,0,0.002035178982427476,0
2379,train,0,0.003056814471021679,0
2956,train,0,0.0012487822906075265,0
9774,train,0,0.0016732912882683134,0
3275,train,0,0.0015583918833231563,0
1213,train,0,0.0014696850942911266,0
6787,train,0,0.010269267371609636,0
5071,train,0,0.002839886821954013,0
8673,train,0,0.0005420695715300513,0
1675,train,0,0.04093392594037243,0
5624,train,0,0.0013731046287226592,0
4800,train,0,0.030827567867700603,0
2382,train,0,0.001078892008304652,0
2202,train,0,0.0007331291052036395,0
5358,train,0,0.0017257633982809314,0
9681,train,0,0.003201415916704994,0
4537,train,0,0.0027072436902611974,0
8527,train,0,0.0009033723671395111,0
5131,train,0,0.0017947504559041444,0
1929,train,0,0.001201890146916098,0
2194,train,0,0.0015105509081867392,0
5360,train,0,0.0014548832162796699,0
1441,train,0,0.0010863119936715565,0
2183,train,0,0.0005436183695820312,0
8065,train,0,0.001184711883832846,0
1499,train,0,0.048574186879397525,0
8559,train,0,0.0008421142409649068,0
8868,train,0,0.0010670750583548592,0
2257,train,0,0.0014007265753335871,0
5331,train,0,0.003792220387523735,0
286,train,0,0.0011188447812807384,0
33,train,0,0.0007394251671511072,0
1640,train,0,0.0008731756336675604,0
3258,train,0,0.0012720244921191467,0
3366,train,0,0.0009615540549607471,0
4948,train,0,0.001398098453347355,0
3525,train,0,0.0014948532351522297,0
3296,train,0,0.0018164852071100317,0
1163,train,0,0.028128873848656578,0
2021,train,0,0.0013006487509857837,0
2898,train,0,0.0008527483107254225,0
8316,train,0,0.0010603076720885481,0
479,train,0,0.002142504748943533,0
2133,train,0,0.0010330653292484305,0
6806,train,0,0.0010212746238471252,0
532,train,0,0.0015536341803412742,0
9848,train,0,0.0008461518873590502,0
3874,train,0,0.43028898408837424,1
6366,train,0,0.014816688624392445,0
3599,train,0,0.00799493507294181,0
2185,train,0,0.0005872389661557878,0
9820,train,0,0.0010685192446387665,0
5991,train,0,0.08048183803826287,0
10,train,0,0.0016477167302585058,0
348,train,0,0.0003310237758459097,0
8635,train,0,0.0007823648680466514,0
7003,train,0,0.05457102562121405,0
9116,train,0,0.00044884261594390734,0
4791,train,0,0.003601896121334824,0
1708,train,0,0.002458158250294916,0
1275,train,0,0.0019427636030251423,0
9508,train,0,0.0008174197143241351,0
6414,train,0,0.0022419829557891436,0
4911,train,0,0.002151564184279349,0
6508,train,0,0.001347051649782908,0
2088,train,0,0.0023099013338922004,0
6049,train,0,0.0009186188860742041,0
2470,train,0,0.0019069238010730298,0
2281,train,0,0.0017972751557352611,0
8815,train,0,0.0027387710788782664,0
3875,train,0,0.009510095456344497,0
9523,train,0,0.001095050264744244,0
4716,train,0,0.0023958093744349935,0
8843,train,0,0.0005543905894921829,0
8988,train,0,0.0018654682434260973,0
4347,train,0,0.0037498548286240396,0
5326,train,0,0.005493384210100547,0
296,train,0,0.0013171636685024803,0
1783,train,0,0.0013233991876410436,0
5917,train,0,0.006618061821056048,0
7695,train,0,0.0019049176582336084,0
2726,train,0,0.0010056947864951016,0
177,train,0,0.0022312479096254422,0
5201,train,0,0.00611572368038665,0
2574,train,0,0.003734199644840217,0
7491,train,0,0.013180856001091373,0
1060,train,0,0.0027255597626071252,0
5686,train,0,0.0010308444126731068,0
2473,train,0,0.001239014855321285,0
1100,train,0,0.004890912201884255,0
5491,train,0,0.10918660200453488,0
1415,train,0,0.034449009202097466,0
8628,train,0,0.00034233373263873327,0
6046,train,0,0.012257782707502891,0
6580,train,0,0.0018103386934113436,0
3602,train,0,0.006341055016989223,0
5965,train,0,0.003242882282715559,0
3598,train,0,0.03790590395836102,0
3795,train,0,0.0024523363628782347,0
8675,train,0,0.00102333500026608,0
2685,train,0,0.0005678424728683575,0
2980,train,0,0.0011112684087690467,0
915,train,0,0.0011188833720829647,0
1469,train,0,0.0010167709114398125,0
6243,train,0,0.1136768184712325,0
5084,train,0,0.00280994065971763,0
3087,train,0,0.00091804852194221,0
6909,train,0,0.00881031178652853,0
9490,train,0,0.07274755766353008,0
7922,train,0,0.0015094213068087654,0
8699,train,0,0.0004739066911493463,0
1494,train,0,0.001930136536630053,0
4072,train,0,0.0016017607045568673,0
6313,train,0,0.007514152075963675,0
5457,train,0,0.001427974156720764,0
9592,train,0,0.003281225486232831,0
4984,train,1,0.9301108910260746,1
8840,train,0,0.0005259307996128555,0
1209,train,0,0.17319395247124966,0
6530,train,0,0.000823073509186947,0
6591,train,0,0.0041077333050128055,0
7959,train,0,0.0006188967410803867,0
2048,train,0,0.0007301508746809579,0
3936,train,0,0.001197739726085704,0
8197,train,0,0.15238280135380913,0
3470,train,0,0.0019551061049583795,0
5158,train,0,0.003673357519731659,0
1171,train,0,0.08151685848972372,0
4107,train,0,0.0015944019800343049,0
6991,train,0,0.0009545172996117579,0
5062,train,0,0.06148355601098132,0
5784,train,0,0.0017231148093098108,0
853,train,0,0.0038814210251690356,0
7841,train,0,0.0031886028218572164,0
4235,train,0,0.004814794092046082,0
7541,train,0,0.0010009707491728972,0
5405,train,0,0.0056230889827192775,0
531,train,0,0.0006138482313541542,0
7716,train,0,0.003228139759185224,0
1803,train,0,0.001061271646916445,0
7486,train,0,0.001183258548973954,0
3706,train,0,0.0012486989276818516,0
104,train,0,0.0017928396918453643,0
4313,train,0,0.0019917951877895324,0
5425,train,0,0.001001910438212195,0
5035,train,0,0.001623031983813572,0
7776,train,0,0.0026241347106769164,0
2983,train,0,0.00943752476522803,0
5426,train,0,0.0013518161154679412,0
4433,train,0,0.02425797666410987,0
508,train,0,0.0007364330948788285,0
2441,train,0,0.001090657661690975,0
4158,train,0,0.002403581356507483,0
741,train,0,0.0009153837392070479,0
1573,train,0,0.0010820810363420502,0
1722,train,0,0.007657342476017415,0
9011,train,0,0.0017198041286170104,0
5281,train,0,0.001398098453347355,0
3985,train,0,0.008117164733989126,0
903,train,1,0.4512488294530334,1
3558,train,0,0.0022904089580754947,0
3147,train,0,0.0017057822089168032,0
3920,train,0,0.0020881455517959917,0
2239,train,0,0.015139860382657225,0
1291,train,0,0.0014409430111860656,0
1690,train,0,0.0013198409430794345,0
5135,train,0,0.0016261657599964717,0
2208,train,0,0.0008796442269031179,0
51,train,0,0.005373207559808456,0
5790,train,0,0.0010891684605156843,0
8305,train,0,0.0016604197607722757,0
8223,train,0,0.005880821003199945,0
2412,train,0,0.0046493090560510405,0
7064,train,0,0.0018493985686128403,0
3200,train,0,0.001498952519524656,0
6769,train,0,0.005748373087948856,0
3048,train,0,0.0005847282261857297,0
1839,train,0,0.002409007912816107,0
4127,train,0,0.004779287094368386,0
5664,train,0,0.0012749381257994706,0
6691,train,0,0.002851916819975442,0
4882,train,0,0.0032577197743638895,0
6189,train,0,0.0008928649273142765,0
1216,train,0,0.0009286556726996296,0
8140,train,0,0.0021011678670445847,0
1647,train,0,0.0038188927795513037,0
9341,train,0,0.003432345351336934,0
2690,train,0,0.0008796109788610174,0
9898,train,0,0.0033148020653850515,0
5506,train,0,0.0017500997231304379,0
1252,train,0,0.04781117934699316,0
4355,train,1,0.7931617275752152,1
574,train,0,0.0010251350214044394,0
929,train,0,0.0024868395432243,0
3111,train,0,0.0009079813394491258,0
6670,train,0,0.0846498955579654,0
1220,train,0,0.001190969395948785,0
1613,train,0,0.25792518078826154,0
3056,train,0,0.0012351377965495738,0
4114,train,0,0.5445199571041077,1
7419,train,0,0.0015887532256931398,0
2921,train,0,0.0012720244921191467,0
6186,train,0,0.00218566870984087,0
7460,train,0,0.001336031248507882,0
2141,train,0,0.001331207301286006,0
7925,train,0,0.0018915427705456318,0
3872,train,0,0.01026507302322287,0
5088,train,0,0.002045762470135871,0
3620,train,0,0.0015644831950464666,0
7021,train,0,0.0007419083757235689,0
332,train,0,0.0004706797161397341,0
7517,train,0,0.0032294140763424782,0
3151,train,0,0.002285317440580223,0
1145,train,0,0.004448633188821507,0
4558,train,1,0.8985553375272755,1
7355,train,0,0.000762585173575154,0
8282,train,0,0.10532758887711849,0
9944,train,0,0.00270219143411193,0
2868,train,0,0.004978781493968706,0
9998,train,0,0.004161437303364669,0
1135,train,0,0.0009851690875138347,0
8043,train,0,0.000974766442525871,0
1592,train,0,0.051510678278622685,0
1705,train,0,0.002047688323626524,0
3495,train,0,0.0076059463416519426,0
604,train,0,0.0006603771823407986,0
9524,train,0,0.0015675033140719135,0
4279,train,1,0.8295575256030104,1
2916,train,0,0.0017778184835995998,0
73,train,0,0.0013458442678114047,0
3661,train,0,0.0010106304649322893,0
1602,train,0,0.0011206500354522303,0
3363,train,0,0.026171117781508012,0
127,train,0,0.0031114058132099155,0
1130,train,0,0.0024017880742078484,0
6289,train,0,0.3006743222926178,0
8080,train,0,0.0010697937390830292,0
2907,train,0,0.0010964166618743242,0
540,train,0,0.0012220645336955345,0
8955,train,0,0.00317971802403887,0
7628,train,0,0.0010573856507262395,0
7131,train,0,0.0052847458138459156,0
4055,train,0,0.0021977475268083195,0
8614,train,0,0.0003721441512982502,0
8083,train,0,0.0013768394515832319,0
2940,train,0,0.11828437826539048,0
4753,train,0,0.002163897159601637,0
3288,train,0,0.0009340732939131874,0
2078,train,0,0.0028439174593854573,0
6904,train,0,0.0007412631416218304,0
3364,train,0,0.000999428853643502,0
5407,train,0,0.0014965977421246583,0
4571,train,0,0.00348691078642495,0
7495,train,0,0.0013094287154155153,0
6898,train,0,0.001041664528768962,0
4854,train,0,0.0017591902958414294,0
3576,train,0,0.001470996953117315,0
9376,train,0,0.0007774541114554211,0
6825,train,0,0.0014156952514275314,0
9657,train,0,0.04255866435833836,0
9880,train,0,0.0018852148241747238,0
4383,train,1,0.9662881503362124,1
1734,train,0,0.001520789041816471,0
6125,train,0,0.0014815473598709535,0
124,train,0,0.0020595873803632815,0
1761,train,0,0.00833121370933653,0
1890,train,0,0.0009057953560802426,0
1736,train,0,0.0021857293871752333,0
1969,train,0,0.0020412661931512354,0
8616,train,0,0.0011528482741664221,0
2560,train,0,0.1437577244831036,0
4705,train,0,0.001911361059258281,0
3378,train,0,0.0017782361806162486,0
2661,train,0,0.0008616212149885219,0
4444,train,0,0.1790030541220088,0
3622,train,0,0.0012486989276818516,0
8952,train,0,0.0006975608964271431,0
1478,train,0,0.0009950562780332208,0
265,train,0,0.0008516029980517008,0
7976,train,0,0.0015137637263317148,0
6050,train,0,0.0008599287580579217,0
199,train,0,0.003868913462606806,0
8841,train,0,0.0008004191165382632,0
2689,train,0,0.0009702828032447997,0
4881,train,0,0.00611572368038665,0
3148,train,0,0.002363256994784301,0
8137,train,0,0.0008106088703502716,0
5659,train,0,0.002341884868130701,0
3246,train,0,0.0009890517796717444,0
7259,train,0,0.0008238009909161017,0
6993,train,0,0.0013033649572185449,0
2179,train,0,0.0006486016611559465,0
3208,train,0,0.0007893899200528627,0
9528,train,0,0.009323964307364199,0
8516,train,0,0.0013455306937309322,0
1498,train,0,0.0011741216930884163,0
9834,train,0,0.000672670278029435,0
9473,train,0,0.0016434892212172957,0
2589,train,0,0.2341543505584082,0
1937,train,0,0.001318518757896078,0
1895,train,0,0.0025723505930213752,0
9263,train,0,0.0006790593282782459,0
848,train,0,0.08869100722035306,0
3900,train,0,0.00417868293069963,0
2347,train,0,0.0012704501077654873,0
8360,train,0,0.0007973505394673444,0
8528,train,0,0.0009401259219581384,0
3109,train,0,0.023667547075802584,0
7012,train,0,0.3871383657122148,1
3752,train,0,0.0009018037235970841,0
9203,train,0,0.0008480043044547766,0
5597,train,0,0.003081489213655914,0
5562,train,0,0.000935439530460472,0
5462,train,0,0.001660178040597597,0
7332,train,0,0.0018508600123140024,0
4750,train,0,0.0020349555434650032,0
2423,train,0,0.002607388945838037,0
9157,train,0,0.0007379154699118632,0
6990,train,1,0.1508745382774229,0
3982,train,0,0.002840098627870196,0
8227,train,0,0.0016535008797290008,0
7156,train,0,0.0010451033369197572,0
2837,train,0,0.002575101578942679,0
4480,train,1,0.9416040757691735,1
2135,train,0,0.0012762940090397291,0
2720,train,0,0.0009884480743207016,0
5717,train,0,0.0012776508303003536,0
2654,train,0,0.0009548585143921674,0
8640,train,0,0.0011527740515388952,0
4063,train,0,0.002853299464060345,0
3293,train,0,0.004936388225308041,0
8425,train,0,0.0013480360113874168,0
1218,train,0,0.0005018402391141342,0
428,train,0,0.00037863822991132407,0
1633,train,0,0.0010301402669971693,0
9056,train,0,0.0008123108833290155,0
1908,train,0,0.007877707141181477,0
9084,train,1,0.7334228414938474,1
7058,train,0,0.002185457971936974,0
2079,train,0,0.03554956902505244,0
2406,train,0,0.0025187483184267397,0
7128,train,0,0.0013054286325181073,0
2938,train,0,0.0013939983542557038,0
9543,train,0,0.002815979484427858,0
6115,train,0,0.002032796844364729,0
324,train,0,0.0005394794157297364,0
2524,train,0,0.0034873239117904856,0
9398,train,0,0.00035162024956126713,0
2882,train,0,0.0006984313026291044,0
1615,train,0,0.001764236004857844,0
5032,train,0,0.0016593757466643992,0
2548,train,0,0.0009906574539764455,0
3787,train,1,0.564594724907389,1
2435,train,0,0.0011556478901679768,0
5492,train,0,0.025856178702149308,0
4292,train,1,0.32899810252268524,0
4737,train,1,0.8158075740732317,1
3748,train,0,0.001306992607712834,0
6864,train,0,0.012513286332013865,0
8103,train,0,0.002349578241720921,0
4397,train,0,0.0027747798675639636,0
6657,train,0,0.011917741405917252,0
4289,train,0,0.0032901826326935035,0
6500,train,0,0.006935380801952686,0
9818,train,0,0.002267849279043454,0
8758,train,0,0.0009945610478148503,0
5805,train,0,0.0009096886876725376,0
5995,train,0,0.18815263122271078,0
3164,train,0,0.0010135883567527998,0
8044,train,0,0.0014741983616069682,0
7674,train,0,0.004280813314786087,0
1472,train,0,0.0030094495855821457,0
7951,train,0,0.0006440822096399396,0
571,train,0,0.0012704428081019583,0
3626,train,0,0.04283872886706138,0
6756,train,0,0.0010594560452360075,0
7257,train,0,0.0006450141991021224,0
381,train,0,0.00040640225729362135,0
5497,train,0,0.0012374445918459727,0
3635,train,0,0.0009658334801181554,0
7500,train,0,0.005102969735346717,0
6588,train,0,0.09083040978909615,0
1156,train,0,0.0018990934991479319,0
7489,train,0,0.0010277431051164511,0
3102,train,0,0.00297001909962441,0
9233,train,0,0.0020314090468699416,0
4236,train,0,0.002106929848494107,0
4445,train,0,0.004577773205299138,0
3220,train,0,0.0010826565491793285,0
5150,train,0,0.002421054061657746,0
1398,train,0,0.0018040528657809628,0
2318,train,0,0.004447829401117797,0
6818,train,0,0.0018493985686128403,0
8867,train,0,0.0006623345834312312,0
3894,train,0,0.0016338521992001788,0
7031,train,0,0.0024417534967838854,0
8888,train,0,0.0005497208890879867,0
8123,train,0,0.0006353168244819451,0
1432,train,0,0.0017795410305599503,0
7585,train,0,0.007352902194066176,0
8717,train,0,0.000754189020218841,0
7609,train,0,0.0008962292287897651,0
2264,train,0,0.0014349855468464565,0
4478,train,0,0.0030983037704541963,0
8712,train,0,0.00044031387281815386,0
8271,train,0,0.017586209266959925,0
8970,train,0,0.001988732494673045,0
687,train,0,0.00040035882860816187,0
4076,train,0,0.001548098545351499,0
5471,train,0,0.08969314055460331,0
3730,train,0,0.005973578197009861,0
1992,train,0,0.0075272670110545425,0
635,train,0,0.0015446393204287092,0
2723,train,0,0.0025141759856623673,0
6060,train,0,0.0008995677266643693,0
2536,train,0,0.0034859965644416097,0
8097,train,0,0.0018630667237776613,0
9349,train,0,0.0009342335398201763,0
9718,train,0,0.001181878104487962,0
8370,train,0,0.0008108587993355985,0
1834,train,0,0.0015043550982723325,0
6570,train,0,0.001006991606566074,0
6984,train,0,0.0013033649572185449,0
992,train,0,0.0029705480407285325,0
5694,train,0,0.0033947365975987333,0
8584,train,0,0.0024328187182016355,0
505,train,0,0.0005357297154282226,0
341,train,0,0.0005577830291821918,0
6031,train,0,0.00104036371513779,0
8996,train,0,0.0010264650741805131,0
6965,train,0,0.005288760103100616,0
8342,train,0,0.0009357352908103558,0
5413,train,0,0.0014472587389220788,0
1509,train,1,0.27485119363727967,0
260,train,0,0.0018449145176598434,0
7306,train,0,0.0035676286226468856,0
1211,train,0,0.0024668806316240745,0
3430,train,0,0.001531205108751051,0
7229,train,0,0.00094079617989736,0
9314,train,0,0.0008946983502904613,0
8630,train,0,0.0032266581693170273,0
3121,train,0,0.15871547006057288,0
1608,train,0,0.0011026887097231664,0
8577,train,0,0.00040640225729362135,0
5104,train,0,0.003060870198001479,0
7829,train,0,0.00130547128398147,0
502,train,0,0.04472260424593834,0
3291,train,0,0.0017386865226281362,0
6350,train,0,0.0020133545397116436,0
8156,train,0,0.0008980608260623951,0
489,train,0,0.004637570875358733,0
7085,train,0,0.04251846893616618,0
4816,train,1,0.14378534385428066,0
7600,train,0,0.0008946777207791477,0
8422,train,0,0.15938647068909856,0
2326,train,0,0.04122358412627189,0
6559,train,0,0.0015724992943145874,0
7679,train,0,0.05260566430708381,0
5297,train,0,0.004170416109011138,0
2272,train,0,0.003466586401442853,0
3479,train,0,0.0014888608820162455,0
3015,train,0,0.0029637944981679206,0
1315,train,0,0.001864472720293197,0
8814,train,0,0.00096519667761526,0
8545,train,0,0.0017610213055410477,0
1869,train,0,0.0011049924894485164,0
34,train,0,0.0007929305161143445,0
579,train,0,0.0004972807987976775,0
9429,train,0,0.0012715503507806578,0
3277,train,0,0.0012341500851777514,0
6699,train,0,0.0012466783400190207,0
3611,train,1,0.4895348208214875,1
1322,train,0,0.0038817171073967987,0
1721,train,0,0.002845734259201264,0
5428,train,0,0.004642290181799037,0
9095,train,0,0.001485790855619055,0
3120,train,0,0.0006689717561030226,0
2607,train,0,0.0016969086670007053,0
3633,train,0,0.000804953439046393,0
5165,train,0,0.002650386985466392,0
2906,train,0,0.0016046788625119354,0
8733,train,0,0.001494913757871481,0
7025,train,0,0.0026060157919869263,0
4802,train,0,0.02181477148079503,0
8246,train,0,0.0009215246433844905,0
3644,train,0,0.0012321694003519952,0
6006,train,0,0.12078646999648186,0
8284,train,0,0.0006905012666023379,0
257,train,0,0.000852028733091624,0
3180,train,0,0.002532813141786559,0
9813,train,0,0.002384638841868153,0
6203,train,0,0.0027888295947031913,0
4836,train,1,0.9265746773397041,1
6672,train,0,0.3288134536663377,0
2402,train,0,0.004027917955858804,0
8188,train,0,0.0017034025004650202,0
4734,train,0,0.07758768189332438,0
2739,train,0,0.0009056804679405537,0
7132,train,0,0.00592011605140609,0
887,train,0,0.2764168523700257,0
4446,train,0,0.002209617200787368,0
7698,train,0,0.0015370149858420174,0
5987,train,0,0.001196532501623,0
3407,train,0,0.008804443627702217,0
6248,train,1,0.8593564652187395,1
7547,train,0,0.0012545432153850346,0
2112,train,0,0.0035531644180708958,0
7196,train,0,0.001284892578015527,0
5006,train,0,0.03608248092919188,0
2369,train,0,0.0037562636516140975,0
8467,train,0,0.0017628422617213485,0
3647,train,0,0.0019013820534643767,0
6145,train,0,0.0013585000826335618,0
9694,train,0,0.0010702314804499984,0
9059,train,0,0.0008868312848248656,0
5449,train,0,0.2138745217730976,0
5410,train,0,0.0038653065793889116,0
6812,train,0,0.007268488604216577,0
5229,train,0,0.0020150823656488385,0
3481,train,0,0.0018037412676892132,0
2191,train,0,0.000838330443331993,0
8930,train,0,0.0005279267197915908,0
8444,train,0,0.0011430330141983316,0
5385,train,0,0.02595930222015525,0
1347,train,0,0.0010908807849437166,0
765,train,0,0.002709130408636223,0
9418,train,0,0.001587164171399565,0
2297,train,0,0.0022747226303999933,0
8946,train,0,0.0006609266251167807,0
3443,train,0,0.0655126841287593,0
2807,train,0,0.0008238264579426711,0
9278,train,0,0.001081359711041437,0
1268,train,0,0.0009830494911874568,0
4163,train,0,0.0016017607045568673,0
5355,train,0,0.029936744329035505,0
2007,train,0,0.0010751696560684213,0
9322,train,0,0.0008608787607228839,0
5918,train,0,0.0009402571878328823,0
345,train,0,0.0003427087600481596,0
3266,train,1,0.79969697874777,1
5808,train,0,0.0016425991502227806,0
4662,train,0,0.0021345241413219247,0
7484,train,0,0.0033131292809151806,0
8096,train,0,0.0009118449866404626,0
3404,train,0,0.0010262351219718678,0
7886,train,0,0.11431788757999291,0
9630,train,0,0.001112531744040644,0
6852,train,0,0.0008890588439632552,0
2948,train,0,0.0011672659314214526,0
4523,train,0,0.006954900442911603,0
2405,train,0,0.0024421202944123785,0
3385,train,0,0.0015618605017048875,0
2662,train,0,0.0011239320026651541,0
6063,train,0,0.0013285492489393176,0
2553,train,0,0.0007301508746809579,0
3776,train,0,0.06028937501516341,0
6899,train,0,0.000882488038157168,0
9562,train,0,0.002526869256490555,0
9794,train,0,0.0007897840545841229,0
5460,train,0,0.0016632246469266505,0
4870,train,0,0.0016991973273624635,0
5867,train,0,0.0028263566215484984,0
9864,train,0,0.0009104609525856211,0
5904,train,0,0.2667810689709949,0
2111,train,0,0.0022312961533494744,0
623,train,0,0.0016103428890898424,0
5283,train,0,0.0015900156206167936,0
3390,train,0,0.0012389913734289118,0
9790,train,0,0.0008345369096104983,0
6340,train,1,0.3259415574718673,0
7214,train,0,0.0007156101852671692,0
3520,train,0,0.0012412923333377976,0
279,train,0,0.0019742031551512537,0
6321,train,0,0.4136585411998451,1
2762,train,0,0.024520091273504994,0
1412,train,0,0.008712407228184775,0
5588,train,0,0.0008687998045864344,0
7551,train,0,0.0007814573472858411,0
7727,train,0,0.0008663427243090417,0
1387,train,0,0.0015872594922264054,0
8335,train,0,0.13783233759033509,0
5251,train,0,0.016574815362076365,0
304,train,0,0.0008239955759276362,0
9275,train,0,0.0016632880997192886,0
4408,train,0,0.0034684747797746694,0
8610,train,0,0.0005468971229320987,0
7768,train,0,0.0008510035324732532,0
7902,train,0,0.0021087207904356233,0
1197,train,0,0.0029964989309019204,0
4518,train,0,0.0067184598300825075,0
2040,train,0,0.001187602496599735,0
3704,train,0,0.011648728045364773,0
4102,train,0,0.014363841271675564,0
2724,train,0,0.0006222621349445067,0
5054,train,0,0.0013071954986989328,0
6786,train,0,0.00640227098313294,0
1659,train,0,0.0006714700084570033,0
9876,train,0,0.0017563184893269433,0
7879,train,0,0.0007057303320258857,0
6230,train,0,0.0008150599542554,0
8791,train,0,0.0014067153618054931,0
8431,train,0,0.009118103711283403,0
1884,train,0,0.0035328804050057056,0
7098,train,0,0.0008956586934030796,0
7494,train,0,0.0032811959058810527,0
6093,train,0,0.022671607733771845,0
4763,train,0,0.010054980560605265,0
678,train,0,0.007996556242861889,0
8069,train,0,0.001456728380184591,0
8681,train,0,0.0008614486008215388,0
2233,train,1,0.2528864126626682,0
660,train,0,0.0005332016756213067,0
6770,train,0,0.0006957774022576452,0
4762,train,1,0.5109304425184266,1
8515,train,0,0.0035012385204597225,0
3959,train,0,0.00095013002261619,0
8694,train,0,0.0006479056738590297,0
7668,train,0,0.0018028462819881586,0
3114,train,0,0.0011087830615701699,0
3847,train,0,0.006095650599515273,0
3399,train,0,0.000990994563731074,0
1942,train,0,0.0008602334263361892,0
793,train,0,0.001372662649922299,0
830,train,0,0.0046554581356520125,0
6019,train,0,0.0009023394142306908,0
6094,train,0,0.005595479709254811,0
1334,train,1,0.6125367016484473,1
5301,train,0,0.08236011665441853,0
4957,train,0,0.0017552382279990124,0
7334,train,0,0.055431685213866114,0
447,train,0,0.009638928618575893,0
1920,train,0,0.23371697699947458,0
1014,train,0,0.001363520498469191,0
7545,train,0,0.001246721871647554,0
1997,train,0,0.0010141946231701675,0
8786,train,0,0.0009140450505898698,0
845,train,0,0.10581257027234586,0
522,train,0,0.0005091431938786628,0
9178,train,0,0.005524219882296068,0
9841,train,0,0.0025983459934026953,0
1836,train,0,0.0036313656422040826,0
5127,train,0,0.12897902853941598,0
8441,train,0,0.000909536476507121,0
1435,train,0,0.0011339766374709342,0
7860,train,0,0.0028557484887886085,0
1556,train,0,0.0038444932808643748,0
4148,train,0,0.0031764200686754023,0
9094,train,0,0.19382239121953918,0
9417,train,0,0.0007521234022725012,0
858,train,0,0.0013342022387910618,0
7137,train,0,0.0011408922870858457,0
7633,train,0,0.0037444554451127846,0
6133,train,0,0.0008047025652130831,0
1804,train,0,0.001195052008527286,0
9273,train,0,0.0016266955062399207,0
7543,train,0,0.00393985404204353,0
961,train,0,0.001087853721822848,0
6021,train,0,0.0017217312025679702,0
8878,train,0,0.0012617698885044374,0
6876,train,0,0.0041606745219049885,0
7227,train,0,0.0017296253629541355,0
6120,train,0,0.0006169518758576795,0
290,train,0,0.0020234867797657235,0
3435,train,0,0.01974735537598734,0
7656,train,0,0.0027040437414882477,0
1006,train,0,0.20942188272976664,0
3824,train,0,0.003132206447549625,0
6083,train,0,0.24481276785301403,0
3518,train,0,0.06643573333045054,0
826,train,0,0.0020488796042275395,0
4038,train,0,0.00365143297748924,0
617,train,0,0.0011472716224483342,0
4820,train,0,0.0016698771697462892,0
9039,train,0,0.0016976968433999094,0
7749,train,0,0.0013727720053497172,0
2895,train,0,0.0012853598344618083,0
4118,train,0,0.33799612461322687,0
121,train,0,0.0011013073215892575,0
176,train,0,0.0009509195882768269,0
3077,train,0,0.0013178209964083759,0
5950,train,0,0.0025284386376388567,0
7588,train,0,0.002568005441074989,0
6140,train,0,0.0010569262210699194,0
4344,train,0,0.018363402655282392,0
1375,train,0,0.0009681630958177495,0
2769,train,0,0.0006521006777669355,0
7793,train,0,0.0012545432153850346,0
5458,train,0,0.0014611692476996204,0
6850,train,0,0.000980462318240421,0
6886,train,0,0.0006840930739120722,0
5210,train,0,0.00128202560379466,0
3632,train,0,0.0014656586816540324,0
8401,train,0,0.0009627998935344912,0
9980,train,0,0.0017472132776794418,0
7300,train,0,0.0012894044925287043,0
2431,train,0,0.0031822882678254295,0
7863,train,0,0.0012786448699785157,0
8000,train,0,0.002879343070930117,0
7566,train,0,0.001072100022384339,0
7350,train,0,0.0007081214227654763,0
6201,train,0,0.0013289267280464374,0
382,train,0,0.0012108192055654355,0
5272,train,0,0.0023253208933244904,0
2549,train,0,0.0007084963032112299,0
6209,train,0,0.0024389480072240775,0
990,train,0,0.002044803134098633,0
2032,train,0,0.0016577456039220005,0
1555,train,0,0.0013643582298502157,0
6392,train,0,0.0006661210847447688,0
5652,train,0,0.021901245475973576,0
3507,train,0,0.0016936568617076154,0
3539,train,0,0.0017555703059852418,0
8010,train,0,0.0873130719086389,0
6070,train,0,0.0012366048349202147,0
2835,train,0,0.001030449471983342,0
4598,train,0,0.015411563517509552,0
1778,train,0,0.003381470460776408,0
1770,train,0,0.0016398416024538574,0
2364,train,0,0.0035971544565505656,0
9618,train,0,0.0016396082482987603,0
3494,train,0,0.11253350891575668,0
6858,train,0,0.0012853923539354497,0
8586,train,0,0.0008176311425625178,0
2229,train,0,0.0014521066660555142,0
9605,train,0,0.0012027734525000828,0
6478,train,1,0.005780596266715681,0
7751,train,0,0.002044781730456517,0
4995,train,0,0.0015098582303761394,0
3414,train,0,0.001110243619915466,0
7140,train,0,0.006968167732423192,0
9388,train,0,0.0005238591117185731,0
6482,train,0,0.0013353387249016328,0
5267,train,0,0.0025668146547133458,0
5395,train,0,0.08151468359743777,0
771,train,0,0.016664214176225673,0
8643,train,0,0.00135868571963233,0
4850,train,0,0.1339241102300253,0
4014,train,0,0.0012412923333377976,0
2211,train,0,0.12865736323922333,0
238,train,0,0.0020704497757324087,0
4776,train,0,0.001655994182921267,0
796,train,0,0.0037799017637922907,0
3789,train,0,0.002106356916153833,0
6533,train,0,0.002343219025928313,0
9111,train,0,0.0009894050677711538,0
5014,train,0,0.0024574064390712326,0
886,train,0,0.001087853721822848,0
6925,train,0,0.3200997083331068,0
3017,train,0,0.06500895537774685,0
2971,train,0,0.0015509386081730375,0
170,train,0,0.001130558429959295,0
312,train,0,0.0006254710258957817,0
1598,train,0,0.0007252306004582491,0
7828,train,0,0.0009489429211740847,0
5042,train,0,0.0020238195551847108,0
8651,train,0,0.0006826013015699258,0
1975,train,0,0.0018471513648135318,0
1795,train,0,0.0011955302667073806,0
1928,train,0,0.0021108187501408028,0
4117,train,1,0.8861073535874495,1
3595,train,0,0.0017108504849968893,0
9675,train,0,0.008472467902620788,0
7650,train,0,0.010196321590781562,0
1179,train,0,0.000659487077153583,0
7358,train,0,0.0007322509425603286,0
3078,train,0,0.0033792064224514554,0
241,train,0,0.0011976039704754578,0
5402,train,0,0.005133369114399601,0
8374,train,0,0.1873688771487051,0
4572,train,0,0.0032883546716938905,0
3053,train,0,0.0008925997433665179,0
3154,train,0,0.00093467104696789,0
8587,train,0,0.0010534450688468107,0
898,train,0,0.0019759511166879055,0
8947,train,0,0.0006981858518493461,0
3457,train,1,0.4767579171729697,1
8821,train,0,0.00040016921301751874,0
3371,train,0,0.0017768177190080376,0
7060,train,0,0.0012548795001101451,0
7536,train,1,0.2697146054425466,0
1747,train,0,0.2621319626945883,0
2768,train,0,0.001016866892292981,0
8131,train,0,0.0019521705783168645,0
772,train,0,0.0022607967044901848,0
9251,train,0,0.0022768866364525115,0
1927,train,0,0.0031456589463959815,0
9022,train,0,0.0007547712034355267,0
9173,train,0,0.0005063779665267807,0
1776,train,0,0.0012283845803857344,0
6131,train,0,0.0008742037176377057,0
8133,train,0,0.0014439895212286177,0
4535,train,0,0.0026015858197289527,0
6830,train,0,0.00611670299683546,0
2465,train,0,0.0015071724325471589,0
1018,train,0,0.026506823571607097,0
5117,train,0,0.0016072632197546928,0
8256,train,0,0.00674132195065871,0
6037,train,0,0.004255922414597173,0
9149,train,0,0.0009539180843141704,0
3007,train,0,0.007295195792825791,0
9882,train,0,0.0032691361995260213,0
7455,train,0,0.0006269605220899054,0
6766,train,0,0.0017402620097588838,0
251,train,0,0.0006185173068368478,0
5691,train,0,0.1538471192655147,0
4552,train,0,0.1473957446441048,0
3095,train,0,0.0007290219542036342,0
3615,train,0,0.0015472494210880684,0
6153,train,1,0.6632183293217596,1
8561,train,0,0.0032407744051419084,0
7626,train,0,0.002729847240900555,0
3972,train,0,0.0013769455436704165,0
3018,train,0,0.08660894484507078,0
3335,train,0,0.0019236414906951766,0
9151,train,0,0.00040640225729362135,0
2184,train,0,0.0006164894623577947,0
3349,train,0,0.0018162735673922454,0
2341,train,0,0.0026921552661864382,0
7391,train,0,0.0009255039057563898,0
4368,train,0,0.0024027634195056555,0
1316,train,0,0.001190259021626848,0
8768,train,0,0.004466172130279646,0
7073,train,0,0.0013203443785011664,0
762,train,0,0.038782049723269665,0
824,train,0,0.0019667031005051114,0
8754,train,0,0.0007196198345793544,0
3932,train,0,0.0019980638042462954,0
4548,train,0,0.002679376151773889,0
981,train,0,0.0024283438927097563,0
9699,train,0,0.0012985292812464236,0
7926,train,1,0.7652163945983615,1
9342,train,0,0.0011853493463440344,0
3292,train,0,0.005837620070229725,0
4659,train,0,0.004652022037658619,0
7413,train,0,0.0012336884723438601,0
9021,train,0,0.0005577830291821918,0
1149,train,0,0.0008715908833136102,0
6690,train,0,0.0998964387196007,0
5645,train,0,0.00227907534301708,0
2003,train,0,0.0013392618421095611,0
8049,train,0,0.0010191573473380393,0
1177,train,0,0.00047210865205275484,0
7454,train,0,0.0031252383475156827,0
6439,train,0,0.0009262424306529104,0
7295,train,0,0.004318154661038564,0
4951,train,0,0.001474682629043175,0
2334,train,0,0.08607146987948097,0
4507,train,0,0.002066857369414422,0
5579,train,0,0.0014815111965960968,0
3504,train,0,0.001487557452957758,0
109,train,0,0.0011865384436820408,0
2016,train,0,0.001276584110613591,0
8542,train,0,0.001243392549846783,0
173,train,0,0.0010089709028700225,0
3689,train,0,0.001197739726085704,0
8512,train,0,0.0008419036966634326,0
6301,train,0,0.0008892828586476276,0
2366,train,0,0.0018564042938623905,0
1078,train,0,0.004331724161451688,0
750,train,0,0.04927607207064909,0
4972,train,0,0.0013967353000109556,0
2641,train,0,0.0023005477205138673,0
4414,train,0,0.003197448735820174,0
7383,train,0,0.0026056347249861166,0
777,train,0,0.0035822833382047913,0
9183,train,0,0.0007743712955589088,0
1170,train,0,0.10993876283207127,0
4553,train,0,0.00986668373169725,0
8689,train,0,0.03222782758838348,0
3397,train,0,0.000990994563731074,0
7238,train,0,0.0009302101901157784,0
6064,train,0,0.0011226306549532103,0
5107,train,0,0.0031197746689404678,0
3110,train,0,0.000723625182132266,0
7610,train,0,0.000715602687687379,0
1227,train,0,0.0007683045212508601,0
3191,train,0,0.06559995359540642,0
2823,train,0,0.17017641386756538,0
6851,train,0,0.0014870376118997215,0
1526,train,0,0.0009343033125381914,0
5976,train,0,0.003930971988374647,0
8713,train,0,0.0006464303407171293,0
3631,train,0,0.00139453117910009,0
9608,train,0,0.0008771415270864547,0
526,train,0,0.001410027090541693,0
1818,train,0,0.0010224807202174758,0
2853,train,0,0.04608701238516734,0
2679,train,0,0.0008808831069775328,0
7713,train,0,0.0016328052014187454,0
9218,train,0,0.0017946501635403484,0
1679,train,0,0.1361634466926914,0
2235,train,0,0.001352110373285213,0
6072,train,0,0.002560330926284442,0
861,train,0,0.0061078051204819074,0
8989,train,0,0.001466033274105882,0
4420,train,0,0.005306143028605671,0
3877,train,0,0.005917132689161605,0
3202,train,0,0.000797949710580999,0
7895,train,0,0.0019960914094112004,0
1595,train,1,0.9302585828102117,1
1103,train,0,0.0019312586410138602,0
2072,train,0,0.0018773760483589347,0
2535,train,0,0.001649677391561899,0
6734,train,0,0.0015566191067719784,0
15,train,0,0.001048520375912923,0
9260,train,0,0.006478453969331343,0
1743,train,0,0.0018291993592984904,0
8959,train,0,0.001594956644615276,0
5024,train,0,0.0031930176542792404,0
9933,train,0,0.0011083621490672341,0
4326,train,1,0.6365416062173394,1
4491,train,0,0.043914201034451775,0
769,train,0,0.0018527823345583887,0
900,train,0,0.003129959544007775,0
2604,train,0,0.0016429983252684878,0
8087,train,0,0.0015542384700215706,0
7399,train,0,0.0012304118919456162,0
6267,train,0,0.0010787310460152351,0
5618,train,0,0.002052964410672382,0
2924,train,0,0.0016130037728292839,0
6137,train,0,0.0013581227690245576,0
8308,train,0,0.004676273319633432,0
62,train,0,0.003225098052473264,0
9283,train,0,0.0016376113391710246,0
6796,train,0,0.006215373572514909,0
6233,train,0,0.0012478163143688351,0
3501,train,0,0.1704888739158636,0
3216,train,0,0.0013764460753071589,0
8856,train,0,0.23673583296728468,0
7042,train,0,0.0015692976563646938,0
9649,train,0,0.001061114862516922,0
292,train,0,0.0011622031437897985,0
3898,train,0,0.0014672242765725008,0
303,train,0,0.00048254137793109794,0
2892,train,0,0.005229087647168771,0
6205,train,0,0.0012610723119164226,0
8222,train,0,0.0011982468376315642,0
1119,train,0,0.030902032304204952,0
5248,train,0,0.0026415755638760606,0
5733,train,0,0.03315813729706944,0
1596,train,0,0.000928221113393113,0
5152,train,0,0.34208728127837235,0
5803,train,0,0.0016953056634391517,0
6061,train,0,0.0012617941213256708,0
8490,train,0,0.019027142595235174,0
8564,train,0,0.0006160013733673184,0
7139,train,0,0.001139814543193216,0
395,train,0,0.0005360252236614606,0
1081,train,0,0.0019649877655096787,0
645,train,0,0.0006958867754888507,0
9710,train,0,0.01643011529148285,0
9687,train,0,0.0006611889056148777,0
4926,train,0,0.002158693897528336,0
9100,train,0,0.0015174584844735409,0
3316,train,0,0.010789504024503911,0
1012,train,0,0.001541181850711321,0
9447,train,0,0.0017905762835039177,0
3885,train,0,0.0020424110488158754,0
7652,train,0,0.004669612342543708,0
2478,train,0,0.0021783165857672884,0
8185,train,0,0.0014951632720129964,0
3186,train,0,0.010633063623936694,0
8839,train,0,0.0009217370518676982,0
2984,train,0,0.0016094264071667733,0
8782,train,0,0.0007489661531085453,0
1162,train,1,0.5342555537771128,1
935,train,0,0.0011913029326542216,0
5774,train,0,0.0010214417313117474,0
5614,train,0,0.0027912599042259774,0
8215,train,0,0.0014074604739775516,0
9579,train,0,0.0007399037224125396,0
2279,train,0,0.0017972751557352611,0
1604,train,0,0.0010777998229100083,0
3588,train,0,0.0022805463606370598,0
6896,train,0,0.001006332372485217,0
9832,train,0,0.24380058927363263,0
8891,train,0,0.0007579217425801368,0
4432,train,0,0.03285618192191936,0
7241,train,0,0.0009072028758252031,0
9802,train,0,0.002713215554094245,0
7881,train,0,0.0008413214204520372,0
749,train,0,0.10832869110533176,0
3415,train,0,0.0013104083033346654,0
5513,train,0,0.004836003722854958,0
2293,train,0,0.002028273881422587,0
278,train,0,0.0015181280381125059,0
6440,train,0,0.0009262424306529104,0
9125,train,0,0.0005630437980109779,0
6726,train,0,0.001602766277185158,0
4824,train,0,0.006401946973024895,0
9167,train,0,0.0005588012031658899,0
8052,train,0,0.0031675506425219062,0
9901,train,0,0.002720406039199295,0
1144,train,1,0.5004007197793533,1
7481,train,0,0.0007762571442910471,0
8609,train,1,0.2123015960559968,0
4284,train,0,0.0019634076183686457,0
9379,train,0,0.0012945919875509823,0
4356,train,0,0.0022101396327531414,0
12,train,0,0.002346886854105078,0
9392,train,0,0.0012762619389282146,0
2857,train,0,0.05424961399399859,0
756,train,0,0.11801766611625152,0
8416,train,0,0.0007622647618994268,0
2697,train,0,0.0008801962916151777,0
9006,train,0,0.001488315948518476,0
6388,train,0,0.002570267414591615,0
9164,train,0,0.08456309847069139,0
4949,train,0,0.001690548395559406,0
2037,train,0,0.0029082457730808657,0
3287,train,0,0.0010885961979270901,0
5910,train,0,0.0011104579243490923,0
4928,train,0,0.001922448724572069,0
2499,train,0,0.09531102615139625,0
7323,train,0,0.0015653055852949836,0
4067,train,0,0.021428987573610808,0
3619,train,0,0.003392084168323624,0
4602,train,0,0.00456739721693583,0
6353,train,0,0.0005093551777293071,0
9847,train,0,0.002725135149506897,0
6849,train,0,0.0010596297753758244,0
9267,train,0,0.006212700293178009,0
3994,train,0,0.0019594246469906173,0
1137,train,0,0.0039587746002122,0
8056,train,0,0.0009178603128060284,0
9560,train,0,0.0009664070648005312,0
809,train,0,0.003347301119339463,0
5174,train,0,0.006435175161627571,0
8585,train,0,0.002677877847442368,0
5109,train,0,0.006435175161627571,0
9397,train,0,0.0010467175466307497,0
2319,train,0,0.001559210997345554,0
6916,train,0,0.001048379470545504,0
258,train,0,0.0006824249037186982,0
4923,train,0,0.002010268571513202,0
1585,train,0,0.003247936583510274,0
6968,train,0,0.001002714464072473,0
998,train,0,0.010670664202830043,0
5374,train,0,0.0010190939153539075,0
3698,train,0,0.0017691832782937575,0
5337,train,0,0.0036516031943153093,0
343,train,0,0.0009215554498450085,0
9653,train,1,0.5705491257013853,1
6741,train,0,0.0009605659961416142,0
5773,train,0,0.003613206022828482,0
816,train,0,0.002989697277682901,0
2568,train,0,0.0011200845100491897,0
6188,train,0,0.0034207403145728775,0
116,train,0,0.001142621938360219,0
792,train,0,0.0021283985264306973,0
5438,train,0,0.0013511402605110704,0
9917,train,0,0.0012527669843885446,0
5369,train,0,0.0016184366133846163,0
2463,train,0,0.0013975683804298012,0
3219,train,0,0.0010712525319174961,0
9535,train,0,0.0007218868503118144,0
4953,train,0,0.001768412814394405,0
1463,train,0,0.0008129919901543531,0
414,train,0,0.036315011390256204,0
1993,train,0,0.0012764203249030956,0
2312,train,0,0.001837398013727953,0
6333,train,0,0.003538867679369384,0
9715,train,0,0.0081137551248766,0
2057,train,0,0.0008617260891691119,0
6320,train,0,0.005625497738324148,0
8073,train,0,0.0012443226560167099,0
3236,train,1,0.33126886535883,0
5994,train,0,0.05527218311009424,0
7276,train,0,0.0025533800764346473,0
8412,train,0,0.0021279107278570114,0
6692,train,0,0.0016205001480346893,0
8724,train,0,0.0006216464073646951,0
9044,train,0,0.0007016541014676683,0
9753,train,0,0.04301733065427824,0
4977,train,0,0.0027964865169112113,0
5212,train,0,0.0037840423942466866,0
6174,train,0,0.001249029412524228,0
4819,train,0,0.0017650456337688456,0
5765,train,0,0.001717165184439488,0
3445,train,0,0.055276296571731054,0
3650,train,0,0.0021194546181049585,0
4261,train,0,0.0023154339024212124,0
2581,train,1,0.8047150537165091,1
4336,train,0,0.03276511830297767,0
5047,train,0,0.0040026887355903654,0
305,train,0,0.01816258709334893,0
8347,train,0,0.0011184801590895463,0
6025,train,0,0.006365667366894498,0
5028,train,0,0.0031930176542792404,0
5370,train,0,0.0014676996625581985,0
5340,train,0,0.004314009656453604,0
8658,train,0,0.0004934375944199565,0
5709,train,0,0.0014290019191964516,0
4855,train,0,0.03792709012390061,0
4821,train,0,0.01881114984261228,0
9964,train,0,0.002470176731445476,0
4045,train,0,0.00268529989424483,0
8876,train,0,0.0009727155099624211,0
5180,train,0,0.0017897132564344274,0
6996,train,0,0.0014326225602647104,0
7584,train,0,0.0021332571780052724,0
5831,train,0,0.001900449977094434,0
4608,train,0,0.002623604688139128,0
7001,train,0,0.002113657447311218,0
9922,train,0,0.0013209550237677794,0
4365,train,0,0.01609094875936591,0
5603,train,0,0.09441377378113579,0
8919,train,0,0.0009010638212926754,0
3755,train,0,0.11808167634150363,0
6890,train,0,0.0007310321237008788,0
849,train,0,0.004814698648312614,0
6458,train,0,0.24914452403494847,0
9047,train,0,0.0005836698685507736,0
9758,train,1,0.5268638991422009,1
7067,train,0,0.0017270010220529568,0
7161,train,0,0.002123701530937314,0
1355,train,0,0.0008216583744028619,0
6349,train,0,0.0009027716145889479,0
4056,train,0,0.001960651733839636,0
4606,train,0,0.006548906387437038,0
7215,train,0,0.001673936528781368,0
2399,train,0,0.001367922049310656,0
954,train,0,0.0013677111646669211,0
751,train,0,0.04229695173628405,0
5755,train,0,0.006618083685187825,0
1110,train,0,0.003867791981509158,0
5648,train,0,0.06982833703940806,0
7708,train,0,0.0011816495339457237,0
8794,train,0,0.0005672994088614488,0
5069,train,0,0.016943897473412402,0
295,train,0,0.0006374066324562025,0
8592,train,0,0.0010634030034930688,0
2028,train,0,0.0036734333396262727,0
3639,train,0,0.0012977092447645799,0
1829,train,0,0.006866666379788286,0
8363,train,0,0.0010180901218022087,0
7996,train,0,0.0006656359087054072,0
4846,train,0,0.0039048014668143474,0
7595,train,0,0.00407129090176231,0
3075,train,0,0.0018512838719773326,0
6410,train,0,0.0016111518811520982,0
2170,train,0,0.0005995614234917477,0
5750,train,0,0.0013179336686101007,0
1001,train,0,0.005177549720583158,0
5857,train,0,0.0016392241110172279,0
3367,train,0,0.0025332673476833986,0
1760,train,0,0.003310603543459521,0
2092,train,0,0.0018193384741393872,0
2505,train,0,0.0018276502492929302,0
3638,train,0,0.007209232677772282,0
6377,train,0,0.0008009566949047564,0
4316,train,0,0.0017093207467325886,0
4006,train,0,0.0029479263445555846,0
3324,train,0,0.0018247985677762042,0
3693,train,0,0.0010993070628434905,0
8122,train,0,0.0012284981536044496,0
9500,train,0,0.0009192850044366999,0
3305,train,0,0.0022337434617770006,0
5740,train,0,0.0015724756227267732,0
3354,train,0,0.0013949110437888844,0
8552,train,0,0.001123080676228895,0
98,train,0,0.0012983607948185455,0
299,train,0,0.0004973888800522034,0
920,train,0,0.0009692450825609826,0
7704,train,0,0.0006500662776274738,0
2064,train,0,0.0011808908401483367,0
2628,train,0,0.002072477689517216,0
1438,train,0,0.0010863119936715565,0
3361,train,0,0.05175111899043714,0
3044,train,0,0.0010656004660094093,0
9800,train,0,0.0029533444248168073,0
2665,train,0,0.13740667514415844,0
7327,train,0,0.0009697829923815692,0
8910,train,0,0.0005961977896824325,0
1565,train,0,0.0006862626296712112,0
6225,train,0,0.0014693537576864184,0
3140,train,1,0.29768937590264194,0
7167,train,1,0.9617394732321185,1
2974,train,0,0.0010659199014485705,0
5893,train,0,0.002941628371139343,0
5123,train,0,0.001641986162283108,0
6171,train,0,0.057749278080780474,0
7887,train,0,0.0009163137029551335,0
2969,train,0,0.0009912894753631725,0
4915,train,0,0.007149996643227268,0
7830,train,0,0.000887785792698871,0
24,train,0,0.0009262322146625029,0
1245,train,0,0.022188418244920256,0
8355,train,0,0.0019538020350193842,0
3993,train,0,0.0917629054918633,0
8866,train,0,0.0008492903472027113,0
1285,train,0,0.0008838895385464571,0
560,train,0,0.003318854650165349,0
7375,train,0,0.0008841551014086458,0
114,train,0,0.0020595873803632815,0
8710,train,0,0.00044179190021515836,0
8718,train,0,0.000754189020218841,0
1016,train,1,0.6195570888535652,1
1141,train,0,0.0015386148494663816,0
2451,train,0,0.0014216048201856246,0
3019,train,1,0.9308301528016132,1
5609,train,0,0.02000798634459775,0
3921,train,0,0.002190750595702677,0
6393,train,0,0.0013423494372229521,0
6594,train,0,0.0600558005680677,0
9831,train,0,0.0431266825976743,0
1479,train,0,0.001152622069663184,0
18,train,0,0.002621393711316422,0
4547,train,0,0.02881414372052013,0
6055,train,0,0.0011416093445150335,0
7507,train,0,0.03458566369967443,0
7632,train,0,0.001411732227022103,0
2391,train,0,0.001543654995233934,0
5215,train,0,0.0011858881217269711,0
4807,train,0,0.0015363382592323664,0
9439,train,0,0.00186646279993323,0
7789,train,0,0.0010923295115434614,0
7236,train,0,0.0008657730973020713,0
780,train,0,0.002201554109339136,0
1342,train,0,0.0006642472988719514,0
1979,train,0,0.0018741012213096668,0
731,train,0,0.0012323366291253793,0
2755,train,0,0.0017714827400016028,0
2189,train,0,0.0006974753186353961,0
3099,train,0,0.0007823878992022458,0
141,train,0,0.0018964793739101177,0
253,train,0,0.0016082834289533475,0
4717,train,0,0.024909709897402658,0
2942,train,0,0.001445296271499798,0
2349,train,0,0.001404344341154844,0
6638,train,0,0.002538987511901068,0
9483,train,0,0.0012828945718062865,0
123,train,0,0.0010337324427752146,0
5146,train,0,0.0020366633956204476,0
1005,train,0,0.022049669902894715,0
7559,train,0,0.005899338039826122,0
8741,train,0,0.0006376122054074103,0
7105,train,0,0.0010340909712448685,0
3225,train,0,0.0009022137319363313,0
9670,train,0,0.09594589177781382,0
1044,train,0,0.0016640541024052855,0
6004,train,0,0.0010887782580103348,0
9453,train,0,0.005472081249944457,0
1779,train,0,0.0011645096622662228,0
3662,train,0,0.0011942330688318205,0
2158,train,0,0.030766405039372762,0
2756,train,0,0.0029362581788585605,0
608,train,0,0.002751175092642354,0
4900,train,0,0.06079831188262835,0
6810,train,0,0.001022606622039441,0
980,train,0,0.0011185440988497085,0
4266,train,0,0.003900587543571231,0
7772,train,0,0.0007460835844115479,0
5780,train,0,0.0010277794815224239,0
1424,train,0,0.0010180901218022087,0
5637,validation,0,0.0023035417959552163,0
2838,validation,0,0.0011702415164761058,0
3597,validation,0,0.0014350743265702053,0
3571,validation,0,0.001731987412865161,0
8389,validation,0,0.0011649738619753274,0
9648,validation,0,0.0024837735621453297,0
8426,validation,0,0.0010585696545395524,0
9256,validation,0,0.0012656510097665814,0
6627,validation,0,0.0017323774614734658,0
904,validation,0,0.0011992566130232189,0
768,validation,0,0.0014697652432436655,0
2256,validation,0,0.001360635258018918,0
8105,validation,0,0.0043538135052729274,0
1538,validation,0,0.0010189659258537835,0
4912,validation,0,0.0017752085531940053,0
6901,validation,0,0.0010050319261819547,0
7114,validation,0,0.00108106140822121,0
7415,validation,0,0.001601250419039635,0
6452,validation,0,0.011231281040932413,0
8269,validation,0,0.0019337189324257933,0
3376,validation,0,0.00588334149044168,0
5286,validation,0,0.0023930533025614915,0
5061,validation,1,0.8887893500715498,1
5351,validation,0,0.0016475376283623475,0
7090,validation,0,0.000895378044633705,0
873,validation,0,0.006976589266141246,0
5946,validation,0,0.0019650843345812886,0
7026,validation,0,0.0010976908640783682,0
9042,validation,0,0.0004834931882709414,0
3683,validation,0,0.0010850734583437549,0
7877,validation,0,0.003039702552366972,0
2315,validation,0,0.002280290624748772,0
1874,validation,0,0.0010921534045219181,0
6939,validation,0,0.0024442791209199843,0
6298,validation,0,0.00217222319624112,0
383,validation,0,0.0005045423458790467,0
1380,validation,0,0.0014517392185733392,0
9317,validation,0,0.0012643141815739114,0
7111,validation,0,0.001658483213472054,0
7226,validation,0,0.0025154901497899613,0
6288,validation,0,0.0069655634611275165,0
9452,validation,0,0.002008404793204259,0
3138,validation,0,0.0027569315822994754,0
7985,validation,0,0.0008173753544029587,0
5958,validation,0,0.0012665320453805495,0
8221,validation,0,0.00107872555923036,0
100,validation,0,0.001993262255562533,0
943,validation,0,0.0015271865672918383,0
6574,validation,0,0.0015444481537620033,0
9177,validation,0,0.0007199906036881279,0
5568,validation,0,0.0015549605792856112,0
5897,validation,0,0.0009188006329839627,0
4531,validation,0,0.0018495875130104921,0
3668,validation,0,0.001306992607712834,0
7956,validation,0,0.0006677624411063468,0
2381,validation,0,0.0015636889026930353,0
2623,validation,0,0.1347081025535679,0
6816,validation,0,0.0011095459647302473,0
2444,validation,1,0.3040247910831945,0
4165,validation,0,0.0015743631069375663,0
2640,validation,0,0.0036014990504967237,0
3127,validation,0,0.0009096472394499675,0
8410,validation,0,0.0014080223096653761,0
9679,validation,0,0.0006680995102106717,0
3130,validation,0,0.0008801962916151777,0
8981,validation,0,0.0015378244334976882,0
7492,validation,0,0.003512173916712835,0
6012,validation,0,0.0011650990472632482,0
8317,validation,0,0.0009025211922612458,0
8934,validation,0,0.0004971865334003385,0
1344,validation,0,0.001496533972243703,0
6343,validation,0,0.0011223968589823957,0
7636,validation,0,0.0014970363382212067,0
2151,validation,0,0.006313440482446504,0
42,validation,0,0.002379350073600164,0
3251,validation,0,0.0010856767434754388,0
7045,validation,0,0.001222668188361828,0
3675,validation,0,0.001268798529287346,0
2277,validation,0,0.0027394521204187,0
5874,validation,0,0.0009451810420784314,0
1082,validation,0,0.0012466533963803245,0
9570,validation,0,0.005356231538091889,0
1038,validation,0,0.0016640541024052855,0
6057,validation,0,0.001006991606566074,0
9448,validation,0,0.0020788741461077362,0
9997,validation,0,0.0009352163792630077,0
1155,validation,0,0.002388353832454302,0
4980,validation,0,0.052144037140224656,0
9979,validation,0,0.01979573177167838,0
6180,validation,0,0.0021672293788258575,0
6295,validation,0,0.0010352480125540308,0
5478,validation,0,0.0010420032012410539,0
6316,validation,0,0.0014112878356989076,0
7203,validation,0,0.001997363533620295,0
2063,validation,0,0.0024431457899069028,0
8358,validation,0,0.0007661744061823042,0
5132,validation,0,0.003980285830805568,0
626,validation,0,0.0011975392454916353,0
1165,validation,0,0.053548880712521965,0
4671,validation,0,0.0019581267977761526,0
4271,validation,0,0.002500194433252248,0
2809,validation,0,0.0006616271535906132,0
4963,validation,0,0.0017582974504180232,0
704,validation,0,0.0006958288863997924,0
5320,validation,0,0.02962045985277066,0
9620,validation,0,0.0016804046602715325,0
9981,validation,0,0.009471901527947744,0
4771,validation,0,0.0033533176147082793,0
2537,validation,0,0.0032946349430045432,0
1791,validation,0,0.0009037027004275913,0
1725,validation,0,0.0030995424931601115,0
7247,validation,0,0.018800580799631376,0
4872,validation,0,0.08499014379067642,0
6590,validation,0,0.0032981903313262922,0
8976,validation,0,0.004405771965002379,0
846,validation,0,0.0571030074185972,0
9146,validation,0,0.00040640225729362135,0
8085,validation,0,0.0036998257554068095,0
5793,validation,0,0.001158085073900473,0
7680,validation,0,0.04569312553311897,0
1092,validation,0,0.004066445512005437,0
4136,validation,0,0.006196480293020582,0
3951,validation,0,0.0019007133733325513,0
9191,validation,0,0.0011889650262791782,0
9733,validation,0,0.001768111601232181,0
5403,validation,0,0.0017378955578676903,0
6292,validation,0,0.0009840340169780953,0
5972,validation,0,0.0054212075547069504,0
3091,validation,0,0.001533360686282155,0
398,validation,0,0.00041211772606871496,0
7786,validation,0,0.002310544582037681,0
4899,validation,0,0.35243331590560883,0
5424,validation,0,0.015289224809311852,0
7531,validation,0,0.0050840995607906074,0
1710,validation,0,0.003691978966570179,0
667,validation,0,0.0010649542792934793,0
3743,validation,0,0.00122648493893842,0
7084,validation,0,0.022479615340701375,0
1877,validation,0,0.0027131462208791124,0
1733,validation,0,0.0013851364057680953,0
8893,validation,0,0.0014010611080003536,0
1307,validation,0,0.0019740368305325535,0
374,validation,0,0.0008123108833290155,0
9506,validation,0,0.0007382749764103351,0
8054,validation,0,0.003919880692731362,0
825,validation,0,0.0017327889260324823,0
3257,validation,0,0.002067112567802044,0
7023,validation,0,0.0008124346496295804,0
1649,validation,0,0.000727619316264127,0
4955,validation,0,0.0339621102355726,0
6931,validation,0,0.000827644784049537,0
7345,validation,0,0.021101173381410307,0
7470,validation,0,0.0048994459022278095,0
7061,validation,0,0.006867576274614916,0
6215,validation,0,0.001040335276388025,0
3663,validation,0,0.0016831150974570708,0
2116,validation,0,0.0021145556900770816,0
2855,validation,0,0.055616665140557256,0
1713,validation,0,0.001814659785721709,0
8693,validation,0,0.00047210865205275484,0
7970,validation,0,0.0016453182422589345,0
482,validation,0,0.0007175193715416832,0
2680,validation,0,0.000921845854676109,0
3311,validation,0,0.002212635820514925,0
5467,validation,0,0.008037745005531687,0
5324,validation,0,0.0017401739086504561,0
3805,validation,0,0.0015372864962495663,0
2137,validation,0,0.0014521066660555142,0
8262,validation,0,0.0017286738694653287,0
8583,validation,0,0.0007978865565284296,0
4176,validation,0,0.0016036357005283358,0
4455,validation,0,0.009050524680350789,0
9394,validation,0,0.001388157160188816,0
9938,validation,0,0.0015183142574218017,0
3499,validation,0,0.030382240121510796,0
4865,validation,0,0.0014748219604849887,0
3686,validation,0,0.005740781737110296,0
1421,validation,0,0.03625345307399003,0
1262,validation,0,0.0005579467390222269,0
7982,validation,0,0.0007069153969194055,0
9563,validation,0,0.0011373496332791708,0
8671,validation,0,0.0005843931489790861,0
1766,validation,0,0.004105234953282638,0
2540,validation,0,0.0015015288465728435,0
3160,validation,0,0.0035607330672661054,0
2668,validation,0,0.01959894539468995,0
3450,validation,0,0.04048518664364873,0
7186,validation,0,0.0007184664113615258,0
2157,validation,0,0.12836445798984483,0
624,validation,0,0.0010073926628507276,0
8057,validation,0,0.001044815368993603,0
8743,validation,0,0.0011781738499857673,0
9656,validation,0,0.032481138391428896,0
4591,validation,0,0.3596186472479777,0
9075,validation,0,0.0007832804453241752,0
5723,validation,0,0.00251498120446793,0
426,validation,0,0.0007547712034355267,0
6463,validation,0,0.025167299798563036,0
7568,validation,0,0.0008670632564273972,0
8313,validation,0,0.00146499837629038,0
9038,validation,0,0.1199478973082086,0
1341,validation,0,0.00395903509002802,0
2660,validation,0,0.04971566214956443,0
3295,validation,0,0.001014063395105144,0
7056,validation,0,0.003278720890668044,0
7100,validation,0,0.001070610064599165,0
9311,validation,0,0.0009987816403542397,0
4126,validation,0,0.0023953389158438082,0
6430,validation,0,0.0010923112112916863,0
4113,validation,0,0.7261471880925903,1
5033,validation,0,0.004360679882796507,0
2822,validation,0,0.0008352292698230355,0
7059,validation,0,0.0010874706641938472,0
791,validation,0,0.0015222535507858613,0
5446,validation,0,0.0014611692476996204,0
9625,validation,0,0.001396097487243479,0
3902,validation,0,0.0010223522254459226,0
249,validation,1,0.8836590003255522,1
2972,validation,0,0.001426786561889411,0
8826,validation,0,0.0007100914273486894,0
7288,validation,0,0.001059347991931959,0
6263,validation,0,0.001225397059512611,0
5498,validation,0,0.0018647659687214336,0
5025,validation,0,0.001623031983813572,0
8849,validation,0,0.00047553324606244943,0
7874,validation,0,0.0011549250620055953,0
470,validation,0,0.0004327191510670047,0
6546,validation,0,0.0008997177172654909,0
897,validation,0,0.0024283438927097563,0
7180,validation,0,0.0011561412189449638,0
6501,validation,0,0.04958511542414521,0
9332,validation,0,0.0033808220260852515,0
9114,validation,0,0.0005420962438678777,0
7648,validation,0,0.002485713311332122,0
5186,validation,0,0.2197565659533718,0
1204,validation,0,0.0009356526365571398,0
2650,validation,0,0.011455171807122824,0
4927,validation,0,0.0021176664230479034,0
1626,validation,0,0.014294846470563874,0
3617,validation,0,0.002570762626062601,0
9488,validation,0,0.030130433872873324,0
7149,validation,0,0.0009876400318388349,0
2203,validation,0,0.0006335833568951281,0
6030,validation,0,0.005936472632717163,0
212,validation,0,0.004365778589426275,0
8157,validation,0,0.0014194341702407443,0
1109,validation,0,0.0051515213171061365,0
3318,validation,0,0.007264093753706604,0
1011,validation,0,0.001457498059436421,0
6111,validation,0,0.000942004926670398,0
9858,validation,0,0.0011450169266685743,0
9189,validation,0,0.0005608085240038638,0
4349,validation,0,0.0017075386612090905,0
7002,validation,0,0.005096874952001491,0
7150,validation,0,0.004180816350441528,0
2404,validation,0,0.003973445099475038,0
1848,validation,0,0.0010592141130855428,0
8330,validation,0,0.0009698248601019427,0
913,validation,0,0.004183126238539164,0
1709,validation,0,0.003950893417445944,0
7055,validation,0,0.0015718188931077835,0
6014,validation,0,0.0007210629423318537,0
5896,validation,0,0.011179244577446477,0
5300,validation,0,0.0015424085969471082,0
1318,validation,0,0.0008805860763522961,0
7722,validation,0,0.003993929572222273,0
2624,validation,0,0.0027525404319596104,0
4130,validation,1,0.6548399902848534,1
7540,validation,0,0.0006777772824013513,0
7849,validation,1,0.21409074957600144,0
5012,validation,0,0.00221515968072251,0
5230,validation,0,0.3506724143558909,0
7993,validation,0,0.0007349065052147707,0
786,validation,0,0.0015641947295171172,0
7629,validation,0,0.19315722772313546,0
2270,validation,0,0.003444372978826495,0
4305,validation,0,0.0030923066916093635,0
2237,validation,0,0.005794270001057955,0
2631,validation,0,0.0006728751498873101,0
3214,validation,0,0.0026975550186725803,0
2199,validation,0,0.0036156144869654203,0
3655,validation,0,0.0009790336777626956,0
9937,validation,0,0.0016825618605480026,0
5420,validation,0,0.001300860764424335,0
7223,validation,0,0.0023539687827932596,0
3106,validation,0,0.023199188793533908,0
8771,validation,0,0.0005812140051332886,0
6960,validation,0,0.004819341542185522,0
386,validation,0,0.0012550234920390914,0
3463,validation,0,0.0018243953221130317,0
2103,validation,0,0.0018856753823548492,0
9412,validation,0,0.026735232138800934,0
4391,validation,1,0.8618091167614611,1
9744,validation,0,0.00159698115418523,0
7782,validation,0,0.0008446781273794816,0
8649,validation,0,0.2342431482235285,0
3050,validation,0,0.0020204339038480848,0
5679,validation,0,0.0028073223525242014,0
685,validation,0,0.00044283355274194386,0
2056,validation,0,0.003307134310105214,0
1426,validation,0,0.0006211084695440167,0
6572,validation,0,0.006070478783732356,0
2635,validation,0,0.0010858698422693907,0
6282,validation,0,0.0031977156779906778,0
4849,validation,0,0.0033326087304259362,0
7558,validation,0,0.003304924233692315,0
9837,validation,0,0.0034191928972630973,0
7072,validation,0,0.002071599113795258,0
6805,validation,0,0.0010646077934912499,0
8025,validation,0,0.23273197273813273,0
2022,validation,0,0.003629153724782471,0
6058,validation,0,0.001000214523734948,0
6942,validation,0,0.0006249540923373228,0
4704,validation,0,0.0023633418862877413,0
9276,validation,0,0.0007496443932421894,0
4204,validation,0,0.03717417021670279,0
589,validation,0,0.046918062651418985,0
5323,validation,0,0.005473919668011679,0
7000,validation,0,0.0020732138466439394,0
5563,validation,0,0.0009165245204066495,0
5345,validation,0,0.0014548832162796699,0
3794,validation,0,0.47964891762245254,1
4917,validation,0,0.0016046097513478248,0
3264,validation,0,0.001393234930590867,0
4422,validation,0,0.44050385078775794,1
1118,validation,0,0.0018887071199948653,0
1123,validation,1,0.646648429728878,1
7420,validation,0,0.001273475663344833,0
375,validation,0,0.000661622811310972,0
4546,validation,0,0.0038966862431979396,0
4357,validation,0,0.0873194960044376,0
3759,validation,0,0.012243773449401127,0
3762,validation,0,0.0016532467595425635,0
2047,validation,0,0.0019157616188222638,0
1508,validation,0,0.027553258509988656,0
1462,validation,0,0.001540224259696602,0
5496,validation,0,0.0014965977421246583,0
8366,validation,0,0.0022685933304413776,0
2849,validation,0,0.019759575354454155,0
1043,validation,0,0.003390762928925671,0
8323,validation,0,0.0012620329501039764,0
2216,validation,0,0.0007863076437435008,0
2733,validation,0,0.0010303663372718632,0
7418,validation,0,0.0018811251183458422,0
1019,validation,0,0.003694190167468289,0
4,validation,0,0.0015228649367816703,0
4222,validation,0,0.001860855228763905,0
7884,validation,1,0.03989346576411754,0
9159,validation,0,0.00039830797259913077,0
5275,validation,0,0.0024110036820683945,0
3553,validation,0,0.0015026025149423806,0
6147,validation,0,0.0011148512240637854,0
9016,validation,1,0.4005172693823195,1
140,validation,0,0.0018964793739101177,0
1919,validation,0,0.001290625598542288,0
1780,validation,0,0.0009855243146322734,0
7009,validation,0,0.0010670106411842391,0
3712,validation,0,0.0012373906614715118,0
4160,validation,0,0.001882373818270646,0
4618,validation,1,0.7810730821288538,1
568,validation,0,0.0017765199178827865,0
7885,validation,0,0.0008764491772667617,0
3037,validation,0,0.0010767965637498852,0
2519,validation,0,0.0008994738602488491,0
5692,validation,0,0.0974362268093232,0
7154,validation,0,0.0013230337684268442,0
5812,validation,0,0.0013651406555387244,0
7822,validation,0,0.0011073515432235223,0
2464,validation,0,0.0012080741746138656,0
6035,validation,0,0.0012591971804714638,0
3574,validation,0,0.01498723761759019,0
982,validation,0,0.001144530827245111,0
6913,validation,0,0.0013274154417689474,0
1480,validation,0,0.0018964881371737918,0
2508,validation,0,0.0011711415735405982,0
1224,validation,0,0.0007356761336719527,0
7474,validation,0,0.0015389636757727897,0
504,validation,0,0.00043690089652154417,0
6548,validation,0,0.001393116498153986,0
1281,validation,0,0.0035038502539350195,0
4229,validation,0,0.012467891124578646,0
1091,validation,0,0.004022417825523331,0
4029,validation,0,0.18433594323137653,0
2218,validation,0,0.0008165397799424775,0
1096,validation,0,0.004769621170632757,0
3806,validation,1,0.17210695148243021,0
388,validation,0,0.0008611282773505704,0
707,validation,0,0.0009668233707093669,0
959,validation,0,0.003121240929264622,0
2100,validation,0,0.0008389957790275841,0
1652,validation,0,0.0017546444633120954,0
4423,validation,0,0.004758357203786297,0
2306,validation,0,0.010021019119686506,0
8194,validation,0,0.2988109880200657,0
4985,validation,0,0.032726221481136214,0
3165,validation,0,0.0010529071318942354,0
7664,validation,0,0.003114842817765181,0
4291,validation,0,0.08682364293734894,0
9475,validation,0,0.0009357352908103558,0
2890,validation,0,0.0010044635397705743,0
9960,validation,0,0.003041957365960883,0
4280,validation,0,0.005887671841739226,0
9300,validation,0,0.001327482194673748,0
5179,validation,0,0.002044312350998204,0
7231,validation,0,0.0011657264360669614,0
8162,validation,0,0.0011926211578713577,0
6873,validation,0,0.000913551603092025,0
7256,validation,0,0.0011576662663779222,0
2114,validation,0,0.0010927401286736703,0
3045,validation,0,0.0007573123602184525,0
4877,validation,0,0.0016779529200810991,0
555,validation,0,0.0004345012749459552,0
4085,validation,0,0.001653262626628444,0
9438,validation,0,0.0034182306019936433,0
4720,validation,1,0.34038256031433684,0
2186,validation,0,0.0009521451271333056,0
5209,validation,0,0.0014945876977863902,0
7049,validation,0,0.0020911081962428713,0
1061,validation,0,0.0023845422650571888,0
9207,validation,0,0.0018316830011997245,0
1754,validation,0,0.001255138537976863,0
8682,validation,0,0.0024873773239559712,0
2012,validation,0,0.0025166762851186494,0
5798,validation,0,0.0019184104048472804,0
8908,validation,0,0.0007831849323001903,0
6819,validation,0,0.007216700590889877,0
9320,validation,0,0.0016337522117687707,0
8730,validation,0,0.0006609806774392692,0
221,validation,0,0.0017438163434257312,0
4698,validation,0,0.0017021481186781228,0
6362,validation,0,0.0008801962916151777,0
717,validation,0,0.0006605214180048332,0
7513,validation,0,0.18576898208692413,0
2671,validation,1,0.024373491380381664,0
1010,validation,0,0.00299345648026482,0
8062,validation,0,0.0030829675152393167,0
6432,validation,0,0.003785180181707797,0
5543,validation,0,0.2184420104488764,0
1093,validation,0,0.0023397426500701432,0
4484,validation,0,0.004624217135654912,0
5633,validation,0,0.004576363131985046,0
5623,validation,0,0.0014396041873068863,0
9301,validation,0,0.001188951397938281,0
9489,validation,0,0.03428504604646581,0
1935,validation,0,0.003596253820920871,0
8171,validation,0,0.0006979302200574619,0
5523,validation,0,0.0010154031646668793,0
773,validation,0,0.0007575897245801695,0
3065,validation,0,0.0012665685500938399,0
7642,validation,0,0.0009481111381602994,0
4620,validation,1,0.7583182198607181,1
1468,validation,0,0.004213507641197746,0
2358,validation,0,0.0015459598666909707,0
1083,validation,0,0.004337056610320312,0
8742,validation,0,0.0006605214180048332,0
4075,validation,0,0.002074558016957394,0
4026,validation,0,0.07983703126163347,0
843,validation,0,0.0405793473819276,0
4156,validation,0,0.0015621600452201316,0
455,validation,0,0.010412657311032936,0
8615,validation,0,0.0011006740668708483,0
7423,validation,0,0.17889363332440616,0
628,validation,0,0.011001834686337903,0
101,validation,0,0.0034678780871213524,0
4856,validation,0,0.0015082877993709165,0
3473,validation,0,0.0013277905149330798,0
5978,validation,0,0.004610553544905541,0
2627,validation,0,0.0020697529003720983,0
4748,validation,1,0.7664606639891862,1
8645,validation,0,0.0005972826804499442,0
9054,validation,0,0.0006940814387999178,0
7693,validation,0,0.001066397307526209,0
6848,validation,0,0.004118197496364679,0
8295,validation,0,0.001146072022747449,0
2808,validation,0,0.000665140740601486,0
9295,validation,0,0.002597287030723518,0
497,validation,0,0.022902013029936427,0
4587,validation,0,0.003335271854649863,0
4956,validation,0,0.16757367805675666,0
3455,validation,0,0.0011670853914342264,0
1755,validation,0,0.002692943076326357,0
916,validation,0,0.0009940779563066477,0
2033,validation,0,0.003504913214774397,0
1251,validation,0,0.12102669627139954,0
8642,validation,0,0.0004282184642064668,0
9066,validation,0,0.0005502915656243138,0
6101,validation,0,0.0013797275667196244,0
842,validation,0,0.005976696217953932,0
8320,validation,0,0.0024002902421157365,0
1024,validation,0,0.003058375901400285,0
2443,validation,0,0.001228625354779149,0
2702,validation,0,0.0012331569990235844,0
9008,validation,0,0.0008038387462199611,0
4333,validation,0,0.001956204276630789,0
7682,validation,0,0.27713656186244834,0
4786,validation,0,0.0014829274768834836,0
2925,validation,0,0.003037095743644178,0
5666,validation,0,0.0023096467318472714,0
3974,validation,0,0.0012682519690672054,0
8091,validation,0,0.008973023422152714,0
5499,validation,0,0.0028949751060155416,0
8524,validation,0,0.0012266379056446541,0
9987,validation,0,0.04930379658823227,0
8077,validation,0,0.0010745558798631307,0
5335,validation,0,0.002084049572175158,0
833,validation,0,0.00663806255822084,0
7187,validation,0,0.004136559605045166,0
520,validation,0,0.0004735470108692952,0
8603,validation,0,0.012499272039712976,0
4790,validation,0,0.0023297021608475275,0
9671,validation,0,0.054893862920410666,0
3964,validation,0,0.0008176380257256969,0
5399,validation,1,0.5269042114766672,1
6562,validation,0,0.0018171672343430824,0
3910,validation,0,0.00122648493893842,0
1701,validation,0,0.0009150889298492878,0
8353,validation,0,0.05428282611277231,0
6370,validation,0,0.002473366815485119,0
7525,validation,0,0.0018856901944265929,0
716,validation,0,0.001830088931031515,0
8132,validation,0,0.0016464494015656671,0
838,validation,0,0.0019145755910474531,0
8003,validation,0,0.23576704393828443,0
1809,validation,0,0.003787846589854501,0
8115,validation,0,0.010473469607984757,0
3392,validation,0,0.009327053978731731,0
6889,validation,0,0.0011261566914941702,0
9950,validation,0,0.0022691763867908523,0
2490,validation,0,0.001972695382440459,0
3541,validation,0,0.0020425993243819106,0
9312,validation,0,0.0009773028004159956,0
20,validation,0,0.0016285255469650178,0
9940,validation,0,0.0018052339098241703,0
6028,validation,0,0.0023531648940713036,0
7363,validation,0,0.002961186262857301,0
5110,validation,0,0.0019455071891278145,0
2427,validation,0,0.0014007265753335871,0
438,validation,0,0.0014588406107888898,0
6187,validation,0,0.006436990960991488,0
1238,validation,0,0.0004610989679578041,0
6236,validation,0,0.0010863312576024073,0
6586,validation,0,0.04027858225149985,0
3843,validation,0,0.30730694780396656,0
2105,validation,0,0.0006228455637096389,0
1406,validation,0,0.006825276535445977,0
3718,validation,0,0.0016355812361675665,0
7928,validation,0,0.00156516351010315,0
823,validation,0,0.0014033424625391202,0
4374,validation,0,0.06447449475619078,0
8654,validation,0,0.0017816856635992583,0
7490,validation,0,0.0020094215371880093,0
6306,validation,0,0.0012121606808979267,0
9457,validation,0,0.001601404662608605,0
3382,validation,0,0.0011286275858723369,0
1443,validation,0,0.0010132771000344082,0
2780,validation,0,0.0006184619917161562,0
2883,validation,0,0.0015395392397889258,0
6389,validation,0,0.0025766176940705534,0
8759,validation,0,0.0010164118385137038,0
3459,validation,0,0.03175238215490299,0
6821,validation,0,0.001122483112973449,0
1210,validation,0,0.0009334873168504676,0
5699,validation,0,0.00122648493893842,0
3176,validation,0,0.0033318232107490253,0
3820,validation,0,0.0039046338939029723,0
3280,validation,0,0.003292897840100568,0
9286,validation,0,0.000993322510824766,0
6513,validation,0,0.0016037432765925745,0
976,validation,0,0.0018591452674416888,0
297,validation,0,0.0007503121318220849,0
7533,validation,0,0.0009928193284829711,0
7442,validation,0,0.0006593967814402196,0
6908,validation,0,0.0007985218053138728,0
9893,validation,0,0.0033568005899206003,0
5421,validation,0,0.0012307285647724369,0
7790,validation,0,0.0021399357710796796,0
2912,validation,0,0.0013987608492777367,0
2181,validation,0,0.0009752226832134489,0
6381,validation,0,0.0011327721071035157,0
6431,validation,0,0.011444601126525287,0
1636,validation,0,0.0009442176989004536,0
4679,validation,0,0.002113533159121628,0
129,validation,0,0.0012895886278052864,0
1,validation,0,0.0024730689855849523,0
8249,validation,0,0.0009496840524409924,0
27,validation,0,0.0018344288956411068,0
553,validation,0,0.00046300238162259855,0
2595,validation,0,0.0012993852301049363,0
3096,validation,0,0.0012430574997337972,0
4366,validation,0,0.0430760259267329,0
2801,validation,0,0.0025176225149925084,0
9636,validation,0,0.0009558118923695162,0
4192,validation,0,0.0011278827528379133,0
3807,validation,0,0.0015997894452142816,0
3991,validation,0,0.0010535894154277668,0
5391,validation,0,0.08269187259587463,0
5642,validation,0,0.0011509002779380587,0
1089,validation,0,0.08758023334159226,0
2994,validation,0,0.0034671182934586865,0
2215,validation,0,0.0009844648079947197,0
5115,validation,0,0.17756421654728277,0
8014,validation,0,0.001086199791981892,0
8513,validation,0,0.0008953712462803816,0
4022,validation,0,0.05702183216534113,0
1728,validation,0,0.0017816639959692972,0
7935,validation,0,0.05758350114105359,0
9885,validation,0,0.0019176049451504291,0
2599,validation,0,0.0015497008410052704,0
9136,validation,0,0.0012546888620351845,0
9826,validation,0,0.020348464349831136,0
391,validation,0,0.00045734687134213036,0
1007,validation,0,0.002566647372282984,0
9751,validation,0,0.003836151758867003,0
7258,validation,0,0.0010385255544133798,0
6238,validation,0,0.033407038697238836,0
5342,validation,0,0.035338458274370106,0
8149,validation,0,0.0022879803106395074,0
3809,validation,0,0.5782281132216441,1
3845,validation,0,0.001468421784723934,0
6752,validation,0,0.0028793200372198347,0
5794,validation,0,0.0009960222278477902,0
6193,validation,0,0.0010822966717094536,0
3733,validation,0,0.0010277794815224239,0
7088,validation,0,0.0008483650962857942,0
234,validation,0,0.001240674794970711,0
985,validation,0,0.006965283344219799,0
7087,validation,1,0.07602246687687403,0
9969,validation,0,0.0024509103289807304,0
1074,validation,0,0.0015767718558826298,0
6798,validation,0,0.000990994563731074,0
2929,validation,0,0.0012249366666379987,0
74,validation,0,0.0011372779759029259,0
7290,validation,0,0.0014014275187563257,0
8660,validation,0,0.001159387913091621,0
650,validation,0,0.0004715798575223493,0
306,validation,0,0.001580780857223977,0
9727,validation,0,0.0010927032931959705,0
7218,validation,0,0.004015904980297295,0
9861,validation,0,0.0015831233242851153,0
3194,validation,0,0.0016370575132764289,0
4059,validation,0,0.003759967003308597,0
8079,validation,0,0.0009522962867311149,0
647,validation,0,0.0006133848538709481,0
1687,validation,0,0.0012164953384841443,0
8729,validation,0,0.0023468354834063386,0
3150,validation,0,0.0015336623188358712,0
2681,validation,0,0.0007114040633260307,0
380,validation,1,0.11173207568425166,0
6802,validation,0,0.0008679563783210929,0
7526,validation,0,0.0006091340275040405,0
2657,validation,0,0.0013641831380674179,0
5214,validation,0,0.0014848222770148692,0
9030,validation,0,0.0012799660711173566,0
4744,validation,0,0.0170154714447916,0
7555,validation,0,0.016638538424275953,0
1198,validation,0,0.0010994535619531262,0
1345,validation,0,0.0012164973413581518,0
9444,validation,0,0.2512009864241747,0
8078,validation,0,0.00124239054396253,0
1667,validation,0,0.0026532432088194765,0
7283,validation,0,0.07221305060736705,0
5126,validation,0,0.0018347779160228274,0
2042,validation,0,0.0029961081491202955,0
491,validation,0,0.002066570213825691,0
3592,validation,0,0.42566753504039256,1
2120,validation,0,0.003374724000191021,0
5553,validation,0,0.22157411912621985,0
4861,validation,0,0.0019610599793297057,0
1069,validation,0,0.004726702840524541,0
8247,validation,0,0.0015251595931505201,0
9685,validation,0,0.00406933744672949,0
7618,validation,0,0.0028584103253876995,0
8288,validation,0,0.0006372534045842617,0
3321,validation,0,0.001555272248173121,0
8265,validation,0,0.0013344865909066803,0
2197,validation,0,0.0019755490850857076,0
562,validation,0,0.0005637415331458192,0
870,validation,0,0.004226280629954545,0
8519,validation,0,0.002102347460663123,0
2634,validation,0,0.0007726579505662412,0
3652,validation,0,0.042417346247347255,0
9655,validation,0,0.03451461784242415,0
6885,validation,0,0.0036760591555844197,0
7842,validation,0,0.03873944713443928,0
8870,validation,0,0.0016212620396074478,0
9554,validation,0,0.003306247404616878,0
8567,validation,0,0.001307859459578288,0
6207,validation,0,0.0016264745995067207,0
4315,validation,0,0.001969243072902324,0
464,validation,0,0.0007433737883296432,0
4363,validation,0,0.002771834128021786,0
3302,validation,0,0.002474892512277169,0
21,validation,0,0.002451384713780294,0
5106,validation,0,0.00192233948015337,0
2050,validation,0,0.001925824848358585,0
9662,validation,0,0.04673970498137058,0
3023,validation,0,0.04922941878503875,0
6358,validation,0,0.0012891755730221942,0
8326,validation,0,0.0009521274126890413,0
3708,validation,0,0.002973218899995622,0
5112,validation,0,0.002819483912816102,0
4329,validation,0,0.002931735661814697,0
6871,validation,0,0.004960451261575671,0
3830,validation,0,0.0027117039549038944,0
1965,validation,0,0.0026298188658949433,0
7458,validation,0,0.002215379816638529,0
4960,validation,0,0.478272841257244,1
6450,validation,0,0.009368426318405761,0
5600,validation,0,0.0014888142231610948,0
5377,validation,0,0.0013980253392715145,0
2672,validation,0,0.0008708795611268771,0
5168,validation,0,0.002832865497307108,0
8765,validation,0,0.006781057278637481,0
8975,validation,0,0.003711538543710958,0
794,validation,0,0.0015426739032452306,0
1861,validation,0,0.0028374279953739543,0
7449,validation,0,0.0030003701664714174,0
5550,validation,0,0.0009960222278477902,0
3649,validation,0,0.0010657140382334474,0
5924,validation,0,0.004614835769149778,0
1378,validation,0,0.0016116732605823301,0
2676,validation,0,0.0006797520778886655,0
254,validation,0,0.0006578352604857385,0
3456,validation,0,0.0015166250934267628,0
9819,validation,0,0.001076531216840043,0
7461,validation,0,0.0010642893275337492,0
3858,validation,0,0.06569334499574091,0
6693,validation,0,0.0016205001480346893,0
3955,validation,0,0.00830304139263131,0
6489,validation,0,0.0016081913619525603,0
4706,validation,0,0.0018674945634460922,0
7574,validation,0,0.0014597698183252033,0
8102,validation,0,0.005393313741694409,0
3128,validation,0,0.0005443863127300367,0
2897,validation,0,0.0008627548425906711,0
4579,validation,1,0.7851976019011682,1
4392,validation,0,0.010347911814144243,0
2383,validation,0,0.0012895886278052864,0
9250,validation,0,0.0017428649252769803,0
8647,validation,0,0.0005645195242154556,0
5113,validation,0,0.014941311609462755,0
4837,validation,0,0.002575807832972446,0
2878,validation,0,0.001132117209375576,0
7651,validation,0,0.0012908720304359391,0
3691,validation,0,0.002359672007861759,0
2569,validation,0,0.002969544645498101,0
5545,validation,0,0.016194883650726907,0
2896,validation,0,0.0008666630375144561,0
9871,validation,0,0.0030757090212655057,0
8570,validation,0,0.0007865038829874023,0
9272,validation,0,0.002735107432458535,0
4352,validation,0,0.0037038671860278776,0
5294,validation,0,0.005961969480527034,0
2630,validation,0,0.001660698399310675,0
8232,validation,0,0.004061839834576885,0
3536,validation,0,0.002579005917501822,0
7093,validation,0,0.0060022318124030635,0
2781,validation,0,0.15871547006057288,0
9160,validation,0,0.0005184894519554365,0
5522,validation,0,0.002983176018349343,0
4630,validation,0,0.001983088317675313,0
5164,validation,0,0.001716785499418101,0
6679,validation,0,0.006275146182377074,0
7122,validation,0,0.0013833354387096676,0
1982,validation,0,0.0008585392067898142,0
8670,validation,0,0.0007488910542201071,0
8150,validation,0,0.0012938002837801874,0
7701,validation,0,0.0006677624411063468,0
5683,validation,0,0.0009246705179484989,0
4891,validation,0,0.0014780971408180543,0
6183,validation,0,0.0012951803289143293,0
1045,validation,0,0.0039156896100932806,0
4458,validation,0,0.009019771518959292,0
2129,validation,0,0.0007079390907629301,0
4755,validation,1,0.7233798038118824,1
8520,validation,0,0.001631216767755494,0
6220,validation,0,0.0021037328441178135,0
7603,validation,0,0.001458755511420785,0
2067,validation,0,0.0010691005758351774,0
5685,validation,0,0.0032875771757328955,0
4449,validation,1,0.5448491595363766,1
656,validation,0,0.0005332016756213067,0
9994,validation,0,0.0014679462639655416,0
4831,validation,1,0.6535478147599304,1
9015,validation,1,0.07218802519968315,0
5268,validation,0,0.00580299815573658,0
6166,validation,0,0.05359163458884797,0
3741,validation,0,0.001306992607712834,0
1299,validation,0,0.0009657631699161548,0
9229,validation,0,0.008746094884189889,0
9212,validation,0,0.002545207754248281,0
7730,validation,0,0.000997497059694731,0
9037,validation,0,0.0006170520955190051,0
5295,validation,0,0.029829897639789445,0
7027,validation,0,0.0012498423078161074,0
6719,validation,0,0.001585868550965581,0
6911,validation,0,0.0008382875167383942,0
6583,validation,0,0.001379511299199972,0
2558,validation,0,0.0016609962159842455,0
7653,validation,0,0.002563210969987182,0
600,validation,0,0.0006900504435710904,0
3006,validation,0,0.0013069775839940493,0
6707,validation,0,0.0015104500604155204,0
6354,validation,0,0.0006568221111992467,0
7265,validation,0,0.003508830669046974,0
2705,validation,0,0.24558804351787228,0
5,validation,0,0.0009935783548537165,0
8622,validation,0,0.0005121533906763293,0
5204,validation,0,0.0018494471536318528,0
9104,validation,0,0.0008800210281346473,0
7580,validation,0,0.0025698617541699124,0
1127,validation,0,0.0030256713713951475,0
3185,validation,0,0.016761054868690364,0
7066,validation,0,0.0010736587590227142,0
5706,validation,1,0.43598536150554845,1
807,validation,0,0.010973772974888952,0
6757,validation,0,0.019739669870312393,0
8035,validation,0,0.0011606376553944349,0
941,validation,0,0.003499477449828543,0
3441,validation,0,0.0013784570476160218,0
2029,validation,0,0.001228625354779149,0
7324,validation,0,0.0012453639570063411,0
8344,validation,0,0.00081745026773491,0
8738,validation,0,0.000885605684966226,0
4296,validation,1,0.24283561276846444,0
384,validation,0,0.000564359882215809,0
7206,validation,0,0.0011109986318558899,0
1887,validation,0,0.0019353070807827373,0
9704,validation,0,0.0009306325014850613,0
4327,validation,0,0.006229794665691992,0
7719,validation,0,0.0008541691578847867,0
4904,validation,0,0.0046517531756995216,0
3066,validation,0,0.00088299484065843,0
6987,validation,0,0.1383331872829986,0
951,validation,0,0.0033495746079589507,0
358,validation,0,0.0005424134101728885,0
8324,validation,0,0.0025874565516651464,0
5171,validation,0,0.017357940193498834,0
1772,validation,0,0.0017302648486389443,0
5559,validation,0,0.0010865043618648418,0
1363,validation,0,0.004622418459054843,0
365,validation,0,0.0031949931898298187,0
2763,validation,0,0.030800075900654558,0
3538,validation,0,0.0013399406591685361,0
1750,validation,0,0.0022328137804789113,0
4338,validation,0,0.006065144861023762,0
3935,validation,1,0.9288830451294227,1
8371,validation,0,0.0019444138276855038,0
6387,validation,0,0.0008086667747499659,0
2087,validation,0,0.0008423232248679605,0
6650,validation,0,0.0021011295257348855,0
7404,validation,0,0.0009881347234500274,0
3966,validation,0,0.0014061021820791152,0
7341,validation,0,0.0009585479366583094,0
6276,validation,0,0.3883373891982504,1
7459,validation,0,0.0007544970695333863,0
378,validation,0,0.0008584521281654717,0
6210,validation,0,0.004571706136691652,0
586,validation,1,0.1641510134132882,0
4066,validation,0,0.004294808338684716,0
8354,validation,0,0.00397230075028544,0
850,validation,0,0.004997458090868645,0
8030,validation,0,0.0007974709221699538,0
8784,validation,0,0.0004946938881252022,0
3886,validation,0,0.008914072849213894,0
7966,validation,0,0.0008863325690750314,0
3267,validation,0,0.0014860966969352605,0
7094,validation,0,0.0037744013613945295,0
3812,validation,0,0.018408049113765923,0
4231,validation,0,0.6532248033511449,1
2140,validation,0,0.0022726491075420858,0
3304,validation,0,0.0024894368152519816,0
3833,validation,0,0.0015655897141960945,0
8887,validation,0,0.0009909285746165467,0
747,validation,0,0.013781454405806675,0
9743,validation,0,0.0014052033968807865,0
1104,validation,0,0.001969481860746896,0
1847,validation,0,0.0019707520129670654,0
978,validation,0,0.0008513200224288504,0
2346,validation,0,0.0025990760248838017,0
2699,validation,0,0.015555520142984072,0
585,validation,0,0.22702621703681694,0
3819,validation,0,0.0021481214234975576,0
9548,validation,0,0.0011019008758933314,0
9419,validation,0,0.0012649700799045056,0
7602,validation,0,0.0010281144723744099,0
3842,validation,0,0.0011033764753613266,0
1217,validation,0,0.0007475305976239083,0
9956,validation,0,0.0025006568345341327,0
65,validation,0,0.003481870874710563,0
5096,validation,0,0.0016558460317522296,0
8618,validation,0,0.00069812483123012,0
4991,validation,0,0.0018470254846558007,0
472,validation,0,0.0004345012749459552,0
5375,validation,0,0.0012455047947936954,0
977,validation,0,0.006758209809042209,0
6892,validation,0,0.0014334746210541678,0
4883,validation,0,0.0036390173346649247,0
1739,validation,0,0.003773362887512506,0
2988,validation,0,0.0012998271279785897,0
2952,validation,0,0.0018295189251092729,0
6152,validation,0,0.0007930907297839108,0
1403,validation,0,0.009804318881430222,0
8452,validation,0,0.0009021986799983926,0
4034,validation,1,0.10750368476140139,0
4692,validation,0,0.0029949423600060068,0
4895,validation,0,0.052144037140224656,0
132,validation,0,0.001878498796962979,0
3551,validation,0,0.0022015449500472463,0
4626,validation,0,0.002360688567119114,0
4584,validation,0,0.002793094399508038,0
4407,validation,0,0.11494301303128288,0
2713,validation,0,0.0007284324612382657,0
3556,validation,0,0.0018845251357577375,0
6930,validation,0,0.0010808905347465794,0
7709,validation,0,0.002202290329850578,0
7684,validation,0,0.045342808672368125,0
1584,validation,0,0.0009484022539481742,0
8045,validation,0,0.003993650074597963,0
4132,validation,0,0.013323982036287214,0
598,validation,0,0.0007518345772645377,0
1551,validation,0,0.0015943602769864869,0
921,validation,0,0.0011445516002548868,0
3648,validation,0,0.004948199710842651,0
4495,validation,1,0.939676528615813,1
7313,validation,0,0.0014942107738214697,0
9308,validation,0,0.0031253000473097374,0
4216,validation,0,0.6446606611638074,1
5313,validation,0,0.002186825353465931,0
6323,validation,0,0.010289038124956292,0
9226,validation,0,0.001011253439631794,0
8031,validation,0,0.0010035660634072582,0
6815,validation,0,0.0021465694128149416,0
1384,validation,0,0.0009496840524409924,0
5169,validation,0,0.002045762470135871,0
7920,validation,0,0.007724598740961384,0
7382,validation,0,0.0010955756976683197,0
4161,validation,0,0.0018466366012265046,0
5373,validation,0,0.0012206687442001274,0
1223,validation,0,0.0009611706644687139,0
7312,validation,0,0.003123840873208618,0
5703,validation,0,0.0027665155064556905,0
2711,validation,0,0.0020265704476868985,0
7279,validation,0,0.0008363721795965768,0
7424,validation,0,0.05087811894148753,0
7736,validation,0,0.0021502005686608746,0
6302,validation,0,0.006186841849174916,0
5928,validation,0,0.0007405180884932916,0
6052,validation,0,0.0014016566420148014,0
2946,validation,0,0.001681805169717059,0
8039,validation,0,0.0010396194168940621,0
3477,validation,0,0.001978265821564595,0
4529,validation,0,0.0020842469419797977,0
6044,validation,0,0.0008627755891037803,0
9515,validation,0,0.0013878444167671473,0
677,validation,0,0.0007199906036881279,0
2810,validation,0,0.0011530618071943141,0
7839,validation,0,0.0137410633849584,0
7634,validation,0,0.0008203805117416965,0
1681,validation,0,0.20889684138845588,0
7397,validation,0,0.0016912742868685983,0
652,validation,0,0.0011904240962809312,0
2422,validation,0,0.0039918370048691474,0
8842,validation,0,0.0008360750268456249,0
4650,validation,0,0.0027191673188158958,0
9431,validation,0,0.007215437678962517,0
1489,validation,0,0.00109301179158604,0
3547,validation,0,0.002582217021559366,0
3270,validation,0,0.07265112741635321,0
5184,validation,0,0.0021038962771309315,0
8485,validation,0,0.0031944578780496195,0
9635,validation,0,0.0010394786497161304,0
7697,validation,0,0.003151566635866816,0
1276,validation,0,0.0008430280592415162,0
3746,validation,0,0.0066654904025671225,0
9140,validation,0,0.0007269320483153577,0
6863,validation,0,0.0009749158960310232,0
2482,validation,0,0.0014479200437253117,0
4461,validation,0,0.00199809727385464,0
9313,validation,0,0.0037621397130065152,0
5534,validation,0,0.0011084272554060766,0
3032,validation,0,0.0016092258011982943,0
1571,validation,0,0.0016021625941266668,0
4253,validation,1,0.45259831011737905,1
6149,validation,0,0.0024980240341503364,0
6522,validation,0,0.002059731142524409,0
4766,validation,0,0.0033533176147082793,0
1957,validation,0,0.0025598018107539605,0
2152,validation,0,0.002668608596013943,0
2611,validation,0,0.0025145781082042077,0
4787,validation,0,0.0020606002421068685,0
8488,validation,0,0.001749057186080322,0
5505,validation,0,0.0014271935393030193,0
143,validation,0,0.0032559850882481994,0
1616,validation,0,0.0020291134526029425,0
9919,validation,0,0.01824029092013067,0
9509,validation,0,0.0006428690588548327,0
5270,validation,0,0.3833136324500645,1
6498,validation,0,0.0037946338293589053,0
881,validation,0,0.0014946567025163758,0
9082,validation,0,0.0026199498129480694,0
8019,validation,0,0.0011268623807883559,0
2080,validation,0,0.26056996999255544,0
947,validation,0,0.0020240261997059744,0
7857,validation,0,0.001407783386782265,0
1414,validation,0,0.0012492072377868902,0
3047,validation,0,0.0007608045427847263,0
7328,validation,0,0.0011216354035050108,0
1338,validation,0,0.0010584452319416142,0
6785,validation,0,0.007353247896048186,0
9086,validation,0,0.001751850768371452,0
8926,validation,1,0.30772827863937413,0
4215,validation,0,0.4412452551487104,1
5039,validation,0,0.0017232986856557276,0
5582,validation,0,0.0013179336686101007,0
6138,validation,0,0.0014090031680714288,0
3332,validation,0,0.0014458492856339893,0
2985,validation,0,0.0012370250206157139,0
4146,validation,0,0.0020754756497517526,0
896,validation,0,0.003129959544007775,0
4725,validation,0,0.06311936789810378,0
7352,validation,0,0.0011888139729603966,0
884,validation,0,0.002443895320841823,0
7278,validation,0,0.0010014187125879103,0
8304,validation,0,0.0013982715141923536,0
865,validation,0,0.002181203179260308,0
3118,validation,0,0.0009787979095976283,0
1537,validation,0,0.0009092005581082308,0
1964,validation,0,0.001878942646189467,0
9413,validation,0,0.021234866109028073,0
3673,validation,0,0.003173301224519942,0
4700,validation,0,0.001546805121029544,0
8421,validation,0,0.001190259021626848,0
6022,validation,0,0.001097768191332158,0
8165,validation,0,0.0011055314858363888,0
8612,validation,0,0.0009959180788586212,0
1370,validation,0,0.0016235731048255778,0
6887,validation,0,0.001002714464072473,0
6112,validation,0,0.0018941616280094208,0
409,validation,0,0.000678496107528361,0
4375,validation,0,0.11533949141132506,0
6551,validation,0,0.0011055075806347537,0
293,validation,0,0.002000412664257637,0
2416,validation,0,0.0012211482258966562,0
7270,validation,0,0.0008231757533245448,0
8899,validation,0,0.0006101821450434935,0
8361,validation,0,0.001957526885343556,0
7305,validation,0,0.0010333282014410583,0
4287,validation,0,0.0023645456429171666,0
7411,validation,0,0.00420427294803059,0
6553,validation,0,0.0067226309086472185,0
9248,validation,0,0.0006343933888937245,0
5827,validation,0,0.0007501281229530468,0
4403,validation,0,0.04179135035051222,0
1799,validation,0,0.0020924464186710665,0
5249,validation,0,0.002782237990474538,0
7586,validation,0,0.0020259342072788647,0
7851,validation,0,0.00381291055484725,0
7177,validation,0,0.002613063524685693,0
8914,validation,0,0.0006036309841603867,0
4342,validation,1,0.37110565940129137,1
3453,validation,0,0.01596515338014773,0
4031,validation,0,0.07195550363296463,0
8445,validation,0,0.000803333774600548,0
5239,validation,0,0.003363224808596401,0
4667,validation,0,0.0027237593641117144,0
979,validation,0,0.0021486813706998037,0
7189,validation,0,0.001695240073081312,0
2261,validation,0,0.0030223533238586684,0
2193,validation,0,0.0015200433125546595,0
545,validation,0,0.0017696590720179379,0
431,validation,0,0.0005121533906763293,0
2773,validation,0,0.0010798881956278173,0
4302,validation,0,0.45156921863406474,1
8708,validation,0,0.0017108773840172242,0
3307,validation,0,0.0008020192068388787,0
4542,validation,0,0.00279339361754431,0
1980,validation,0,0.0049787309796778395,0
1978,validation,0,0.0011722525618347312,0
679,validation,0,0.0019542227121100318,0
404,validation,0,0.0017575629905175086,0
8804,validation,0,0.004540886102486014,0
3575,validation,0,0.002074558016957394,0
8464,validation,0,0.0014944335505731245,0
9235,validation,0,0.0008024547197620408,0
689,validation,0,0.002223645394689132,0
8279,validation,0,0.03435964702652292,0
4488,validation,0,0.0023786776945005786,0
233,validation,0,0.0015480960142392275,0
9484,validation,0,0.0011682856614636718,0
7080,validation,0,0.028563473651774043,0
5346,validation,0,0.001756524656489235,0
2101,validation,0,0.0008689831500528188,0
7289,validation,0,0.004455261048684329,0
6891,validation,0,0.000800091243163668,0
3934,validation,0,0.002672294205199631,0
4099,validation,0,0.006094500962654369,0
7175,validation,0,0.0006450141991021224,0
3384,validation,0,0.0019099594381266163,0
1798,validation,0,0.0022681631536701054,0
1821,validation,0,0.0014386120522335566,0
8744,validation,0,0.0011109226433477224,0
4475,validation,1,0.6051277424789789,1
7421,validation,0,0.013652253066315371,0
3784,validation,0,0.0049594721982276725,0
8944,validation,0,0.0005036463045353213,0
5876,validation,0,0.004882401635772489,0
5356,validation,0,0.002948022551195454,0
800,validation,0,0.0021728961017630855,0
9827,validation,0,0.08644477033719238,0
1028,validation,0,0.0016922811017217017,0
3801,validation,0,0.0018100155895389507,0
2997,validation,0,0.5337307628656092,1
4905,validation,0,0.02424551564335663,0
7342,validation,0,0.000715895866680041,0
2618,validation,0,0.0010409556968448753,0
2970,validation,0,0.0013535935545329913,0
1771,validation,0,0.003182799432726024,0
6624,validation,0,0.0016814597215189834,0
7287,validation,0,0.0008635336906886981,0
4699,validation,0,0.017403757112596202,0
1567,validation,0,0.0006018409111478862,0
7280,validation,1,0.19986725918617246,0
7366,validation,0,0.0010296331671491156,0
196,validation,0,0.003417901234572386,0
4950,validation,0,0.0019610599793297057,0
6519,validation,0,0.006192026878388662,0
1050,validation,0,0.007688471229800528,0
1762,validation,0,0.02530748071959658,0
3839,validation,0,0.0015103164182909347,0
7468,validation,0,0.0012408668524086304,0
3502,validation,0,0.08194783834412495,0
9583,validation,0,0.01076635263002668,0
1833,validation,1,0.41282467751197016,1
5837,validation,0,0.001013431527641166,0
4450,validation,0,0.0024301268015097252,0
7739,validation,0,0.0015562054138853552,0
7219,validation,0,0.0007511783889457173,0
2161,validation,0,0.03232435209673912,0
7400,validation,0,0.0008538686604500609,0
9393,validation,0,0.00037966452747143566,0
7452,validation,0,0.0012892998076227292,0
2678,validation,0,0.0007844284306083455,0
3589,validation,0,0.2020173606823453,0
5102,validation,0,0.0015944211421519367,0
313,validation,0,0.0014701043686638697,0
7041,validation,0,0.0012665320453805495,0
9362,validation,0,0.0005484727685138689,0
8950,validation,0,0.0012109226794001795,0
9055,validation,0,0.0015811525123941694,0
2225,validation,0,0.0009707818243808664,0
6434,validation,0,0.0011903211296960133,0
4369,validation,0,0.0040923128797551635,0
3908,validation,0,0.001059786370727277,0
7972,validation,0,0.004266519508570141,0
1938,validation,0,0.000660957702920484,0
1212,validation,0,0.008883794453923564,0
6845,validation,0,0.0008028437216800083,0
8023,validation,0,0.02241034249828923,0
4021,validation,0,0.0018331987742676657,0
4457,validation,0,0.0033267504788428827,0
5406,validation,0,0.024854334395787474,0
3420,validation,0,0.001937461724653003,0
6841,validation,0,0.041359169442126975,0
2576,validation,0,0.0011616327725945156,0
22,validation,0,0.0009045264285956855,0
8737,validation,0,0.000885605684966226,0
5481,validation,0,0.0018017880851491416,0
779,validation,0,0.0009424434666660261,0
1303,validation,0,0.0010482868725625715,0
5778,validation,0,0.0009390861373123602,0
6437,validation,0,0.3118202237969275,0
3503,validation,0,0.005210058010579937,0
4024,validation,1,0.723734881550628,1
7011,validation,1,0.1918905811407058,0
7395,validation,0,0.0010429621113549727,0
1976,validation,0,0.0017749550932394363,0
8911,validation,0,0.0007991541790022765,0
8345,validation,0,0.001170129900049631,0
4379,validation,0,0.21597693678755525,0
5786,validation,0,0.0012501527370503479,0
1670,validation,0,0.005009103220491931,0
7702,validation,0,0.0006500662776274738,0
2044,validation,0,0.0007301508746809579,0
7873,validation,0,0.0009493975623810208,0
7973,validation,0,0.001050921685661526,0
2335,validation,0,0.0012681981595929284,0
5044,validation,0,0.00432770085090942,0
2842,validation,0,0.05740865698122405,0
56,validation,0,0.000917237753891301,0
3695,validation,1,0.06028937501516341,0
7384,validation,0,0.0009615509755292378,0
4179,validation,1,0.6414674154465557,1
421,validation,0,0.0004517885521202939,0
8472,validation,0,0.0010489942969274892,0
4258,validation,1,0.5339172908863292,1
4576,validation,0,0.004057528831336114,0
2269,validation,0,0.003348254435749009,0
1036,validation,0,0.0037314193377700577,0
2606,validation,0,0.000990480219067356,0
6762,validation,0,0.008525604300926831,0
4968,validation,0,0.0014630460660949951,0
5302,validation,0,0.001783472825111306,0
6509,validation,0,0.0014566211625413389,0
2484,validation,0,0.0014710287747238915,0
261,validation,0,0.0004726980163447936,0
6127,validation,0,0.36039940788896185,0
2525,validation,0,0.0010709617663538045,0
3763,validation,0,0.012459554958686985,0
7169,validation,0,0.0018090281647920306,0
9130,validation,0,0.0004885480279327821,0
7992,validation,0,0.000959816905569977,0
8556,validation,0,0.0009654205035771077,0
4466,validation,0,0.1320765021397147,0
528,validation,0,0.0004675902077640728,0
1099,validation,0,0.0017467782842607543,0
4223,validation,0,0.0016085455695231943,0
6280,validation,0,0.0006751150651176391,0
3040,validation,0,0.0008150599259439433,0
1618,validation,0,0.013378193907869654,0
8314,validation,0,0.00118501913939291,0
9578,validation,0,0.0006870587645769008,0
1032,validation,0,0.004005609408432249,0
6597,validation,0,0.005653798977731419,0
5844,validation,0,0.0008102694859633494,0
287,validation,0,0.0011188447812807384,0
7268,validation,0,0.0011009394313724957,0
5764,validation,0,0.0013036900998201653,0
8933,validation,0,0.0005274590915569909,0
4300,validation,0,0.002798251832492507,0
80,validation,0,0.004869921311840404,0
7151,validation,0,0.001809456536099656,0
9411,validation,0,0.002971108421633068,0
2886,validation,0,0.0010622931954589847,0
8506,validation,1,0.0018454959410020503,0
5663,validation,0,0.0017513317427621617,0
6415,validation,0,0.0017585585950392402,0
6944,validation,0,0.0006399796827939342,0
8801,validation,0,0.0006114597369804629,0
4967,validation,0,0.006848785909388917,0
9538,validation,0,0.0014194341702407443,0
6718,validation,0,0.21791340913242116,0
459,validation,0,0.000669082479331779,0
9541,validation,0,0.0008004386903271401,0
914,validation,0,0.0009279170500878348,0
6867,validation,0,0.004913127825170865,0
5142,validation,0,0.002443115336080421,0
4079,validation,0,0.002158907325721626,0
2963,validation,0,0.0013826702703194306,0
8812,validation,0,0.0009577825804993129,0
5856,validation,0,0.0010180018278442974,0
8286,validation,0,0.0006372534045842617,0
8381,validation,0,0.0010170884407095673,0
7408,validation,0,0.005575451721063347,0
5795,validation,0,0.0009960222278477902,0
7898,validation,0,0.0021750850285274007,0
1361,validation,0,0.0010975707263193915,0
5090,validation,0,0.0020038368220178992,0
1405,validation,0,0.002392419537273237,0
8005,validation,0,0.0009894700815910225,0
7527,validation,0,0.0011870819878907386,0
7293,validation,0,0.0020380837856624327,0
8302,validation,0,0.0007359751319617993,0
3998,validation,0,0.0016775433898774082,0
9309,validation,0,0.0009055715260174677,0
9472,validation,0,0.0025979820065680785,0
8762,validation,0,0.0006029890681792512,0
2385,validation,0,0.0015636889026930353,0
3303,validation,0,0.009124402206026382,0
2787,validation,0,0.0007202281843097924,0
4661,validation,1,0.7967749092325512,1
9821,validation,0,0.0013021015103161558,0
4426,validation,0,0.0027696643637657777,0
2388,validation,0,0.0018201216145000722,0
2288,validation,0,0.0017267986969869,0
3374,validation,0,0.006079262470422792,0
4544,validation,1,0.9294431547330252,1
7871,validation,0,0.002818142102831285,0
4813,validation,0,0.10002910027194524,0
811,validation,0,0.0015887290707747037,0
8309,validation,0,0.001207567440501604,0
9854,validation,0,0.0032606816160151157,0
8827,validation,0,0.0011995395592770011,0
7625,validation,0,0.0013167938380559965,0
6007,validation,0,0.004876428267255029,0
1926,validation,0,0.0022848665370027122,0
7630,validation,0,0.0013008977994905828,0
3170,validation,0,0.0010769675860180666,0
958,validation,0,0.00223373304097364,0
3294,validation,0,0.0009659674925712324,0
6155,validation,0,0.0011685485209665153,0
945,validation,0,0.0027411687937914098,0
3163,validation,0,0.0019496769383080409,0
7809,validation,0,0.0008381085868038108,0
6348,validation,0,0.0008368301103977782,0
2488,validation,0,0.015694599543828097,0
5658,validation,0,0.1535248917154477,0
151,validation,0,0.0018134159547470098,0
4964,validation,0,0.0015010591057675264,0
1894,validation,0,0.005452360125086277,0
8009,validation,0,0.05221350744110238,0
3271,validation,0,0.04407341070913631,0
9874,validation,0,0.0017606203461609272,0
4933,validation,0,0.0016370193707574276,0
6261,validation,0,0.006639676608045625,0
856,validation,0,0.006600697789438676,0
1781,validation,0,0.001511121738096111,0
5482,validation,0,0.0011852101610248487,0
342,validation,0,0.0006950923020853657,0
9945,validation,0,0.0012775761668730483,0
803,validation,0,0.0015826717193810358,0
6271,validation,0,0.0014027240008849702,0
7476,validation,0,0.0008038652546622867,0
3651,validation,0,0.007192183321957502,0
2742,validation,0,0.0026412772326387343,0
4170,validation,1,0.5186757591706458,1
1564,validation,0,0.001201351836518267,0
3916,validation,0,0.002860720454875674,0
7576,validation,0,0.001025385976159156,0
5931,validation,0,0.00538806167701604,0
561,validation,0,0.00031283977403983345,0
7712,validation,0,0.0015306312734624404,0
6456,validation,0,0.008244947878383582,0
4611,validation,1,0.738340889957915,1
2698,validation,0,0.0010656004660094093,0
1691,validation,0,0.0010627575734661297,0
4288,validation,0,0.01411666259240108,0
1154,validation,0,0.0023266464423515273,0
2861,validation,0,0.021262905606259097,0
7078,validation,0,0.047246113537774796,0
5448,validation,0,0.0014611692476996204,0
120,validation,0,0.0032080689171911972,0
3105,validation,0,0.023938041760253884,0
2727,validation,0,0.0010303663372718632,0
6005,validation,0,0.0010435514129514176,0
3181,validation,0,0.0013093490494111976,0
2204,validation,0,0.0020594598166017437,0
8351,validation,0,0.0018714014629617058,0
7637,validation,0,0.003314678339606461,0
3557,validation,0,0.06430127115370374,0
7759,validation,1,0.8621255640261866,1
9088,validation,0,0.0019724211786539504,0
557,validation,0,0.0009512131433660016,0
2943,validation,0,0.0021730076047526614,0
5871,validation,0,0.0022241323434849997,0
2466,validation,0,0.0022290866431314334,0
5041,validation,0,0.03195356036765502,0
4600,validation,1,0.37625315929499287,1
5595,validation,0,0.004837154025883803,0
8967,validation,0,0.001057274861348861,0
1806,validation,0,0.0022783753218724168,0
5726,validation,0,0.0049112333520849125,0
6729,validation,0,0.0014459495332513014,0
9889,validation,0,0.0007930564304350679,0
9450,validation,0,0.0007521707135381864,0
6056,validation,0,0.003490881916415001,0
4610,validation,0,0.017407301766824635,0
3346,validation,0,0.0014155955609946988,0
1265,validation,0,0.000698582546956978,0
2703,validation,0,0.003734618844447927,0
4008,validation,0,0.0009590032514840505,0
6918,validation,0,0.001386602640936007,0
1107,validation,0,0.001728239669475601,0
1699,validation,0,0.0020014480541278483,0
1878,validation,0,0.002170544833594998,0
6090,validation,0,0.0025154451467535185,0
1999,validation,0,0.001669453552392076,0
3038,validation,0,0.0022626420629406367,0
5423,validation,0,0.001116752706511388,0
3593,validation,0,0.0947710888596101,0
3424,validation,0,0.001505449263037505,0
1694,validation,0,0.0023745496796286057,0
150,validation,0,0.002907831895965934,0
272,validation,0,0.0007265190599589227,0
4427,validation,1,0.48533554669619344,1
5848,validation,0,0.178051647951357,0
4351,validation,0,0.003219934380587353,0
6161,validation,0,0.0023601219500460385,0
6497,validation,1,0.9569591154556235,1
9296,validation,0,0.001056058601876801,0
7448,validation,0,0.0010909276307940927,0
2094,validation,0,0.0009226870671526448,0
5622,validation,0,0.0012647392491306197,0
4290,validation,0,0.0019633501081741463,0
9268,validation,0,0.0008444328946704499,0
7978,validation,0,0.0017521704005373047,0
1849,validation,0,0.0017863128195406855,0
9025,validation,0,0.0005787687694953196,0
7407,validation,0,0.0025784708338761776,0
6558,validation,0,0.0021962490485234127,0
578,validation,0,0.0009638739952622084,0
6531,validation,0,0.0011528744269533933,0
9354,validation,0,0.0008368407544235421,0
1504,validation,0,0.028803253577308136,0
8110,validation,0,0.20533444940617526,0
1543,validation,0,0.0010575897335256084,0
9595,validation,0,0.003560486804661955,0
5440,validation,0,0.0021562755788462977,0
8811,validation,0,0.000688547603936689,0
1348,validation,0,0.004000472404724178,0
1425,validation,0,0.002771332538574431,0
9843,validation,0,0.001933568475275715,0
1753,validation,0,0.0028306745662648606,0
1816,validation,0,0.00147194711236524,0
6894,validation,0,0.003727493480425493,0
7242,validation,0,0.0031966967257162117,0
6919,validation,0,0.0021052289502392694,0
9855,validation,0,0.0010064531608081995,0
131,validation,0,0.001900560682256564,0
5720,validation,0,0.007535547808442228,0
9019,validation,0,0.0006196970411845841,0
5422,validation,0,0.0027800485829933084,0
7499,validation,0,0.002269366542052768,0
9076,validation,0,0.0009494770463961839,0
8277,validation,0,0.05323183004577875,0
6232,validation,0,0.0017610616258617621,0
1274,validation,0,0.0007237383587180382,0
1586,validation,0,0.00121255120889956,0
7106,validation,0,0.0010822204330953008,0
6564,validation,0,0.0013044582211580802,0
8129,validation,0,0.0006613161183170804,0
2625,validation,0,0.0011105392118908506,0
6945,validation,0,0.0007321342589035684,0
7893,validation,0,0.001094378537527629,0
5427,validation,0,0.004983873621291802,0
8569,validation,0,0.0009985566875920341,0
9331,validation,0,0.0023675077231301834,0
5305,validation,0,0.0036524885841107383,0
6557,validation,0,0.0013373198378003029,0
4689,validation,0,0.0025469818004269728,0
4141,validation,0,0.0021791380158931216,0
789,validation,0,0.0008117174606385795,0
97,validation,0,0.0011631601322932127,0
4429,validation,0,0.0021815219805109936,0
8525,validation,0,0.002498858093985879,0
7162,validation,0,0.0034793215785973554,0
5485,validation,0,0.04635854513899695,0
6144,validation,0,0.0007967477650321525,0
2192,validation,0,0.0011965630354107337,0
3269,validation,0,0.001766749613873088,0
1331,validation,0,0.02411354268217736,0
3643,validation,0,0.0011901277887046123,0
4966,validation,0,0.0016677460915724203,0
2622,validation,0,0.0010978334134014297,0
3946,validation,0,0.0015472494210880684,0
6676,validation,0,0.057749278080780474,0
7477,validation,0,0.0006822718180264028,0
4035,validation,0,0.004654194906510013,0
4250,validation,0,0.0024713019093116385,0
4833,validation,1,0.08504996244612593,0
9017,validation,0,0.1338402474769794,0
7431,validation,0,0.29339497616369015,0
9486,validation,0,0.0015271391110593345,0
542,validation,0,0.0010198609046665834,0
4122,validation,0,0.0030839324354995784,0
9717,validation,0,0.0010603076720885481,0
6135,validation,0,0.002532675070033978,0
5225,validation,0,0.010086554059664953,0
3821,validation,0,0.001952583019731174,0
7605,validation,0,0.001075854423001765,0
4255,validation,0,0.010960423699078714,0
2062,validation,0,0.0006577538276858324,0
7182,validation,0,0.19042028085455542,0
3436,validation,0,0.0024376491856395685,0
2342,validation,0,0.0018268109366261615,0
8619,validation,0,0.0005347003803864403,0
8831,validation,0,0.000637425116696231,0
2098,validation,0,0.05634122251396501,0
8507,validation,0,0.0010498169663518784,0
1247,validation,0,0.020382624173805243,0
248,validation,1,0.8946127179502685,1
888,validation,0,0.0036643503937020924,0
1037,validation,0,0.00442376230399022,0
294,validation,0,0.0021525801913157496,0
5130,validation,0,0.0015793532681680252,0
9978,validation,0,0.005071012935291582,0
8896,validation,0,0.0005330198978864678,0
5328,validation,0,0.0025891253441133614,0
2039,validation,0,0.0018000897009822837,0
4101,validation,0,0.0024423252112534977,0
6503,validation,0,0.02700190371016932,0
5408,validation,0,0.001171077923938182,0
8164,validation,0,0.0008594750803704257,0
6800,validation,0,0.0032618671770948474,0
4381,validation,0,0.0464019086890969,0
6824,validation,0,0.0014155955609946988,0
419,validation,0,0.0005782164926596133,0
844,validation,0,0.27992980961430913,0
9988,validation,0,0.026412379482571878,0
1622,validation,0,0.0010382014817464321,0
1084,validation,0,0.002441553650164476,0
2814,validation,0,0.009240904626569084,0
6173,validation,0,0.001298371605845324,0
2258,validation,0,0.02035348430666138,0
648,validation,0,0.001012185700106843,0
6928,validation,0,0.0010163702182624378,0
6534,validation,0,0.002755392773294127,0
9243,validation,0,0.0033706465557231564,0
4543,validation,0,0.002668935414302592,0
8704,validation,0,0.0006499920441075621,0
1529,test,0,0.0007984450396673217,0
8572,test,0,0.0003883952169386375,0
4330,test,0,0.0025111902545702216,0
1502,test,0,0.016695702617627702,0
9355,test,0,0.0013874637646383251,0
7939,test,0,0.0515119240917549,0
2396,test,0,0.0010144123061831224,0
3785,test,0,0.004313464300855191,0
8884,test,0,0.0009250590694695636,0
5656,test,0,0.15112908273948952,0
6283,test,0,0.0017010519400834207,0
8808,test,0,0.0016455134001860403,0
6549,test,0,0.0008333233843517423,0
156,test,0,0.03353705266507581,0
8510,test,0,0.001226814009677571,0
1968,test,0,0.0018770180124114517,0
1990,test,0,0.003639720083728222,0
3836,test,0,0.0011033764753613266,0
5719,test,0,0.0022576818378338298,0
4810,test,0,0.0012270453139344227,0
8895,test,0,0.0004517737410015761,0
3022,test,0,0.05984068250606253,0
169,test,0,0.022127412380038382,0
3085,test,0,0.0010725418297281998,0
4319,test,0,0.01067156166410652,0
4743,test,0,0.01548166136954243,0
4871,test,0,0.0014548832162796699,0
2489,test,0,0.0014916516955483078,0
6714,test,0,0.007168536464224371,0
3052,test,0,0.001003867696972132,0
2865,test,0,0.0011936024974757323,0
3804,test,0,0.0025868398549879997,0
9024,test,0,0.0013607123680663394,0
8638,test,0,0.0005182713396898107,0
210,test,0,0.0017870768029355716,0
1391,test,1,0.21659009090748085,0
1658,test,0,0.000703759005823089,0
5819,test,0,0.03937083941633949,0
9316,test,0,0.0016574220730020647,0
9624,test,0,0.0009643887602617538,0
9555,test,0,0.0008376414181840156,0
2559,test,0,0.0019888878594221666,0
6625,test,0,0.0041257831596925,0
5591,test,0,0.0013155923315208223,0
6040,test,0,0.003434632311221475,0
7245,test,0,0.0014084865471373873,0
7952,test,0,0.0005146648875563076,0
734,test,0,0.0017109188151062525,0
6667,test,0,0.001069442437206456,0
3829,test,1,0.5212423404003437,1
1433,test,0,0.0017379969748370068,0
7858,test,0,0.0034565644880461635,0
8209,test,0,0.002835783241759188,0
8135,test,0,0.0011892822530567648,0
1984,test,0,0.0017281938684599954,0
5051,test,0,0.0012939963861754427,0
8196,test,0,0.04966727573643877,0
4334,test,0,0.002053503114907955,0
9816,test,0,0.0022508709519990623,0
9676,test,0,0.0019550317130770183,0
6495,test,0,0.0018714504410295024,0
6920,test,0,0.0033026103574595395,0
852,test,0,0.005570892349329339,0
5087,test,0,0.0023353636884143793,0
356,test,0,0.001211260372212929,0
2789,test,0,0.0013449912071316723,0
5742,test,0,0.010981725117931435,0
1282,test,0,0.0010783519140239973,0
8339,test,0,0.0007260136973615012,0
6568,test,0,0.001247728430864358,0
9468,test,0,0.006167225526086267,0
9810,test,0,0.000768995272629802,0
8531,test,0,0.0019491246583289825,0
4001,test,0,0.0010287881754462139,0
2740,test,0,0.0008210061503253407,0
8285,test,0,0.0032408482774280442,0
3425,test,0,0.0013273526018616837,0
5411,test,0,0.0012877126981257667,0
157,test,0,0.039834561046016376,0
5452,test,0,0.0016632246469266505,0
5124,test,0,0.001868912278325686,0
1164,test,0,0.05585534338662495,0
3729,test,0,0.39056614381169313,1
3792,test,0,0.002984853708664037,0
2395,test,0,0.0033931565587132545,0
4538,test,0,0.0026437222938342432,0
3722,test,0,0.0019161904326744146,0
5596,test,0,0.004049642758978951,0
3338,test,0,0.0015631371799615368,0
5762,test,0,0.07856840532944978,0
9598,test,0,0.0008181495085037974,0
6767,test,0,0.0012049075094194691,0
6347,test,0,0.0016395341704339352,0
7535,test,0,0.0007663638267770604,0
6117,test,0,0.0016118965367255985,0
7865,test,0,0.0032845893049286983,0
8169,test,0,0.0010277431051164511,0
3149,test,0,0.0012740178409959247,0
8734,test,0,0.0007941252393173281,0
6184,test,0,0.0009563415204462755,0
4106,test,0,0.01994485292295505,0
244,test,0,0.01126710325470812,0
6327,test,0,0.007063575073266265,0
4604,test,0,0.0024745385488676736,0
926,test,1,0.8530962228537943,1
6809,test,0,0.0012685674763208037,0
8398,test,1,0.2554183565527432,0
1239,test,0,0.0005297385294213904,0
962,test,0,0.0010700904346922916,0
539,test,0,0.000981590558159055,0
538,test,0,0.0006749540182264291,0
4804,test,0,0.0013132200163133573,0
1914,test,0,0.0031916158608063204,0
6107,test,0,0.004874765520506616,0
2869,test,0,0.0013708143470626938,0
3814,test,1,0.33700700032024217,0
1813,test,0,0.0012910968733190543,0
1855,test,0,0.23246415832901948,0
136,test,0,0.0037928317927429997,0
2554,test,0,0.0010186504052226992,0
6645,test,0,0.0017087039071692846,0
588,test,0,0.05038345445793395,0
4243,test,0,0.0031444378407827277,0
8134,test,0,0.000922863886760309,0
6542,test,0,0.0012279117496972378,0
8816,test,0,0.001720769974105161,0
1685,test,0,0.0032528496001383226,0
3773,test,0,0.001157510855902055,0
2176,test,0,0.0020748719023668026,0
5936,test,0,0.0015019352584296497,0
2911,test,0,0.0017203538605980455,0
5620,test,0,0.001738732246439505,0
6686,test,0,0.0031339954402246906,0
9529,test,0,0.0016281099557882194,0
5820,test,0,0.021798143321416514,0
4873,test,0,0.001663700516498713,0
1724,test,0,0.002014885259221754,0
6078,test,1,0.9565974311278894,1
4064,test,0,0.006176971672821292,0
4525,test,0,0.0020904280831736126,0
8760,test,0,0.0011286779125262842,0
5640,test,0,0.003915481847999765,0
8611,test,0,0.0007547712034355267,0
974,test,0,0.003129959544007775,0
8793,test,0,0.0006170520955190051,0
8211,test,0,0.0007634391204177372,0
1946,test,0,0.0011542520729637097,0
664,test,0,0.0016232702804882986,0
8462,test,0,0.001529601011371972,0
5325,test,0,0.001673360834895647,0
3996,test,0,0.0009336198108997089,0
7340,test,0,0.0029209755386263208,0
7046,test,0,0.0013559438406852747,0
7720,test,0,0.0008260239777824805,0
7262,test,0,0.0010001965062588411,0
989,test,0,0.2072561996165282,0
5996,test,0,0.37719245003376467,1
744,test,0,0.0011517214078207178,0
1169,test,0,0.043559807402630865,0
9664,test,1,0.9490552870255561,1
2904,test,0,0.2019744651771353,0
2856,test,0,0.07036007443500061,0
515,test,0,0.0006782031828138573,0
5390,test,0,0.24414624290080217,0
5732,test,0,0.05802335080719353,0
6479,test,0,0.0030650662355798833,0
377,test,0,0.0020304918197439647,0
3055,test,0,0.0010313206589009558,0
3353,test,0,0.0014045795265913816,0
1085,test,1,0.11365659860634454,0
4778,test,1,0.08153472317156985,0
4028,test,0,0.06380885825502669,0
351,test,0,0.0003610349029728511,0
7967,test,0,0.0006542762678037015,0
6744,test,0,0.051515853194047036,0
1343,test,0,0.0007936538736067711,0
2421,test,0,0.2273052385077133,0
9801,test,0,0.001120309952314828,0
3949,test,0,0.01761409543867519,0
2324,test,0,0.002988819624039376,0
4540,test,0,0.0025184613715276776,0
5788,test,0,0.0021841396424877022,0
7714,test,0,0.0012862457267468356,0
7742,test,0,0.0076184807938261675,0
3724,test,0,0.002294237860140855,0
4676,test,0,0.0027293183378333166,0
7963,test,0,0.0007784068422411177,0
6047,test,0,0.0010413619435690566,0
4471,test,0,0.0064645717486304394,0
9879,test,0,0.0010732755995424513,0
3659,test,0,0.0011184996603763229,0
8677,test,0,0.0010121149227395032,0
5908,test,0,0.05376798762113365,0
2887,test,0,0.001765167240488818,0
9232,test,0,0.0021221110990876616,0
2410,test,0,0.001547408974269723,0
8668,test,0,0.00080650786430004,0
3688,test,0,0.004739747084242499,0
9626,test,0,0.010302858700763856,0
4274,test,0,0.004160040633475174,0
7318,test,0,0.0006737878364134689,0
330,test,0,0.02159435294018451,0
6247,test,0,0.0027878611878195945,0
3968,test,0,0.001539564005158451,0
6999,test,0,0.0014600955263881612,0
372,test,0,0.0017499604357843338,0
9440,test,0,0.001712973199187776,0
4639,test,0,0.04788937356540584,0
6029,test,0,0.003369428783871739,0
7409,test,0,0.008253131248259075,0
325,test,0,0.0009027718010431811,0
4843,test,0,0.002553889185104157,0
9762,test,0,0.0019468948170430302,0
8533,test,0,0.0006942082006520256,0
6981,test,0,0.0006906156568796661,0
5207,test,0,0.001179413255511904,0
1039,test,0,0.0019676310734355767,0
1181,test,0,0.0013603884970755866,0
4487,test,0,0.0041114585042720826,0
215,test,0,0.0011310337321491708,0
2922,test,0,0.0012550058876880498,0
6840,test,0,0.0662055778242829,0
5046,test,0,0.002452607219577551,0
871,test,0,0.0027867847379927737,0
1692,test,0,0.003117001325427872,0
8625,test,0,0.00040641432677214283,0
4196,test,0,0.0014863860740481581,0
5068,test,0,0.0020220347987128027,0
5477,test,0,0.0012206687442001274,0
8957,test,0,0.001664449204710895,0
6474,test,0,0.0035529116803500295,0
6266,test,0,0.010654477030692852,0
7371,test,0,0.0008329967654377724,0
412,test,0,0.014179351587251511,0
4384,test,0,0.0464019086890969,0
4794,test,0,0.0016677460915724203,0
5574,test,0,0.15395578526178627,0
7210,test,0,0.0022925121994681343,0
6239,test,0,0.001006991606566074,0
9259,test,0,0.0011519378423641019,0
3417,test,0,0.0015402831082390424,0
2091,test,0,0.0008907669252191179,0
5307,test,0,0.10320208729170632,0
8500,test,0,0.001396801843813769,0
8206,test,0,0.0006870587645769008,0
1706,test,0,0.001350809696862865,0
8834,test,0,0.0009901822443290156,0
7919,test,0,0.0008692341552484591,0
2666,test,0,0.027938964971141858,0
1735,test,0,0.00421968973871815,0
2413,test,0,0.0043275843899643,0
4134,test,0,0.004130814757148066,0
1320,test,0,0.0012958220570349792,0
9181,test,0,0.0008058806965896621,0
281,test,0,0.0007131672186873614,0
3603,test,0,0.0013274544561265936,0
5986,test,0,0.010829179781027752,0
5076,test,0,0.003547846449261228,0
3451,test,0,0.0026949259543170537,0
413,test,0,0.053771521061875646,0
7199,test,0,0.0009789867625512767,0
8107,test,0,0.004466359500076839,0
8863,test,0,0.0008709066773876289,0
2445,test,0,0.00581561009915209,0
108,test,0,0.001098122029931976,0
6237,test,0,0.002207401306995474,0
5333,test,0,0.0067274902278393785,0
7837,test,0,0.0013595401414389914,0
245,test,0,0.04568823388715873,0
2704,test,0,0.0007829113758977298,0
5383,test,0,0.07390677559979393,0
6730,test,0,0.002177199377533046,0
7292,test,0,0.00085745356723866,0
6628,test,0,0.0015607342886678074,0
9079,test,0,0.0005098308210752028,0
4502,test,0,0.0025119125753780775,0
9231,test,0,0.0008026562437671223,0
1814,test,0,0.0023565683838550643,0
6642,test,0,0.0033740319634516128,0
7690,test,0,0.000923475869371153,0
4822,test,0,0.0024289047476066623,0
5129,test,0,0.0014787205542116171,0
7785,test,0,0.0014564269004254402,0
7173,test,0,0.0006144111254486646,0
7441,test,0,0.002203307601924988,0
6128,test,0,0.001130126048238984,0
4806,test,0,0.015708460081687456,0
558,test,0,0.0004533289214490146,0
5665,test,0,0.0018016104621629385,0
1684,test,0,0.002009069297281589,0
6538,test,0,0.001830878208357176,0
973,test,0,0.0029265889197258458,0
8753,test,0,0.0003671753379764575,0
8695,test,0,0.0008999154483844348,0
7986,test,0,0.0007446722358138483,0
6616,test,0,0.06532401671345557,0
6212,test,0,0.0065176945244807515,0
5700,test,0,0.0010982746586471696,0
5787,test,0,0.0011418310895569327,0
6204,test,0,0.0010424726483936385,0
1314,test,0,0.0007882084628384294,0
2160,test,0,0.029694235630973044,0
3636,test,0,0.005841615648940665,0
5878,test,0,0.0018845478514447163,0
5119,test,0,0.00432770085090942,0
7516,test,0,0.008437739493062306,0
4428,test,0,0.0027853290390816737,0
7641,test,0,0.007130007325619488,0
4775,test,0,0.002524153423845927,0
2001,test,0,0.0010805655857391238,0
7163,test,0,0.0009902681157366255,0
3059,test,0,0.0019937310446873444,0
8205,test,0,0.003530291852582519,0
3409,test,0,0.002140265141801155,0
1629,test,0,0.00278749463926029,0
204,test,0,0.0010127796351723408,0
8273,test,0,0.0036920048938574317,0
1310,test,0,0.002020423017176848,0
5453,test,0,0.001900488585038896,0
3681,test,0,0.004380839316088256,0
9759,test,0,0.0008053640574158058,0
8872,test,0,0.0005956802801175826,0
5673,test,0,0.0032813037700187243,0
8907,test,0,0.0006952106766431063,0
5854,test,0,0.005773390382048275,0
3940,test,0,0.036824990187278285,0
2717,test,0,0.001962845844237894,0
8029,test,0,0.0007693398643766311,0
715,test,0,0.007297402236621924,0
7949,test,0,0.0008989099331906625,0
5698,test,0,0.19002138868089258,0
6053,test,0,0.0018538365960367419,0
8707,test,0,0.0005027837221832022,0
5776,test,0,0.051497276479723936,0
2005,test,0,0.0015652088982209893,0
3823,test,0,0.0021520765432786007,0
7907,test,0,0.0011166622419446484,0
1428,test,0,0.0009404392296149721,0
8207,test,0,0.0006870587645769008,0
4120,test,1,0.5693907686732359,1
9427,test,0,0.001178703774726269,0
8496,test,0,0.002268305703004951,0
7872,test,0,0.0009080950208692065,0
6397,test,0,0.0006149539974738109,0
4641,test,0,0.04657480849241757,0
242,test,1,0.7217832084874419,1
7496,test,0,0.0024419711853290687,0
8106,test,0,0.0033087195503012437,0
9782,test,0,0.004815837452550949,0
8607,test,0,0.3473587231282327,0
7230,test,0,0.0009876400318388349,0
1349,test,0,0.0033817941871913185,0
1959,test,0,0.0022485282150412405,0
5840,test,0,0.0005825904185339089,0
8962,test,0,0.0013980536612593234,0
3771,test,0,0.007739948941511286,0
7631,test,0,0.0035188645184451067,0
2274,test,0,0.0018220686596902493,0
9204,test,0,0.0007601913464416379,0
8027,test,0,0.39464402984545444,1
9459,test,0,0.0010495761535078733,0
1996,test,1,0.002578962400633084,0
7732,test,0,0.0018106810465297334,0
1720,test,0,0.0019642493991320342,0
4324,test,0,0.002357950034311334,0
8228,test,0,0.0037470987676704267,0
9536,test,0,0.001785829626238945,0
1566,test,0,0.0015554666176019476,0
7,test,0,0.0006068856522373096,0
4594,test,0,0.00507213847533066,0
2126,test,0,0.001962425693016184,0
3859,test,0,0.06938872828616652,0
6136,test,0,0.0014990765353311056,0
1812,test,0,0.0015968170092824341,0
9867,test,0,0.004524219916732596,0
3234,test,0,0.0011133399864734555,0
9615,test,0,0.0008669682782206081,0
2172,test,0,0.0025482443852907102,0
8991,test,0,0.0013765253869399547,0
7550,test,0,0.0009232961852178406,0
1951,test,0,0.004967973611372642,0
9984,test,0,0.002090446750693982,0
7286,test,0,0.0009763877989700034,0
9199,test,0,0.0006400666010920258,0
6742,test,0,0.0016605846291192425,0
8986,test,0,0.0012637102969529394,0
4404,test,0,0.006462999451645242,0
4652,test,0,0.024788661056792897,0
4453,test,0,0.10088368673197942,0
9567,test,0,0.001973826665197468,0
3721,test,0,0.0008784166131290099,0
9282,test,0,0.002571295167658598,0
1035,test,0,0.003361350190266398,0
7083,test,1,0.9428600039330862,1
552,test,0,0.000414413088141096,0
5030,test,0,0.0075504881586201935,0
7446,test,0,0.0024251761295133673,0
7225,test,0,0.0013795692738164296,0
2119,test,0,0.001954194553385855,0
9371,test,0,0.00112830403095431,0
8838,test,0,0.0037671570744525814,0
2795,test,0,0.0023874693144332526,0
9446,test,0,0.001761807378276444,0
4442,test,0,0.0025098285246559536,0
799,test,0,0.003658327176234694,0
1936,test,0,0.1293131516261252,0
2750,test,0,0.0009137865923888402,0
2350,test,0,0.0016766518598120294,0
3054,test,0,0.0025594633742019117,0
3510,test,0,0.001541496483166784,0
1040,test,0,0.0016640541024052855,0
8539,test,0,0.000852031153503152,0
2474,test,0,0.0017785198758645253,0
3468,test,0,0.3458123523303818,0
9573,test,0,0.0013661453882642125,0
7480,test,0,0.0008283876738135991,0
2941,test,1,0.07675840005684992,0
2351,test,0,0.002552862133818638,0
1731,test,0,0.0011618803742306566,0
1518,test,0,0.005046793012249579,0
5072,test,0,0.00536332924350603,0
9324,test,0,0.0010689180102038827,0
1524,test,0,0.000735318297352314,0
9001,test,0,0.0015987804483638501,0
7699,test,0,0.0011521249623907997,0
1200,test,0,0.0031386318254271526,0
2693,test,0,0.0005724763440548295,0
446,test,0,0.0006129096496398579,0
6727,test,0,0.001855770920307367,0
7940,test,0,0.0007989366995129387,0
6951,test,0,0.0008810285577311059,0
754,test,0,0.03791611834305252,0
3523,test,0,0.001494897042752671,0
6369,test,0,0.0015011556932972565,0
3786,test,0,0.003769816277701587,0
4779,test,0,0.001731254193853083,0
9724,test,0,0.018912441566743814,0
1418,test,0,0.22132127460229245,0
4083,test,0,0.002185816762744784,0
7769,test,0,0.0010549118699889606,0
1630,test,0,0.001582999709208183,0
9949,test,0,0.0031123436762691137,0
8160,test,0,0.0012001397008105325,0
1593,test,0,0.0859186995411899,0
6793,test,0,0.000990994563731074,0
6823,test,0,0.005313883718054608,0
8145,test,0,0.0007219377230411,0
8580,test,0,0.0008114750189936621,0
1774,test,0,0.0016017294695430482,0
5714,test,0,0.001184012164930811,0
8447,test,0,0.003806762517882044,0
8633,test,0,0.0015341338885499697,0
7717,test,0,0.004028584276376298,0
9414,test,1,0.7602167680359637,1
1482,test,0,0.0012937965137262452,0
6618,test,1,0.21076205761852992,0
4565,test,1,0.8571213446240943,1
8787,test,0,0.0004556211658770439,0
405,test,0,0.10326797240393595,0
5800,test,0,0.003404914267500817,0
575,test,0,0.005155323393819582,0
1235,test,0,0.0004243236442923888,0
5682,test,0,0.014991059373006512,0
7621,test,0,0.0015306312734624404,0
3438,test,0,0.0018103386934113436,0
4264,test,0,0.002889998643948356,0
2339,test,0,0.0012681981595929284,0
3926,test,0,0.002059884785652761,0
9366,test,0,0.0009187155014820934,0
7285,test,0,0.1421359344284301,0
7339,test,0,0.0007613670786474194,0
7062,test,0,0.004639205162337587,0
6177,test,0,0.002238591360326649,0
6308,test,0,0.0019245391613757809,0
1561,test,0,0.002927341264799568,0
7070,test,0,0.10543804217475648,0
841,test,0,0.006759578397829764,0
9561,test,0,0.0020692123538007803,0
6116,test,0,0.0015809260941776267,0
9339,test,0,0.04780920518404379,0
2038,test,0,0.004898753140032345,0
3832,test,0,0.001827022502176842,0
9238,test,0,0.0011074395712916897,0
3035,test,0,0.001435838373630543,0
267,test,0,0.0015046829579664419,0
6768,test,0,0.002043230722818476,0
16,test,0,0.002020026617002378,0
3671,test,0,0.0009960222278477902,0
7775,test,0,0.0008574057459069211,0
2263,test,0,0.0010910976306607817,0
9755,test,0,0.04196970367129529,0
7791,test,0,0.003145888275371491,0
476,test,0,0.0007175193715416832,0
8126,test,0,0.00106654089642144,0
7997,test,1,0.07448529067947493,0
7020,test,0,0.0020948562470673128,0
2053,test,0,0.019542728314741794,0
5291,test,0,0.006416032186102015,0
4758,test,0,0.006000472456654368,0
6764,test,0,0.001411745685288298,0
6712,test,0,0.0008870998331212225,0
8796,test,0,0.0007615338656961422,0
3582,test,0,0.015945301568834294,0
4394,test,0,0.010756801810365176,0
3769,test,0,0.006384339614823284,0
8378,test,0,0.2641209650233475,0
4307,test,1,0.5406155184930325,1
3368,test,0,0.054204991661236955,0
2134,test,0,0.0012762940090397291,0
5527,test,0,0.0010451446426793921,0
895,test,0,0.0018370237630000825,0
5034,test,0,0.001623031983813572,0
8483,test,0,0.0008362414111211685,0
1916,test,0,0.03849945172993303,0
7677,test,0,0.4955260594077339,1
8300,test,0,0.0009534595412859722,0
1072,test,0,0.002367834356904443,0
3013,test,0,0.00388419322089696,0
9667,test,1,0.585779759335459,1
5148,test,0,0.0017348891967443204,0
7955,test,0,0.002936383984391488,0
2903,test,0,0.001717356901103069,0
6974,test,0,0.005597002586134682,0
2965,test,0,0.0017857555576524992,0
2648,test,0,0.0023908759554104797,0
9815,test,0,0.000878393672047674,0
6202,test,0,0.009959041023450334,0
6175,test,0,0.0020578059648790454,0
6565,test,0,0.001247728430864358,0
6740,test,0,0.020462866635007033,0
9171,test,0,0.001068076162057396,0
6134,test,0,0.0011139958134351792,0
1273,test,0,0.0019813842351898733,0
2145,test,0,0.0019424973862742537,0
4050,test,0,0.006093154111313614,0
3351,test,0,0.0012921631281765092,0
9983,test,0,0.0022403638102141852,0
1732,test,0,0.002314466482446052,0
7852,test,0,0.0010224001069577384,0
6647,test,0,0.0021296775254561248,0
5040,test,0,0.0017780275495474392,0
9234,test,0,0.0024611378626434284,0
9404,test,0,0.0012537589649421674,0
4727,test,1,0.8340507491676152,1
7662,test,0,0.002223488872994521,0
9031,test,0,0.0006317509879318055,0
8244,test,0,0.0010739130449470946,0
9982,test,0,0.0020257805671736375,0
1912,test,0,0.0025740312875891986,0
8436,test,0,0.05222800792212317,0
3255,test,0,0.0010170424239804427,0
314,test,0,0.0015072806561750734,0
5206,test,0,0.0016275205308945164,0
1697,test,0,0.0009345487282797577,0
8688,test,0,0.01991065163678086,0
2002,test,0,0.0015187551407379227,0
9881,test,0,0.001273362662761808,0
3158,test,0,0.0015209877373621636,0
576,test,0,0.001366077971799022,0
1337,test,0,0.0008640255976000851,0
875,test,0,0.0024544209456081843,0
1650,test,0,0.001758377953013252,0
4508,test,0,0.031061411933975387,0
4647,test,0,0.002762968186561771,0
5202,test,0,0.028097985412268767,0
4627,test,0,0.002000932837827197,0
1605,test,0,0.0010339772698125529,0
3433,test,0,0.0015310937047902829,0
9808,test,0,0.0009697076783344625,0
9742,test,0,0.0010501094180803885,0
5830,test,0,0.0015322835858455923,0
8193,test,0,0.1879203935962749,0
9307,test,0,0.00204585547993971,0
788,test,0,0.002301699789007669,0
5911,test,0,0.37153268124129374,1
5357,test,0,0.0019610599793297057,0
2743,test,0,0.0012160079514470375,0
3618,test,0,0.009992767764376532,0
8298,test,0,0.004020555171652314,0
3856,test,0,0.37414003381088856,1
8293,test,0,0.001278525226709141,0
2027,test,0,0.001810933467661645,0
4673,test,0,0.0025045717752748154,0
1981,test,0,0.0021770639006504938,0
3229,test,0,0.0017381466725505841,0
669,test,0,0.00043529824992708253,0
6526,test,0,0.0011687567583469275,0
9517,test,0,0.0009534595412859722,0
1009,test,0,0.0015526378346673727,0
1481,test,0,0.008191709780156287,0
9,test,0,0.0012778277362022884,0
9660,test,0,0.03834194291448757,0
3174,test,0,0.0008773627561613725,0
1183,test,0,0.0004861754271897213,0
4696,test,0,0.002646080384235382,0
2747,test,0,0.0008457415031620815,0
2169,test,0,0.0018147685152268345,0
7553,test,0,0.001005581612155216,0
7532,test,0,0.0004925373853884711,0
3690,test,0,0.0009148520330581746,0
6639,test,0,0.007656434296130421,0
9067,test,0,0.0035702400682842404,0
9946,test,0,0.0011367582591486065,0
7694,test,0,0.0009109075792328512,0
1903,test,0,0.006866666379788286,0
7253,test,0,0.07714387614033429,0
3112,test,0,0.004678297148158564,0
4588,test,0,0.0029266222332868276,0
5419,test,0,0.011464080049094265,0
6223,test,0,0.0011309933685966411,0
1202,test,0,0.002310413244502179,0
6033,test,0,0.0012666212516342392,0
167,test,0,0.0016608523058737042,0
9083,test,0,0.0014259616964345037,0
3699,test,0,0.0016597035672330953,0
2556,test,0,0.001640798542935789,0
9454,test,0,0.001018457828817944,0
9932,test,0,0.001840308546932854,0
2446,test,0,0.003070012872923424,0
6084,test,0,0.0011280900266743778,0
9924,test,0,0.004288285154015852,0
3939,test,0,0.03582625008085337,0
2471,test,0,0.003593547482037394,0
4143,test,0,0.0020127794988325357,0
3474,test,0,0.001773183748604782,0
6881,test,0,0.0009239621150817181,0
3309,test,0,0.007763776924042606,0
632,test,0,0.003713069804785911,0
2806,test,0,0.001062404397506605,0
128,test,0,0.0012209750126972684,0
9465,test,0,0.0007248527650432577,0
1475,test,0,0.0009765201649699674,0
6536,test,0,0.0063286872870558465,0
2813,test,0,0.0013178209964083759,0
9633,test,0,0.001280079432247257,0
2566,test,0,0.0009621743483664335,0
4729,test,1,0.991381460300861,1
6311,test,0,0.005708118512478041,0
5782,test,0,0.001073606883381198,0
8505,test,0,0.0012233945161651684,0
8979,test,0,0.0036676978698602907,0
232,test,0,0.003262736024183493,0
1906,test,0,0.0026200075288693564,0
1067,test,0,0.0021962244466803282,0
7051,test,0,0.001313665769361453,0
6015,test,0,0.000798875423733597,0
2030,test,0,0.002863541365529175,0
8482,test,0,0.0011294258701807446,0
4125,test,0,0.006371074309532784,0
6573,test,0,0.0017553063117762492,0
4853,test,0,0.0017395032504368259,0
5121,test,0,0.0016763536397274119,0
3345,test,0,0.001006991606566074,0
6780,test,0,0.0011286275858723369,0
8095,test,0,0.0018049184184395612,0
4695,test,0,0.0020735806540962145,0
5967,test,0,0.005259490045648466,0
8021,test,0,0.05154312290781145,0
5217,test,0,0.006205251392046621,0
5218,test,0,0.055972667933613704,0
3720,test,0,0.0009215309429563072,0
6915,test,0,0.0013069513114787946,0
1758,test,0,0.0034486780662798385,0
7505,test,0,0.06271579200590116,0
4201,test,0,0.21342120939889564,0
2790,test,0,0.003053451406803247,0
2815,test,0,0.0007163012129378657,0
274,test,0,0.001203037551460142,0
7263,test,0,0.0037023938069009783,0
6656,test,0,0.0019080804921995677,0
7617,test,0,0.0024221991463379625,0
597,test,0,0.0018479467530183294,0
3201,test,0,0.0008777665583526143,0
1364,test,0,0.0011774915305917996,0
4632,test,1,0.28199431842471034,0
3472,test,0,0.001864138927855239,0
5980,test,0,0.0012650812544410903,0
5670,test,0,0.00615095511439099,0
2051,test,0,0.0008605873441570294,0
7787,test,0,0.004801169331032092,0
9009,test,0,0.001992887239805013,0
3224,test,0,0.0010110674339586813,0
3640,test,0,0.0011226376589347404,0
3984,test,0,0.0009790336777626956,0
6251,test,0,0.0017836876626601847,0
3969,test,0,0.001492228930897538,0
2509,test,0,0.0014193928780673964,0
5589,test,0,0.08485760820895555,0
3122,test,0,0.0008375495067821089,0
8405,test,0,0.0009413772748184707,0
9471,test,0,0.001420535591091148,0
133,test,0,0.0035564950222224034,0
474,test,0,0.0010275844524001133,0
1444,test,0,0.0011598653654070594,0
1471,test,0,0.0038636287800154915,0
4332,test,0,0.0036189018416932146,0
8174,test,0,0.0031704223025154693,0
3873,test,0,0.001657310735599039,0
1052,test,0,0.0059332608093994555,0
637,test,0,0.0010348523829081645,0
4283,test,1,0.6888227645243518,1
2852,test,0,0.041523420394626774,0
2539,test,0,0.001402018147573384,0
3412,test,0,0.015627538372228,0
860,test,0,0.002855432198250507,0
5019,test,0,0.001623031983813572,0
289,test,0,0.0020234867797657235,0
649,test,0,0.0008384689985189379,0
7815,test,0,0.000992882679433363,0
611,test,0,0.000738181470210067,0
6148,test,0,0.0009894700815910225,0
3215,test,0,0.22522690058546596,0
6750,test,0,0.0010714637493674563,0
2864,test,1,0.1292243600442458,0
9023,test,0,0.00044131899880959423,0
1686,test,0,0.0035096590917852353,0
3098,test,0,0.002266827033289473,0
7557,test,0,0.0013135596504422825,0
8015,test,0,0.0013254382215010826,0
5417,test,0,0.003229088714089808,0
8582,test,1,0.23363630072032787,0
4625,test,0,0.004249756385413664,0
2190,test,0,0.0009613346023352086,0
6612,test,0,0.3475461465128601,0
9369,test,0,0.0004937001099600359,0
8537,test,0,0.0008199835175907359,0
6032,test,0,0.0013744425946955066,0
2262,test,0,0.0010692163973433796,0
4577,test,0,0.0018099963214942998,0
7807,test,0,0.0020373164185972467,0
1811,test,0,0.002009352938253665,0
3519,test,0,0.0016708353748929458,0
721,test,0,0.0004341102398055076,0
6250,test,0,0.0019381531600173177,0
2507,test,0,0.0025818648911424286,0
8230,test,0,0.0017553795879101026,0
1738,test,0,0.0035890079679392465,0
8901,test,0,0.0014187054751140084,0
518,test,0,0.0011408516390547057,0
214,test,0,0.0009354835852404695,0
9530,test,0,0.003358316633418333,0
9830,test,1,0.724945960831095,1
4081,test,1,0.8191104244619288,1
3137,test,0,0.0017466301254309678,0
1527,test,0,0.0017537510423171743,0
1152,test,0,0.0010264650741805131,0
1802,test,0,0.0010068125024028617,0
2453,test,0,0.0009559141673240824,0
8407,test,0,0.003839041916196262,0
7612,test,0,0.0008712396528253883,0
3727,test,0,0.0011901277887046123,0
4413,test,0,0.030841367696332833,0
9319,test,0,0.0033071788198948105,0
3682,test,0,0.0010124004180451231,0
4360,test,0,0.0025010197226726164,0
924,test,0,0.08512739321864927,0
500,test,0,0.011303030784274004,0
5015,test,0,0.0023353636884143793,0
1088,test,0,0.0023998875120727165,0
7774,test,0,0.0008574057459069211,0
2765,test,0,0.0025043307124641896,0
376,test,0,0.0016216336679054828,0
3531,test,0,0.0026971186349377943,0
3232,test,0,0.0010560083016713808,0
7174,test,0,0.0011460284356545607,0
7220,test,0,0.0010885884945981063,0
9511,test,0,0.0012423323337978217,0
9069,test,0,0.0006786736894272776,0
8892,test,0,0.0007175815302672106,0
9174,test,1,0.0011534097811442907,0
7016,test,0,0.0008725442449521951,0
3716,test,0,0.0009831833438227434,0
6045,test,0,0.010305203054820224,0
8348,test,0,0.0013798732536321292,0
5547,test,0,0.002497924996160292,0
3080,test,0,0.0006036549953014356,0
6039,test,0,0.0021432790562538077,0
5870,test,0,0.01198165534753149,0
4505,test,0,0.031061411933975387,0
61,test,0,0.0007337514540900345,0
3124,test,0,0.0006164894623577947,0
6367,test,0,0.0008489534944388361,0
1664,test,0,0.0017032265003496892,0
7655,test,0,0.0012405059696363999,0
38,test,0,0.0023178133326001277,0
9652,test,0,0.0020625271838412783,0
3043,test,0,0.0008428938077642425,0
9612,test,0,0.0007990973111419289,0
2502,test,1,0.15023259354655819,0
7748,test,0,0.0029395853354537535,0
2729,test,0,0.002404334835204578,0
2844,test,0,0.0013885699810193798,0
2118,test,0,0.0014772037280100844,0
9080,test,0,0.0010869718752369174,0
1427,test,0,0.0013900049106107455,0
7779,test,0,0.0010970245874142306,0
5578,test,0,0.0012022065197358634,0
8792,test,0,0.0012334604756195989,0
899,test,0,0.0033658211579141923,0
2414,test,0,0.0013253569135822899,0
8666,test,0,0.0007584461600374363,0
8498,test,0,0.0012840463068722612,0
6884,test,0,0.0009239621150817181,0
9587,test,0,0.0005833433266662077,0
8543,test,0,0.0031661733691580644,0
5813,test,0,0.003584253493504204,0
3026,test,0,0.22228514587726245,0
433,test,0,0.0005205665349667943,0
2917,test,0,0.0010961490609100722,0
1782,test,0,0.001302494191822177,0
810,test,0,0.0015378244334976882,0
354,test,0,0.0003911552467350253,0
3944,test,0,0.1643346726155022,0
6300,test,0,0.001040335276388025,0
3666,test,0,0.0008878255097093515,0
2936,test,0,0.004179791476755463,0
353,test,0,0.0005340927701740298,0
7144,test,0,0.0015921667101884234,0
5350,test,0,0.001511036970765046,0
6020,test,0,0.0010918948399324436,0
4454,test,0,0.04226627233117356,0
3818,test,0,0.0016814597215189834,0
2254,test,0,0.0027156172825454185,0
3866,test,0,0.45877141817434064,1
6245,test,0,0.0031107704092012585,0
8925,test,0,0.010393009493762305,0
6615,test,0,0.001978265821564595,0
4241,test,0,0.0039277269397557085,0
8748,test,0,0.000695682578356068,0
2572,test,0,0.0024656571888907234,0
7805,test,0,0.0018189179733028237,0
2081,test,0,0.013297453681858192,0
7115,test,0,0.0013583659797399507,0
1501,test,0,0.0018165582653073423,0
8151,test,0,0.0008339294937438001,0
8364,test,0,0.0037199288015798393,0
4100,test,0,0.0024423252112534977,0
9225,test,0,0.0013971016006450532,0
2910,test,0,0.0010961490609100722,0
9347,test,0,0.0016418371057213572,0
2612,test,0,0.320899333444663,0
2340,test,0,0.001287513776187621,0
8245,test,1,0.1733471425039084,0
3909,test,0,0.0012704822257382945,0
6554,test,0,0.0014582199306078754,0
4111,test,0,0.001232794942916689,0
8204,test,0,0.0013007803479069037,0
8722,test,0,0.0015215747177503296,0
9673,test,0,0.0007483146856841039,0
6575,test,0,0.0037223150774595205,0
5852,test,0,0.0012998805460208006,0
9122,test,0,0.0005634246359713707,0
8413,test,0,0.002238970295447345,0
7867,test,0,0.0011059566051368605,0
5567,test,0,0.024306843831894884,0
6371,test,0,0.0008800441165341571,0
4431,test,0,0.07020868807094473,0
2043,test,0,0.0009190004272903749,0
8474,test,0,0.001235981050798399,0
9442,test,0,0.001673395209186385,0
7711,test,0,0.006865925021807183,0
6933,test,0,0.0008991524642789193,0
5988,test,0,0.35799987259572574,0
9381,test,0,0.0006511200563715467,0
6952,test,0,0.0008810285577311059,0
4590,test,0,0.0026615000744136894,0
2195,test,0,0.0011882990804385014,0
5367,test,0,0.001643280577064155,0
8429,test,0,0.001461730301756884,0
3320,test,0,0.22523273834282187,0
8846,test,1,0.4558566923698559,1
3308,test,0,0.0023569600901637675,0
5489,test,0,0.105389519631948,0
406,test,0,0.0016864327025569305,0
940,test,0,0.002258381446089285,0
7889,test,0,0.38251325317895307,1
615,test,0,0.0008734722957543587,0
6401,test,0,0.0006300678986281053,0
8974,test,0,0.0014922519197036383,0
2567,test,0,0.0021538286789297583,0
5689,test,0,0.0012321694003519952,0
530,test,0,0.00041146464678104523,0
8504,test,0,0.0019247654027469182,0
8084,test,0,0.0015315269595537228,0
7398,test,0,0.0010922442963286175,0
7724,test,0,0.0013611290399687527,0
9799,test,0,0.0008104941453240728,0
4297,test,0,0.0549376032037237,0
3912,test,0,0.0010982746586471696,0
1678,test,0,0.19335164824135556,0
9887,test,0,0.003587570030059536,0
9752,test,0,0.0016941311498165088,0
3678,test,0,0.001322780124334117,0
5436,test,0,0.0013303521355736195,0
9604,test,0,0.001015493068583846,0
5195,test,0,0.0017795526345250239,0
1231,test,0,0.0004203573596602358,0
5883,test,0,0.0010776661345404553,0
6451,test,0,0.0017425387662488182,0
4474,test,0,0.0037337925523771138,0
7426,test,1,0.0542373491579413,0
8501,test,0,0.0011288566749609224,0
5728,test,0,0.00448621005047531,0
2386,test,0,0.0016945806595790283,0
8560,test,0,0.0022012660706654296,0
7438,test,0,0.0007996620847772562,0
3578,test,0,0.0016286752971036806,0
9089,test,0,0.003959962721524547,0
6799,test,1,0.10250925442194371,0
5237,test,0,0.0015663227251017876,0
6067,test,0,0.0011976066137186054,0
8390,test,0,0.1731403507512748,0
9291,test,0,0.00613192152847816,0
6555,test,0,0.005432492644775065,0
273,test,0,0.0020081038894509897,0
2804,test,0,0.0009567678881623952,0
4060,test,0,0.2769282290006963,0
76,test,0,0.0299629730356159,0
2905,test,0,0.0010649129047135017,0
5319,test,0,0.0055343270971517314,0
3754,test,0,0.003177090334047821,0
6360,test,0,0.0010014479922362013,0
420,test,0,0.0008527996514194912,0
7381,test,0,0.0008248436539751848,0
3328,test,0,0.0033740319634516128,0
2533,test,0,0.0015222487365664694,0
8799,test,0,0.0005634246359713707,0
9501,test,0,0.0029343304306167096,0
2945,test,0,0.0020090704323659056,0
8855,test,0,0.00069812483123012,0
1055,test,0,0.0013660143666543716,0
9109,test,0,0.00040997241202321664,0
8301,test,0,0.0007293574036198804,0
9154,test,0,0.0003827355035473468,0
653,test,0,0.0018359063181067495,0
3117,test,0,0.0005421310861497882,0
4757,test,0,0.0018451595838597833,0
8465,test,0,0.0010325366929390262,0
5643,test,0,0.0009148709876671399,0
8714,test,0,0.0007433999026968108,0
2251,test,0,0.0019372804425682433,0
4361,test,1,0.3165088829883639,0
1989,test,0,0.004804587065870923,0
6524,test,0,0.001121047074192826,0
8802,test,0,0.0005902511514793491,0
4902,test,0,0.09120483784582224,0
3895,test,0,0.0009850285196771284,0
327,test,1,0.7629863897393722,1
5056,test,0,0.009701727196301736,0
7133,test,0,0.0013938884276404888,0
7834,test,0,0.0027318081327231203,0
6438,test,0,0.001691364427866922,0
8994,test,0,0.0029848660989300955,0
4682,test,0,0.002525773760289848,0
283,test,0,0.0013354555470012355,0
1326,test,0,0.007897497301932297,0
3221,test,0,0.00399150213305442,0
2700,test,0,0.000711367584046094,0
8180,test,0,0.0011247477700893269,0
6208,test,0,0.0031170516799516436,0
4619,test,0,0.0024566665696929635,0
4570,test,1,0.8026834309526685,1
732,test,0,0.0014528934235828667,0
1646,test,0,0.0007967529584112559,0
9337,test,0,0.04031607884514502,0
1600,test,0,0.00087578698074515,0
9091,test,0,0.0007067668811956629,0
3876,test,0,0.0015490948968225101,0
2725,test,0,0.0008229171982586599,0
7261,test,0,0.0010699936401329286,0
7969,test,0,0.0019673341410962847,0
8275,test,0,0.002027144770351414,0
1865,test,0,0.0027135933660735654,0
3161,test,0,0.39467518552155284,1
5992,test,0,0.18414895287313332,0
4197,test,0,0.00153795611567322,0
9043,test,0,0.0007094819154088033,0
7876,test,0,0.002346603633871524,0
6743,test,0,0.002041104467864605,0
6860,test,0,0.0009518551741277936,0
9071,test,0,0.0021256020110036154,0
8367,test,0,0.0037199288015798393,0
7947,test,0,0.00407751221215731,0
4575,test,0,0.014567458984051339,0
4760,test,0,0.002211060181463971,0
8440,test,0,0.008039662183521274,0
7017,test,0,0.0007602419266134547,0
9741,test,0,0.0010783797084404254,0
9534,test,0,0.003517360444180813,0
7943,test,0,0.0016656972018178045,0
2110,test,0,0.0009870987489018573,0
1727,test,0,0.0027059448633207786,0
8939,test,0,0.0017639664622196587,0
592,test,0,0.04596709768004154,0
6961,test,0,0.0015676898596877493,0
2433,test,0,0.0015534791344641117,0
2397,test,0,0.0018808132883712252,0
9389,test,0,0.002626755277132191,0
1379,test,0,0.0008742169782795917,0
956,test,0,0.002510391621671502,0
9402,test,0,0.0004868462131014928,0
1867,test,0,0.0007155996895853408,0
4013,test,0,0.0008582154116744043,0
5630,test,0,0.0011656065324292847,0
3975,test,0,0.0008470669555124721,0
1241,test,0,0.0005033386542880869,0
9781,test,0,0.002238199938821823,0
4992,test,0,0.0020541016496640114,0
3081,test,0,0.0014042732781394294,0
4088,test,0,0.0017328005049590824,0
5771,test,0,0.0010277794815224239,0
5834,test,0,0.004041107784964656,0
4701,test,0,0.002137647435311275,0
9850,test,0,0.000812160918581011,0
7086,test,0,0.2246972294013924,0
2102,test,0,0.24558804351787228,0
9650,test,0,0.002253130260313632,0
6550,test,0,0.002052563061573572,0
1889,test,0,0.0007847899325186044,0
6420,test,0,0.0012509207890735437,0
9170,test,0,0.001001126404536511,0
2534,test,0,0.0019212696542202723,0
6355,test,0,0.0007118568631129996,0
9503,test,0,0.0012235205042882872,0
5738,test,0,0.12554546295124452,0
6801,test,0,0.008217876904843833,0
5178,test,0,0.0015914860930071383,0
9137,test,0,0.0009668233707093669,0
8471,test,0,0.006366845443586918,0
4278,test,0,0.022908408104895913,0
9558,test,0,0.0009962135492783992,0
5255,test,0,0.007409601575857154,0
7252,test,0,0.012719816955915586,0
5590,test,0,0.1470737583845449,0
5211,test,0,0.007015039725243493,0
7994,test,0,0.0011278139518330072,0
6339,test,0,0.17326382607684554,0
618,test,0,0.0017471755932468816,0
1108,test,0,0.002412071762442385,0
8985,test,0,0.0008802475015106526,0
3758,test,0,0.0030215900241284863,0
5095,test,0,0.002776889545782119,0
866,test,0,0.003499477449828543,0
197,test,0,0.0014384046643552393,0
9627,test,0,0.0009010342506331734,0
11,test,0,0.0022388047690303325,0
6674,test,0,0.09467613990463515,0
9643,test,0,0.0009558118923695162,0
1059,test,0,0.003343345634899692,0
1290,test,0,0.002656822712018634,0
7950,test,0,0.0007818555206796115,0
5074,test,0,0.001974787626868645,0
7010,test,0,0.0008238009909161017,0
2586,test,0,0.0017987979750231423,0
1612,test,0,0.0006341279701844618,0
480,test,0,0.000692166524107735,0
5018,test,0,0.0015831757512312506,0
5365,test,0,0.0016507560324161602,0
8536,test,0,0.002425277038060566,0
252,test,0,0.0005720207538158043,0
3537,test,0,0.0034990274667225218,0
9410,test,0,0.0005133547608588663,0
4628,test,0,0.001913972000761962,0
2782,test,0,0.0005267549015499427,0
7309,test,0,0.0013936936227219507,0
5593,test,0,0.42375578000896963,1
7915,test,0,0.0007547858866511277,0
5091,test,0,0.03795955926328581,0
5155,test,0,0.0019102725201189542,0
8311,test,0,0.004336055649834368,0
5791,test,0,0.0009565581570285822,0
7248,test,0,0.001656767208744866,0
9665,test,0,0.06723138502911719,0
9586,test,0,0.0034541920417986757,0
5503,test,0,0.003662122835246215,0
2250,test,0,0.0035983305641941856,0
6788,test,0,0.0016829034877559133,0
8650,test,0,0.0009111509923616513,0
1896,test,0,0.003509626005770949,0
4095,test,0,0.0013966017389549917,0
537,test,0,0.0006385097681129225,0
2212,test,0,0.0007301508746809579,0
3116,test,0,0.0006747561748049678,0
5192,test,0,0.3716125568182195,1
2884,test,0,0.0018449066959946583,0
3446,test,0,0.14371181385613774,0
984,test,0,0.002917956698431771,0
3624,test,0,0.001058387212170877,0
8028,test,0,0.19426083465961336,0
8428,test,0,0.0021079072081812036,0
6160,test,0,0.0016133048009567058,0
3248,test,0,0.0010247459778257308,0
2862,test,0,0.1612338565477849,0
6803,test,0,0.0018022219197353468,0
7942,test,0,0.003965801727584994,0
2531,test,0,0.0017966108476492857,0
928,test,0,0.006600697789438676,0
4765,test,0,0.003144307889544532,0
7314,test,0,0.003859736469539111,0
9763,test,0,0.0007505597008360697,0
7463,test,0,0.001171884437446118,0
2608,test,0,0.0017247202739099176,0
3252,test,0,0.00096880536643327,0
1429,test,0,0.000821709849999645,0
9533,test,0,0.0010483407404680495,0
4614,test,0,0.0024309344237603823,0
8290,test,0,0.0007179068882866781,0
2881,test,0,0.0007253397397796175,0
4212,test,0,0.4173161653523005,1
4994,test,0,0.0028802376755453943,0
4697,test,0,0.002586975905451201,0
2401,test,0,0.0032246653526046875,0
9986,test,0,0.01819329284762061,0
1003,test,0,0.0028876862343349004,0
8648,test,0,0.000984363963159652,0
9641,test,0,0.00497373413190153,0
8964,test,0,0.0012992768094480652,0
119,test,0,0.0013354421778599755,0
939,test,0,0.0011063175865556136,0
4270,test,1,0.7995632030034756,1
9353,test,0,0.0020437327270287514,0
9236,test,0,0.0008160672590796215,0
4851,test,1,0.12014451504081472,0
9803,test,0,0.001050099758803259,0
7573,test,0,0.0012164744710525636,0
874,test,0,0.004016007149413542,0
6504,test,0,0.03509005683529241,0
2803,test,0,0.0022914670663207863,0
2456,test,0,0.001184454622317827,0
2023,test,0,0.004013021998313736,0
2614,test,0,0.000883328637279144,0
8848,test,0,0.0014235003270952728,0
4685,test,0,0.002846689563593163,0
5111,test,0,0.0019593767247522353,0
35,test,0,0.0020779617849254663,0
9269,test,0,0.01915836509741276,0
684,test,0,0.0005238654472717177,0
3373,test,0,0.0010863607020816458,0
6703,test,0,0.0015161539728284403,0
3515,test,0,0.0007445581116398658,0
9674,test,0,0.0008300871347422065,0
1449,test,0,0.0009134022905538649,0
6986,test,0,0.0009955407816172963,0
8723,test,0,0.0005898521912624135,0
9736,test,0,0.007566407792041189,0
9458,test,0,0.0015040805516694262,0
9456,test,0,0.0007897840545841229,0
9713,test,0,0.0015724162671799204,0
572,test,0,0.006513993813847155,0
8437,test,1,0.9593130383814146,1
6279,test,0,0.005551046935966063,0
6000,test,0,0.0019398959733116633,0
7335,test,0,0.04553546983780987,0
6038,test,0,0.0012656768819414995,0
6971,test,0,0.0009035568675978719,0
5023,test,0,0.001796351087018388,0
1390,test,0,0.004588266545894275,0
9851,test,0,0.0012537181309393182,0
5705,test,0,0.001511665989558575,0
3500,test,0,0.0014915775265308539,0
163,test,0,0.001257495196467819,0
5327,test,0,0.3043414173482918,0
6704,test,0,0.0016593546353033113,0
148,test,0,0.004039671989367417,0
7168,test,0,0.001341612977317832,0
7583,test,0,0.00322803534423418,0
2544,test,0,0.0032237567757928518,0
9421,test,0,0.002426523557310282,0
8690,test,1,0.05033832712997771,0
6817,test,0,0.0015627535484313887,0
9482,test,0,0.03751968036449598,0
1064,test,0,0.002129040841190463,0
9338,test,0,0.03140676213007326,0
3570,test,0,0.00863761508677853,0
6299,test,0,0.0060815102261545005,0
9868,test,0,0.001229948669905205,0
4312,test,0,0.011643342207755562,0
3427,test,0,0.001815193350070814,0
8307,test,1,0.4428830093405538,1
1301,test,0,0.001093325337450354,0
5434,test,0,0.00222606030167083,0
4015,test,0,0.0015500137066265201,0
997,test,0,0.0033730223058415056,0
8090,test,0,0.0013082781103739408,0
4797,test,0,0.014205640390420889,0
5549,test,0,0.05332887271532515,0
4272,test,0,0.0021827564734295405,0
9778,test,0,0.0032077423439409937,0
7310,test,0,0.0007685564934553808,0
9765,test,0,0.0008010272014556963,0
2417,test,0,0.0011680372797668558,0
417,test,0,0.13641136210629332,0
5318,test,0,0.0017626867318284664,0
9372,test,0,0.000488878502245554,0
8652,test,0,0.000667261603434303,0
922,test,0,0.004759708827665325,0
1850,test,0,0.0019596780067764282,0
6630,test,0,0.006983359364919235,0
2827,test,0,0.00297022459975114,0
9954,test,0,0.001015626155968742,0
6540,test,1,0.39265543687255666,1
5147,test,0,0.002330956948486604,0
2817,test,0,0.0011250042948552188,0
3256,test,0,0.0013353387249016328,0
1492,test,1,0.0057764040649758135,0
3218,test,0,0.003924399704585382,0
797,test,0,0.0016819053665061696,0
7406,test,0,0.000867876113321496,0
1129,test,0,0.0016140869000408472,0
8112,test,0,0.0037621182801828306,0
9796,test,0,0.000905723173985455,0
2314,test,0,0.004925279611633361,0
4838,test,0,0.004397452655888231,0
7880,test,0,0.0014891835240648744,0
7498,test,0,0.0017400103448338951,0
1317,test,0,0.004705604372862605,0
9492,test,0,0.04367278866179503,0
9857,test,0,0.004473870802495125,0
4601,test,1,0.773855720902555,1
8549,test,0,0.0010313644750496722,0
2561,test,0,0.0009279930661200493,0
5463,test,0,0.0014513382385030994,0
8419,test,0,0.0019547374252500346,0
7502,test,0,0.003003592909218758,0
1853,test,0,0.0007554646771414469,0
4944,test,0,0.001768412814394405,0
8749,test,0,0.0008387912222347763,0
840,test,0,0.0025672697636189095,0
2077,test,0,0.0014460657397842433,0
5256,test,0,0.004719396392061472,0
5594,test,0,0.002546060547516237,0
9422,test,0,0.0006377695253096795,0
2104,test,0,0.0007016239722727914,0
3766,test,0,0.08623396569669485,0
4633,test,0,0.3896560252168673,1
8865,test,0,0.0016040018885066275,0
2420,test,0,0.00421016873022358,0
8983,test,0,0.003077921367481362,0
7326,test,0,0.00532688018051681,0
442,test,1,0.3999592628127433,1
787,test,0,0.0018065556420724367,0
2459,test,0,0.0036079847623562175,0
4367,test,0,0.0037405978737176404,0
2430,test,0,0.003751276595582491,0
5003,test,0,0.005964106478951565,0
720,test,0,0.0008853553225811071,0
8469,test,0,0.12791939177405415,0
2493,test,0,0.03213691364950138,0
6854,test,0,0.0006364717075418262,0
8499,test,0,0.001573638530970575,0
2086,test,0,0.002824476765685551,0
6838,test,0,0.0010866228185680827,0
6121,test,0,0.0008628215632396105,0
418,test,0,0.125197997472177,0
4754,test,0,0.049957943059835495,0
6287,test,0,0.0009548091209724467,0
7362,test,0,0.000888423605164538,0
2497,test,0,0.017029955625179345,0
323,test,0,0.0009989961736375451,0
1843,test,0,0.0008492650810862655,0
1286,test,0,0.0009377916426166326,0
7814,test,0,0.0010968064667432424,0
9568,test,0,0.0013387181961419768,0
9127,test,0,0.0007823648680466514,0
6601,test,0,0.007469075837506714,0
9356,test,0,0.0027279198579463915,0
2513,test,0,0.0010751696560684213,0
5433,test,0,0.003573841132834578,0
8766,test,0,0.007214986332215824,0
5651,test,0,0.2132177661147028,0
3849,test,0,0.0015613366249125657,0
240,test,0,0.0037392682356216073,0
3862,test,0,0.03059494466220712,0
2783,test,0,0.0006470932664104907,0
7511,test,0,0.000932098026231632,0
9601,test,0,0.2876858725637396,0
5541,test,0,0.0019044129238036727,0
2526,test,0,0.0014006195454718206,0
3527,test,0,0.10558074468745714,0
1624,test,0,0.005984140090997447,0
7297,test,0,0.0007829042144513807,0
2735,test,0,0.0022817425870982925,0
5616,test,0,0.0014611692476996204,0
2248,test,0,0.02202625746946067,0
5475,test,0,0.03404106947946962,0
3765,test,0,0.0060152138958964926,0
4828,test,0,0.0019417248528833754,0
8476,test,0,0.0008436106378086225,0
9192,test,0,0.0007413517990596733,0
9886,test,0,0.003325224439259102,0
1683,test,0,0.0029409877899156177,0
8050,test,0,0.0038327236617265266,0
1325,test,0,0.0012046489914170767,0
5078,test,0,0.0017475882458240482,0
6506,test,0,0.031814640322531215,0
7611,test,0,0.0008828701388923019,0
4078,test,1,0.430552937084529,1
4735,test,0,0.03082994163611346,0
5363,test,0,0.0014502802849021834,0
8450,test,0,0.0008776273259272383,0
1300,test,0,0.011089532250818534,0
13,test,0,0.0007860574365010322,0
7373,test,0,0.00116208583274032,0
7176,test,0,0.0006144111254486646,0
8636,test,0,0.0006675526710868679,0
498,test,0,0.022637289229828217,0
1828,test,0,0.009037702097068369,0
2227,test,0,0.004432372784650999,0
7385,test,0,0.003011651173483225,0
3413,test,0,0.0013104083033346654,0
1279,test,0,0.0008478008094502643,0
5953,test,0,0.0010954511495890385,0
966,test,0,0.0023066351283803433,0
2939,test,0,0.0023662464387122083,0
7402,test,0,0.0007350116703521371,0
9135,test,0,0.00138347719619678,0
1368,test,0,0.0016113724577576723,0
8224,test,0,0.0011183543245985147,0
9147,test,0,0.0007211118320771983,0
4080,test,1,0.8023047916689319,1
2097,test,0,0.0018018773320141244,0
5907,test,0,0.005927408098035355,0
2046,test,0,0.002035821193609963,0
6605,test,0,0.0018292283983709799,0
4887,test,0,0.0014732001038328592,0
2438,test,0,0.003216648350429217,0
67,test,0,0.0012262338693867566,0
8851,test,0,0.00046555933303848226,0
8709,test,0,0.0005697656122115769,0
8883,test,0,0.0007552435644748292,0
4337,test,0,0.0048378052203206625,0
1448,test,0,0.0009057302322240478,0
5817,test,0,0.06618079978078786,0
9395,test,0,0.00044148135557795713,0
8070,test,0,0.001456728380184591,0
2879,test,1,0.39795814540916163,1
3467,test,0,0.0016885816109272504,0
541,test,0,0.0020775894973776446,0
55,test,0,0.000917237753891301,0
1568,test,0,0.0024627321788468315,0
9108,test,0,0.0005786480966015852,0
3513,test,0,0.005098200078338936,0
1950,test,0,0.0010970769274541146,0
991,test,0,0.0007884639471004231,0
2236,test,0,0.00196085645086708,0
5859,test,0,0.0010875060802759805,0
8751,test,0,0.00044681758807361456,0
8864,test,0,0.0005437314757232721,0
8600,test,0,0.0006928487915241847,0
3144,test,0,0.0013066627668363118,0
1308,test,0,0.0017845773782002397,0
6496,test,0,0.002288500539980793,0
735,test,0,0.0007174661227269902,0
5821,test,0,0.19153919743058098,0
1353,test,0,0.0038211799335957845,0
2517,test,0,0.0022583618012617435,0
4636,test,0,0.047540450018897285,0
5944,test,0,0.0009879069960579722,0
6979,test,0,0.014497484319451718,0
2448,test,0,0.0014911385038104434,0
3069,test,0,0.0011530618071943141,0
2629,test,0,0.0007315279081832598,0
5539,test,0,0.0011061291474196097,0
318,test,0,0.0006457703347925844,0
4437,test,0,0.002545373242536257,0
2605,test,0,0.0008037287911726908,0
8321,test,0,0.0026274322012452807,0
6652,test,0,0.0019212879451433618,0
3104,test,0,0.002556888894761877,0
3725,test,0,0.0011258387220527428,0
9476,test,0,0.0006614072730348476,0
5244,test,0,0.001639023946715665,0
9951,test,0,0.027568303234294347,0
8276,test,0,0.030871246336283284,0
4339,test,0,0.007184137356376989,0
9385,test,0,0.0006653163020157358,0
5701,test,0,0.11709562335118162,0
6956,test,0,0.001078538544615378,0
8971,test,0,0.0049348222746662205,0
7844,test,0,0.023113900676597555,0
681,test,0,0.0003698747882836052,0
2547,test,0,0.0009884480743207016,0
166,test,0,0.0013150523971368392,0
6954,test,0,0.002493019150071374,0
92,test,0,0.0014098296928554705,0
3737,test,0,0.06570227593213863,0
3561,test,0,0.0024405829858208873,0
2778,test,0,0.0018895163629233183,0
2707,test,0,0.000981395130131067,0
1580,test,0,0.003620977783184207,0
5945,test,0,0.002625556294429428,0
9013,test,0,0.0009045762165726911,0
7861,test,0,0.0009293128828602697,0
3406,test,0,0.0010773285376311338,0
1313,test,0,0.01334096368898838,0
5877,test,0,0.001120106899119601,0
6668,test,0,0.04645720751157312,0
3132,test,0,0.0007500024478830496,0
6563,test,0,0.0020291635897972562,0
6364,test,0,0.0005267549015499427,0
2354,test,0,0.0016650591032549866,0
7659,test,0,0.0012824585598005993,0
1714,test,0,0.002841173456939221,0
6684,test,0,0.0031524531896922198,0
3977,test,0,0.0009996808932368592,0
9904,test,0,0.0014766240012901242,0
2302,test,0,0.0015071724325471589,0
9386,test,0,0.008417912452162576,0
7435,test,0,0.00061975825460245,0
6449,test,0,0.0022508869718468596,0
812,test,0,0.0035248317579632373,0
3506,test,0,0.007260249667392024,0
3788,test,0,0.007175818104917848,0
7043,test,0,0.0013559438406852747,0
7796,test,0,0.0027002353828585474,0
7472,test,0,0.0009239728767716838,0
1560,test,0,0.0010937514567675817,0
8639,test,0,0.0016344137433445506,0
8997,test,0,0.0006970812628154778,0
2596,test,0,0.001875862129338251,0
1031,test,0,0.0051515213171061365,0
5282,test,0,0.016408707853218303,0
5747,test,0,0.001294776884209861,0
8199,test,1,0.1225225705045627,0
6910,test,0,0.0038232807791218847,0
3034,test,0,0.0010307795005291198,0
1574,test,0,0.0017017507678010189,0
8383,test,0,0.0012871695951976157,0
1669,test,0,0.002806327193945056,0
1904,test,0,0.0026188480340871706,0
9912,test,0,0.019676988976418678,0
5483,test,0,0.0013798552934204797,0
7192,test,0,0.0010703167395326747,0
706,test,0,0.0010304237500425404,0
1150,test,0,0.0015353685451890036,0
6227,test,0,0.0013229548726316465,0
8844,test,0,0.0004855127952897988,0
591,test,0,0.017615851433339456,0
4617,test,0,0.0025173335112998177,0
1590,test,0,0.14133202255944213,0
6182,test,0,0.0014190100085429724,0
2949,test,0,0.0014237042898204955,0
5083,test,0,0.015188431425871349,0
6405,test,0,0.12970497249398671,0
5149,test,0,0.002185140101730761,0
3322,test,0,0.013433508967417788,0
2011,test,0,0.001117497852404942,0
3768,test,0,0.0014836569768943353,0
1272,test,0,0.0007992329597889628,0
8541,test,0,0.0013240897584967293,0
8620,test,0,0.00040997241202321664,0
5695,test,0,0.001466867526863202,0
3051,test,0,0.00229117266674196,0
4566,test,0,0.027033305763746275,0
9547,test,0,0.0008892749799564197,0
1187,test,0,0.0005569292238324446,0
5086,test,0,0.004415540209958259,0
3596,test,0,0.3552308377738342,0
703,test,0,0.0005284763053045958,0
2491,test,0,0.002418921171824267,0
7753,test,0,0.0014106844880326136,0
6609,test,0,0.0016760141596488165,0
2594,test,0,0.0018340217894691187,0
8159,test,0,0.0008092809261573665,0
7518,test,0,0.0006426427470489653,0
9828,test,0,0.00949326713798424,0
8058,test,0,0.0025417941945844492,0
246,test,0,0.07660086289915122,0
5947,test,0,0.0013357154783507632,0
3684,test,1,0.6868620048021103,1
2613,test,0,0.0009579844962653451,0
3777,test,0,0.06367141941892025,0
7561,test,0,0.003445397798597825,0
7788,test,0,0.0007004532102561411,0
5182,test,0,0.0016193289269954495,0
6259,test,0,0.0055159812857107455,0
1879,test,0,0.0027059448633207786,0
8250,test,0,0.003403763870384143,0
663,test,0,0.0006759792994785576,0
3851,test,0,0.010363233585255465,0
8460,test,0,0.00478520386605315,0
3386,test,0,0.0014549567858734697,0
5888,test,0,0.0012366640291232912,0
9126,test,0,0.0005634246359713707,0
5843,test,0,0.002130782363987163,0
1905,test,0,0.006563699571594795,0
81,test,0,0.0029444454732607778,0
6875,test,0,0.0005951666344610186,0
1892,test,0,0.0009680608688868424,0
5290,test,0,0.0016763536397274119,0
1402,test,0,0.007096469122432698,0
725,test,0,0.0005330198978864678,0
4866,test,0,0.001768412814394405,0
8698,test,0,0.002187789573660187,0
6877,test,0,0.0006169518758576795,0
3989,test,0,0.0010089486394416936,0
7015,test,0,0.0014781612467007308,0
986,test,0,0.0034211248597918174,0
9589,test,0,0.0007011896943114596,0
9542,test,0,0.0017859553430202104,0
